"id_2026","redizo","kkov","zamereni","typ","nazev","obec","stav","id_2025_potvrzene","overil","zdroj_overeni","poznamka"
"600001661_79-41-K/41_Gymnazium","600001661","79-41-K/41","Gymnázium","GY4","Academic School, Gymnázium, SOŠ, ZŠ a MŠ, s.r.o.","Uherské Hradiště","chybi_presna_shoda","","","",""
"600001873_79-41-K/81","600001873","79-41-K/81","","GY8","Gymnázium a Hudební škola hl.m.Prahy,ZUŠ","Praha","chybi_presna_shoda","","","",""
"600004597_79-41-K/81","600004597","79-41-K/81","","GY8","Malostranské gymnázium","Praha","chybi_presna_shoda","","","",""
"600004619_36-47-M/01_dle_volby_zamereni_ARS_BIM_POS_DOS_VES_od_2_rocniku","600004619","36-47-M/01","dle volby zaměření (ARS, BIM, POS, DOS, VES) od 2. ročníku","SOS","VOŠ stavební a SPŠ stavební","Praha","chybi_presna_shoda","","","",""
"600004635_79-41-K/41_SVP_GYMNAZIA_JANA_PALACHA_PRAHA_1_s_r_o","600004635","79-41-K/41","ŠVP GYMNÁZIA JANA PALACHA PRAHA 1, s.r.o.","GY4","GYMNÁZIUM JANA PALACHA PRAHA 1, s.r.o.","Praha","chybi_presna_shoda","","","",""
"600004694_79-41-K/41_Vzdelani_cesta_ke_svobode","600004694","79-41-K/41","Vzdělání - cesta ke svobodě","GY4","Gymnázium prof. Jana Patočky","Praha","chybi_presna_shoda","","","",""
"600004694_79-41-K/81_Vzdelani_cesta_ke_svobode","600004694","79-41-K/81","Vzdělání - cesta ke svobodě","GY8","Gymnázium prof. Jana Patočky","Praha","chybi_presna_shoda","","","",""
"600004741_65-42-M/01","600004741","65-42-M/01","","SOS","Hotelová škola","Praha","chybi_presna_shoda","","","",""
"600004759_63-41-M/02","600004759","63-41-M/02","","SOS","Českoslovanská AO Dr. E. Beneše, SOŠ","Praha","kolize_katalogu","","","",""
"600004759_78-42-M/08_Finance_v_digitalni_dobe","600004759","78-42-M/08","Finance v digitální době","LYC","Českoslovanská AO Dr. E. Beneše, SOŠ","Praha","chybi_presna_shoda","","","",""
"600004791_79-41-K/81","600004791","79-41-K/81","","GY8","Arcibiskupské gymnázium","Praha","chybi_presna_shoda","","","",""
"600004856_29-41-M/01_technologie_piva_vina_lihu_a_nealkoholickych_napoju","600004856","29-41-M/01","Technologie piva, vína, lihu a nealkoholických nápojů","SOS","SPŠ, SOŠ a G, Praha 2, Podskalská 10","Praha","kolize_katalogu","","","",""
"600004856_29-41-M/01_zpracovani_mouky_technologie_pekarskych_a_cukrarskych_vyrobku","600004856","29-41-M/01","Zpracování mouky, technologie pekařských a cukrářských výrobků","SOS","SPŠ, SOŠ a G, Praha 2, Podskalská 10","Praha","kolize_katalogu","","","",""
"600004864_64-41-L/51","600004864","64-41-L/51","","NAS","Střední škola obchodní","Praha","chybi_presna_shoda","","","",""
"600004902_68-43-M/01","600004902","68-43-M/01","","SOS","SOŠ sociální svaté Zdislavy","Praha","chybi_presna_shoda","","","",""
"600004902_75-41-M/01","600004902","75-41-M/01","","SOS","SOŠ sociální svaté Zdislavy","Praha","chybi_presna_shoda","","","",""
"600004911_79-41-K/41","600004911","79-41-K/41","","GY4","Gymnázium Karla Sladkovského","Praha","chybi_presna_shoda","","","",""
"600004911_79-41-K/81","600004911","79-41-K/81","","GY8","Gymnázium Karla Sladkovského","Praha","chybi_presna_shoda","","","",""
"600004929_78-42-M/08_Lyceum_OA_Kubelikova","600004929","78-42-M/08","Lyceum OA Kubelíkova","LYC","Obchodní akademie","Praha","chybi_presna_shoda","","","",""
"600004961_79-41-K/61_Nemecky_jazyk","600004961","79-41-K/61","Německý jazyk","GY6","Gymnázium Na Pražačce","Praha","chybi_presna_shoda","","","",""
"600004961_79-41-K/61_Vseobecne","600004961","79-41-K/61","Všeobecné","GY6","Gymnázium Na Pražačce","Praha","chybi_presna_shoda","","","",""
"600004961_79-41-K/61_Vytvarna_vychova","600004961","79-41-K/61","Výtvarná výchova","GY6","Gymnázium Na Pražačce","Praha","chybi_presna_shoda","","","",""
"600005143_79-41-K/61_s_posilenou_vyukou_nemciny","600005143","79-41-K/61","s posílenou výukou němčiny","GY6","Gymnázium","Praha","chybi_presna_shoda","","","",""
"600005143_79-41-K/61_s_vyukou_francouzstiny","600005143","79-41-K/61","s výukou francouzštiny","GY6","Gymnázium","Praha","chybi_presna_shoda","","","",""
"600005178_79-41-K/41_vseobecne_gymnazium","600005178","79-41-K/41","všeobecné gymnázium","GY4","Gymnázium Evolution, s.r.o.","Praha","chybi_presna_shoda","","","",""
"600005178_79-41-K/61_Vseobecne_gymnazium","600005178","79-41-K/61","Všeobecné gymnázium","GY6","Gymnázium Evolution, s.r.o.","Praha","chybi_presna_shoda","","","",""
"600005178_79-41-K/81_Vseobecne_gymnazium","600005178","79-41-K/81","Všeobecné gymnázium","GY8","Gymnázium Evolution, s.r.o.","Praha","chybi_presna_shoda","","","",""
"600005216_65-42-M/01","600005216","65-42-M/01","","SOS","SŠ gastronomická a hotelová s.r.o.","Praha","chybi_presna_shoda","","","",""
"600005216_65-42-M/02","600005216","65-42-M/02","","SOS","SŠ gastronomická a hotelová s.r.o.","Praha","chybi_presna_shoda","","","",""
"600005267_79-41-K/41_Skola_je_dilna_lidskosti","600005267","79-41-K/41","Škola je dílna lidskosti","GY4","Klasické gymnázium Modřany a ZŠ","Praha","chybi_presna_shoda","","","",""
"600005267_79-41-K/61_Skola_je_dilna_lidskosti","600005267","79-41-K/61","Škola je dílna lidskosti.","GY6","Klasické gymnázium Modřany a ZŠ","Praha","chybi_presna_shoda","","","",""
"600005267_79-41-K/81_Skola_je_dilnou_lidskosti","600005267","79-41-K/81","Škola je dílnou lidskosti","GY8","Klasické gymnázium Modřany a ZŠ","Praha","chybi_presna_shoda","","","",""
"600005321_64-41-L/51","600005321","64-41-L/51","","NAS","Metropolitní odbor. umělec. SŠ","Praha","chybi_presna_shoda","","","",""
"600005321_69-41-L/52","600005321","69-41-L/52","","NAS","Metropolitní odbor. umělec. SŠ","Praha","chybi_presna_shoda","","","",""
"600005321_82-51-L/51","600005321","82-51-L/51","","NAS","Metropolitní odbor. umělec. SŠ","Praha","chybi_presna_shoda","","","",""
"600005364_79-41-K/41_Ucime_se_pro_budoucnost","600005364","79-41-K/41","Učíme se pro budoucnost","GY4","MICHAEL - SŠ, Gymnázium a VOŠ, s.r.o.","Praha","chybi_presna_shoda","","","",""
"600005381_23-43-L/51","600005381","23-43-L/51","","NAS","Akademie řemesel Praha - SŠ technická","Praha","chybi_presna_shoda","","","",""
"600005381_23-45-L/01_Obrabec_kovu_23_56_H_01","600005381","23-45-L/01","Obráběč kovů 23-56-H/01","SOU","Akademie řemesel Praha - SŠ technická","Praha","chybi_presna_shoda","","","",""
"600005381_26-41-L/52","600005381","26-41-L/52","","NAS","Akademie řemesel Praha - SŠ technická","Praha","chybi_presna_shoda","","","",""
"600005381_33-42-L/51","600005381","33-42-L/51","","NAS","Akademie řemesel Praha - SŠ technická","Praha","chybi_presna_shoda","","","",""
"600005381_36-44-L/51","600005381","36-44-L/51","","NAS","Akademie řemesel Praha - SŠ technická","Praha","chybi_presna_shoda","","","",""
"600005381_36-47-M/01_Priprava_a_realizace_staveb","600005381","36-47-M/01","Příprava a realizace staveb","SOS","Akademie řemesel Praha - SŠ technická","Praha","chybi_presna_shoda","","","",""
"600005381_39-41-L/01_Autoelektrikar_26_57_H_01","600005381","39-41-L/01","Autoelektrikář 26-57-H/01","SOU","Akademie řemesel Praha - SŠ technická","Praha","chybi_presna_shoda","","","",""
"600005381_39-41-L/01_Mechanik_opravar_motorovych_vozidel_23_68_H_01","600005381","39-41-L/01","Mechanik opravář motorových vozidel 23-68-H/01","SOU","Akademie řemesel Praha - SŠ technická","Praha","chybi_presna_shoda","","","",""
"600005381_39-41-L/02_Instalater_36_52_H_01","600005381","39-41-L/02","Instalatér 36-52-H/01","SOU","Akademie řemesel Praha - SŠ technická","Praha","chybi_presna_shoda","","","",""
"600005500_79-41-K/41_SVP_GOP_vseobecne","600005500","79-41-K/41","ŠVP GOP všeobecné","GY4","Gymnázium Oty Pavla","Praha","chybi_presna_shoda","","","",""
"600005500_79-41-K/61_SVP_GOP_vseobecne_s_rozsirenou_vyukou_AJ","600005500","79-41-K/61","ŠVP GOP všeobecné s rozšířenou výukou AJ","GY6","Gymnázium Oty Pavla","Praha","chybi_presna_shoda","","","",""
"600005518_79-41-K/41_Per_partes_ad_astra","600005518","79-41-K/41","Per partes ad astra","GY4","Gymnázium Christiana Dopplera","Praha","chybi_presna_shoda","","","",""
"600005518_79-41-K/81_Cizi_jazyky_brana_do_sveta","600005518","79-41-K/81","Cizí jazyky – brána do světa","GY8","Gymnázium Christiana Dopplera","Praha","chybi_presna_shoda","","","",""
"600005518_79-41-K/81_Myslim_tedy_jsem","600005518","79-41-K/81","Myslím, tedy jsem","GY8","Gymnázium Christiana Dopplera","Praha","chybi_presna_shoda","","","",""
"600005542_65-42-M/01","600005542","65-42-M/01","","SOS","Smíchovská SPŠ, gymnázium a hotelová škola","Praha","chybi_presna_shoda","","","",""
"600005542_65-42-M/02","600005542","65-42-M/02","","SOS","Smíchovská SPŠ, gymnázium a hotelová škola","Praha","chybi_presna_shoda","","","",""
"600005542_78-42-M/08","600005542","78-42-M/08","","LYC","Smíchovská SPŠ, gymnázium a hotelová škola","Praha","chybi_presna_shoda","","","",""
"600005551_79-43-K/61","600005551","79-43-K/61","","GY6","Rakouské gymnázium v Praze o.p.s.","Praha","chybi_presna_shoda","","","",""
"600005593_79-41-K/81","600005593","79-41-K/81","","GY8","Mensa gymnázium, o.p.s.","Praha","chybi_presna_shoda","","","",""
"600005640_33-42-L/51_Technik_nabytkarske_a_drevarske_vyroby","600005640","33-42-L/51","Technik nábytkářské a dřevařské výroby","NAS","Střední škola a VOŠ umělecká a řemeslná","Praha","chybi_presna_shoda","","","",""
"600005640_64-41-L/51_Podnikani","600005640","64-41-L/51","Podnikání","NAS","Střední škola a VOŠ umělecká a řemeslná","Praha","chybi_presna_shoda","","","",""
"600005640_82-51-L/51_Umelecke_remeslne_prace","600005640","82-51-L/51","Umělecké řemeslné práce","NAS","Střední škola a VOŠ umělecká a řemeslná","Praha","chybi_presna_shoda","","","",""
"600005658_26-41-L/01_Elektromechanik_pro_zarizeni_a_pristroje_obor_L_H","600005658","26-41-L/01","Elektromechanik pro zařízení a přístroje, obor L+H","SOU","Střední průmyslová škola dopravní, a.s.","Praha","chybi_presna_shoda","","","",""
"600005658_39-41-L/01_Mechanik_opravar_motorovych_vozidel_obor_L_H","600005658","39-41-L/01","Mechanik opravář motorových vozidel, obor L+H","SOU","Střední průmyslová škola dopravní, a.s.","Praha","chybi_presna_shoda","","","",""
"600005658_64-41-L/51","600005658","64-41-L/51","","NAS","Střední průmyslová škola dopravní, a.s.","Praha","chybi_presna_shoda","","","",""
"600005658_78-42-M/01","600005658","78-42-M/01","","LYC","Střední průmyslová škola dopravní, a.s.","Praha","chybi_presna_shoda","","","",""
"600005666_63-41-M/02_sportovni_management","600005666","63-41-M/02","sportovní management","SOS","Gymnázium, SOŠ a Pr. taneční konzervatoř","Praha","chybi_presna_shoda","","","",""
"600005798_65-41-L/01","600005798","65-41-L/01","","SOU","SŠ kosmetiky a hotelnictví BEAN, s.r.o.","Praha","chybi_presna_shoda","","","",""
"600005836_63-41-M/02_Business_Satalice","600005836","63-41-M/02","Business - Satalice","SOS","Obch. akademie Praha, s.r.o.","Praha","chybi_presna_shoda","","","",""
"600005836_63-41-M/02_Business_Vinohrady","600005836","63-41-M/02","Business - Vinohrady","SOS","Obch. akademie Praha, s.r.o.","Praha","chybi_presna_shoda","","","",""
"600005836_78-42-M/08_Business_Satalice","600005836","78-42-M/08","Business - Satalice","LYC","Obch. akademie Praha, s.r.o.","Praha","chybi_presna_shoda","","","",""
"600005836_78-42-M/08_Business_Vinohrady","600005836","78-42-M/08","Business - Vinohrady","LYC","Obch. akademie Praha, s.r.o.","Praha","chybi_presna_shoda","","","",""
"600005861_31-43-M/01_Odev_modni_a_marketingove_poradenstvi","600005861","31-43-M/01","Oděv, módní a marketingové poradenství","SOS","VOŠ oděvního návrhářství a SPŠ oděvní","Praha","chybi_presna_shoda","","","",""
"600005895_79-41-K/81_vseobecne","600005895","79-41-K/81","všeobecné","GY8","Trojské gymnázium s.r.o.","Praha","chybi_presna_shoda","","","",""
"600005933_79-41-K/41_Vzdelani_pro_budoucnost_vseobecne","600005933","79-41-K/41","Vzdělání pro budoucnost - všeobecné","GY4","Gymnázium","Praha","chybi_presna_shoda","","","",""
"600005950_79-41-K/41_Aspira_Rozvijime_a_podporujeme","600005950","79-41-K/41","Aspira - Rozvíjíme a podporujeme","GY4","Gymnázium FOSTRA International s.r.o.","Praha","chybi_presna_shoda","","","",""
"600005950_79-41-K/41_International_Rozvijime_v_globalnich_souvislostech_Praha_3","600005950","79-41-K/41","International - Rozvíjíme v globálních souvislostech Praha 3","GY4","Gymnázium FOSTRA International s.r.o.","Praha","chybi_presna_shoda","","","",""
"600005950_79-41-K/41_International_Rozvijime_v_globalnich_souvislostech_Praha_5","600005950","79-41-K/41","International - Rozvíjíme v globálních souvislostech Praha 5","GY4","Gymnázium FOSTRA International s.r.o.","Praha","chybi_presna_shoda","","","",""
"600005950_79-41-K/41_Meda_Pro_budouci_lekare","600005950","79-41-K/41","Meda - Pro budoucí lékaře","GY4","Gymnázium FOSTRA International s.r.o.","Praha","chybi_presna_shoda","","","",""
"600005950_79-41-K/41_Meda_Pro_budouci_psychology","600005950","79-41-K/41","Meda - Pro budoucí psychology","GY4","Gymnázium FOSTRA International s.r.o.","Praha","chybi_presna_shoda","","","",""
"600005992_79-41-K/81_79_41_K_81_Gymnazium","600005992","79-41-K/81","79-41-K/81 Gymnázium","GY8","Gymnázium","Praha","chybi_presna_shoda","","","",""
"600005992_79-43-K/61_79_43_K_61_Dvojjazycne_gymnazium","600005992","79-43-K/61","79-43-K/61 Dvojjazyčné gymnázium","GY6","Gymnázium","Praha","chybi_presna_shoda","","","",""
"600006000_75-41-M/01","600006000","75-41-M/01","","SOS","SOŠ sociální, o.p.s.","Praha","kolize_katalogu","","","",""
"600006018_75-31-M/01_stredni_pedagogicka_skola_Brno","600006018","75-31-M/01","střední pedagogická škola, Brno","SOS","PORG - gymnázium, ZŠ a MŠ, o.p.s.","Brno","chybi_presna_shoda","","","",""
"600006018_79-41-K/81_8lete_PORG_Brno","600006018","79-41-K/81","8leté PORG Brno","GY8","PORG - gymnázium, ZŠ a MŠ, o.p.s.","Brno","chybi_presna_shoda","","","",""
"600006026_63-41-M/02_Business_Academy_CJ_AJ","600006026","63-41-M/02","Business Academy (ČJ/AJ)","SOS","Královská střední škola, s.r.o.","Praha","chybi_presna_shoda","","","",""
"600006026_63-41-M/02_Obchodni_akademie_CJ","600006026","63-41-M/02","Obchodní akademie (ČJ)","SOS","Královská střední škola, s.r.o.","Praha","chybi_presna_shoda","","","",""
"600006026_79-41-K/41","600006026","79-41-K/41","","GY4","Královská střední škola, s.r.o.","Praha","chybi_presna_shoda","","","",""
"600006034_64-41-L/51","600006034","64-41-L/51","","NAS","Soukr. střední škola gastronomie s.r.o.","Praha","chybi_presna_shoda","","","",""
"600006077_75-41-L/51","600006077","75-41-L/51","","NAS","Církevní střední škola Jana Boska","Praha","chybi_presna_shoda","","","",""
"600006123_79-41-K/41_geografie","600006123","79-41-K/41","geografie","GY4","SPŠ zeměměřická a Geogr. gymnázium Praha","Praha","chybi_presna_shoda","","","",""
"600006131_79-41-K/41_KOMPAS","600006131","79-41-K/41","KOMPAS","GY4","Gymnázium Čakovice","Praha","chybi_presna_shoda","","","",""
"600006131_79-41-K/41_KOTVA","600006131","79-41-K/41","KOTVA","GY4","Gymnázium Čakovice","Praha","chybi_presna_shoda","","","",""
"600006174_26-41-L/01_Elektronik_pro_informacni_a_komunikacni_techniku","600006174","26-41-L/01","Elektronik pro informační a komunikační techniku","SOU","VOŠ inf.studií a SŠ el.,multimédií a inf","Praha","chybi_presna_shoda","","","",""
"600006174_26-41-M/01_Zabezpecovaci_technika_a_kamerove_systemy","600006174","26-41-M/01","Zabezpečovací technika a kamerové systémy","SOS","VOŠ inf.studií a SŠ el.,multimédií a inf","Praha","chybi_presna_shoda","","","",""
"600006174_68-42-L/51_Bezpecnostni_sluzby_a_systemy","600006174","68-42-L/51","Bezpečnostní služby a systémy","NAS","VOŠ inf.studií a SŠ el.,multimédií a inf","Praha","chybi_presna_shoda","","","",""
"600006247_79-41-K/41_vseobecne_Nase_skola_v_Evrope","600006247","79-41-K/41","všeobecné - Naše škola v Evropě","GY4","Gymnázium","Praha","chybi_presna_shoda","","","",""
"600006247_79-41-K/81_vseobecne_Moje_tvoje_nase_skola","600006247","79-41-K/81","všeobecné - Moje, tvoje, naše škola","GY8","Gymnázium","Praha","chybi_presna_shoda","","","",""
"600006280_33-42-L/51_Drevostavby","600006280","33-42-L/51","Dřevostavby","NAS","Střední odborná škola Jarov","Praha","chybi_presna_shoda","","","",""
"600006280_36-44-L/51_Stavebni_provoz","600006280","36-44-L/51","Stavební provoz","NAS","Střední odborná škola Jarov","Praha","chybi_presna_shoda","","","",""
"600006280_41-44-L/51_Zahradnictvi","600006280","41-44-L/51","Zahradnictví","NAS","Střední odborná škola Jarov","Praha","chybi_presna_shoda","","","",""
"600006280_64-41-L/51_Podnikani","600006280","64-41-L/51","Podnikání","NAS","Střední odborná škola Jarov","Praha","chybi_presna_shoda","","","",""
"600006298_65-41-L/01_Gastronomie","600006298","65-41-L/01","Gastronomie ","SOU","Střední škola SČMSD Praha, s.r.o.","Praha","chybi_presna_shoda","","","",""
"600006310_18-20-M/01","600006310","18-20-M/01","","SOS","Soukromá SŠ a ZŠ (1. KŠPA) Praha s.r.o.","Praha","chybi_presna_shoda","","","",""
"600006310_63-41-M/01_podnikani","600006310","63-41-M/01","Podnikání","SOS","Soukromá SŠ a ZŠ (1. KŠPA) Praha s.r.o.","Praha","kolize_katalogu","","","",""
"600006310_63-41-M/01_sportovni_management","600006310","63-41-M/01","Sportovní management","SOS","Soukromá SŠ a ZŠ (1. KŠPA) Praha s.r.o.","Praha","kolize_katalogu","","","",""
"600006310_65-42-M/02","600006310","65-42-M/02","","SOS","Soukromá SŠ a ZŠ (1. KŠPA) Praha s.r.o.","Praha","chybi_presna_shoda","","","",""
"600006310_79-41-K/41","600006310","79-41-K/41","","GY4","Soukromá SŠ a ZŠ (1. KŠPA) Praha s.r.o.","Praha","chybi_presna_shoda","","","",""
"600006328_63-41-M/02","600006328","63-41-M/02","","SOS","Soukr. SOŠ a Soukr. SOU BEAN, s.r.o.","Praha","chybi_presna_shoda","","","",""
"600006379_78-42-M/06","600006379","78-42-M/06","","LYC","SOŠ uměleckořemeslná s.r.o.","Praha","chybi_presna_shoda","","","",""
"600006379_82-51-L/51","600006379","82-51-L/51","","NAS","SOŠ uměleckořemeslná s.r.o.","Praha","chybi_presna_shoda","","","",""
"600006387_64-41-L/51_Podnikani","600006387","64-41-L/51","Podnikání","NAS","Střední škola podnikání a gastronomie","Praha","chybi_presna_shoda","","","",""
"600006409_63-41-M/01","600006409","63-41-M/01","","SOS","Euroškola Praha SOŠ s.r.o.","Praha","chybi_presna_shoda","","","",""
"600006433_64-41-L/51","600006433","64-41-L/51","","NAS","SOŠ a SOU, Praha - Čakovice","Praha","chybi_presna_shoda","","","",""
"600006433_65-41-L/01_Cisnik","600006433","65-41-L/01","Číšník","SOU","SOŠ a SOU, Praha - Čakovice","Praha","chybi_presna_shoda","","","",""
"600006433_65-41-L/01_Kuchar","600006433","65-41-L/01","Kuchař","SOU","SOŠ a SOU, Praha - Čakovice","Praha","chybi_presna_shoda","","","",""
"600006531_64-41-L/51_Podnikani","600006531","64-41-L/51","Podnikání","NAS","Gymn. bří Čapků a První české soukr. SOU","Praha","chybi_presna_shoda","","","",""
"600006565_79-41-K/41","600006565","79-41-K/41","","GY4","SPŠ a Gymnázium Na Třebešíně","Praha","chybi_presna_shoda","","","",""
"600006581_64-41-L/51_Podnikani","600006581","64-41-L/51","Podnikání","NAS","Střední škola gastronomie","Praha","chybi_presna_shoda","","","",""
"600006581_65-41-L/01_Gastronomie_PLUS_v_kombinaci_s_oborem_Kuchar_cisnik","600006581","65-41-L/01","Gastronomie PLUS (v kombinaci s oborem Kuchař-číšník)","SOU","Střední škola gastronomie","Praha","chybi_presna_shoda","","","",""
"600006654_34-53-L/01_34_53_H_01_Reprodukcni_grafik","600006654","34-53-L/01","34-53-H/01 Reprodukční grafik","SOU","SŠ mediální grafiky a tisku, s.r.o.","Praha","chybi_presna_shoda","","","",""
"600006662_75-31-M/01_Denni_studium","600006662","75-31-M/01","Denní studium ","SOS","Střední škola Futurum, s.r.o.","Praha","chybi_presna_shoda","","","",""
"600006662_78-42-M/08_Lyceum_v_oboru_humanitnich_a_spolecenskych_ved","600006662","78-42-M/08","Lyceum v oboru humanitních a společenských věd","LYC","Střední škola Futurum, s.r.o.","Praha","chybi_presna_shoda","","","",""
"600006689_78-42-M/08_Humanni_a_veterinarni_medicina_AI_v_zemedelstvi","600006689","78-42-M/08","Humánní a veterinární medicína, AI v zemědělství","LYC","Vyšší odborná škola a Střední zem. škola","Benešov","chybi_presna_shoda","","","",""
"600006697_23-45-L/01","600006697","23-45-L/01","","SOU","Střední průmyslová škola","Vlašim","chybi_presna_shoda","","","",""
"600006697_78-42-M/08","600006697","78-42-M/08","","LYC","Střední průmyslová škola","Vlašim","chybi_presna_shoda","","","",""
"600006751_79-41-K/41_Skola_pro_zivot","600006751","79-41-K/41","Škola pro život","GY4","Gymnázium","Vlašim","chybi_presna_shoda","","","",""
"600006751_79-41-K/81_Skola_pro_zivot","600006751","79-41-K/81","Škola pro život","GY8","Gymnázium","Vlašim","chybi_presna_shoda","","","",""
"600006760_64-41-L/51","600006760","64-41-L/51","","NAS","SOŠ a SOU","Vlašim","chybi_presna_shoda","","","",""
"600006778_63-41-M/02","600006778","63-41-M/02","","SOS","Obchodní akademie","Neveklov","chybi_presna_shoda","","","",""
"600006832_78-42-M/08","600006832","78-42-M/08","","LYC","OA, SPgŠ a JŠ s právem SJZ","Beroun","chybi_presna_shoda","","","",""
"600006841_63-41-M/01_Ekonomika_a_informatika_v_podnikani","600006841","63-41-M/01","Ekonomika a informatika v podnikání","SOS","SOŠ a SOU","Hořovice","chybi_presna_shoda","","","",""
"600006841_78-42-M/08_1_Prirodni_a_potravinove_zdroje_2_Udrzitelny_rozvoj_spolecnosti","600006841","78-42-M/08","1) Přírodní a potravinové zdroje  2) Udržitelný rozvoj společnosti","LYC","SOŠ a SOU","Hořovice","chybi_presna_shoda","","","",""
"600006859_64-41-L/51","600006859","64-41-L/51","","NAS","SOŠ a SOU","Beroun","chybi_presna_shoda","","","",""
"600006859_78-42-M/08","600006859","78-42-M/08","","LYC","SOŠ a SOU","Beroun","chybi_presna_shoda","","","",""
"600006905_23-41-M/01_3D_modelovani_a_technologie","600006905","23-41-M/01","3D modelování a technologie","SOS","SPŠ a VOŠ","Kladno","chybi_presna_shoda","","","",""
"600006905_26-41-M/01_Aplikace_elektrotechniky_zamereni_Automatizace_a_robotika","600006905","26-41-M/01","Aplikace elektrotechniky, zaměření Automatizace a robotika ","SOS","SPŠ a VOŠ","Kladno","chybi_presna_shoda","","","",""
"600006905_26-41-M/01_Aplikace_elektrotechniky_zamereni_Elektroenergetika","600006905","26-41-M/01","Aplikace elektrotechniky, zaměření Elektroenergetika","SOS","SPŠ a VOŠ","Kladno","chybi_presna_shoda","","","",""
"600006930_18-20-M/01_Informacni_technologie","600006930","18-20-M/01","Informační technologie","SOS","1. klad. soukr. SŠ a ZŠ (1.KŠPA), s.r.o.","Kladno","chybi_presna_shoda","","","",""
"600006930_63-41-M/01_Management_sportu","600006930","63-41-M/01","Management sportu","SOS","1. klad. soukr. SŠ a ZŠ (1.KŠPA), s.r.o.","Kladno","kolize_katalogu","","","",""
"600006930_65-42-M/02_Cestovni_ruch","600006930","65-42-M/02","Cestovní ruch","SOS","1. klad. soukr. SŠ a ZŠ (1.KŠPA), s.r.o.","Kladno","chybi_presna_shoda","","","",""
"600006930_79-41-K/41","600006930","79-41-K/41","","GY4","1. klad. soukr. SŠ a ZŠ (1.KŠPA), s.r.o.","Kladno","chybi_presna_shoda","","","",""
"600007022_64-41-L/51","600007022","64-41-L/51","","NAS","Střední škola služeb a řemesel","Stochov","chybi_presna_shoda","","","",""
"600007073_29-41-L/51","600007073","29-41-L/51","","NAS","Střední škola designu a řemesel","Kladno","chybi_presna_shoda","","","",""
"600007073_33-42-L/51","600007073","33-42-L/51","","NAS","Střední škola designu a řemesel","Kladno","chybi_presna_shoda","","","",""
"600007146_34-42-M/01_produktovy_design","600007146","34-42-M/01","produktový design","SOS","OSŠ podnikání a med. tvorby Kolín s.r.o.","Kolín","chybi_presna_shoda","","","",""
"600007171_64-41-L/51","600007171","64-41-L/51","","NAS","SPŠ strojírenská a JŠ s právem SJZ","Kolín","chybi_presna_shoda","","","",""
"600007251_78-42-M/08","600007251","78-42-M/08","","LYC","VOŠ, SPŠ a OA","Čáslav","chybi_presna_shoda","","","",""
"600007260_23-45-M/01","600007260","23-45-M/01","","SOS","SOŠ a SOU dopravní","Čáslav","chybi_presna_shoda","","","",""
"600007278_41-41-M/01_Moderni_zemedelstvi_a_nove_technologie","600007278","41-41-M/01","Moderní zemědělství a nové technologie","SOS","Střední zemědělská škola a Střední odbor. učiliště","Čáslav","chybi_presna_shoda","","","",""
"600007278_64-41-L/51","600007278","64-41-L/51","","NAS","Střední zemědělská škola a Střední odbor. učiliště","Čáslav","chybi_presna_shoda","","","",""
"600007286_78-42-M/01","600007286","78-42-M/01","","LYC","VOŠ, SPŠ a JŠ s právem SJZ","Kutná Hora","chybi_presna_shoda","","","",""
"600007294_64-41-L/51","600007294","64-41-L/51","","NAS","SOŠ a SOU řemesel","Kutná Hora","chybi_presna_shoda","","","",""
"600007332_79-41-K/41","600007332","79-41-K/41","","GY4","Dvořákovo gymnázium","Kralupy nad Vltavou","chybi_presna_shoda","","","",""
"600007383_78-42-M/08","600007383","78-42-M/08","","LYC","Česká zahrad. akademie Mělník - SŠ a VOŠ","Mělník","chybi_presna_shoda","","","",""
"600007464_69-41-L/01","600007464","69-41-L/01","","SOU","Boleslav. soukr. SOŠ a Gymnázium, s.r.o.","Mladá Boleslav","chybi_presna_shoda","","","",""
"600007481_64-41-L/51","600007481","64-41-L/51","","NAS","SŠ tradičních řemesel HERMÉS MB s.r.o.","Mladá Boleslav","chybi_presna_shoda","","","",""
"600007529_63-41-M/02","600007529","63-41-M/02","","SOS","OA a JŠ s právem státní jazykové zkoušky","Mladá Boleslav","chybi_presna_shoda","","","",""
"600007529_78-42-M/02","600007529","78-42-M/02","","LYC","OA a JŠ s právem státní jazykové zkoušky","Mladá Boleslav","chybi_presna_shoda","","","",""
"600007545_23-43-L/51","600007545","23-43-L/51","","NAS","ŠKODA AUTO a.s., SOU strojírenské, o.z.","Mladá Boleslav","chybi_presna_shoda","","","",""
"600007545_26-41-L/01","600007545","26-41-L/01","","SOU","ŠKODA AUTO a.s., SOU strojírenské, o.z.","Mladá Boleslav","chybi_presna_shoda","","","",""
"600007545_26-41-L/52","600007545","26-41-L/52","","NAS","ŠKODA AUTO a.s., SOU strojírenské, o.z.","Mladá Boleslav","chybi_presna_shoda","","","",""
"600007545_26-41-M/01","600007545","26-41-M/01","","SOS","ŠKODA AUTO a.s., SOU strojírenské, o.z.","Mladá Boleslav","chybi_presna_shoda","","","",""
"600007545_37-41-M/01","600007545","37-41-M/01","","SOS","ŠKODA AUTO a.s., SOU strojírenské, o.z.","Mladá Boleslav","chybi_presna_shoda","","","",""
"600007545_64-41-L/51","600007545","64-41-L/51","","NAS","ŠKODA AUTO a.s., SOU strojírenské, o.z.","Mladá Boleslav","chybi_presna_shoda","","","",""
"600007553_79-41-K/41_vseobecne","600007553","79-41-K/41","všeobecné","GY4","Gymnázium Jiřího z Poděbrad","Poděbrady","chybi_presna_shoda","","","",""
"600007553_79-41-K/81_vseobecne","600007553","79-41-K/81","všeobecné","GY8","Gymnázium Jiřího z Poděbrad","Poděbrady","chybi_presna_shoda","","","",""
"600007561_78-42-M/08","600007561","78-42-M/08","","LYC","Hotelová škola","Poděbrady","chybi_presna_shoda","","","",""
"600007600_41-41-M/01","600007600","41-41-M/01","","SOS","SZeŠ a SOŠ","Poděbrady","chybi_presna_shoda","","","",""
"600007600_43-41-M/01","600007600","43-41-M/01","","SOS","SZeŠ a SOŠ","Poděbrady","chybi_presna_shoda","","","",""
"600007600_68-43-M/01","600007600","68-43-M/01","","SOS","SZeŠ a SOŠ","Poděbrady","chybi_presna_shoda","","","",""
"600007600_78-42-M/05","600007600","78-42-M/05","","LYC","SZeŠ a SOŠ","Poděbrady","chybi_presna_shoda","","","",""
"600007642_53-41-M/02","600007642","53-41-M/02","","SOS","SOŠ a SOU","Městec Králové","chybi_presna_shoda","","","",""
"600007642_64-41-L/51","600007642","64-41-L/51","","NAS","SOŠ a SOU","Městec Králové","chybi_presna_shoda","","","",""
"600007642_75-41-L/51","600007642","75-41-L/51","","NAS","SOŠ a SOU","Městec Králové","chybi_presna_shoda","","","",""
"600007685_65-41-L/51","600007685","65-41-L/51","","NAS","SOU společného stravování","Poděbrady","chybi_presna_shoda","","","",""
"600007707_23-41-M/01_Letecka_technika","600007707","23-41-M/01","Letecká technika ","SOS","SŠ letecké a výpočetní techniky","Odolena Voda","chybi_presna_shoda","","","",""
"600007782_75-41-M/01","600007782","75-41-M/01","","SOS","Střední odborná škola Čelákovice s.r.o.","Čelákovice","chybi_presna_shoda","","","",""
"600007901_64-41-L/51","600007901","64-41-L/51","","NAS","Střední odborné učiliště","Sedlčany","chybi_presna_shoda","","","",""
"600007944_23-43-L/51","600007944","23-43-L/51","","NAS","Střední odborné učiliště","Nové Strašecí","chybi_presna_shoda","","","",""
"600007987_41-41-M/01","600007987","41-41-M/01","","SOS","Masarykova obch. a zeměděl. akademie Rakovník, SOŠ","Rakovník","chybi_presna_shoda","","","",""
"600007987_41-43-M/02","600007987","41-43-M/02","","SOS","Masarykova obch. a zeměděl. akademie Rakovník, SOŠ","Rakovník","chybi_presna_shoda","","","",""
"600007995_79-41-K/41_vseobecne","600007995","79-41-K/41","všeobecné ","GY4","Gymnázium J. V. Jirsíka","České Budějovice","chybi_presna_shoda","","","",""
"600007995_79-41-K/81_vseobecne","600007995","79-41-K/81","všeobecné","GY8","Gymnázium J. V. Jirsíka","České Budějovice","chybi_presna_shoda","","","",""
"600008002_79-41-K/41_Prirodni_vedy_a_matematika_vseobecne","600008002","79-41-K/41","Přírodní vědy a matematika / všeobecné","GY4","Gymnázium","České Budějovice","chybi_presna_shoda","","","",""
"600008002_79-41-K/81_Vseobecne","600008002","79-41-K/81","Všeobecné","GY8","Gymnázium","České Budějovice","chybi_presna_shoda","","","",""
"600008029_79-41-K/81_vseobecne","600008029","79-41-K/81","všeobecné","GY8","Gymnázium","Týn nad Vltavou","chybi_presna_shoda","","","",""
"600008088_78-42-M/03","600008088","78-42-M/03","","LYC","Biskup. gymn. J.N.N., církevní ZŠ a ZUŠ","České Budějovice","chybi_presna_shoda","","","",""
"600008096_79-41-K/41_SVP_CAG_Ctyrlete_4G","600008096","79-41-K/41","ŠVP ČAG Čtyřleté (4G)","GY4","ČAG - gymnázium a základní škola s.r.o.","České Budějovice","chybi_presna_shoda","","","",""
"600008096_79-41-K/81_SVP_CAG_Osmilete_8G","600008096","79-41-K/81","ŠVP ČAG - Osmileté (8G)","GY8","ČAG - gymnázium a základní škola s.r.o.","České Budějovice","chybi_presna_shoda","","","",""
"600008100_79-41-K/41_ctyrlete","600008100","79-41-K/41","čtyřleté","GY4","České reálné gymnázium s.r.o.","České Budějovice","chybi_presna_shoda","","","",""
"600008100_79-41-K/81_osmilete","600008100","79-41-K/81","osmileté","GY8","České reálné gymnázium s.r.o.","České Budějovice","chybi_presna_shoda","","","",""
"600008118_68-42-M/01_Bezpecnostne_pravni_cinnost","600008118","68-42-M/01","Bezpečnostně právní činnost","SOS","SŠ informatiky a právních studií, z.ú.","České Budějovice","chybi_presna_shoda","","","",""
"600008185_36-47-M/01","600008185","36-47-M/01","","SOS","Střední průmyslová škola stavební","České Budějovice","kolize_katalogu","","","",""
"600008193_23-43-L/51_Provozni_technika","600008193","23-43-L/51","Provozní technika","NAS","VOŠ, SPŠ automobilní a technická","České Budějovice","chybi_presna_shoda","","","",""
"600008193_23-45-L/01_Mechanik_serizovac_mechatronik_Elektromechanik_pro_zarizeni_a_pristroje_L0_H","600008193","23-45-L/01","Mechanik seřizovač - mechatronik + Elektromechanik pro zařízení a přístroje (L0+H)","SOU","VOŠ, SPŠ automobilní a technická","České Budějovice","chybi_presna_shoda","","","",""
"600008193_39-41-L/51_Autotronik","600008193","39-41-L/51","Autotronik","NAS","VOŠ, SPŠ automobilní a technická","České Budějovice","chybi_presna_shoda","","","",""
"600008193_64-41-L/51_Dopravni_provoz","600008193","64-41-L/51","Dopravní provoz","NAS","VOŠ, SPŠ automobilní a technická","České Budějovice","chybi_presna_shoda","","","",""
"600008193_64-41-L/51_Podnikani","600008193","64-41-L/51","Podnikání","NAS","VOŠ, SPŠ automobilní a technická","České Budějovice","chybi_presna_shoda","","","",""
"600008266_18-20-M/01","600008266","18-20-M/01","","SOS","EDUCAnet - SŠ a ZŠ ČB, s.r.o.","České Budějovice","chybi_presna_shoda","","","",""
"600008266_79-41-K/41","600008266","79-41-K/41","","GY4","EDUCAnet - SŠ a ZŠ ČB, s.r.o.","České Budějovice","chybi_presna_shoda","","","",""
"600008274_37-41-M/01_zamereni_na_logistiku_a_obsluzne_systemy","600008274","37-41-M/01","zaměření na logistiku a obslužné systémy","SOS","SOŠ a SOU, Jindřichův Hradec, Jáchymova 478","Jindřichův Hradec","chybi_presna_shoda","","","",""
"600008274_64-41-L/51","600008274","64-41-L/51","","NAS","SOŠ a SOU, Jindřichův Hradec, Jáchymova 478","Jindřichův Hradec","chybi_presna_shoda","","","",""
"600008363_16-01-M/01_Vodohospodar","600008363","16-01-M/01","Vodohospodář","SOS","Střední škola rybářská a vodohospodářská","Třeboň","chybi_presna_shoda","","","",""
"600008363_41-43-L/51_Rybarstvi","600008363","41-43-L/51","Rybářství","NAS","Střední škola rybářská a vodohospodářská","Třeboň","chybi_presna_shoda","","","",""
"600008371_63-41-M/02_obchodni_akademie","600008371","63-41-M/02","obchodní akademie","SOS","OA, SOŠ a SOU","Třeboň","chybi_presna_shoda","","","",""
"600008371_64-41-L/51_Podnikani","600008371","64-41-L/51","Podnikání","NAS","OA, SOŠ a SOU","Třeboň","chybi_presna_shoda","","","",""
"600008461_64-41-L/51","600008461","64-41-L/51","","NAS","VOŠ a Střední škola hotel. SČMSD, s.r.o.","Pelhřimov","chybi_presna_shoda","","","",""
"600008487_23-45-L/01_Obrabec_kovu","600008487","23-45-L/01","Obráběč kovů","SOU","SPŠ a SOU","Pelhřimov","chybi_presna_shoda","","","",""
"600008487_26-41-L/01_Elektrikar","600008487","26-41-L/01","Elektrikář","SOU","SPŠ a SOU","Pelhřimov","chybi_presna_shoda","","","",""
"600008487_33-41-L/01_Truhlar","600008487","33-41-L/01","Truhlář","SOU","SPŠ a SOU","Pelhřimov","chybi_presna_shoda","","","",""
"600008487_64-41-L/51","600008487","64-41-L/51","","NAS","SPŠ a SOU","Pelhřimov","chybi_presna_shoda","","","",""
"600008509_18-20-M/01_Programovani_pocitacove_site_webove_stranky","600008509","18-20-M/01","Programování, počítačové sítě, webové stránky","SOS","SŠ inf. a CR SČMSD Humpolec, s.r.o.","Humpolec","chybi_presna_shoda","","","",""
"600008509_66-41-L/01_Specialista_na_cestovni_ruch","600008509","66-41-L/01","Specialista na cestovní ruch","SOU","SŠ inf. a CR SČMSD Humpolec, s.r.o.","Humpolec","chybi_presna_shoda","","","",""
"600008533_79-41-K/41_skola_branou_do_zivota","600008533","79-41-K/41","Škola bránou do života","GY4","Gymnázium","Milevsko","chybi_presna_shoda","","","",""
"600008533_79-41-K/61_Skola_branou_do_zivota","600008533","79-41-K/61","Škola bránou do života","GY6","Gymnázium","Milevsko","chybi_presna_shoda","","","",""
"600008541_79-41-K/41_SVP_pro_ctyrlete_gymnazium_a_vyssi_stupen_osmileteho_gymnazia","600008541","79-41-K/41","ŠVP pro čtyřleté gymnázium a vyšší stupeň osmiletého gymnázia","GY4","Gymnázium","Písek","chybi_presna_shoda","","","",""
"600008541_79-41-K/61_SVP_pro_sestilete_gymnazium","600008541","79-41-K/61","ŠVP pro šestileté gymnázium","GY6","Gymnázium","Písek","chybi_presna_shoda","","","",""
"600008541_79-41-K/81_SVP_pro_nizsi_stupen_osmileteho_gymnazia","600008541","79-41-K/81","ŠVP pro nižší stupeň osmiletého gymnázia","GY8","Gymnázium","Písek","chybi_presna_shoda","","","",""
"600008592_33-42-L/51_Drevarska_vyroba","600008592","33-42-L/51","Dřevařská výroba","NAS","SOŠ a SOU, Písek, Komenského 86","Písek","chybi_presna_shoda","","","",""
"600008592_36-44-L/51","600008592","36-44-L/51","","NAS","SOŠ a SOU, Písek, Komenského 86","Písek","chybi_presna_shoda","","","",""
"600008592_64-41-L/51","600008592","64-41-L/51","","NAS","SOŠ a SOU, Písek, Komenského 86","Písek","chybi_presna_shoda","","","",""
"600008649_78-42-M/01_CONSTATIA_SAPIENTIA_PIETAS_VIRTUS","600008649","78-42-M/01","CONSTATIA - SAPIENTIA - PIETAS - VIRTUS","LYC","Gymnázium, Prachatice, Zlatá stezka 137","Prachatice","chybi_presna_shoda","","","",""
"600008649_79-41-K/81_CONSTATIA_SAPIENTIA_PIETAS_VIRTUS","600008649","79-41-K/81","CONSTATIA - SAPIENTIA - PIETAS - VIRTUS","GY8","Gymnázium, Prachatice, Zlatá stezka 137","Prachatice","chybi_presna_shoda","","","",""
"600008681_64-41-L/51","600008681","64-41-L/51","","NAS","Střední škola a Základní škola","Vimperk","chybi_presna_shoda","","","",""
"600008703_18-20-M/01_Moderni_informacni_technologie","600008703","18-20-M/01","Moderní informační technologie","SOS","Střední odborná škola","Blatná","chybi_presna_shoda","","","",""
"600008703_26-41-M/01_Pocitace_a_robotika","600008703","26-41-M/01","Počítače a robotika","SOS","Střední odborná škola","Blatná","chybi_presna_shoda","","","",""
"600008703_63-41-M/02_Digitalni_marketing_a_reklama","600008703","63-41-M/02","Digitální marketing a reklama","SOS","Střední odborná škola","Blatná","chybi_presna_shoda","","","",""
"600008754_64-41-L/51","600008754","64-41-L/51","","NAS","Střední odborné učiliště","Blatná","chybi_presna_shoda","","","",""
"600008797_33-42-L/51","600008797","33-42-L/51","","NAS","SPŠ strojní a stavební","Tábor","chybi_presna_shoda","","","",""
"600008819_79-41-K/41","600008819","79-41-K/41","","GY4","Gymnázium","Soběslav","chybi_presna_shoda","","","",""
"600008819_79-41-K/61","600008819","79-41-K/61","","GY6","Gymnázium","Soběslav","chybi_presna_shoda","","","",""
"600008886_26-41-L/01_26_51_H_02_Elektrikar_silnoproud","600008886","26-41-L/01","26-51-H/02 Elektrikář silnoproud","SOU","Střední škola spojů a informatiky","Tábor","chybi_presna_shoda","","","",""
"600008886_26-45-M/01_Aplikovana_elektronika_a_informatika","600008886","26-45-M/01","Aplikovaná elektronika a informatika","SOS","Střední škola spojů a informatiky","Tábor","chybi_presna_shoda","","","",""
"600008924_64-41-L/51","600008924","64-41-L/51","","NAS","Soukromá SOŠ a Gymnázium BEAN, s.r.o.","Staňkov","chybi_presna_shoda","","","",""
"600008941_26-41-L/01_Automatizace_a_elektronicke_systemy","600008941","26-41-L/01","Automatizace a elektronické systémy","SOU","Střední odborné učiliště","Domažlice","chybi_presna_shoda","","","",""
"600009084_26-41-M/01","600009084","26-41-M/01","","SOS","Střední průmyslová škola Ostrov","Ostrov","kolize_katalogu","","","",""
"600009106_65-41-L/51_Gastronomie_a_hotelnictvi_nastavba","600009106","65-41-L/51","(Gastronomie a hotelnictví nástavba)","NAS","Střední škola stravování a služeb K.Vary","Karlovy Vary","chybi_presna_shoda","","","",""
"600009122_75-31-M/01","600009122","75-31-M/01","","SOS","Střední pedagog. škola, gymnázium a VOŠ","Karlovy Vary","chybi_presna_shoda","","","",""
"600009122_75-41-M/01","600009122","75-41-M/01","","SOS","Střední pedagog. škola, gymnázium a VOŠ","Karlovy Vary","chybi_presna_shoda","","","",""
"600009122_78-42-M/03","600009122","78-42-M/03","","LYC","Střední pedagog. škola, gymnázium a VOŠ","Karlovy Vary","chybi_presna_shoda","","","",""
"600009122_79-41-K/41","600009122","79-41-K/41","","GY4","Střední pedagog. škola, gymnázium a VOŠ","Karlovy Vary","chybi_presna_shoda","","","",""
"600009203_16-01-M/01","600009203","16-01-M/01","","SOS","SUPŠ keramická a sklářská K. Vary","Karlovy Vary","chybi_presna_shoda","","","",""
"600009203_28-44-M/01","600009203","28-44-M/01","","SOS","SUPŠ keramická a sklářská K. Vary","Karlovy Vary","chybi_presna_shoda","","","",""
"600009335_23-41-M/01_Strojirenstvi","600009335","23-41-M/01","Strojírenství","SOS","Střední průmyslová škola","Klatovy","chybi_presna_shoda","","","",""
"600009335_26-41-M/01_Elektrotechnika_Automatizacni_technika","600009335","26-41-M/01","Elektrotechnika-Automatizační technika","SOS","Střední průmyslová škola","Klatovy","chybi_presna_shoda","","","",""
"600009335_63-41-M/01_Informatika_a_reklama","600009335","63-41-M/01","Informatika a reklama","SOS","Střední průmyslová škola","Klatovy","chybi_presna_shoda","","","",""
"600009386_53-41-M/03","600009386","53-41-M/03","","SOS","VOŠ,OA,Střed.zdrav.škola a JŠ s práv.SJZ","Klatovy","chybi_presna_shoda","","","",""
"600009386_63-41-M/02_Jazykove_nebo_Sportovni","600009386","63-41-M/02","Jazykové nebo Sportovní","SOS","VOŠ,OA,Střed.zdrav.škola a JŠ s práv.SJZ","Klatovy","chybi_presna_shoda","","","",""
"600009386_69-41-L/01","600009386","69-41-L/01","","SOU","VOŠ,OA,Střed.zdrav.škola a JŠ s práv.SJZ","Klatovy","chybi_presna_shoda","","","",""
"600009386_69-41-L/02","600009386","69-41-L/02","","SOU","VOŠ,OA,Střed.zdrav.škola a JŠ s práv.SJZ","Klatovy","chybi_presna_shoda","","","",""
"600009386_78-42-M/08_Humanitni_s_rozsirenou_vyukou_jazyku_zamerenych_na_cestovni_ruch_nebo_Zdravotnictvi_a_socialni_sluzby","600009386","78-42-M/08","Humanitní s rozšířenou výukou jazyků zaměřených na cestovní ruch nebo Zdravotnictví a sociální služby","LYC","VOŠ,OA,Střed.zdrav.škola a JŠ s práv.SJZ","Klatovy","chybi_presna_shoda","","","",""
"600009408_18-20-M/01_Vyvoj_aplikaci_a_her","600009408","18-20-M/01","Vývoj aplikací a her","SOS","Střední škola","Horažďovice","chybi_presna_shoda","","","",""
"600009408_63-41-M/01_Marketingove_a_reklamni_strategie","600009408","63-41-M/01","Marketingové a reklamní strategie","SOS","Střední škola","Horažďovice","chybi_presna_shoda","","","",""
"600009408_64-41-L/51_Podnikani","600009408","64-41-L/51","Podnikání","NAS","Střední škola","Horažďovice","chybi_presna_shoda","","","",""
"600009416_39-41-L/01","600009416","39-41-L/01","","SOU","Střední odborná škola a SOU","Sušice","chybi_presna_shoda","","","",""
"600009416_64-41-L/51","600009416","64-41-L/51","","NAS","Střední odborná škola a SOU","Sušice","chybi_presna_shoda","","","",""
"600009424_41-41-M/01","600009424","41-41-M/01","","SOS","Střední škola zemědělská a potravinářská","Klatovy","chybi_presna_shoda","","","",""
"600009424_64-41-L/51","600009424","64-41-L/51","","NAS","Střední škola zemědělská a potravinářská","Klatovy","chybi_presna_shoda","","","",""
"600009424_65-41-L/01","600009424","65-41-L/01","","SOU","Střední škola zemědělská a potravinářská","Klatovy","chybi_presna_shoda","","","",""
"600009424_68-43-M/01","600009424","68-43-M/01","","SOS","Střední škola zemědělská a potravinářská","Klatovy","chybi_presna_shoda","","","",""
"600009459_79-42-K/41_Sportovni_strelba","600009459","79-42-K/41","Sportovní střelba","GY4","Sportovní gymnázium Plzeň","Plzeň","chybi_presna_shoda","","","",""
"600009459_79-42-K/41_Volejbal_divky","600009459","79-42-K/41","Volejbal - dívky","GY4","Sportovní gymnázium Plzeň","Plzeň","chybi_presna_shoda","","","",""
"600009467_18-20-M/01_Informacni_technologie_se_specializaci_na_datovou_analytiku_nebo_grafiku_na_PC_nebo_programovani_a_vyvoj_SW_nebo_na_pocitacove_site_a_kybernetickou_bezpecnost_IT_technicke","600009467","18-20-M/01","Informační technologie se specializací na datovou analytiku nebo grafiku na PC nebo programování a vývoj SW nebo na počítačové sítě a kybernetickou bezpečnost (IT technické) ","SOS","SŠ informatiky a finančních služeb","Plzeň","chybi_presna_shoda","","","",""
"600009467_18-20-M/01_Informacni_technologie_se_specializaci_na_ekonomicke_a_podnikatelske_kompetence_a_zpracovani_a_vizualizaci_dat_IT_ekonomicke_a_zpracovani_dat","600009467","18-20-M/01","	Informační technologie se specializací na ekonomické a podnikatelské kompetence a zpracování a vizualizaci dat (IT ekonomické a zpracování dat) ","SOS","SŠ informatiky a finančních služeb","Plzeň","chybi_presna_shoda","","","",""
"600009467_78-42-M/01_Technicke_lyceum","600009467","78-42-M/01","Technické lyceum ","LYC","SŠ informatiky a finančních služeb","Plzeň","chybi_presna_shoda","","","",""
"600009491_18-20-M/01_Datova_analyza_vyvoj_aplikaci_sprava_systemu","600009491","18-20-M/01","Datová analýza, vývoj aplikací, správa systémů","SOS","VOŠ a SPŠ elektrotechnická","Plzeň","chybi_presna_shoda","","","",""
"600009564_68-42-M/01_Bezpecnostne_pravni_cinnost","600009564","68-42-M/01","Bezpečnostně právní činnost","SOS","Bezp.práv.akad.Plzeň,s.r.o,střední škola","Plzeň","chybi_presna_shoda","","","",""
"600009564_68-43-M/01_Verejnospravni_cinnost","600009564","68-43-M/01","Veřejnosprávní činnost","SOS","Bezp.práv.akad.Plzeň,s.r.o,střední škola","Plzeň","chybi_presna_shoda","","","",""
"600009661_63-41-M/02","600009661","63-41-M/02","","SOS","PLZEŇSKÁ OBCHODNÍ AKADEMIE s.r.o.","Plzeň","kolize_katalogu","","","",""
"600009696_64-41-L/51","600009696","64-41-L/51","","NAS","Akademie hotelnictví a cest. ruchu - SŠ, s.r.o.","Plzeň","chybi_presna_shoda","","","",""
"600009700_65-41-L/51","600009700","65-41-L/51","","NAS","Hotelová škola","Plzeň","chybi_presna_shoda","","","",""
"600009718_33-42-L/51","600009718","33-42-L/51","","NAS","Střední odborné učiliště stavební","Plzeň","chybi_presna_shoda","","","",""
"600009718_36-44-L/51","600009718","36-44-L/51","","NAS","Střední odborné učiliště stavební","Plzeň","chybi_presna_shoda","","","",""
"600009831_75-31-M/01","600009831","75-31-M/01","","SOS","Gymnázium a Střední odborná škola","Rokycany","chybi_presna_shoda","","","",""
"600009831_78-42-M/02","600009831","78-42-M/02","","LYC","Gymnázium a Střední odborná škola","Rokycany","chybi_presna_shoda","","","",""
"600009831_79-41-K/41_Inspirace_a_vzdelani_v_souvislostech","600009831","79-41-K/41","Inspirace a vzdělání v souvislostech","GY4","Gymnázium a Střední odborná škola","Rokycany","chybi_presna_shoda","","","",""
"600009858_23-43-L/51_Provozni_technika","600009858","23-43-L/51","Provozní technika","NAS","Střední škola","Rokycany","chybi_presna_shoda","","","",""
"600009858_23-45-L/01_Obrabec_kovu","600009858","23-45-L/01","Obráběč kovů","SOU","Střední škola","Rokycany","chybi_presna_shoda","","","",""
"600009858_23-45-L/51_Mechanik_serizovac","600009858","23-45-L/51","Mechanik seřizovač","NAS","Střední škola","Rokycany","chybi_presna_shoda","","","",""
"600009858_64-41-L/51_Podnikani","600009858","64-41-L/51","Podnikání","NAS","Střední škola","Rokycany","chybi_presna_shoda","","","",""
"600009858_65-41-L/01_Gastronomie","600009858","65-41-L/01","Gastronomie","SOU","Střední škola","Rokycany","chybi_presna_shoda","","","",""
"600009858_66-41-L/01_Obchodnik","600009858","66-41-L/01","Obchodník","SOU","Střední škola","Rokycany","chybi_presna_shoda","","","",""
"600009947_79-41-K/41_Skola_pro_21_stoleti","600009947","79-41-K/41","Škola pro 21. století","GY4","Gymnázium","Stříbro","chybi_presna_shoda","","","",""
"600009947_79-41-K/81_Skola_pro_21_stoleti","600009947","79-41-K/81","Škola pro 21. století","GY8","Gymnázium","Stříbro","chybi_presna_shoda","","","",""
"600009963_64-41-L/51","600009963","64-41-L/51","","NAS","Střední škola","Bor","chybi_presna_shoda","","","",""
"600009963_65-41-L/01_kuchar_cisnik","600009963","65-41-L/01","kuchař - číšník ","SOU","Střední škola","Bor","chybi_presna_shoda","","","",""
"600009971_64-41-L/51","600009971","64-41-L/51","","NAS","Střední škola živnostenská a ZŠ, Planá","Planá","chybi_presna_shoda","","","",""
"600009998_79-41-K/41","600009998","79-41-K/41","","GY4","Gymnázium, příspěvková organizace","Česká Lípa","chybi_presna_shoda","","","",""
"600009998_79-41-K/81","600009998","79-41-K/81","","GY8","Gymnázium, příspěvková organizace","Česká Lípa","chybi_presna_shoda","","","",""
"600010104_64-41-L/51","600010104","64-41-L/51","","NAS","SZdrŠ a SOŠ, příspěvková organizace","Česká Lípa","chybi_presna_shoda","","","",""
"600010112_65-42-M/01_HOTELNICTVI_a_CESTOVNI_RUCH","600010112","65-42-M/01","HOTELNICTVÍ a CESTOVNÍ RUCH","SOS","Euroškola Česká Lípa SOŠ s.r.o.","Česká Lípa","chybi_presna_shoda","","","",""
"600010198_79-41-K/41_79_41_K_41_Humanitni","600010198","79-41-K/41","79-41-K/41 Humanitní","GY4","Gymnázium","Děčín","chybi_presna_shoda","","","",""
"600010198_79-41-K/41_79_41_K_41_Vseobecne","600010198","79-41-K/41","79-41-K/41 Všeobecné","GY4","Gymnázium","Děčín","chybi_presna_shoda","","","",""
"600010210_18-20-M/01","600010210","18-20-M/01","","SOS","VOŠ, SPŠ a SOŠ","Varnsdorf","chybi_presna_shoda","","","",""
"600010210_65-42-M/01","600010210","65-42-M/01","","SOS","VOŠ, SPŠ a SOŠ","Varnsdorf","chybi_presna_shoda","","","",""
"600010210_68-43-M/01","600010210","68-43-M/01","","SOS","VOŠ, SPŠ a SOŠ","Varnsdorf","chybi_presna_shoda","","","",""
"600010368_23-45-L/01_Obrabec_kovu","600010368","23-45-L/01","Obráběč kovů","SOU","SŠ technická, gastronom. a automobilní","Chomutov","chybi_presna_shoda","","","",""
"600010368_39-41-L/01_Mechanik_opravar_motorovych_vozidel","600010368","39-41-L/01","Mechanik opravář motorových vozidel","SOU","SŠ technická, gastronom. a automobilní","Chomutov","chybi_presna_shoda","","","",""
"600010368_64-41-L/51","600010368","64-41-L/51","","NAS","SŠ technická, gastronom. a automobilní","Chomutov","chybi_presna_shoda","","","",""
"600010481_64-41-L/51","600010481","64-41-L/51","","NAS","SŠ řem.a služ.,příspěvková organizace","Jablonec nad Nisou","chybi_presna_shoda","","","",""
"600010490_23-41-M/01_se_zamerenim_na_3D_technologie","600010490","23-41-M/01","se zaměřením na 3D technologie","SOS","SPŠ technická, příspěvková organizace","Jablonec nad Nisou","chybi_presna_shoda","","","",""
"600010490_23-45-L/01_CNC_stroje_doplnujici_obor_Obrabec_kovu","600010490","23-45-L/01","CNC stroje (doplňující obor Obráběč kovů)","SOU","SPŠ technická, příspěvková organizace","Jablonec nad Nisou","chybi_presna_shoda","","","",""
"600010490_26-41-L/01_robotika_doplnujici_obor_Elektrikar","600010490","26-41-L/01","robotika (doplňující obor Elektrikář)","SOU","SPŠ technická, příspěvková organizace","Jablonec nad Nisou","chybi_presna_shoda","","","",""
"600010520_63-41-M/02","600010520","63-41-M/02","","SOS","SOŠ obchodní s.r.o.","Liberec","kolize_katalogu","","","",""
"600010554_79-41-K/41","600010554","79-41-K/41","","GY4","Gymn.F.X.Šaldy, příspěvková organizace","Liberec","chybi_presna_shoda","","","",""
"600010554_79-41-K/81","600010554","79-41-K/81","","GY8","Gymn.F.X.Šaldy, příspěvková organizace","Liberec","chybi_presna_shoda","","","",""
"600010554_79-43-K/61","600010554","79-43-K/61","","GY6","Gymn.F.X.Šaldy, příspěvková organizace","Liberec","chybi_presna_shoda","","","",""
"600010601_33-42-L/51","600010601","33-42-L/51","","NAS","Střední škola Kateřinky - Liberec, s.r.o","Liberec","chybi_presna_shoda","","","",""
"600010601_66-42-L/51","600010601","66-42-L/51","","NAS","Střední škola Kateřinky - Liberec, s.r.o","Liberec","chybi_presna_shoda","","","",""
"600010678_64-41-L/51","600010678","64-41-L/51","","NAS","SŠ hospod.a les.,příspěvková organizace","Frýdlant","chybi_presna_shoda","","","",""
"600010783_63-41-M/01_management_sportu","600010783","63-41-M/01","Management sportu","SOS","Soukromá SOŠ (1. KŠPA), s.r.o.","Litoměřice","kolize_katalogu","","","",""
"600010864_64-41-L/51","600010864","64-41-L/51","","NAS","Soukromé SOU INDUSTRIA spol. s r.o.","Litoměřice","chybi_presna_shoda","","","",""
"600010902_53-41-M/04","600010902","53-41-M/04","","SOS","Střední škola Pohoda s.r.o.","Litoměřice","chybi_presna_shoda","","","",""
"600010902_69-41-L/01","600010902","69-41-L/01","","SOU","Střední škola Pohoda s.r.o.","Litoměřice","chybi_presna_shoda","","","",""
"600010929_79-41-K/41_vseobecne","600010929","79-41-K/41","všeobecné","GY4","Gymnázium Václava Hlavatého","Louny","chybi_presna_shoda","","","",""
"600010929_79-41-K/81_vseobecne","600010929","79-41-K/81","všeobecné","GY8","Gymnázium Václava Hlavatého","Louny","chybi_presna_shoda","","","",""
"600010996_63-41-M/01","600010996","63-41-M/01","","SOS","SOU a SOŠ SČMSD, Žatec, s.r.o.","Žatec","chybi_presna_shoda","","","",""
"600010996_64-41-L/51","600010996","64-41-L/51","","NAS","SOU a SOŠ SČMSD, Žatec, s.r.o.","Žatec","chybi_presna_shoda","","","",""
"600010996_78-42-M/06","600010996","78-42-M/06","","LYC","SOU a SOŠ SČMSD, Žatec, s.r.o.","Žatec","chybi_presna_shoda","","","",""
"600011003_26-41-M/01","600011003","26-41-M/01","","SOS","Gymnázium a Střední odborná škola","Podbořany","chybi_presna_shoda","","","",""
"600011003_63-41-M/01","600011003","63-41-M/01","","SOS","Gymnázium a Střední odborná škola","Podbořany","chybi_presna_shoda","","","",""
"600011003_64-41-L/51","600011003","64-41-L/51","","NAS","Gymnázium a Střední odborná škola","Podbořany","chybi_presna_shoda","","","",""
"600011003_79-41-K/81","600011003","79-41-K/81","","GY8","Gymnázium a Střední odborná škola","Podbořany","chybi_presna_shoda","","","",""
"600011020_37-41-M/01","600011020","37-41-M/01","","SOS","Soukromá obchodní akademie, spol. s r.o.","Žatec","chybi_presna_shoda","","","",""
"600011038_18-20-M/01","600011038","18-20-M/01","","SOS","SPŠ elektrotech. a zař. pro DVPP, s.r.o.","Žatec","kolize_katalogu","","","",""
"600011038_26-41-M/01","600011038","26-41-M/01","","SOS","SPŠ elektrotech. a zař. pro DVPP, s.r.o.","Žatec","chybi_presna_shoda","","","",""
"600011119_26-41-L/01_Mechanik_elektrotechnik_2v1","600011119","26-41-L/01","Mechanik elektrotechnik 2v1","SOU","Střední škola EDUCHEM, a.s.","Meziboří","chybi_presna_shoda","","","",""
"600011143_65-41-L/01_Management_v_gastronomii","600011143","65-41-L/01","Management v gastronomii","SOU","SPŠ a SOŠ gastronomie a služeb","Most","chybi_presna_shoda","","","",""
"600011143_69-41-L/01","600011143","69-41-L/01","","SOU","SPŠ a SOŠ gastronomie a služeb","Most","chybi_presna_shoda","","","",""
"600011216_79-41-K/41","600011216","79-41-K/41","","GY4","Gymnázium","Teplice","kolize_katalogu","","","",""
"600011232_79-41-K/81_vseobecne","600011232","79-41-K/81","všeobecné","GY8","GYMNÁZIUM J.A.Komenského s.r.o.","Dubí","chybi_presna_shoda","","","",""
"600011291_66-41-L/01_66_51_H_01_Prodavac","600011291","66-41-L/01","66-51-H/01 Prodavač","SOU","Střední škola obchodu a služeb","Teplice","chybi_presna_shoda","","","",""
"600011348_26-41-L/01","600011348","26-41-L/01","","SOU","Střední průmyslová škola","Ústí nad Labem","chybi_presna_shoda","","","",""
"600011348_78-42-M/01","600011348","78-42-M/01","","LYC","Střední průmyslová škola","Ústí nad Labem","chybi_presna_shoda","","","",""
"600011429_64-41-L/51","600011429","64-41-L/51","","NAS","SŠ obchodu, řemesel, služeb a ZŠ","Ústí nad Labem","chybi_presna_shoda","","","",""
"600011453_28-44-M/01","600011453","28-44-M/01","","SOS","Gymnázium a SOŠ dr. Václava Šmejkala","Ústí nad Labem","chybi_presna_shoda","","","",""
"600011453_79-41-K/41","600011453","79-41-K/41","","GY4","Gymnázium a SOŠ dr. Václava Šmejkala","Ústí nad Labem","chybi_presna_shoda","","","",""
"600011453_79-41-K/81","600011453","79-41-K/81","","GY8","Gymnázium a SOŠ dr. Václava Šmejkala","Ústí nad Labem","chybi_presna_shoda","","","",""
"600011658_78-42-M/01_Architektura","600011658","78-42-M/01","Architektura","LYC","SPŠ stavební","Hradec Králové","chybi_presna_shoda","","","",""
"600011712_64-41-L/51_denni_studium","600011712","64-41-L/51","denní studium","NAS","SŠ služeb, obchodu a gastronomie","Hradec Králové","chybi_presna_shoda","","","",""
"600011712_69-41-L/01_Kosmeticka","600011712","69-41-L/01","Kosmetička","SOU","SŠ služeb, obchodu a gastronomie","Hradec Králové","chybi_presna_shoda","","","",""
"600011739_75-41-M/01","600011739","75-41-M/01","","SOS","OA, SOŠ a JŠ s pr. st. jaz. zk.","Hradec Králové","chybi_presna_shoda","","","",""
"600011739_78-42-M/02","600011739","78-42-M/02","","LYC","OA, SOŠ a JŠ s pr. st. jaz. zk.","Hradec Králové","chybi_presna_shoda","","","",""
"600011763_23-43-L/51_Diagnostik_zemedelske_techniky","600011763","23-43-L/51","Diagnostik zemědělské techniky","NAS","Střední škola technická a řemeslná","Nový Bydžov","chybi_presna_shoda","","","",""
"600011763_23-43-L/51_Dopravni_technik","600011763","23-43-L/51","Dopravní technik","NAS","Střední škola technická a řemeslná","Nový Bydžov","chybi_presna_shoda","","","",""
"600011763_29-41-L/51_Technolog_vyroby_potravin","600011763","29-41-L/51","Technolog výroby potravin","NAS","Střední škola technická a řemeslná","Nový Bydžov","chybi_presna_shoda","","","",""
"600011798_78-42-M/08","600011798","78-42-M/08","","LYC","OA, SPgŠ, VOŠ a JŠ s pr. SJZ","Hradec Králové","chybi_presna_shoda","","","",""
"600011828_26-41-L/52","600011828","26-41-L/52","","NAS","SPŠ, SOŠ a SOU","Hradec Králové","chybi_presna_shoda","","","",""
"600011887_79-41-K/41_SVP_zpracovany_podle_RVP_G_urceny_pro_1_4_rocnik_ctyrleteho_vzdelavani","600011887","79-41-K/41","ŠVP zpracovaný podle RVP G určený pro 1. - 4. ročník čtyřletého vzdělávání","GY4","Gymnázium Josefa Ressela","Chrudim","chybi_presna_shoda","","","",""
"600011887_79-41-K/81_SVP_zpracovany_podle_RVP_ZV_a_RVP_G_urceny_pro_primu_az_oktavu_osmileteho_vzdelavani","600011887","79-41-K/81","ŠVP zpracovaný podle RVP ZV a RVP G určený pro primu až oktávu osmiletého vzdělávání","GY8","Gymnázium Josefa Ressela","Chrudim","chybi_presna_shoda","","","",""
"600011941_23-44-L/01_Servis_udrzba_a_montaz_strojirenskych_zarizeni_v_kombinaci_s_oborem_23_56_H_01_Obrabec_kovu_L0_H_maturita_vyucni_list_ve_3_rocniku","600011941","23-44-L/01","Servis údržba a montáž strojírenských zařízení v kombinaci s oborem 23-56-H/01 Obráběč kovů (L0 + H maturita + výuční list ve 3. ročníku)","SOU","SOŠ a SOU technické, Třemošnice, Sportovní 322","Třemošnice","chybi_presna_shoda","","","",""
"600011941_23-45-L/01_Programovani_a_obsluha_CNC_stroju_v_kombinaci_s_oborem_23_56_H_01_Obrabec_kovu_L0_H_maturita_vyucni_list_ve_3_rocniku","600011941","23-45-L/01","Programování a obsluha CNC strojů v kombinaci s oborem 23-56-H/01 Obráběč kovů (L0 + H maturita + výuční list ve 3. ročníku)","SOU","SOŠ a SOU technické, Třemošnice, Sportovní 322","Třemošnice","chybi_presna_shoda","","","",""
"600011941_33-41-L/01_Truhlar_a_navrhar_konstrukci_v_kombinaci_s_oborem_33_56_H_01_Truhlar_L0_H_maturita_vyucni_list_ve_3_rocniku","600011941","33-41-L/01","Truhlář a návrhář konstrukcí v kombinaci s oborem 33-56-H/01 Truhlář (L0 + H maturita + výuční list ve 3. ročníku)","SOU","SOŠ a SOU technické, Třemošnice, Sportovní 322","Třemošnice","chybi_presna_shoda","","","",""
"600011941_78-42-M/08_Operator_bezpilotnich_systemu","600011941","78-42-M/08","Operátor bezpilotních systémů","LYC","SOŠ a SOU technické, Třemošnice, Sportovní 322","Třemošnice","chybi_presna_shoda","","","",""
"600011984_26-41-M/01_Mechatronika","600011984","26-41-M/01","Mechatronika","SOS","Střední průmyslová škola Chrudim","Chrudim","chybi_presna_shoda","","","",""
"600011992_79-41-K/41","600011992","79-41-K/41","","GY4","Lepařovo gymnázium","Jičín","chybi_presna_shoda","","","",""
"600011992_79-41-K/61","600011992","79-41-K/61","","GY6","Lepařovo gymnázium","Jičín","chybi_presna_shoda","","","",""
"600011992_79-42-K/41","600011992","79-42-K/41","","GY4","Lepařovo gymnázium","Jičín","chybi_presna_shoda","","","",""
"600012000_63-41-M/02_zamereni_na_cizi_jazyky","600012000","63-41-M/02","zaměření na cizí jazyky","SOS","Masarykova obchodní akademie","Jičín","chybi_presna_shoda","","","",""
"600012018_41-43-M/01_Rybarstvi","600012018","41-43-M/01","Rybářství","SOS","Střední škola zahradnická","Kopidlno","chybi_presna_shoda","","","",""
"600012018_41-44-M/01_Zahradnictvi","600012018","41-44-M/01","Zahradnictví","SOS","Střední škola zahradnická","Kopidlno","chybi_presna_shoda","","","",""
"600012026_78-42-M/03","600012026","78-42-M/03","","LYC","Gymnázium a SOŠ pedagogická","Nová Paka","chybi_presna_shoda","","","",""
"600012069_23-41-M/01_Programovani_CNC_stroju_a_mechatronika","600012069","23-41-M/01","Programování CNC strojů a mechatronika","SOS","Vyšší odborná škola a SPŠ","Jičín","chybi_presna_shoda","","","",""
"600012077_36-47-M/01","600012077","36-47-M/01","","SOS","SUPŠ sochařská a kamenická","Hořice","chybi_presna_shoda","","","",""
"600012093_63-41-M/01_Pravni_management_Management_cestovniho_ruchu_Firemni_management_Financni_management","600012093","63-41-M/01","Právní management, Management cestovního ruchu,Firemní management, Finanční management","SOS","Soukr. SŠ podnikatelská - ALTMAN, s.r.o.","Jičín","chybi_presna_shoda","","","",""
"600012093_64-41-L/51_Pravni_management","600012093","64-41-L/51","Právní management","NAS","Soukr. SŠ podnikatelská - ALTMAN, s.r.o.","Jičín","chybi_presna_shoda","","","",""
"600012271_65-42-M/02_cestovni_ruch_s_rozsirenou_vyukou_anglickeho_jazyka","600012271","65-42-M/02","cestovní ruch s rozšířenou výukou anglického jazyka","SOS","ACADEMIA MERCURII soukromá SŠ, s.r.o.","Náchod","chybi_presna_shoda","","","",""
"600012271_78-42-M/02_Ekonomicke_lyceum_s_rozsirenou_vyukou_anglickeho_jazyka","600012271","78-42-M/02","Ekonomické lyceum s rozšířenou výukou anglického jazyka","LYC","ACADEMIA MERCURII soukromá SŠ, s.r.o.","Náchod","chybi_presna_shoda","","","",""
"600012298_63-41-M/02","600012298","63-41-M/02","","SOS","AGYS - Anglické gymnázium a SOŠ, s.r.o.","Pardubice","chybi_presna_shoda","","","",""
"600012298_78-42-M/02","600012298","78-42-M/02","","LYC","AGYS - Anglické gymnázium a SOŠ, s.r.o.","Pardubice","chybi_presna_shoda","","","",""
"600012298_79-41-K/41","600012298","79-41-K/41","","GY4","AGYS - Anglické gymnázium a SOŠ, s.r.o.","Pardubice","chybi_presna_shoda","","","",""
"600012328_63-41-M/02_63_41_M_02","600012328","63-41-M/02","63-41-M/02","SOS","Obchodní akademie a JŠ s právem SJZ","Pardubice","chybi_presna_shoda","","","",""
"600012352_29-41-L/51","600012352","29-41-L/51","","NAS","SPŠ potravinářství a služeb","Pardubice","chybi_presna_shoda","","","",""
"600012352_29-41-M/01_mlynarstvi_a_vyroba_krmiv","600012352","29-41-M/01","mlynářství a výroba krmiv","SOS","SPŠ potravinářství a služeb","Pardubice","chybi_presna_shoda","","","",""
"600012409_79-42-K/41_Gymnazium_se_sportovni_pripravou","600012409","79-42-K/41","Gymnázium se sportovní přípravou","GY4","Sportovní gymnázium","Pardubice","chybi_presna_shoda","","","",""
"600012433_68-42-L/51","600012433","68-42-L/51","","NAS","Střední průmyslová škola chemická","Pardubice","chybi_presna_shoda","","","",""
"600012433_69-41-L/52","600012433","69-41-L/52","","NAS","Střední průmyslová škola chemická","Pardubice","chybi_presna_shoda","","","",""
"600012484_36-45-L/52","600012484","36-45-L/52","","NAS","Střední odborné učiliště plynárenské","Pardubice","chybi_presna_shoda","","","",""
"600012522_18-20-M/01","600012522","18-20-M/01","","SOS","EDUCA Pardubice - SOŠ, s.r.o.","Rybitví","kolize_katalogu","","","",""
"600012522_63-41-M/01","600012522","63-41-M/01","","SOS","EDUCA Pardubice - SOŠ, s.r.o.","Rybitví","kolize_katalogu","","","",""
"600012573_26-41-L/01_Elektromechanik_pro_zarireni_a_pristroje","600012573","26-41-L/01","Elektromechanik pro zaříření a přístroje","SOU","SZŠ a SOU chladicí a klimat. techniky","Kostelec nad Orlicí","chybi_presna_shoda","","","",""
"600012581_18-20-M/01_Informatika_v_ekonomice_se_zamerenim_na_podnikani","600012581","18-20-M/01","Informatika v ekonomice se zaměřením na podnikání","SOS","Obchodní akademie T. G. Masaryka","Kostelec nad Orlicí","chybi_presna_shoda","","","",""
"600012590_18-20-M/01_Pocitacove_site_a_programovani","600012590","18-20-M/01","Počítačové sítě a programování","SOS","SPŠ elektrotechniky a inform.technologií","Dobruška","chybi_presna_shoda","","","",""
"600012590_26-41-M/01","600012590","26-41-M/01","","SOS","SPŠ elektrotechniky a inform.technologií","Dobruška","chybi_presna_shoda","","","",""
"600012638_79-41-K/41_Gymnazium_vseobecne_ctyrlete","600012638","79-41-K/41","Gymnázium všeobecné čtyřleté","GY4","Gymnázium, příspěvková organizace","Turnov","chybi_presna_shoda","","","",""
"600012638_79-41-K/81_Gymnazium_vseobecne_osmilete","600012638","79-41-K/81","Gymnázium všeobecné osmileté","GY8","Gymnázium, příspěvková organizace","Turnov","chybi_presna_shoda","","","",""
"600012701_79-41-K/41_79_41_K_41_Gymnazium","600012701","79-41-K/41","79-41-K/41 Gymnázium ","GY4","Gymnázium Aloise Jiráska","Litomyšl","chybi_presna_shoda","","","",""
"600012701_79-41-K/81_79_41_K_81_Gymnazium","600012701","79-41-K/81","79-41-K/81 Gymnázium","GY8","Gymnázium Aloise Jiráska","Litomyšl","chybi_presna_shoda","","","",""
"600012760_78-42-M/01_Letectvi","600012760","78-42-M/01","Letectví","LYC","Gymnázium a Letecká SOŠ","Moravská Třebová","chybi_presna_shoda","","","",""
"600012816_65-42-M/01_Hotelnictvi","600012816","65-42-M/01","Hotelnictví","SOS","Integrovaná střední škola","Moravská Třebová","chybi_presna_shoda","","","",""
"600012816_68-42-M/01_Bezpecnostne_pravni_cinnost","600012816","68-42-M/01","Bezpečnostně právní činnost","SOS","Integrovaná střední škola","Moravská Třebová","chybi_presna_shoda","","","",""
"600012816_75-41-M/01_Socialni_cinnost","600012816","75-41-M/01","Sociální činnost","SOS","Integrovaná střední škola","Moravská Třebová","chybi_presna_shoda","","","",""
"600012891_79-41-K/41_SVP_Hostinne","600012891","79-41-K/41","ŠVP Hostinné","GY4","Krkonošské gymnázium a Střední odborná škola","Vrchlabí","chybi_presna_shoda","","","",""
"600012891_79-41-K/81","600012891","79-41-K/81","","GY8","Krkonošské gymnázium a Střední odborná škola","Vrchlabí","chybi_presna_shoda","","","",""
"600013006_28-44-M/01_Forenzni_analyza_Vyroba_a_zpracovani_polymeru_Farmaceuticky_asistent","600013006","28-44-M/01","Forenzní analýza, Výroba a zpracování polymerů, Farmaceutický asistent","SOS","SPŠ a SOŠ","Dvůr Králové nad Labem","chybi_presna_shoda","","","",""
"600013006_65-42-M/02_Cestovni_ruch","600013006","65-42-M/02","Cestovní ruch","SOS","SPŠ a SOŠ","Dvůr Králové nad Labem","chybi_presna_shoda","","","",""
"600013090_64-41-L/51","600013090","64-41-L/51","","NAS","Střední škola technická a sociální Králíky","Králíky","chybi_presna_shoda","","","",""
"600013090_75-41-M/01","600013090","75-41-M/01","","SOS","Střední škola technická a sociální Králíky","Králíky","chybi_presna_shoda","","","",""
"600013197_23-43-L/51","600013197","23-43-L/51","","NAS","SŠ automobilní Ústí nad Orlicí","Ústí nad Orlicí","chybi_presna_shoda","","","",""
"600013197_39-41-L/01_Autoelektrikar_AU_AEL","600013197","39-41-L/01","Autoelektrikář (AU+AEL)","SOU","SŠ automobilní Ústí nad Orlicí","Ústí nad Orlicí","chybi_presna_shoda","","","",""
"600013197_39-41-L/01_Mechanik_opravar_motorovych_vozidel_AU_MOMV","600013197","39-41-L/01","Mechanik opravář motorových vozidel (AU+MOMV)","SOU","SŠ automobilní Ústí nad Orlicí","Ústí nad Orlicí","chybi_presna_shoda","","","",""
"600013260_79-41-K/41","600013260","79-41-K/41","","GY4","Gymnázium, o.p.s.","Rájec-Jestřebí","chybi_presna_shoda","","","",""
"600013260_79-41-K/61","600013260","79-41-K/61","","GY6","Gymnázium, o.p.s.","Rájec-Jestřebí","chybi_presna_shoda","","","",""
"600013294_79-41-K/41_vseobecne","600013294","79-41-K/41","všeobecné","GY4","Gymnázium","Boskovice","chybi_presna_shoda","","","",""
"600013294_79-41-K/81_vseobecne","600013294","79-41-K/81","všeobecné","GY8","Gymnázium","Boskovice","chybi_presna_shoda","","","",""
"600013359_33-42-M/01_Interierova_tvorba","600013359","33-42-M/01","Interiérová tvorba","SOS","Masarykova střední škola","Letovice","chybi_presna_shoda","","","",""
"600013359_36-47-M/01_Pozemni_stavby","600013359","36-47-M/01","Pozemní stavby","SOS","Masarykova střední škola","Letovice","chybi_presna_shoda","","","",""
"600013359_64-41-L/51_Podnikani","600013359","64-41-L/51","Podnikání","NAS","Masarykova střední škola","Letovice","chybi_presna_shoda","","","",""
"600013383_65-41-L/51_Gastronomicky_management","600013383","65-41-L/51","Gastronomický management","NAS","SŠ cest. ruchu a gastronomie, s.r.o.","Blansko","chybi_presna_shoda","","","",""
"600013383_65-42-M/02_Cestovni_ruch_Palubni_stevard_Animator_volneho_casu","600013383","65-42-M/02","Cestovní ruch / Palubní stevard / Animátor volného času","SOS","SŠ cest. ruchu a gastronomie, s.r.o.","Blansko","chybi_presna_shoda","","","",""
"600013383_78-42-M/02_Rizeni_a_provoz_hotelu","600013383","78-42-M/02","Řízení a provoz hotelu","LYC","SŠ cest. ruchu a gastronomie, s.r.o.","Blansko","chybi_presna_shoda","","","",""
"600013391_23-45-L/01","600013391","23-45-L/01","","SOU","SŠ technická a gastronomická","Blansko","chybi_presna_shoda","","","",""
"600013391_26-41-L/01","600013391","26-41-L/01","","SOU","SŠ technická a gastronomická","Blansko","chybi_presna_shoda","","","",""
"600013391_78-42-M/01","600013391","78-42-M/01","","LYC","SŠ technická a gastronomická","Blansko","chybi_presna_shoda","","","",""
"600013405_79-41-K/41","600013405","79-41-K/41","","GY4","Biskupské gymnázium a mateřská škola","Brno","chybi_presna_shoda","","","",""
"600013405_79-41-K/81","600013405","79-41-K/81","","GY8","Biskupské gymnázium a mateřská škola","Brno","chybi_presna_shoda","","","",""
"600013413_79-41-K/81_Gymnazium","600013413","79-41-K/81","Gymnázium","GY8","Gymnázium Brno-Řečkovice","Brno","chybi_presna_shoda","","","",""
"600013448_79-41-K/41_vseobecne","600013448","79-41-K/41","všeobecné","GY4","Gymnázium","Brno","chybi_presna_shoda","","","",""
"600013448_79-41-K/61_programovani","600013448","79-41-K/61","programování","GY6","Gymnázium","Brno","chybi_presna_shoda","","","",""
"600013472_79-41-K/61_rozsirena_vyuka_anglictiny","600013472","79-41-K/61","rozšířená výuka angličtiny","GY6","Gymnázium","Brno","chybi_presna_shoda","","","",""
"600013511_66-43-M/01","600013511","66-43-M/01","","SOS","SŠ KNIH,o.p.s.","Brno","chybi_presna_shoda","","","",""
"600013537_79-41-K/81_zive_jazyky","600013537","79-41-K/81","živé jazyky","GY8","Gymnázium Globe, s.r.o.","Brno","chybi_presna_shoda","","","",""
"600013600_68-42-M/01","600013600","68-42-M/01","","SOS","TRIVIS - Střední škola veřejnoprávní Brno, s.r.o.","Brno","chybi_presna_shoda","","","",""
"600013626_79-43-K/61_dvojjazycne_gymnazium","600013626","79-43-K/61","dvojjazyčné gymnázium","GY6","Gymnázium Matyáše Lercha","Brno","chybi_presna_shoda","","","",""
"600013634_79-42-K/41_Gymnazium_se_sportovni_pripravou_atletika_basketbal_divky_volejbal","600013634","79-42-K/41","Gymnázium se sportovní přípravou-atletika, basketbal dívky, volejbal","GY4","Sportovní gymnázium Ludvíka Daňka","Brno","chybi_presna_shoda","","","",""
"600013634_79-42-K/41_Gymnazium_se_sportovni_pripravou_fotbal_chlapci_plavani","600013634","79-42-K/41","Gymnázium se sportovní přípravou-fotbal chlapci, plavání","GY4","Sportovní gymnázium Ludvíka Daňka","Brno","chybi_presna_shoda","","","",""
"600013634_79-42-K/61_Gymnazium_se_sportovni_pripravou_sportovni_gymnastika_judo_tenis_triatlon","600013634","79-42-K/61","Gymnázium se sportovní přípravou -sportovní gymnastika, judo, tenis, triatlon ","GY6","Sportovní gymnázium Ludvíka Daňka","Brno","chybi_presna_shoda","","","",""
"600013677_79-41-K/41","600013677","79-41-K/41","","GY4","Moravské gymnázium Brno s.r.o.","Brno","chybi_presna_shoda","","","",""
"600013677_79-41-K/81","600013677","79-41-K/81","","GY8","Moravské gymnázium Brno s.r.o.","Brno","chybi_presna_shoda","","","",""
"600013731_78-42-M/03","600013731","78-42-M/03","","LYC","SOŠ Morava o.p.s.","Brno","chybi_presna_shoda","","","",""
"600013758_79-41-K/61","600013758","79-41-K/61","","GY6","EKO GYMNÁZIUM o.p.s.","Brno","chybi_presna_shoda","","","",""
"600013758_79-41-K/81","600013758","79-41-K/81","","GY8","EKO GYMNÁZIUM o.p.s.","Brno","chybi_presna_shoda","","","",""
"600013766_64-41-L/51","600013766","64-41-L/51","","NAS","Střední škola","Brno","chybi_presna_shoda","","","",""
"600013766_65-41-L/01_kuchar_cisnik","600013766","65-41-L/01","kuchař - číšník","SOU","Střední škola","Brno","chybi_presna_shoda","","","",""
"600013782_26-41-L/01_Informacni_a_zabezpecovaci_technika_26_52_H_01_Elektromechanik_pro_zarizeni_a_pristroje","600013782","26-41-L/01","Informační a zabezpečovací technika, 26-52-H/01 Elektromechanik pro zařízení a přístroje","SOU","SŠ a VOŠ informatiky a financí Brno","Brno","chybi_presna_shoda","","","",""
"600013782_26-41-L/51_Zarizeni_sdelovaci_techniky","600013782","26-41-L/51","Zařízení sdělovací techniky","NAS","SŠ a VOŠ informatiky a financí Brno","Brno","chybi_presna_shoda","","","",""
"600013782_37-42-L/51_Logisticke_a_financni_sluzby","600013782","37-42-L/51","Logistické  a finanční služby","NAS","SŠ a VOŠ informatiky a financí Brno","Brno","chybi_presna_shoda","","","",""
"600013782_37-42-M/01_Logsitika","600013782","37-42-M/01","Logsitika","SOS","SŠ a VOŠ informatiky a financí Brno","Brno","chybi_presna_shoda","","","",""
"600013782_78-42-M/01","600013782","78-42-M/01","","LYC","SŠ a VOŠ informatiky a financí Brno","Brno","chybi_presna_shoda","","","",""
"600013821_39-41-L/02_Instalater_36_52_H_01","600013821","39-41-L/02","Instalatér (36-52-H/01)","SOU","Střední škola polytechnická","Brno","chybi_presna_shoda","","","",""
"600013821_64-41-L/51","600013821","64-41-L/51","","NAS","Střední škola polytechnická","Brno","chybi_presna_shoda","","","",""
"600013839_63-41-M/02_Management_sportu","600013839","63-41-M/02","Management sportu","SOS","Obchodní akademie ELDO, o.p.s.","Brno","chybi_presna_shoda","","","",""
"600013839_63-41-M/02_Obchodni_akademie","600013839","63-41-M/02","Obchodní akademie","SOS","Obchodní akademie ELDO, o.p.s.","Brno","chybi_presna_shoda","","","",""
"600013839_78-42-M/02_Marketinkova_komunikace","600013839","78-42-M/02","Marketinková komunikace","LYC","Obchodní akademie ELDO, o.p.s.","Brno","chybi_presna_shoda","","","",""
"600013847_23-43-L/51_Dvoulete_denni_nastavbove_studium","600013847","23-43-L/51","Dvouleté denní nástavbové studium","NAS","SŠ stavebních řemesel","Brno","chybi_presna_shoda","","","",""
"600013847_33-42-L/51_Dvoulete_denni_nastavbove_studium","600013847","33-42-L/51","Dvouleté denní nástavbové studium","NAS","SŠ stavebních řemesel","Brno","chybi_presna_shoda","","","",""
"600013847_33-42-M/01_Ctyrlete_studium","600013847","33-42-M/01","Čtyřleté studium","SOS","SŠ stavebních řemesel","Brno","chybi_presna_shoda","","","",""
"600013847_36-44-L/51_Dvoulete_denni_nastavbove_studium","600013847","36-44-L/51","Dvouleté denní nástavbové studium","NAS","SŠ stavebních řemesel","Brno","chybi_presna_shoda","","","",""
"600013855_23-45-L/01_elektromechanik_pro_zarizeni_a_pristroje_L0_H","600013855","23-45-L/01","elektromechanik pro zařízení a přístroje (L0+H)","SOU","SŠ strojírenská a elektrotechnická","Brno","chybi_presna_shoda","","","",""
"600013855_23-45-L/01_obrabec_kovu_L0_H","600013855","23-45-L/01","obráběč kovů (L0+H)","SOU","SŠ strojírenská a elektrotechnická","Brno","chybi_presna_shoda","","","",""
"600013855_26-41-L/01_elektrikar_silnoproud_L0_H","600013855","26-41-L/01","elektrikář - silnoproud (L0+H)","SOU","SŠ strojírenská a elektrotechnická","Brno","chybi_presna_shoda","","","",""
"600013855_26-41-L/01_elektromechanik_pro_zarizeni_a_pristroje_L0_H","600013855","26-41-L/01","elektromechanik pro zařízení a přístroje (L0+H)","SOU","SŠ strojírenská a elektrotechnická","Brno","chybi_presna_shoda","","","",""
"600013855_26-41-L/52_denni_studium","600013855","26-41-L/52","denní studium","NAS","SŠ strojírenská a elektrotechnická","Brno","chybi_presna_shoda","","","",""
"600013863_79-41-K/41","600013863","79-41-K/41","","GY4","Gymnázium Brno-Bystrc","Brno","chybi_presna_shoda","","","",""
"600013863_79-41-K/61","600013863","79-41-K/61","","GY6","Gymnázium Brno-Bystrc","Brno","chybi_presna_shoda","","","",""
"600013863_79-41-K/81","600013863","79-41-K/81","","GY8","Gymnázium Brno-Bystrc","Brno","chybi_presna_shoda","","","",""
"600013863_79-43-K/61","600013863","79-43-K/61","","GY6","Gymnázium Brno-Bystrc","Brno","chybi_presna_shoda","","","",""
"600013880_78-42-M/08_Cestovni_ruch_a_rozvoj_regionu","600013880","78-42-M/08","Cestovní ruch a rozvoj regionů","LYC","Hotelová škola s.r.o.","Brno","chybi_presna_shoda","","","",""
"600013910_34-57-L/01_34_57_H_01_Knihar","600013910","34-57-L/01","34-57-H/01 Knihař ","SOU","Střední škola grafická","Brno","chybi_presna_shoda","","","",""
"600013910_78-42-M/01","600013910","78-42-M/01","","LYC","Střední škola grafická","Brno","chybi_presna_shoda","","","",""
"600013928_79-41-K/41","600013928","79-41-K/41","","GY4","SPŠ chemická a gymnázium Brno, Vranovská","Brno","chybi_presna_shoda","","","",""
"600013936_78-42-M/02","600013936","78-42-M/02","","LYC","SPŠ a VOŠ","Brno","chybi_presna_shoda","","","",""
"600013979_64-41-L/51","600013979","64-41-L/51","","NAS","SŠ a VOŠ tradičních řemesel s.r.o.","Brno","chybi_presna_shoda","","","",""
"600013979_82-51-L/51","600013979","82-51-L/51","","NAS","SŠ a VOŠ tradičních řemesel s.r.o.","Brno","chybi_presna_shoda","","","",""
"600013987_79-41-K/61","600013987","79-41-K/61","","GY6","Gymnázium T. G. Masaryka","Zastávka","chybi_presna_shoda","","","",""
"600014029_26-41-L/01_zamereni_CNC_stroje","600014029","26-41-L/01","zaměření CNC stroje","SOU","SOŠ a SOU Kuřim, s.r.o.","Kuřim","chybi_presna_shoda","","","",""
"600014029_63-41-M/01_zamereni_Organizace_a_provoz_firmy","600014029","63-41-M/01","zaměření Organizace a provoz firmy","SOS","SOŠ a SOU Kuřim, s.r.o.","Kuřim","chybi_presna_shoda","","","",""
"600014053_79-41-K/81_vseobecny","600014053","79-41-K/81","všeobecný","GY8","Gymnázium Jana Blahoslava","Ivančice","chybi_presna_shoda","","","",""
"600014070_79-41-K/41_SVP_Ctyrlete_vseobecne_studium","600014070","79-41-K/41","ŠVP Čtyřleté všeobecné studium","GY4","Gymnázium","Tišnov","chybi_presna_shoda","","","",""
"600014070_79-41-K/81_SVP_Osmilete_vseobecne_studium","600014070","79-41-K/81","ŠVP Osmileté všeobecné studium","GY8","Gymnázium","Tišnov","chybi_presna_shoda","","","",""
"600014096_41-44-L/51","600014096","41-44-L/51","","NAS","Střední zahradnická škola","Rajhrad","chybi_presna_shoda","","","",""
"600014118_79-41-K/81","600014118","79-41-K/81","","GY8","Městské víceleté gymnázium","Klobouky u Brna","chybi_presna_shoda","","","",""
"600014151_79-41-K/41","600014151","79-41-K/41","","GY4","Gymnázium a SOŠ","Mikulov","chybi_presna_shoda","","","",""
"600014151_79-41-K/81","600014151","79-41-K/81","","GY8","Gymnázium a SOŠ","Mikulov","chybi_presna_shoda","","","",""
"600014231_64-41-L/51","600014231","64-41-L/51","","NAS","Střední škola Edvarda Beneše Břeclav","Břeclav","chybi_presna_shoda","","","",""
"600014258_79-41-K/41_4_vseobecne","600014258","79-41-K/41","4 všeobecné","GY4","Gymnázium a JŠ s právem st. j. zk.","Břeclav","chybi_presna_shoda","","","",""
"600014258_79-41-K/81_8_vseobecne","600014258","79-41-K/81","8 všeobecné","GY8","Gymnázium a JŠ s právem st. j. zk.","Břeclav","chybi_presna_shoda","","","",""
"600014291_23-44-L/01_Strojni_mechanik","600014291","23-44-L/01","Strojní mechanik","SOU","Střední škola polytechnická Hustopeče","Hustopeče","chybi_presna_shoda","","","",""
"600014321_64-41-L/51","600014321","64-41-L/51","","NAS","Gymnázium Jana Pivečky a SOŠ","Slavičín","chybi_presna_shoda","","","",""
"600014355_78-42-M/01_Technicke_lyceum","600014355","78-42-M/01","Technické lyceum","LYC","Střední průmyslová škola Zlín","Zlín","chybi_presna_shoda","","","",""
"600014436_75-31-M/01_Predskolni_a_mimoskolni_pedagogika","600014436","75-31-M/01","Předškolní a mimoškolní pedagogika","SOS","SŠ pedagogická a sociální,s.r.o.","Zlín","chybi_presna_shoda","","","",""
"600014436_75-41-M/01_Socialni_cinnost","600014436","75-41-M/01","Sociální činnost","SOS","SŠ pedagogická a sociální,s.r.o.","Zlín","chybi_presna_shoda","","","",""
"600014452_18-20-M/01_Informacni_technologie","600014452","18-20-M/01","Informační technologie","SOS","Střední škola Baltaci s.r.o.","Zlín","chybi_presna_shoda","","","",""
"600014452_78-42-M/08_Lyceum","600014452","78-42-M/08","Lyceum","LYC","Střední škola Baltaci s.r.o.","Zlín","chybi_presna_shoda","","","",""
"600014461_65-41-L/01_Gastronomie_s_hotelovym_provozem","600014461","65-41-L/01","Gastronomie s hotelovým provozem","SOU","Střední škola gastronomie a obchodu","Zlín","chybi_presna_shoda","","","",""
"600014461_65-41-L/51","600014461","65-41-L/51","","NAS","Střední škola gastronomie a obchodu","Zlín","chybi_presna_shoda","","","",""
"600014487_34-56-L/01_Fotograf_se_zamerenim_na_multimedia","600014487","34-56-L/01","Fotograf se zaměřením na multimédia","SOU","Střední škola oděvní a služeb Vizovice","Vizovice","chybi_presna_shoda","","","",""
"600014487_69-41-L/52_Vlasovy_specialista","600014487","69-41-L/52","Vlasový specialista","NAS","Střední škola oděvní a služeb Vizovice","Vizovice","chybi_presna_shoda","","","",""
"600014517_64-41-L/51","600014517","64-41-L/51","","NAS","Střední odborné učiliště","Valašské Klobouky","chybi_presna_shoda","","","",""
"600014614_41-45-L/51","600014614","41-45-L/51","","NAS","SŠ gastronomie, hotelnictví a lesnictví","Bzenec","chybi_presna_shoda","","","",""
"600014614_64-41-L/51","600014614","64-41-L/51","","NAS","SŠ gastronomie, hotelnictví a lesnictví","Bzenec","chybi_presna_shoda","","","",""
"600014622_23-43-L/51","600014622","23-43-L/51","","NAS","Obchodní akademie a SŠP","Veselí nad Moravou","chybi_presna_shoda","","","",""
"600014649_64-41-L/51","600014649","64-41-L/51","","NAS","Střední škola polytechnická Kyjov","Kyjov","chybi_presna_shoda","","","",""
"600014665_68-43-M/01","600014665","68-43-M/01","","SOS","Veřejnospráv. akademie a střední škola","Strážnice","kolize_katalogu","","","",""
"600014673_79-41-K/81","600014673","79-41-K/81","","GY8","Gy, OA a JŠ s právem státní JZ","Hodonín","chybi_presna_shoda","","","",""
"600014771_78-42-M/03_Priprava_na_pedagogicka_povolani","600014771","78-42-M/03","Příprava na pedagogická povolání","LYC","SOŠ sociální u Matky Boží Jihlava","Jihlava","chybi_presna_shoda","","","",""
"600014843_23-43-L/51","600014843","23-43-L/51","","NAS","Střední průmyslová škola Jihlava","Jihlava","chybi_presna_shoda","","","",""
"600014843_26-41-L/52","600014843","26-41-L/52","","NAS","Střední průmyslová škola Jihlava","Jihlava","chybi_presna_shoda","","","",""
"600014843_39-41-L/51","600014843","39-41-L/51","","NAS","Střední průmyslová škola Jihlava","Jihlava","chybi_presna_shoda","","","",""
"600014860_65-42-M/02_Ekonomika_a_cestovni_ruch_Management_aktivniho_volneho_casu_Medialni_marketing_cestovniho_ruchu","600014860","65-42-M/02","Ekonomika a cestovní ruch, Management aktivního volného času, Mediální marketing cestovního ruchu","SOS","Škola ekonomiky a CR, soukr.  SOŠ s.r.o.","Jihlava","chybi_presna_shoda","","","",""
"600014860_68-43-M/01_Pravni_administrativa_a_evropska_integrace","600014860","68-43-M/01","Právní administrativa a evropská integrace","SOS","Škola ekonomiky a CR, soukr.  SOŠ s.r.o.","Jihlava","chybi_presna_shoda","","","",""
"600014860_75-31-M/01_Ucitel_ucitelka_materske_skoly","600014860","75-31-M/01","Učitel, učitelka mateřské školy","SOS","Škola ekonomiky a CR, soukr.  SOŠ s.r.o.","Jihlava","chybi_presna_shoda","","","",""
"600014860_78-42-M/02_Ekonomicke_lyceum_s_rozsirenou_vyukou_jazyku","600014860","78-42-M/02","Ekonomické lyceum s rozšířenou výukou jazyků","LYC","Škola ekonomiky a CR, soukr.  SOŠ s.r.o.","Jihlava","chybi_presna_shoda","","","",""
"600014908_64-41-L/51_pracoviste_Trest_K_Valse_1251_38","600014908","64-41-L/51","pracoviště Třešť, K Valše 1251/38","NAS","SOŠ, SOU a ZŠ","Třešť","chybi_presna_shoda","","","",""
"600014932_79-41-K/81","600014932","79-41-K/81","","GY8","Soukromé gymnázium AD FONTES, o.p.s.","Jihlava","chybi_presna_shoda","","","",""
"600015033_79-41-K/41","600015033","79-41-K/41","","GY4","Arcibiskupské gymnázium v Kroměříži","Kroměříž","chybi_presna_shoda","","","",""
"600015033_79-41-K/61","600015033","79-41-K/61","","GY6","Arcibiskupské gymnázium v Kroměříži","Kroměříž","chybi_presna_shoda","","","",""
"600015068_33-42-M/01_Vyroba_a_tvorba_nabytku_pomoci_CNC_technologii","600015068","33-42-M/01","Výroba a tvorba nábytku pomocí CNC technologii","SOS","SŠ nábytk.a obch. Bystřice pod Hostýnem","Bystřice pod Hostýnem","chybi_presna_shoda","","","",""
"600015076_43-41-M/01","600015076","43-41-M/01","","SOS","Tauferova SOŠ veterinární Kroměříž","Kroměříž","chybi_presna_shoda","","","",""
"600015092_64-41-L/51","600015092","64-41-L/51","","NAS","SŠ hotelová a služeb Kroměříž","Kroměříž","chybi_presna_shoda","","","",""
"600015092_65-42-M/01_SVP_hotelnictvi_a_cestovni_ruch","600015092","65-42-M/01","ŠVP hotelnictví a cestovní ruch","SOS","SŠ hotelová a služeb Kroměříž","Kroměříž","chybi_presna_shoda","","","",""
"600015092_65-42-M/01_SVP_hotelnictvi_a_rekreologie","600015092","65-42-M/01","ŠVP hotelnictví a rekreologie","SOS","SŠ hotelová a služeb Kroměříž","Kroměříž","chybi_presna_shoda","","","",""
"600015092_69-41-L/02","600015092","69-41-L/02","","SOU","SŠ hotelová a služeb Kroměříž","Kroměříž","chybi_presna_shoda","","","",""
"600015106_29-42-M/01_Chemicka_mikrobialni_a_senzoricka_analyza_potravin","600015106","29-42-M/01","Chemická, mikrobiální a senzorická analýza potravin","SOS","VOŠ potrav. a SPŠ mlékár. Kroměříž","Kroměříž","chybi_presna_shoda","","","",""
"600015157_79-41-K/41_vseobecne","600015157","79-41-K/41","všeobecné","GY4","Gymnázium Jiřího Wolkera","Prostějov","chybi_presna_shoda","","","",""
"600015165_64-41-L/51","600015165","64-41-L/51","","NAS","Švehlova střední škola polytechnická","Prostějov","chybi_presna_shoda","","","",""
"600015211_79-41-K/81_vseobecne","600015211","79-41-K/81","všeobecné","GY8","Cyrilometodějské G, ZŠ a MŠ v Prostějově","Prostějov","chybi_presna_shoda","","","",""
"600015297_63-41-M/01_zamereni_Firemni_management","600015297","63-41-M/01","zaměření Firemní management","SOS","ART ECON - Střední škola, s.r.o.","Prostějov","chybi_presna_shoda","","","",""
"600015297_63-41-M/01_zamereni_Sportovni_management","600015297","63-41-M/01","zaměření Sportovní management","SOS","ART ECON - Střední škola, s.r.o.","Prostějov","chybi_presna_shoda","","","",""
"600015297_68-43-M/01_zamereni_Statni_sluzba_a_spravni_rizeni","600015297","68-43-M/01","zaměření Státní služba a správní řízení","SOS","ART ECON - Střední škola, s.r.o.","Prostějov","chybi_presna_shoda","","","",""
"600015319_23-43-L/51","600015319","23-43-L/51","","NAS","SŠ automobilní Prostějov, s.r.o.","Prostějov","chybi_presna_shoda","","","",""
"600015319_64-41-L/51","600015319","64-41-L/51","","NAS","SŠ automobilní Prostějov, s.r.o.","Prostějov","chybi_presna_shoda","","","",""
"600015360_64-41-L/51_Design_interieru","600015360","64-41-L/51","Design interiérů","NAS","Akademie PPP s.r.o. SŠ","Třebíč","chybi_presna_shoda","","","",""
"600015360_68-43-M/01","600015360","68-43-M/01","","SOS","Akademie PPP s.r.o. SŠ","Třebíč","kolize_katalogu","","","",""
"600015360_75-41-M/01","600015360","75-41-M/01","","SOS","Akademie PPP s.r.o. SŠ","Třebíč","kolize_katalogu","","","",""
"600015408_23-45-L/01_23_56_H_01_Obrabec_kovu","600015408","23-45-L/01","23-56-H/01 Obráběč kovů","SOU","Střední škola řemesel a služeb","Moravské Budějovice","chybi_presna_shoda","","","",""
"600015408_39-41-L/02_36_52_H_01_Instalater","600015408","39-41-L/02","36-52-H/01 Instalatér","SOU","Střední škola řemesel a služeb","Moravské Budějovice","chybi_presna_shoda","","","",""
"600015408_64-41-L/51","600015408","64-41-L/51","","NAS","Střední škola řemesel a služeb","Moravské Budějovice","chybi_presna_shoda","","","",""
"600015441_26-41-L/52","600015441","26-41-L/52","","NAS","Střední škola stavební Třebíč","Třebíč","chybi_presna_shoda","","","",""
"600015441_33-42-L/51","600015441","33-42-L/51","","NAS","Střední škola stavební Třebíč","Třebíč","chybi_presna_shoda","","","",""
"600015441_36-45-M/01","600015441","36-45-M/01","","SOS","Střední škola stavební Třebíč","Třebíč","chybi_presna_shoda","","","",""
"600015483_64-41-L/51","600015483","64-41-L/51","","NAS","Střední odborné učiliště Uherský Brod","Uherský Brod","chybi_presna_shoda","","","",""
"600015548_18-20-M/01","600015548","18-20-M/01","","SOS","Střední prům. škola a Obchodní akademie","Uherský Brod","chybi_presna_shoda","","","",""
"600015548_64-41-L/51","600015548","64-41-L/51","","NAS","Střední prům. škola a Obchodní akademie","Uherský Brod","chybi_presna_shoda","","","",""
"600015572_63-41-M/01_Podnikani_v_kynologii","600015572","63-41-M/01","Podnikání v kynologii","SOS","Soukr.gymnázium, SOŠ a JŠ se SJZ, s.r.o.","Kunovice","chybi_presna_shoda","","","",""
"600015572_79-41-K/41_Gymnazium_Zive_jazyky","600015572","79-41-K/41","Gymnázium - Živé jazyky","GY4","Soukr.gymnázium, SOŠ a JŠ se SJZ, s.r.o.","Kunovice","chybi_presna_shoda","","","",""
"600015581_64-41-L/51","600015581","64-41-L/51","","NAS","Střední škola služeb s.r.o.","Uherské Hradiště","chybi_presna_shoda","","","",""
"600015581_69-41-L/01_Kosmeticka","600015581","69-41-L/01","Kosmetička","SOU","Střední škola služeb s.r.o.","Uherské Hradiště","chybi_presna_shoda","","","",""
"600015611_26-41-L/52","600015611","26-41-L/52","","NAS","MESIT střední škola, o.p.s.","Uherské Hradiště","chybi_presna_shoda","","","",""
"600015611_64-41-L/51","600015611","64-41-L/51","","NAS","MESIT střední škola, o.p.s.","Uherské Hradiště","chybi_presna_shoda","","","",""
"600015629_63-41-M/02_ekonomika_a_finance","600015629","63-41-M/02","ekonomika a finance","SOS","Gy a SOŠ zdravotnická a ekonomická","Vyškov","chybi_presna_shoda","","","",""
"600015629_78-42-M/08","600015629","78-42-M/08","","LYC","Gy a SOŠ zdravotnická a ekonomická","Vyškov","chybi_presna_shoda","","","",""
"600015637_63-41-M/02_M","600015637","63-41-M/02","M","SOS","Gymnázium a obchodní akademie","Bučovice","chybi_presna_shoda","","","",""
"600015670_41-41-M/01_Ekologie","600015670","41-41-M/01","Ekologie","SOS","SŠ polytechnická Vyškov","Vyškov","chybi_presna_shoda","","","",""
"600015670_64-41-L/51","600015670","64-41-L/51","","NAS","SŠ polytechnická Vyškov","Vyškov","chybi_presna_shoda","","","",""
"600015700_79-41-K/81_Vseobecne","600015700","79-41-K/81","Všeobecné","GY8","Gymnázium Dr. Karla Polesného","Znojmo","chybi_presna_shoda","","","",""
"600015700_79-43-K/61_Vyuka_vybranych_predmetu_v_nemeckem_jazyce","600015700","79-43-K/61","Výuka vybraných předmětů v německém jazyce","GY6","Gymnázium Dr. Karla Polesného","Znojmo","chybi_presna_shoda","","","",""
"600015726_79-41-K/41_aplikovana_informatika_Technologie_pro_budoucnost_vzdelavani_pro_zivot","600015726","79-41-K/41","aplikovaná informatika (Technologie pro budoucnost, vzdělávání pro život)","GY4","Gymnázium","Moravský Krumlov","chybi_presna_shoda","","","",""
"600015726_79-41-K/41_Vseobecne_zamereni_Ne_pro_skolu_ale_pro_zivot","600015726","79-41-K/41","Všeobecné zaměření  (Ne pro školu, ale pro život)","GY4","Gymnázium","Moravský Krumlov","chybi_presna_shoda","","","",""
"600015751_64-41-L/51","600015751","64-41-L/51","","NAS","SOŠ a SOU","Znojmo","chybi_presna_shoda","","","",""
"600015785_18-20-M/01_Informatika_v_ekonomice","600015785","18-20-M/01","Informatika v ekonomice","SOS","Gy, SPgŠ, OA a JŠ s právem státní JZ","Znojmo","chybi_presna_shoda","","","",""
"600015785_79-41-K/41","600015785","79-41-K/41","","GY4","Gy, SPgŠ, OA a JŠ s právem státní JZ","Znojmo","chybi_presna_shoda","","","",""
"600015785_79-41-K/81","600015785","79-41-K/81","","GY8","Gy, SPgŠ, OA a JŠ s právem státní JZ","Znojmo","chybi_presna_shoda","","","",""
"600015793_64-41-L/51","600015793","64-41-L/51","","NAS","Střední škola dopravy, obchodu a služeb","Moravský Krumlov","chybi_presna_shoda","","","",""
"600015815_64-41-L/51_Podnikani_denni_2_roky","600015815","64-41-L/51","Podnikání denní (2 roky)","NAS","SOU a SOŠ SČMSD, Znojmo, s.r.o.","Znojmo","chybi_presna_shoda","","","",""
"600015815_65-42-M/02_Cestovni_ruch","600015815","65-42-M/02","Cestovní ruch","SOS","SOU a SOŠ SČMSD, Znojmo, s.r.o.","Znojmo","chybi_presna_shoda","","","",""
"600015815_69-41-L/01_Kosmeticke_sluzby","600015815","69-41-L/01","Kosmetické služby","SOU","SOU a SOŠ SČMSD, Znojmo, s.r.o.","Znojmo","chybi_presna_shoda","","","",""
"600015815_75-41-M/01_Socialni_cinnost","600015815","75-41-M/01","Sociální činnost","SOS","SOU a SOŠ SČMSD, Znojmo, s.r.o.","Znojmo","chybi_presna_shoda","","","",""
"600015815_78-42-M/08_Lyceum","600015815","78-42-M/08","Lyceum","LYC","SOU a SOŠ SČMSD, Znojmo, s.r.o.","Znojmo","chybi_presna_shoda","","","",""
"600015874_64-41-L/51","600015874","64-41-L/51","","NAS","GA-TE Velké Meziříčí","Velké Meziříčí","chybi_presna_shoda","","","",""
"600015882_65-41-L/51_Spolecne_stravovani","600015882","65-41-L/51","Společné stravování","NAS","SŠ Adolpha Kolpinga","Žďár nad Sázavou","chybi_presna_shoda","","","",""
"600015882_78-42-M/01_Multimedia","600015882","78-42-M/01","Multimédia","LYC","SŠ Adolpha Kolpinga","Žďár nad Sázavou","chybi_presna_shoda","","","",""
"600015971_21-44-L/01_Modelar","600015971","21-44-L/01","Modelář","SOU","SPŠ Žďár nad Sázavou","Žďár nad Sázavou","chybi_presna_shoda","","","",""
"600015971_23-45-L/01_Obrabec_kovu","600015971","23-45-L/01","Obráběč kovů","SOU","SPŠ Žďár nad Sázavou","Žďár nad Sázavou","chybi_presna_shoda","","","",""
"600015971_26-41-L/01_Elektrikar","600015971","26-41-L/01","Elektrikář","SOU","SPŠ Žďár nad Sázavou","Žďár nad Sázavou","chybi_presna_shoda","","","",""
"600015971_39-41-L/02_Instalater","600015971","39-41-L/02","Instalatér","SOU","SPŠ Žďár nad Sázavou","Žďár nad Sázavou","chybi_presna_shoda","","","",""
"600016013_64-41-L/51","600016013","64-41-L/51","","NAS","Střední škola obchodní a služeb SČMSD","Žďár nad Sázavou","chybi_presna_shoda","","","",""
"600016145_64-41-L/51","600016145","64-41-L/51","","NAS","Střední škola průmyslová","Krnov","chybi_presna_shoda","","","",""
"600016242_31-43-M/01_31_43_M_01_Odevnictvi","600016242","31-43-M/01","31-43-M/01 Oděvnictví","SOS","Střední škola gastro., oděv. a služeb","Frýdek-Místek","chybi_presna_shoda","","","",""
"600016242_65-41-L/01_65_41_L_01_Gastronomie","600016242","65-41-L/01","65-41-L/01 Gastronomie","SOU","Střední škola gastro., oděv. a služeb","Frýdek-Místek","chybi_presna_shoda","","","",""
"600016242_65-42-M/02_65_42_M_02_Cestovni_ruch","600016242","65-42-M/02","65-42-M/02 Cestovní ruch","SOS","Střední škola gastro., oděv. a služeb","Frýdek-Místek","chybi_presna_shoda","","","",""
"600016242_69-41-L/01_69_41_L_01_Kosmeticke_sluzby","600016242","69-41-L/01","69-41-L/01 Kosmetické služby","SOU","Střední škola gastro., oděv. a služeb","Frýdek-Místek","chybi_presna_shoda","","","",""
"600016307_26-41-L/52","600016307","26-41-L/52","","NAS","Střední škola řemesel","Frýdek-Místek","chybi_presna_shoda","","","",""
"600016307_33-42-L/51","600016307","33-42-L/51","","NAS","Střední škola řemesel","Frýdek-Místek","chybi_presna_shoda","","","",""
"600016358_63-41-M/01_Cestovni_ruch","600016358","63-41-M/01","Cestovní ruch","SOS","PrimMat - Soukr. SŠ podnikatelská s.r.o.","Frýdek-Místek","chybi_presna_shoda","","","",""
"600016358_63-41-M/01_Internetove_sluzby_a_aplikace","600016358","63-41-M/01","Internetové služby a aplikace","SOS","PrimMat - Soukr. SŠ podnikatelská s.r.o.","Frýdek-Místek","chybi_presna_shoda","","","",""
"600016358_63-41-M/01_Pozemni_stavitelstvi","600016358","63-41-M/01","Pozemní stavitelství","SOS","PrimMat - Soukr. SŠ podnikatelská s.r.o.","Frýdek-Místek","chybi_presna_shoda","","","",""
"600016366_79-41-K/41_Business_Management","600016366","79-41-K/41","Business & Management","GY4","Gymnázium EDUCAnet Ostrava s.r.o.","Ostrava","chybi_presna_shoda","","","",""
"600016366_79-41-K/41_Gymnazium","600016366","79-41-K/41","Gymnázium","GY4","Gymnázium EDUCAnet Ostrava s.r.o.","Ostrava","chybi_presna_shoda","","","",""
"600016374_18-20-M/01_Kyberbezpecnost_pocitacovych_siti","600016374","18-20-M/01","Kyberbezpečnost počítačových sítí","SOS","Střední škola inform.technologií, s.r.o.","Frýdek-Místek","chybi_presna_shoda","","","",""
"600016447_79-41-K/41_Jazykove_a_humanitni_gymnazium","600016447","79-41-K/41","Jazykové a humanitní gymnázium","GY4","PRIGO, gymnázium 8leté a 4leté, s.r.o.","Ostrava","chybi_presna_shoda","","","",""
"600016447_79-41-K/41_Lekarske_a_prirodovedne_gymnazium","600016447","79-41-K/41","Lékařské a přírodovědné gymnázium","GY4","PRIGO, gymnázium 8leté a 4leté, s.r.o.","Ostrava","chybi_presna_shoda","","","",""
"600016455_79-41-K/41","600016455","79-41-K/41","","GY4","Gymnázium Fr.Živného","Bohumín","chybi_presna_shoda","","","",""
"600016455_79-41-K/81","600016455","79-41-K/81","","GY8","Gymnázium Fr.Živného","Bohumín","chybi_presna_shoda","","","",""
"600016510_26-41-L/01_Digitalni_technika_a_mechatronika_Elektrikar","600016510","26-41-L/01","Digitální technika a mechatronika (+ Elektrikář)","SOU","Střední škola polytechnická","Havířov","chybi_presna_shoda","","","",""
"600016510_26-41-L/01_Pocitacove_systemy_a_site_Elektrikar","600016510","26-41-L/01","Počítačové systémy a sítě (+ Elektrikář)","SOU","Střední škola polytechnická","Havířov","chybi_presna_shoda","","","",""
"600016510_26-41-L/52_Elektrotechnik_pro_provoz","600016510","26-41-L/52","Elektrotechnik pro provoz","NAS","Střední škola polytechnická","Havířov","chybi_presna_shoda","","","",""
"600016536_18-20-M/01","600016536","18-20-M/01","","SOS","Gymnázium a Obchodní akademie","Orlová","chybi_presna_shoda","","","",""
"600016536_63-41-M/02","600016536","63-41-M/02","","SOS","Gymnázium a Obchodní akademie","Orlová","chybi_presna_shoda","","","",""
"600016579_18-20-M/01_Informacni_technologie","600016579","18-20-M/01","Informační technologie","SOS","SPŠ elektrotechnická","Havířov","chybi_presna_shoda","","","",""
"600016617_63-41-M/02_Karvina_Ekonomika_a_sport","600016617","63-41-M/02","Karviná - Ekonomika a sport","SOS","Obchodní akademie a Česko - anglická ZŠ s.r.o.","Karviná","chybi_presna_shoda","","","",""
"600016617_63-41-M/02_Ostrava_Fotbalova_akademie","600016617","63-41-M/02","Ostrava - Fotbalová akademie","SOS","Obchodní akademie a Česko - anglická ZŠ s.r.o.","Karviná","chybi_presna_shoda","","","",""
"600016617_63-41-M/02_Ostrava_Trenerska_akademie","600016617","63-41-M/02","Ostrava - Trenérská akademie","SOS","Obchodní akademie a Česko - anglická ZŠ s.r.o.","Karviná","chybi_presna_shoda","","","",""
"600016617_78-42-M/02_Karvina_Ekonomicke_lyceum","600016617","78-42-M/02","Karviná - Ekonomické lyceum","LYC","Obchodní akademie a Česko - anglická ZŠ s.r.o.","Karviná","chybi_presna_shoda","","","",""
"600016625_65-42-M/01","600016625","65-42-M/01","","SOS","VOŠ DAKOL a Střední škola DAKOL, o.p.s.","Petrovice u Karviné","chybi_presna_shoda","","","",""
"600016625_75-31-M/01","600016625","75-31-M/01","","SOS","VOŠ DAKOL a Střední škola DAKOL, o.p.s.","Petrovice u Karviné","kolize_katalogu","","","",""
"600016633_64-41-L/51","600016633","64-41-L/51","","NAS","Střední odborné učiliště DAKOL, s.r.o.","Petrovice u Karviné","chybi_presna_shoda","","","",""
"600016668_64-41-L/51","600016668","64-41-L/51","","NAS","Střední škola","Bohumín","chybi_presna_shoda","","","",""
"600016749_26-41-M/01","600016749","26-41-M/01","","SOS","Gymnázium a SPŠ elektro. a informatiky","Frenštát pod Radhoštěm","chybi_presna_shoda","","","",""
"600016781_23-43-L/51","600016781","23-43-L/51","","NAS","SŠ a VOŠ Kopřivnice","Kopřivnice","chybi_presna_shoda","","","",""
"600016803_63-41-M/02_cestovni_ruch_digitalni_marketing_nebo_vypocetni_technika","600016803","63-41-M/02","cestovní ruch, digitální marketing nebo výpočetní technika","SOS","Střední škola ekon.-podnikatel., o.p.s.","Studénka","chybi_presna_shoda","","","",""
"600016803_64-41-L/51","600016803","64-41-L/51","","NAS","Střední škola ekon.-podnikatel., o.p.s.","Studénka","chybi_presna_shoda","","","",""
"600016803_78-42-M/02_Cestovni_ruch_digitalni_marketing_nebo_vypocetni_technika","600016803","78-42-M/02","Cestovní ruch, digitální marketing nebo výpočetní technika","LYC","Střední škola ekon.-podnikatel., o.p.s.","Studénka","chybi_presna_shoda","","","",""
"600016820_79-41-K/41","600016820","79-41-K/41","","GY4","Gymnázium","Nový Jičín","chybi_presna_shoda","","","",""
"600016820_79-41-K/61","600016820","79-41-K/61","","GY6","Gymnázium","Nový Jičín","chybi_presna_shoda","","","",""
"600016838_53-41-M/03","600016838","53-41-M/03","","SOS","SPgŠ a SZdŠ svaté Anežky České","Odry","chybi_presna_shoda","","","",""
"600016838_53-41-M/04","600016838","53-41-M/04","","SOS","SPgŠ a SZdŠ svaté Anežky České","Odry","chybi_presna_shoda","","","",""
"600016838_75-31-M/01","600016838","75-31-M/01","","SOS","SPgŠ a SZdŠ svaté Anežky České","Odry","chybi_presna_shoda","","","",""
"600016838_78-42-M/03","600016838","78-42-M/03","","LYC","SPgŠ a SZdŠ svaté Anežky České","Odry","chybi_presna_shoda","","","",""
"600016846_64-41-L/51","600016846","64-41-L/51","","NAS","Střední škola technická a zemědělská","Nový Jičín","chybi_presna_shoda","","","",""
"600016854_64-41-L/51","600016854","64-41-L/51","","NAS","Střední škola","Odry","chybi_presna_shoda","","","",""
"600016901_18-20-M/01_Multimedia","600016901","18-20-M/01","Multimédia ","SOS","EDUCA - SOŠ, s.r.o.","Nový Jičín","chybi_presna_shoda","","","",""
"600016901_18-20-M/01_Robotika","600016901","18-20-M/01","Robotika ","SOS","EDUCA - SOŠ, s.r.o.","Nový Jičín","chybi_presna_shoda","","","",""
"600016935_79-41-K/41_telesna_vychova","600016935","79-41-K/41","tělesná výchova","GY4","Gymnázium","Olomouc","chybi_presna_shoda","","","",""
"600016935_79-41-K/41_vseobecne_s_rozsirenou_vyukou_NJ","600016935","79-41-K/41","všeobecné s rozšířenou výukou NJ","GY4","Gymnázium","Olomouc","chybi_presna_shoda","","","",""
"600016935_79-41-K/41_vseobecne_s_rozsirenou_vyukou_SJ","600016935","79-41-K/41","všeobecné s rozšířenou výukou ŠJ","GY4","Gymnázium","Olomouc","chybi_presna_shoda","","","",""
"600016994_64-41-L/51","600016994","64-41-L/51","","NAS","SOŠ lesnická a strojírenská","Šternberk","chybi_presna_shoda","","","",""
"600017036_79-41-K/81","600017036","79-41-K/81","","GY8","CÍRKEVNÍ GYMNÁZIUM NĚMECKÉHO ŘÁDU","Olomouc","chybi_presna_shoda","","","",""
"600017061_64-41-L/51","600017061","64-41-L/51","","NAS","Střední odborná škola obchodu a služeb","Olomouc","chybi_presna_shoda","","","",""
"600017061_65-41-L/01_kombinace_s_oborem_65_51_H_01_Kuchar_cisnik","600017061","65-41-L/01","kombinace  s oborem 65-51-H/01 Kuchař - číšník","SOU","Střední odborná škola obchodu a služeb","Olomouc","chybi_presna_shoda","","","",""
"600017079_16-02-M/01","600017079","16-02-M/01","","SOS","SPŠ a SOU","Uničov","chybi_presna_shoda","","","",""
"600017079_23-41-M/01","600017079","23-41-M/01","","SOS","SPŠ a SOU","Uničov","chybi_presna_shoda","","","",""
"600017079_63-41-M/02","600017079","63-41-M/02","","SOS","SPŠ a SOU","Uničov","chybi_presna_shoda","","","",""
"600017095_23-43-L/51","600017095","23-43-L/51","","NAS","Střední škola polytechnická","Olomouc","chybi_presna_shoda","","","",""
"600017095_33-42-L/51","600017095","33-42-L/51","","NAS","Střední škola polytechnická","Olomouc","chybi_presna_shoda","","","",""
"600017095_36-44-L/51","600017095","36-44-L/51","","NAS","Střední škola polytechnická","Olomouc","chybi_presna_shoda","","","",""
"600017125_41-43-M/02_Chov_koni_a_jezdecky_sport","600017125","41-43-M/02","Chov koní a jezdecký sport","SOS","Střední škola zemědělská a zahradnická","Olomouc","chybi_presna_shoda","","","",""
"600017125_64-41-L/51","600017125","64-41-L/51","","NAS","Střední škola zemědělská a zahradnická","Olomouc","chybi_presna_shoda","","","",""
"600017133_23-44-L/01_23_44_L_01","600017133","23-44-L/01","23-44-L/01","SOU","Střední škola technických profesí","Olomouc","chybi_presna_shoda","","","",""
"600017133_26-41-L/01_26_41_L_01_Vypocetni_a_elektronicke_systemy","600017133","26-41-L/01","26-41-L/01 Výpočetní a elektronické systémy","SOU","Střední škola technických profesí","Olomouc","chybi_presna_shoda","","","",""
"600017133_26-41-L/01_26_51_H_02_Elektrikar_silnoproud","600017133","26-41-L/01","26-51-H/02 Elektrikář - silnoproud","SOU","Střední škola technických profesí","Olomouc","chybi_presna_shoda","","","",""
"600017133_26-45-M/01_26_45_M_01","600017133","26-45-M/01","26-45-M/01","SOS","Střední škola technických profesí","Olomouc","chybi_presna_shoda","","","",""
"600017133_64-41-L/51_64_41_L_51","600017133","64-41-L/51","64-41-L/51","NAS","Střední škola technických profesí","Olomouc","chybi_presna_shoda","","","",""
"600017141_68-43-M/01","600017141","68-43-M/01","","SOS","Střední odborná škola Olomouc s.r.o.","Olomouc","kolize_katalogu","","","",""
"600017192_23-43-L/51","600017192","23-43-L/51","","NAS","Sigmundova střední škola strojírenská","Lutín","chybi_presna_shoda","","","",""
"600017231_64-41-L/51","600017231","64-41-L/51","","NAS","SOŠ a SOU služeb Velký Újezd, s.r.o.","Velký Újezd","chybi_presna_shoda","","","",""
"600017257_37-42-M/01","600017257","37-42-M/01","","SOS","OA a SOŠ logistická","Opava","chybi_presna_shoda","","","",""
"600017290_63-41-M/01","600017290","63-41-M/01","","SOS","Soukromá obchodní akademie Opava s.r.o.","Opava","kolize_katalogu","","","",""
"600017311_28-42-L/01_Chemik_operator_Chemik","600017311","28-42-L/01","Chemik operátor/Chemik ","SOU","Masarykova střední škola","Opava","chybi_presna_shoda","","","",""
"600017311_64-41-L/51","600017311","64-41-L/51","","NAS","Masarykova střední škola","Opava","chybi_presna_shoda","","","",""
"600017320_79-41-K/41_Tvorim_tvoris_tvorime","600017320","79-41-K/41","Tvořím, tvoříš, tvoříme ...","GY4","Mendelovo gymnázium","Opava","chybi_presna_shoda","","","",""
"600017320_79-41-K/81_Tvorim_tvoris_tvorime","600017320","79-41-K/81","Tvořím, tvoříš, tvoříme ...","GY8","Mendelovo gymnázium","Opava","chybi_presna_shoda","","","",""
"600017346_64-41-L/51","600017346","64-41-L/51","","NAS","Střední škola HGS SČMSD, s.r.o.","Šilheřovice","chybi_presna_shoda","","","",""
"600017401_68-43-M/01_verejnospravni_cinnost","600017401","68-43-M/01","Veřejnosprávní činnost","SOS","Soukr.střední škola podnikatelská s.r.o.","Opava","kolize_katalogu","","","",""
"600017443_79-41-K/41_Anglicky_jazyk_prvni_cizi_jazyk","600017443","79-41-K/41","Anglický jazyk (první cizí jazyk)","GY4","Jazykové gymnázium Pavla Tigrida","Ostrava","chybi_presna_shoda","","","",""
"600017443_79-41-K/41_Nemecky_jazyk_prvni_cizi_jazyk","600017443","79-41-K/41","Německý jazyk (první cizí jazyk)","GY4","Jazykové gymnázium Pavla Tigrida","Ostrava","chybi_presna_shoda","","","",""
"600017443_79-41-K/61_Francouzsky_jazyk_prvni_cizi_jazyk","600017443","79-41-K/61","Francouzský jazyk (první cizí jazyk)","GY6","Jazykové gymnázium Pavla Tigrida","Ostrava","chybi_presna_shoda","","","",""
"600017460_18-20-M/01_ekonomicke_zaklady","600017460","18-20-M/01","ekonomické základy","SOS","Obchodní akademie","Ostrava","chybi_presna_shoda","","","",""
"600017460_63-41-M/02_marketing_a_digitalni_technologie","600017460","63-41-M/02","marketing a digitální technologie","SOS","Obchodní akademie","Ostrava","chybi_presna_shoda","","","",""
"600017460_63-41-M/02_ucetnictvi_a_dane","600017460","63-41-M/02","účetnictví a daně","SOS","Obchodní akademie","Ostrava","chybi_presna_shoda","","","",""
"600017486_79-41-K/81_vseobecne","600017486","79-41-K/81","všeobecné","GY8","Gymnázium","Ostrava","chybi_presna_shoda","","","",""
"600017494_79-41-K/41_anglicky_jazyk","600017494","79-41-K/41","anglický jazyk","GY4","Gymnázium Hladnov a JŠ s právem SJZ","Ostrava","chybi_presna_shoda","","","",""
"600017494_79-43-K/61_spanelsky_jazyk","600017494","79-43-K/61","španělský jazyk","GY6","Gymnázium Hladnov a JŠ s právem SJZ","Ostrava","chybi_presna_shoda","","","",""
"600017508_79-41-K/41_vseobecne","600017508","79-41-K/41","všeobecné","GY4","Matiční gymnázium","Ostrava","chybi_presna_shoda","","","",""
"600017508_79-41-K/81_vseobecne","600017508","79-41-K/81","všeobecné","GY8","Matiční gymnázium","Ostrava","chybi_presna_shoda","","","",""
"600017591_79-41-K/41_Mezinarodni_gymnazium","600017591","79-41-K/41","Mezinárodní gymnázium","GY4","PRIGO, gymnázium 6leté a 4leté, s.r.o.","Ostrava","chybi_presna_shoda","","","",""
"600017591_79-41-K/61_Mezinarodni_gymnazium","600017591","79-41-K/61","Mezinárodní gymnázium","GY6","PRIGO, gymnázium 6leté a 4leté, s.r.o.","Ostrava","chybi_presna_shoda","","","",""
"600017648_79-41-K/81_Matematika_a_priroda","600017648","79-41-K/81","Matematika a příroda","GY8","Wichterlovo gymnázium","Ostrava","chybi_presna_shoda","","","",""
"600017648_79-41-K/81_Mluvime_anglicky","600017648","79-41-K/81","Mluvíme anglicky","GY8","Wichterlovo gymnázium","Ostrava","chybi_presna_shoda","","","",""
"600017656_26-45-M/01_Informacni_a_komunikacni_technologie","600017656","26-45-M/01","Informační a komunikační technologie","SOS","Střední škola teleinformatiky","Ostrava","chybi_presna_shoda","","","",""
"600017681_36-47-M/01","600017681","36-47-M/01","","SOS","SPŠ stavební","Ostrava","chybi_presna_shoda","","","",""
"600017699_23-41-M/01_Strojirenstvi_automobilni_technika","600017699","23-41-M/01","Strojírenství - automobilní technika","SOS","Střední průmyslová škola","Ostrava","chybi_presna_shoda","","","",""
"600017699_23-41-M/01_Strojirenstvi_robotika","600017699","23-41-M/01","Strojírenství - robotika","SOS","Střední průmyslová škola","Ostrava","chybi_presna_shoda","","","",""
"600017699_23-41-M/01_Strojirenstvi_vypocetni_technika","600017699","23-41-M/01","Strojírenství - výpočetní technika","SOS","Střední průmyslová škola","Ostrava","chybi_presna_shoda","","","",""
"600017702_33-42-L/51_Drevarska_a_nabytkarska_vyroba","600017702","33-42-L/51","Dřevařská a nábytkářská výroba","NAS","SŠ stavební a dřevozpracující","Ostrava","chybi_presna_shoda","","","",""
"600017702_36-44-L/51","600017702","36-44-L/51","","NAS","SŠ stavební a dřevozpracující","Ostrava","chybi_presna_shoda","","","",""
"600017753_28-44-M/01_Aplikovana_chemie","600017753","28-44-M/01","Aplikovaná chemie","SOS","SPŠCH akademika Heyrovského","Ostrava","chybi_presna_shoda","","","",""
"600017753_78-42-M/05_Prirodovedne_lyceum_2_0","600017753","78-42-M/05","Přírodovědné lyceum 2.0","LYC","SPŠCH akademika Heyrovského","Ostrava","chybi_presna_shoda","","","",""
"600017761_23-43-L/51_Provozni_technika","600017761","23-43-L/51","Provozní technika","NAS","RB SOU autoopravárenské, s.r.o.","Ostrava","chybi_presna_shoda","","","",""
"600017770_41-46-M/01_M","600017770","41-46-M/01","M","SOS","Střední lesnická škola","Hranice","chybi_presna_shoda","","","",""
"600017796_63-41-M/02_Firemni_management_a_Sportovni_management","600017796","63-41-M/02","Firemní management a Sportovní management","SOS","Obch.akademie a Jazyk.škola s právem SJZ","Přerov","chybi_presna_shoda","","","",""
"600017834_41-45-L/51","600017834","41-45-L/51","","NAS","Střední škola zemědělská","Přerov","chybi_presna_shoda","","","",""
"600017842_75-31-M/01_Predskolni_a_mimoskolni_pedagogika","600017842","75-31-M/01","Předškolní a mimoškolní pedagogika","SOS","Gymnázium Jana Blahoslava a SPgŠ","Přerov","chybi_presna_shoda","","","",""
"600017842_78-42-M/03_Pedagogicke_lyceum","600017842","78-42-M/03","Pedagogické lyceum","LYC","Gymnázium Jana Blahoslava a SPgŠ","Přerov","chybi_presna_shoda","","","",""
"600017842_79-41-K/41_Ctyrlete_gymnazium_zive_jazyky","600017842","79-41-K/41","Čtyřleté gymnázium - živé jazyky","GY4","Gymnázium Jana Blahoslava a SPgŠ","Přerov","chybi_presna_shoda","","","",""
"600017842_79-41-K/61_Sestilete_gymnazium_zive_jazyky","600017842","79-41-K/61","Šestileté gymnázium - živé jazyky","GY6","Gymnázium Jana Blahoslava a SPgŠ","Přerov","chybi_presna_shoda","","","",""
"600017869_36-47-M/01","600017869","36-47-M/01","","SOS","SPŠ stavební","Lipník nad Bečvou","chybi_presna_shoda","","","",""
"600017907_23-43-L/51","600017907","23-43-L/51","","NAS","Střední průmyslová škola Hranice","Hranice","chybi_presna_shoda","","","",""
"600017907_33-42-L/51","600017907","33-42-L/51","","NAS","Střední průmyslová škola Hranice","Hranice","chybi_presna_shoda","","","",""
"600017931_65-42-M/02","600017931","65-42-M/02","","SOS","Střední odborná škola Hranice","Hranice","chybi_presna_shoda","","","",""
"600017982_18-20-M/01","600017982","18-20-M/01","","SOS","SPŠ elektrotechniky a informatiky","Mohelnice","chybi_presna_shoda","","","",""
"600017982_26-41-M/01","600017982","26-41-M/01","","SOS","SPŠ elektrotechniky a informatiky","Mohelnice","chybi_presna_shoda","","","",""
"600018067_64-41-L/51","600018067","64-41-L/51","","NAS","Střední škola sociální péče a služeb","Zábřeh","chybi_presna_shoda","","","",""
"600018091_39-41-L/01_Automechanik_23_68_H_01","600018091","39-41-L/01","Automechanik 23-68-H/01","SOU","VOŠ a Střední škola automobilní","Zábřeh","chybi_presna_shoda","","","",""
"600018156_64-41-L/51","600018156","64-41-L/51","","NAS","SŠ informatiky,elektrotechniky a řemesel","Rožnov pod Radhoštěm","chybi_presna_shoda","","","",""
"600018156_78-42-M/01","600018156","78-42-M/01","","LYC","SŠ informatiky,elektrotechniky a řemesel","Rožnov pod Radhoštěm","chybi_presna_shoda","","","",""
"600018164_36-45-M/01_Technicka_zarizeni_budov","600018164","36-45-M/01","Technická zařízení budov","SOS","Střední průmyslová škola stavební","Valašské Meziříčí","chybi_presna_shoda","","","",""
"600018181_65-42-M/02_Management_a_turismus","600018181","65-42-M/02","Management a turismus","SOS","SŠ cest. ruchu a JŠ s právem SJZ, s.r.o.","Rožnov pod Radhoštěm","kolize_katalogu","","","",""
"600018245_63-41-M/01_Management_kvality","600018245","63-41-M/01","Management kvality","SOS","Střední průmyslová škola strojnická","Vsetín","chybi_presna_shoda","","","",""
"600018253_64-41-L/51","600018253","64-41-L/51","","NAS","SOŠ Josefa Sousedíka Vsetín","Vsetín","chybi_presna_shoda","","","",""
"600018318_64-41-L/51","600018318","64-41-L/51","","NAS","SŠ gastronomie, farmářství a služeb","Jeseník","chybi_presna_shoda","","","",""
"600018334_23-43-L/51","600018334","23-43-L/51","","NAS","Střední průmyslová škola Jeseník","Jeseník","chybi_presna_shoda","","","",""
"600018334_26-41-L/52","600018334","26-41-L/52","","NAS","Střední průmyslová škola Jeseník","Jeseník","chybi_presna_shoda","","","",""
"600018342_63-41-M/02_Zamereni_na_zahranicni_obchod","600018342","63-41-M/02","Zaměření na zahraniční obchod","SOS","HŠ Vincenze Priessnitze a OA Jeseník","Jeseník","chybi_presna_shoda","","","",""
"600018342_65-42-M/01_Zamereni_na_cestovni_ruch","600018342","65-42-M/01","Zaměření na cestovní ruch","SOS","HŠ Vincenze Priessnitze a OA Jeseník","Jeseník","chybi_presna_shoda","","","",""
"600019349_75-31-M/01","600019349","75-31-M/01","","SOS","Moravská střední škola s.r.o","Olomouc","chybi_presna_shoda","","","",""
"600019462_53-41-M/04","600019462","53-41-M/04","","SOS","VOŠ zdravotnická a Střední zdrav.škola","Praha","chybi_presna_shoda","","","",""
"600019471_53-44-M/01","600019471","53-44-M/01","","SOS","Střední zdravotnická škola","Praha","chybi_presna_shoda","","","",""
"600019527_53-43-M/01","600019527","53-43-M/01","","SOS","Střední zdrav. škola a VOŠ zdravotnická","Kolín","chybi_presna_shoda","","","",""
"600019535_53-41-M/03","600019535","53-41-M/03","","SOS","Soukromá SZŠ Mělník, o.p.s.","Mělník","chybi_presna_shoda","","","",""
"600019578_53-43-M/01","600019578","53-43-M/01","","SOS","Střední zdravotnická škola a VOŠ zdrav.","České Budějovice","chybi_presna_shoda","","","",""
"600019624_53-41-M/03","600019624","53-41-M/03","","SOS","Střední zdravotnická škola, Tábor, Mostecká 1912","Tábor","chybi_presna_shoda","","","",""
"600019624_78-42-M/04","600019624","78-42-M/04","","LYC","Střední zdravotnická škola, Tábor, Mostecká 1912","Tábor","chybi_presna_shoda","","","",""
"600019641_53-41-M/04","600019641","53-41-M/04","","SOS","Střední zdravot.škola a VOŠ zdravotnická","Karlovy Vary","chybi_presna_shoda","","","",""
"600019675_53-41-M/02","600019675","53-41-M/02","","SOS","Střední zdravot.škola a VOŠ zdravotnická","Plzeň","chybi_presna_shoda","","","",""
"600019675_53-44-M/03","600019675","53-44-M/03","","SOS","Střední zdravot.škola a VOŠ zdravotnická","Plzeň","chybi_presna_shoda","","","",""
"600019683_75-41-M/01_Aktivizacni_pracovnik","600019683","75-41-M/01","Aktivizační pracovník","SOS","Střední zdravotnická škola","Děčín","chybi_presna_shoda","","","",""
"600019691_53-41-M/03","600019691","53-41-M/03","","SOS","Střední zdrav. škola a Obchodní akademie","Rumburk","chybi_presna_shoda","","","",""
"600019772_53-44-M/03","600019772","53-44-M/03","","SOS","VOŠ zdravotnická a Střední zdrav. škola","Hradec Králové","chybi_presna_shoda","","","",""
"600019781_75-41-M/01","600019781","75-41-M/01","","SOS","SŠ zdravotnická a sociální Chrudim","Chrudim","chybi_presna_shoda","","","",""
"600019829_53-41-M/02_Nutricni_asistent","600019829","53-41-M/02","Nutriční asistent","SOS","VOŠ zdrav., Střední zdrav. škola a OA","Trutnov","chybi_presna_shoda","","","",""
"600019829_53-41-M/04_Maser_ve_zdravotnictvi","600019829","53-41-M/04","Masér ve zdravotnictví","SOS","VOŠ zdrav., Střední zdrav. škola a OA","Trutnov","chybi_presna_shoda","","","",""
"600019829_63-41-M/02_Obchodni_akademie","600019829","63-41-M/02","Obchodní akademie","SOS","VOŠ zdrav., Střední zdrav. škola a OA","Trutnov","chybi_presna_shoda","","","",""
"600019829_78-42-M/04_Promedicus","600019829","78-42-M/04","Promedicus","LYC","VOŠ zdrav., Střední zdrav. škola a OA","Trutnov","chybi_presna_shoda","","","",""
"600019853_75-41-L/51","600019853","75-41-L/51","","NAS","Střední zdravotnická škola Evangel.akad.","Brno","chybi_presna_shoda","","","",""
"600019942_75-41-M/01","600019942","75-41-M/01","","SOS","SZŠ a VOŠ Kroměříž","Kroměříž","chybi_presna_shoda","","","",""
"600020037_18-20-M/01","600020037","18-20-M/01","","SOS","Mendelova střední škola","Nový Jičín","chybi_presna_shoda","","","",""
"600020070_53-41-M/04","600020070","53-41-M/04","","SOS","SZdŠ a VOŠ zdravotnická Ostrava","Ostrava","chybi_presna_shoda","","","",""
"600020096_53-41-M/03","600020096","53-41-M/03","","SOS","SZdrŠ a VOŠ zdravotnická","Šumperk","kolize_katalogu","","","",""
"600020151_18-20-M/01_Informacni_technologie_v_elektrotechnice","600020151","18-20-M/01","Informační technologie v elektrotechnice","SOS","VOŠ a SPŠ elektrotechnická Fr. Křižíka","Praha","chybi_presna_shoda","","","",""
"600020266_18-20-M/01_Informacni_technologie","600020266","18-20-M/01","Informační technologie","SOS","SPŠ a VOŠ","Písek","chybi_presna_shoda","","","",""
"600020355_78-42-M/01","600020355","78-42-M/01","","LYC","VOŠ a SPŠ strojní, stavební a dopravní","Děčín","chybi_presna_shoda","","","",""
"600020410_26-41-L/01","600020410","26-41-L/01","","SOU","VOŠ obalové techniky a SŠ","Štětí","chybi_presna_shoda","","","",""
"600020410_34-42-M/01","600020410","34-42-M/01","","SOS","VOŠ obalové techniky a SŠ","Štětí","chybi_presna_shoda","","","",""
"600020525_63-41-M/01_Sportovni_akademie_zamereni_Trenerstvi","600020525","63-41-M/01","Sportovní akademie (zaměření Trenérství)","SOS","Střední škola podnikatelská a VOŠ,s.r.o.","Zlín","chybi_presna_shoda","","","",""
"600020797_79-41-K/41","600020797","79-41-K/41","","GY4","Gymn., SOŠ, ZŠ a MŠ pro sluch. postižené","Praha","chybi_presna_shoda","","","",""
"600020959_64-41-L/51","600020959","64-41-L/51","","NAS","Střední škola a Mateř.škola Aloyse Klara","Praha","chybi_presna_shoda","","","",""
"600020959_69-41-L/51","600020959","69-41-L/51","","NAS","Střední škola a Mateř.škola Aloyse Klara","Praha","chybi_presna_shoda","","","",""
"600024016_33-42-L/51_Nabytkarska_a_drevarska_vyroba","600024016","33-42-L/51","Nábytkářská a dřevařská výroba","NAS","VOŠ, SŠ, ZŠ a MŠ","Hradec Králové","chybi_presna_shoda","","","",""
"600024016_64-41-L/51_Podnikani","600024016","64-41-L/51","Podnikání","NAS","VOŠ, SŠ, ZŠ a MŠ","Hradec Králové","chybi_presna_shoda","","","",""
"600024211_23-45-L/01","600024211","23-45-L/01","","SOU","SPŠ, Odborná škola a Základní škola","Nové Město nad Metují","chybi_presna_shoda","","","",""
"600025021_65-41-L/01_Gastronomie","600025021","65-41-L/01","Gastronomie","SOU","Střední škola Gemini","Brno","chybi_presna_shoda","","","",""
"600025021_78-42-M/03_Pedagogicke_lyceum","600025021","78-42-M/03","Pedagogické lyceum","LYC","Střední škola Gemini","Brno","chybi_presna_shoda","","","",""
"600026612_69-41-L/02","600026612","69-41-L/02","","SOU","SŠ, ZŠ a MŠ prof. V. Vejdovského","Olomouc","chybi_presna_shoda","","","",""
"600026612_75-41-M/01","600026612","75-41-M/01","","SOS","SŠ, ZŠ a MŠ prof. V. Vejdovského","Olomouc","chybi_presna_shoda","","","",""
"600027210_18-20-M/01_Pocitacove_systemy_a_aplikovana_elektrotechnika","600027210","18-20-M/01","Počítačové systémy a aplikovaná elektrotechnika","SOS","MŠ, ZŠ a SŠ pro sluchově postižené","Valašské Meziříčí","chybi_presna_shoda","","","",""
"600027341_75-41-M/01_SVP_Prace_v_socialnich_sluzbach_pripravuje_odborne_pracovniky_pro_cinnosti_spojene_s_poskytovanim_socialnich_sluzeb_pro_ruzne_cilove_skupiny_Studium_je_zakonceno_maturitni_zkouskou","600027341","75-41-M/01","ŠVP ""Práce v sociálních službách"" připravuje odborné pracovníky pro činnosti spojené s poskytováním sociálních služeb pro různé cílové skupiny. Studium je zakončeno maturitní zkouškou.","SOS","Jedličkův ústav a MŠ, ZŠ a Střední škola","Praha","chybi_presna_shoda","","","",""
"600077594_79-41-K/41_vseobecne","600077594","79-41-K/41","všeobecné","GY4","Městské gymnázium a Základní škola","Jirkov","chybi_presna_shoda","","","",""
"600170012_63-41-M/01_Management_sportovnich_zarizeni","600170012","63-41-M/01","Management sportovních zařízení","SOS","Obchodní akademie Holešovice","Praha","chybi_presna_shoda","","","",""
"600170012_63-41-M/02_Obchodni_akademie","600170012","63-41-M/02","Obchodní akademie","SOS","Obchodní akademie Holešovice","Praha","chybi_presna_shoda","","","",""
"600170021_66-42-L/51_pouze_pro_uchazece_z_oboru_aranzer","600170021","66-42-L/51"," pouze pro uchazeče z oboru aranžér","NAS","SŠ designu,umění,kniž.kult. a ekonomiky","Praha","chybi_presna_shoda","","","",""
"600170063_26-41-L/52_Elektronicke_systemy_automobilu","600170063","26-41-L/52","Elektronické systémy automobilů","NAS","Střední odborná škola - COP a Gymnázium","Praha","chybi_presna_shoda","","","",""
"600170063_64-41-L/51","600170063","64-41-L/51","","NAS","Střední odborná škola - COP a Gymnázium","Praha","chybi_presna_shoda","","","",""
"600170071_37-41-M/01_Provoz_a_ekonomika_dopravy","600170071","37-41-M/01","Provoz a ekonomika dopravy","SOS","SOS logistiky a podnikání","Praha","chybi_presna_shoda","","","",""
"600170071_37-42-M/01_Logisticke_a_financni_sluzby","600170071","37-42-M/01","Logistické a finanční služby","SOS","SOS logistiky a podnikání","Praha","chybi_presna_shoda","","","",""
"600170071_63-41-M/01_Ekonomika_a_podnikani","600170071","63-41-M/01","Ekonomika a podnikání","SOS","SOS logistiky a podnikání","Praha","chybi_presna_shoda","","","",""
"600170071_78-42-M/08_Lyceum","600170071","78-42-M/08","Lyceum","LYC","SOS logistiky a podnikání","Praha","chybi_presna_shoda","","","",""
"600170080_64-41-L/51","600170080","64-41-L/51","","NAS","SOŠ automobilní, informatiky a gymnázium","Praha","chybi_presna_shoda","","","",""
"600170080_79-41-K/41_Elektromobility","600170080","79-41-K/41","Elektromobility","GY4","SOŠ automobilní, informatiky a gymnázium","Praha","chybi_presna_shoda","","","",""
"600170080_79-41-K/41_Multimedii","600170080","79-41-K/41","Multimédií","GY4","SOŠ automobilní, informatiky a gymnázium","Praha","chybi_presna_shoda","","","",""
"600170128_39-08-M/01_Strojnik_pozarni_techniky","600170128","39-08-M/01","Strojník požární techniky","SOS","SOŠ a SOU","Kladno","chybi_presna_shoda","","","",""
"600170128_78-42-M/01_Elektrotechnika_a_strojirenstvi","600170128","78-42-M/01","Elektrotechnika a strojírenství","LYC","SOŠ a SOU","Kladno","chybi_presna_shoda","","","",""
"600170136_64-41-L/51","600170136","64-41-L/51","","NAS","SOŠ stavební a SOU stavební","Kolín","chybi_presna_shoda","","","",""
"600170161_23-43-L/51","600170161","23-43-L/51","","NAS","Integrovaná střední škola technická","Mělník","chybi_presna_shoda","","","",""
"600170161_26-41-L/01_26_52_H_01_Elektro_digitalizace_automatizace","600170161","26-41-L/01"," 26-52-H/01 - Elektro, digitalizace, automatizace","SOU","Integrovaná střední škola technická","Mělník","chybi_presna_shoda","","","",""
"600170161_26-41-L/52","600170161","26-41-L/52","","NAS","Integrovaná střední škola technická","Mělník","chybi_presna_shoda","","","",""
"600170161_78-42-M/08_Management_bezpecnosti_a_sportu","600170161","78-42-M/08","Management bezpečnosti a sportu","LYC","Integrovaná střední škola technická","Mělník","chybi_presna_shoda","","","",""
"600170179_75-31-M/01_Predskolni_pedagogika","600170179","75-31-M/01","Předškolní pedagogika","SOS","SPgŠ a SOŠ služeb","Mladá Boleslav","chybi_presna_shoda","","","",""
"600170179_78-42-M/08_Vseobecne_lyceum","600170179","78-42-M/08","Všeobecné lyceum","LYC","SPgŠ a SOŠ služeb","Mladá Boleslav","chybi_presna_shoda","","","",""
"600170195_64-41-L/51","600170195","64-41-L/51","","NAS","SOŠ a SOU","Nymburk","chybi_presna_shoda","","","",""
"600170233_64-41-L/51","600170233","64-41-L/51","","NAS","SŠ pedagogiky, cestovního ruchu a gastronomie","Příbram","chybi_presna_shoda","","","",""
"600170241_64-41-L/51_Podnikani","600170241","64-41-L/51","Podnikání","NAS","Střední průmyslová škola Emila Kolbena","Rakovník","chybi_presna_shoda","","","",""
"600170241_78-42-M/08_Lyceum","600170241","78-42-M/08","Lyceum","LYC","Střední průmyslová škola Emila Kolbena","Rakovník","chybi_presna_shoda","","","",""
"600170276_18-20-M/01","600170276","18-20-M/01","","SOS","SOŠ elektrotechnická, COP","Hluboká nad Vltavou","chybi_presna_shoda","","","",""
"600170276_26-41-L/01_26_51_H_02_Elektrikar_silnoproud","600170276","26-41-L/01","26-51-H/02 Elektrikář silnoproud","SOU","SOŠ elektrotechnická, COP","Hluboká nad Vltavou","chybi_presna_shoda","","","",""
"600170276_26-41-L/52_nastavbove_studium_pro_ELEKTRO_obory","600170276","26-41-L/52","nástavbové studium pro ELEKTRO obory","NAS","SOŠ elektrotechnická, COP","Hluboká nad Vltavou","chybi_presna_shoda","","","",""
"600170284_23-44-L/01_Technik_jadernych_zarizeni","600170284","23-44-L/01","Technik jaderných zařízení","SOU","SOŠ a SOU, Hněvkovice 865","Týn nad Vltavou","chybi_presna_shoda","","","",""
"600170284_41-45-L/51","600170284","41-45-L/51","","NAS","SOŠ a SOU, Hněvkovice 865","Týn nad Vltavou","chybi_presna_shoda","","","",""
"600170284_64-41-L/51","600170284","64-41-L/51","","NAS","SOŠ a SOU, Hněvkovice 865","Týn nad Vltavou","chybi_presna_shoda","","","",""
"600170292_63-41-M/01_SVP_Obchodne_podnikatelska_cinnost","600170292","63-41-M/01","ŠVP: Obchodně podnikatelská činnost","SOS","Střední škola obchodní, České Budějovice, Husova 9","České Budějovice","chybi_presna_shoda","","","",""
"600170292_64-41-L/51","600170292","64-41-L/51","","NAS","Střední škola obchodní, České Budějovice, Husova 9","České Budějovice","chybi_presna_shoda","","","",""
"600170292_69-41-L/01_SVP_Kosmeticka","600170292","69-41-L/01","ŠVP: Kosmetička","SOU","Střední škola obchodní, České Budějovice, Husova 9","České Budějovice","chybi_presna_shoda","","","",""
"600170292_78-42-M/08_komunikace_a_marketing","600170292","78-42-M/08","komunikace a marketing","LYC","Střední škola obchodní, České Budějovice, Husova 9","České Budějovice","chybi_presna_shoda","","","",""
"600170306_64-41-L/51","600170306","64-41-L/51","","NAS","Střední škola polytechnická","České Budějovice","chybi_presna_shoda","","","",""
"600170331_65-41-L/01_Kuchar","600170331","65-41-L/01","Kuchař","SOU","SŠ a VOŠ cestovního ruchu","České Budějovice","chybi_presna_shoda","","","",""
"600170331_65-41-L/51_Spolecne_stravovani","600170331","65-41-L/51","Společné stravování","NAS","SŠ a VOŠ cestovního ruchu","České Budějovice","chybi_presna_shoda","","","",""
"600170349_78-42-M/08_Ekonomika_a_marketing","600170349","78-42-M/08","Ekonomika a marketing","LYC","SOŠ strojní a elektrotechnická","Velešín","chybi_presna_shoda","","","",""
"600170357_23-45-L/01_Programovani_CNC_L0_H","600170357","23-45-L/01","Programování CNC (L0+H)","SOU","SŠ technická a obchodní, Dačice, Strojírenská 304","Dačice","chybi_presna_shoda","","","",""
"600170357_64-41-L/51","600170357","64-41-L/51","","NAS","SŠ technická a obchodní, Dačice, Strojírenská 304","Dačice","chybi_presna_shoda","","","",""
"600170357_78-42-M/01","600170357","78-42-M/01","","LYC","SŠ technická a obchodní, Dačice, Strojírenská 304","Dačice","chybi_presna_shoda","","","",""
"600170373_26-41-L/01_26_52_H_01_Mechanik_elektrotechnik_pro_zarizeni_a_pristroje","600170373","26-41-L/01","26-52-H/01 Mechanik elektrotechnik pro zařízení a přístroje","SOU","Střední škola, České Velenice, Revoluční 220","České Velenice","chybi_presna_shoda","","","",""
"600170373_66-41-L/01_66_51_H_01_Prodavac_aranzer","600170373","66-41-L/01","66-51-H/01 Prodavač - aranžér","SOU","Střední škola, České Velenice, Revoluční 220","České Velenice","chybi_presna_shoda","","","",""
"600170381_23-44-L/01","600170381","23-44-L/01","","SOU","SOŠ a SOU","Milevsko","chybi_presna_shoda","","","",""
"600170403_78-42-M/08","600170403","78-42-M/08","","LYC","Střední škola a Jazyk.škola s právem SJZ","Volyně","chybi_presna_shoda","","","",""
"600170438_18-20-M/01_SVP_Sprava_siti_a_programovani_nebo_Kyberneticka_bezpecnost","600170438","18-20-M/01","ŠVP: Správa sítí a programování nebo  Kybernetická bezpečnost ","SOS","VOŠ, SŠ, Centrum odborné přípravy","Sezimovo Ústí","chybi_presna_shoda","","","",""
"600170438_23-45-L/01_SVP_Mechanik_programator_programovani_a_obsluha_technologickych_pracovist","600170438","23-45-L/01","ŠVP: Mechanik programátor - programování  a obsluha technologických pracovišť","SOU","VOŠ, SŠ, Centrum odborné přípravy","Sezimovo Ústí","chybi_presna_shoda","","","",""
"600170438_26-41-L/01_SVP_Mechanik_elektronik_digitalni_technika","600170438","26-41-L/01","ŠVP: Mechanik elektronik - digitální technika","SOU","VOŠ, SŠ, Centrum odborné přípravy","Sezimovo Ústí","chybi_presna_shoda","","","",""
"600170438_64-41-L/51_SVP_Podnikani","600170438","64-41-L/51","ŠVP: Podnikání","NAS","VOŠ, SŠ, Centrum odborné přípravy","Sezimovo Ústí","chybi_presna_shoda","","","",""
"600170438_78-42-M/01_SVP_Lyceum_modernich_technologii","600170438","78-42-M/01","ŠVP: Lyceum moderních technologií","LYC","VOŠ, SŠ, Centrum odborné přípravy","Sezimovo Ústí","chybi_presna_shoda","","","",""
"600170454_64-41-L/51","600170454","64-41-L/51","","NAS","SOŠ a SOU","Horšovský Týn","chybi_presna_shoda","","","",""
"600170462_39-08-M/01","600170462","39-08-M/01","","SOS","Integrovaná střední škola Cheb","Cheb","chybi_presna_shoda","","","",""
"600170462_63-41-M/01","600170462","63-41-M/01","","SOS","Integrovaná střední škola Cheb","Cheb","chybi_presna_shoda","","","",""
"600170501_64-41-L/51","600170501","64-41-L/51","","NAS","Integrovaná střední škola živnostenská","Plzeň","chybi_presna_shoda","","","",""
"600170535_18-20-M/01","600170535","18-20-M/01","","SOS","Střední průmyslová škola","Tachov","chybi_presna_shoda","","","",""
"600170535_78-42-M/01","600170535","78-42-M/01","","LYC","Střední průmyslová škola","Tachov","chybi_presna_shoda","","","",""
"600170551_64-41-L/51","600170551","64-41-L/51","","NAS","SŠ lodní dopravy a technických řemesel","Děčín","chybi_presna_shoda","","","",""
"600170560_64-41-L/51","600170560","64-41-L/51","","NAS","Střední škola řemesel a služeb","Děčín","chybi_presna_shoda","","","",""
"600170586_26-41-M/01","600170586","26-41-M/01","","SOS","SOŠ energetická a stavební, OA a SZŠ","Chomutov","chybi_presna_shoda","","","",""
"600170594_26-41-L/01_pocitacove_ridici_a_zabezpecovaci_systemy","600170594","26-41-L/01","počítačové řídicí a zabezpečovací systémy","SOU","SŠ a MŠ, příspěvková organizace","Liberec","chybi_presna_shoda","","","",""
"600170594_26-41-L/51","600170594","26-41-L/51","","NAS","SŠ a MŠ, příspěvková organizace","Liberec","chybi_presna_shoda","","","",""
"600170594_39-41-L/51","600170594","39-41-L/51","","NAS","SŠ a MŠ, příspěvková organizace","Liberec","chybi_presna_shoda","","","",""
"600170608_23-45-L/01_pro_CNC_obrabeci_stroje_nebo_pro_CNC_vstrikovaci_stroje_vyber_zamereni_od_2_rocniku","600170608","23-45-L/01","pro CNC obráběcí stroje nebo pro CNC vstřikovací stroje, výběr zaměření od 2.ročníku","SOU","SŠ stroj.stav.a dopr., příspěvková org.","Liberec","chybi_presna_shoda","","","",""
"600170608_64-41-L/51","600170608","64-41-L/51","","NAS","SŠ stroj.stav.a dopr., příspěvková org.","Liberec","chybi_presna_shoda","","","",""
"600170641_23-45-L/01_Mechanik_CNC_stroju_a_zarizeni","600170641","23-45-L/01","Mechanik CNC strojů a zařízení ","SOU","Střední škola technická","Most","chybi_presna_shoda","","","",""
"600170641_26-41-M/01_Pocitacove_systemy","600170641","26-41-M/01","Počítačové systémy ","SOS","Střední škola technická","Most","chybi_presna_shoda","","","",""
"600170667_64-41-L/51","600170667","64-41-L/51","","NAS","Střední odborná škola","Litvínov","chybi_presna_shoda","","","",""
"600170675_63-41-M/02_OA_se_zamerenim_na_cizi_jazyky","600170675","63-41-M/02","OA se zaměřením na cizí jazyky","SOS","Hotelová škola, Obchodní akademie a SPŠ","Teplice","chybi_presna_shoda","","","",""
"600170675_64-41-L/51_Podnikani","600170675","64-41-L/51","Podnikání","NAS","Hotelová škola, Obchodní akademie a SPŠ","Teplice","chybi_presna_shoda","","","",""
"600170675_78-42-M/02_Ekonomicke_lyceum","600170675","78-42-M/02","Ekonomické lyceum","LYC","Hotelová škola, Obchodní akademie a SPŠ","Teplice","chybi_presna_shoda","","","",""
"600170730_64-41-L/51_denni_forma_vzdelavani","600170730","64-41-L/51","denní forma vzdělávání","NAS","Akademie Světlá n. S., SŠ a VOŠ","Světlá nad Sázavou","chybi_presna_shoda","","","",""
"600170730_75-41-M/01_denni_forma_vzdelavani","600170730","75-41-M/01","denní forma vzdělávání","SOS","Akademie Světlá n. S., SŠ a VOŠ","Světlá nad Sázavou","chybi_presna_shoda","","","",""
"600170772_64-41-L/51","600170772","64-41-L/51","","NAS","SOŠ a SOU obchodu a služeb","Chrudim","chybi_presna_shoda","","","",""
"600170802_64-41-L/51_Podnikani","600170802","64-41-L/51","Podnikání","NAS","Střední škola gastronomie a služeb","Nová Paka","chybi_presna_shoda","","","",""
"600170837_23-43-L/51","600170837","23-43-L/51","","NAS","Střední škola automobilní Holice","Holice","chybi_presna_shoda","","","",""
"600170837_23-45-M/01","600170837","23-45-M/01","","SOS","Střední škola automobilní Holice","Holice","chybi_presna_shoda","","","",""
"600170837_39-41-L/01_23_68_H_01_Mechanik_opravar_motorovych_vozidel","600170837","39-41-L/01","23-68-H/01 Mechanik opravář motorových vozidel ","SOU","Střední škola automobilní Holice","Holice","chybi_presna_shoda","","","",""
"600170837_39-41-L/01_26_57_H_01_Autoelektrikar","600170837","39-41-L/01","26-57-H/01 Autoelektrikář","SOU","Střední škola automobilní Holice","Holice","chybi_presna_shoda","","","",""
"600170853_33-41-L/01_Operator_drevarske_a_nabytkarske_vyroby","600170853","33-41-L/01","Operátor dřevařské a nábytkářské výroby ","SOU","SPŠ stavební Pardubice","Rybitví","chybi_presna_shoda","","","",""
"600170853_36-47-M/01_Pozemni_stavitelstvi","600170853","36-47-M/01","Pozemní stavitelství ","SOS","SPŠ stavební Pardubice","Rybitví","chybi_presna_shoda","","","",""
"600170896_64-41-L/51","600170896","64-41-L/51","","NAS","Střední škola, Semily, přísp. organizace","Semily","chybi_presna_shoda","","","",""
"600170900_37-42-L/51","600170900","37-42-L/51","","NAS","ISŠ, příspěvková organizace","Vysoké nad Jizerou","chybi_presna_shoda","","","",""
"600170993_23-43-L/51","600170993","23-43-L/51","","NAS","Střední škola technická Vysoké Mýto","Vysoké Mýto","chybi_presna_shoda","","","",""
"600170993_23-44-L/01_Mechanik_stroju_a_zarizeni_L_H","600170993","23-44-L/01","Mechanik strojů a zařízení L+H","SOU","Střední škola technická Vysoké Mýto","Vysoké Mýto","chybi_presna_shoda","","","",""
"600171019_23-43-L/51","600171019","23-43-L/51","","NAS","Střední škola technická a ekonomická","Brno","chybi_presna_shoda","","","",""
"600171051_23-45-L/01_Obrabec_kovu_moznost_ziskat_vyucni_list_ve_3_r","600171051","23-45-L/01","Obráběč kovů (možnost získat výuční list ve 3. r.)","SOU","SPŠ polytechnická - COP Zlín","Zlín","chybi_presna_shoda","","","",""
"600171051_26-41-L/01_Elektromechanik_pro_zarizeni_a_pristroje_moznost_ziskat_vyucni_list_ve_3_r","600171051","26-41-L/01","Elektromechanik pro zařízení a přístroje (možnost získat výuční list ve 3. r.)","SOU","SPŠ polytechnická - COP Zlín","Zlín","chybi_presna_shoda","","","",""
"600171051_34-53-L/01_Reprodukcni_grafik_moznost_ziskat_vyucni_list_ve_3_r","600171051","34-53-L/01","Reprodukční grafik (možnost získat výuční list ve 3. r.)","SOU","SPŠ polytechnická - COP Zlín","Zlín","chybi_presna_shoda","","","",""
"600171086_23-44-L/01_23_52_H_01_Nastrojar","600171086","23-44-L/01","23-52-H/01 Nástrojař","SOU","Integrovaná střední škola","Hodonín","chybi_presna_shoda","","","",""
"600171086_64-41-L/51","600171086","64-41-L/51","","NAS","Integrovaná střední škola","Hodonín","chybi_presna_shoda","","","",""
"600171086_75-41-L/51","600171086","75-41-L/51","","NAS","Integrovaná střední škola","Hodonín","chybi_presna_shoda","","","",""
"600171116_64-41-L/51","600171116","64-41-L/51","","NAS","Střední škola stavební","Jihlava","chybi_presna_shoda","","","",""
"600171124_23-43-L/51","600171124","23-43-L/51","","NAS","Střední škola - COP technické Kroměříž","Kroměříž","chybi_presna_shoda","","","",""
"600171124_26-41-L/52","600171124","26-41-L/52","","NAS","Střední škola - COP technické Kroměříž","Kroměříž","chybi_presna_shoda","","","",""
"600171141_64-41-L/51","600171141","64-41-L/51","","NAS","SS Slavkov – Austerlitz","Slavkov u Brna","chybi_presna_shoda","","","",""
"600171183_63-41-M/02_Obchodni_akademie","600171183","63-41-M/02","Obchodní akademie","SOS","Střední škola","Jablunkov","chybi_presna_shoda","","","",""
"600171191_64-41-L/51","600171191","64-41-L/51","","NAS","Střední odborná škola","Frýdek-Místek","chybi_presna_shoda","","","",""
"600171205_64-41-L/51","600171205","64-41-L/51","","NAS","SŠ technických oborů","Havířov","chybi_presna_shoda","","","",""
"600171213_64-41-L/51","600171213","64-41-L/51","","NAS","Albrechtova střední škola","Český Těšín","chybi_presna_shoda","","","",""
"600171230_75-41-M/01","600171230","75-41-M/01","","SOS","Střední škola","Havířov","chybi_presna_shoda","","","",""
"600171248_26-41-L/01_Zabezpecovaci_protipozarni_a_regulacni_systemy_kombinace_s_oborem_26_51_H_01_Elektrikar","600171248","26-41-L/01","Zabezpečovací, protipožární a regulační systémy, kombinace s oborem 26-51-H/01 Elektrikář","SOU","Střední škola techniky a služeb","Karviná","chybi_presna_shoda","","","",""
"600171248_39-41-L/02_kombinace_s_oborem_36_52_H_01_Instalater","600171248","39-41-L/02","kombinace s oborem 36-52-H/01 Instalatér","SOU","Střední škola techniky a služeb","Karviná","chybi_presna_shoda","","","",""
"600171248_64-41-L/51","600171248","64-41-L/51","","NAS","Střední škola techniky a služeb","Karviná","chybi_presna_shoda","","","",""
"600171256_64-41-L/51","600171256","64-41-L/51","","NAS","Hotelová škola","Frenštát pod Radhoštěm","chybi_presna_shoda","","","",""
"600171256_65-42-M/01","600171256","65-42-M/01","","SOS","Hotelová škola","Frenštát pod Radhoštěm","chybi_presna_shoda","","","",""
"600171256_65-42-M/02","600171256","65-42-M/02","","SOS","Hotelová škola","Frenštát pod Radhoštěm","chybi_presna_shoda","","","",""
"600171272_64-41-L/51_Podnikani","600171272","64-41-L/51","Podnikání","NAS","Hotelová škola, Ostrava, příspěvková organizace","Ostrava","chybi_presna_shoda","","","",""
"600171299_34-56-L/01_MULTIMEDIALNI_TECHNIK_FOTOGRAF","600171299","34-56-L/01","MULTIMEDIÁLNÍ TECHNIK – FOTOGRAF","SOU","Střední škola služeb a podnikání","Ostrava","chybi_presna_shoda","","","",""
"600171299_63-41-M/01_MANAGEMENT_OBCHODNICH_FIREM_A_SPORTOVNICH_KLUBU","600171299","63-41-M/01","MANAGEMENT OBCHODNÍCH FIREM A SPORTOVNÍCH KLUBŮ","SOS","Střední škola služeb a podnikání","Ostrava","chybi_presna_shoda","","","",""
"600171299_64-41-L/51_Podnikani_denni","600171299","64-41-L/51","Podnikání - denní ","NAS","Střední škola služeb a podnikání","Ostrava","chybi_presna_shoda","","","",""
"600171299_69-41-L/01_KOSMETICKE_SLUZBY","600171299","69-41-L/01","KOSMETICKÉ SLUŽBY","SOU","Střední škola služeb a podnikání","Ostrava","chybi_presna_shoda","","","",""
"600171299_69-41-L/02_69_53_H_01_Rekondicni_a_sportovni_maser","600171299","69-41-L/02","69-53-H/01 Rekondiční a sportovní masér","SOU","Střední škola služeb a podnikání","Ostrava","chybi_presna_shoda","","","",""
"600171302_23-62-L/01_Jemny_mechanik","600171302","23-62-L/01","Jemný mechanik","SOU","Střední škola elektrotechnická","Ostrava","chybi_presna_shoda","","","",""
"600171302_26-41-L/01_Elektrikar","600171302","26-41-L/01","Elektrikář","SOU","Střední škola elektrotechnická","Ostrava","chybi_presna_shoda","","","",""
"600171302_26-41-L/52","600171302","26-41-L/52","","NAS","Střední škola elektrotechnická","Ostrava","chybi_presna_shoda","","","",""
"600171311_26-41-L/01_Elektromechanik_pro_zarizeni_a_pristroje","600171311","26-41-L/01","Elektromechanik pro zařízení a přístroje","SOU","Střední škola technická a dopravní","Ostrava","chybi_presna_shoda","","","",""
"600171311_39-41-L/51","600171311","39-41-L/51","","NAS","Střední škola technická a dopravní","Ostrava","chybi_presna_shoda","","","",""
"600171337_18-20-M/01_Programovani_a_pocitacove_systemy","600171337","18-20-M/01","Programování a počítačové systémy","SOS","Střední škola elektrotechnická","Lipník nad Bečvou","chybi_presna_shoda","","","",""
"600171337_26-41-L/01_Silnoproud_slaboproud_a_energetika","600171337","26-41-L/01","Silnoproud, slaboproud a energetika","SOU","Střední škola elektrotechnická","Lipník nad Bečvou","chybi_presna_shoda","","","",""
"600171337_26-41-M/01_Programovani_automatizace_a_robotika","600171337","26-41-M/01","Programování, automatizace a robotika","SOS","Střední škola elektrotechnická","Lipník nad Bečvou","chybi_presna_shoda","","","",""
"600171361_64-41-L/51","600171361","64-41-L/51","","NAS","Střední škola gastronomie a služeb","Přerov","chybi_presna_shoda","","","",""
"600171388_23-44-L/01_v_kombinaci_s_oborem_23_51_H_01_Strojni_mechanik","600171388","23-44-L/01","v kombinaci s oborem 23-51-H/01 Strojní mechanik","SOU","Střední škola řemesel","Šumperk","chybi_presna_shoda","","","",""
"600171388_26-41-L/52_Elektrotechnik_pro_robotiku_a_automatizaci","600171388","26-41-L/52","Elektrotechnik pro robotiku a automatizaci","NAS","Střední škola řemesel","Šumperk","chybi_presna_shoda","","","",""
"600171388_64-41-L/51","600171388","64-41-L/51","","NAS","Střední škola řemesel","Šumperk","chybi_presna_shoda","","","",""
"600171388_66-41-L/01_v_kombinaci_s_oborem_66_51_H_01_Prodavac","600171388","66-41-L/01","v kombinaci s oborem 66-51-H/01 Prodavač","SOU","Střední škola řemesel","Šumperk","chybi_presna_shoda","","","",""
"600171400_64-41-L/51","600171400","64-41-L/51","","NAS","ISŠ Valašské Meziříčí","Valašské Meziříčí","chybi_presna_shoda","","","",""
"600171400_78-42-M/05","600171400","78-42-M/05","","LYC","ISŠ Valašské Meziříčí","Valašské Meziříčí","chybi_presna_shoda","","","",""
"600171531_63-41-M/01_Obchodni_ekonomicka_a_personalni_cinnost","600171531","63-41-M/01","Obchodní, ekonomická a personální činnost","SOS","Střední škola F. D. Roosevelta","Brno","chybi_presna_shoda","","","",""
"600171710_79-42-K/41_Hazena_divky","600171710","79-42-K/41","Házená - dívky","GY4","Gymnázium","Praha","chybi_presna_shoda","","","",""
"600171728_79-41-K/41_vseobecne_s_rozsirenou_vyukou_telesne_vychovy","600171728","79-41-K/41","všeobecné/s rozšířenou výukou tělesné výchovy","GY4","Sportovní gymnázium","Kladno","chybi_presna_shoda","","","",""
"600171728_79-41-K/81_s_rozsirenou_vyukou_telesne_vychovy","600171728","79-41-K/81","s rozšířenou výukou tělesné výchovy","GY8","Sportovní gymnázium","Kladno","chybi_presna_shoda","","","",""
"600171744_79-42-K/41_cyklistika","600171744","79-42-K/41","cyklistika","GY4","Gymnázium Dr. A. Randy, přísp. org.","Jablonec nad Nisou","chybi_presna_shoda","","","",""
"600171744_79-42-K/41_skikros","600171744","79-42-K/41","skikros","GY4","Gymnázium Dr. A. Randy, přísp. org.","Jablonec nad Nisou","chybi_presna_shoda","","","",""
"600171744_79-42-K/41_volejbal_divky","600171744","79-42-K/41","volejbal - dívky","GY4","Gymnázium Dr. A. Randy, přísp. org.","Jablonec nad Nisou","chybi_presna_shoda","","","",""
"600171779_75-41-M/01","600171779","75-41-M/01","","SOS","Vyšší odborná škola a střední škola","Boskovice","chybi_presna_shoda","","","",""
"600171833_26-41-L/01","600171833","26-41-L/01","","SOU","SOŠ a SOU Lanškroun","Lanškroun","chybi_presna_shoda","","","",""
"600171841_18-20-M/01","600171841","18-20-M/01","","SOS","Střední průmyslová škola","Jedovnice","chybi_presna_shoda","","","",""
"600171841_23-41-M/01","600171841","23-41-M/01","","SOS","Střední průmyslová škola","Jedovnice","chybi_presna_shoda","","","",""
"600171850_39-41-L/51","600171850","39-41-L/51","","NAS","ISŠ automobilní","Brno","chybi_presna_shoda","","","",""
"600171868_64-41-L/51","600171868","64-41-L/51","","NAS","Střední škola technická","Opava","chybi_presna_shoda","","","",""
"610100530_39-41-L/01_39_41_L_01","610100530","39-41-L/01","39-41-L/01","SOU","Střední průmyslová škola dopravní","Plzeň","chybi_presna_shoda","","","",""
"610100530_64-41-L/51","610100530","64-41-L/51","","NAS","Střední průmyslová škola dopravní","Plzeň","chybi_presna_shoda","","","",""
"610100581_18-20-M/01_komercni_praxe","610100581","18-20-M/01","komerční praxe","SOS","Střední odborné učiliště elektrotech.","Plzeň","chybi_presna_shoda","","","",""
"610100581_26-41-L/01_elektronicka_zarizeni_uc_obor_26_51_H_01_Elektrikar","610100581","26-41-L/01","elektronická zařízení, uč. obor 26-51-H/01 Elektrikář","SOU","Střední odborné učiliště elektrotech.","Plzeň","chybi_presna_shoda","","","",""
"610100581_26-41-L/01_informacni_technologie_uc_obor_26_51_H_01_Elektrikar","610100581","26-41-L/01","informační technologie, uč. obor 26-51-H/01 Elektrikář","SOU","Střední odborné učiliště elektrotech.","Plzeň","chybi_presna_shoda","","","",""
"610100581_26-41-L/01_silnoprouda_zarizeni_uc_obor_26_51_H_02_Elektrikar_silnoproud","610100581","26-41-L/01","silnoproudá zařízení, uč. obor 26-51-H/02 Elektrikář silnoproud","SOU","Střední odborné učiliště elektrotech.","Plzeň","chybi_presna_shoda","","","",""
"610100581_26-41-L/52","610100581","26-41-L/52","","NAS","Střední odborné učiliště elektrotech.","Plzeň","chybi_presna_shoda","","","",""
"610100581_39-41-L/02_Uc_obor_Elektrikar_silnoproud","610100581","39-41-L/02","Uč. obor Elektrikář silnoproud","SOU","Střední odborné učiliště elektrotech.","Plzeň","chybi_presna_shoda","","","",""
"610100645_26-41-M/01_mechatronika_robotika","610100645","26-41-M/01","mechatronika - robotika","SOS","SPŠ strojnická a SOŠ profesora Švejcara","Plzeň","chybi_presna_shoda","","","",""
"610100645_63-41-M/01_ve_strojirenstvi","610100645","63-41-M/01","ve strojírenství","SOS","SPŠ strojnická a SOŠ profesora Švejcara","Plzeň","chybi_presna_shoda","","","",""
"610150375_23-43-L/51","610150375","23-43-L/51","","NAS","SOŠ a SOU","Roudnice nad Labem","chybi_presna_shoda","","","",""
"610150375_39-41-L/51","610150375","39-41-L/51","","NAS","SOŠ a SOU","Roudnice nad Labem","chybi_presna_shoda","","","",""
"610200381_18-20-M/01_elektronicke_pocitacove_systemy","610200381","18-20-M/01","elektronické počítačové systémy","SOS","Střední průmyslová škola","Trutnov","chybi_presna_shoda","","","",""
"610200381_18-20-M/01_informatika_a_management","610200381","18-20-M/01","informatika a management","SOS","Střední průmyslová škola","Trutnov","chybi_presna_shoda","","","",""
"610200381_26-41-M/01_slaboprouda_elektrotechnika","610200381","26-41-M/01","slaboproudá elektrotechnika","SOS","Střední průmyslová škola","Trutnov","chybi_presna_shoda","","","",""
"610250451_64-41-L/51","610250451","64-41-L/51","","NAS","Bráfova akademie, SŠ a JazŠ","Třebíč","chybi_presna_shoda","","","",""
"610250523_64-41-L/51","610250523","64-41-L/51","","NAS","Střední odborná škola","Nové Město na Moravě","chybi_presna_shoda","","","",""
"610250833_23-45-L/01","610250833","23-45-L/01","","SOU","Střední odborná škola Jana Tiraye","Velká Bíteš","chybi_presna_shoda","","","",""
"610300580_23-41-M/01","610300580","23-41-M/01","","SOS","SOŠ průmyslová a SOU strojírenské","Prostějov","chybi_presna_shoda","","","",""
"610300580_36-47-M/01","610300580","36-47-M/01","","SOS","SOŠ průmyslová a SOU strojírenské","Prostějov","chybi_presna_shoda","","","",""
"610380061_79-41-K/81_Le_chajim_maskilim","610380061","79-41-K/81","Le-chajim maskilim","GY8","Lauderova MŠ,ZŠ a gymnázium při Žid.obci","Praha","chybi_presna_shoda","","","",""
"610450620_78-42-M/02","610450620","78-42-M/02","","LYC","SOŠ a SOU","Neratovice","chybi_presna_shoda","","","",""
"610451049_23-45-M/01","610451049","23-45-M/01","","SOS","SOŠ a SOU","Mladá Boleslav","chybi_presna_shoda","","","",""
"610451049_39-08-M/01","610451049","39-08-M/01","","SOS","SOŠ a SOU","Mladá Boleslav","chybi_presna_shoda","","","",""
"610451049_64-41-L/51","610451049","64-41-L/51","","NAS","SOŠ a SOU","Mladá Boleslav","chybi_presna_shoda","","","",""
"610451049_68-43-M/01","610451049","68-43-M/01","","SOS","SOŠ a SOU","Mladá Boleslav","chybi_presna_shoda","","","",""
"610451219_79-41-K/81_vseobecne","610451219","79-41-K/81","všeobecné ","GY8","Masarykovo klasické gymnázium, s.r.o.","Říčany","chybi_presna_shoda","","","",""
"650004639_79-41-K/81","650004639","79-41-K/81","","GY8","Německá škola v Praze s.r.o.-zahr.šk.,ZŠ a gymnáz.","Praha","chybi_presna_shoda","","","",""
"650068955_79-41-K/81","650068955","79-41-K/81","","GY8","OPEN GATE - gymnázium a ZŠ, s.r.o.","Babice","chybi_presna_shoda","","","",""
"650069021_23-45-L/01_L0_H_Obrabec_kovu","650069021","23-45-L/01","L0 + H - Obráběč kovů","SOU","VÍTKOVICKÁ SPŠ","Ostrava","chybi_presna_shoda","","","",""
"650069021_26-41-L/01_L0_H_Elektrikar_slaboproud","650069021","26-41-L/01","L0 + H Elektrikář - slaboproud","SOU","VÍTKOVICKÁ SPŠ","Ostrava","chybi_presna_shoda","","","",""
"650071484_79-41-K/41_Skola_pro_zivot_vseobecne","650071484","79-41-K/41","Škola pro život - všeobecné","GY4","Gymnázium","Velké Pavlovice","chybi_presna_shoda","","","",""
"650071484_79-41-K/81_Skola_pro_zivot_vseobecne","650071484","79-41-K/81","Škola pro život - všeobecné","GY8","Gymnázium","Velké Pavlovice","chybi_presna_shoda","","","",""
"650075684_78-42-M/06","650075684","78-42-M/06","","LYC","Střední škola - Waldorfské lyceum","Praha","chybi_presna_shoda","","","",""
"651012988_64-41-L/51","651012988","64-41-L/51","","NAS","Střední škola živnostenská Sokolov","Sokolov","chybi_presna_shoda","","","",""
"651012988_69-41-L/01","651012988","69-41-L/01","","SOU","Střední škola živnostenská Sokolov","Sokolov","chybi_presna_shoda","","","",""
"651012988_72-41-M/01","651012988","72-41-M/01","","SOS","Střední škola živnostenská Sokolov","Sokolov","chybi_presna_shoda","","","",""
"651014646_68-42-M/01","651014646","68-42-M/01","","SOS","TRIVIS-Střední škola veřejnoprávní s.r.o","Třebechovice pod Orebem","chybi_presna_shoda","","","",""
"651016029_68-42-L/51","651016029","68-42-L/51","","NAS","SOŠ a SOU, Kaplice, Pohorská 86","Kaplice","chybi_presna_shoda","","","",""
"651017459_18-20-M/01_Pocitacova_grafika_audio_video_tvorba_a_produkcni_tisk","651017459","18-20-M/01","Počítačová grafika, audio-video tvorba a produkční tisk","SOS","Střední škola - Podorlické vzděl.centrum","Dobruška","chybi_presna_shoda","","","",""
"651017459_18-20-M/01_Programovani_vyvoj_aplikaci_a_robotika","651017459","18-20-M/01","Programování, vývoj aplikací a robotika","SOS","Střední škola - Podorlické vzděl.centrum","Dobruška","chybi_presna_shoda","","","",""
"651017459_23-44-L/01","651017459","23-44-L/01","","SOU","Střední škola - Podorlické vzděl.centrum","Dobruška","chybi_presna_shoda","","","",""
"651023572_63-41-M/01","651023572","63-41-M/01","","SOS","SŠ obch.,služeb a řemes. a JŠ s práv.SJZ","Tábor","chybi_presna_shoda","","","",""
"651023572_64-41-L/51","651023572","64-41-L/51","","NAS","SŠ obch.,služeb a řemes. a JŠ s práv.SJZ","Tábor","chybi_presna_shoda","","","",""
"651023572_65-42-M/01","651023572","65-42-M/01","","SOS","SŠ obch.,služeb a řemes. a JŠ s práv.SJZ","Tábor","chybi_presna_shoda","","","",""
"651023572_72-41-M/01","651023572","72-41-M/01","","SOS","SŠ obch.,služeb a řemes. a JŠ s práv.SJZ","Tábor","chybi_presna_shoda","","","",""
"651027888_68-43-M/01_Pripraven_na_uspesny_a_spokojeny_zivot","651027888","68-43-M/01","Připraven na úspěšný a spokojený život","SOS","Manažerská akademie, soukromá SŠ","Beroun","chybi_presna_shoda","","","",""
"651028922_79-41-K/41_vseobecne_cesky_program","651028922","79-41-K/41","všeobecné - český program","GY4","1. Slovanské gymnázium a jazyková škola","Praha","chybi_presna_shoda","","","",""
"651028922_79-41-K/41_vseobecne_vybrane_predmety_v_anglickem_jazyce","651028922","79-41-K/41","všeobecné - vybrané předměty v anglickém jazyce","GY4","1. Slovanské gymnázium a jazyková škola","Praha","chybi_presna_shoda","","","",""
"651033772_16-01-M/01_Vodohospodar","651033772","16-01-M/01","Vodohospodář","SOS","SŠ zemědělská a VOŠ","Chrudim","chybi_presna_shoda","","","",""
"651036232_68-42-M/01","651036232","68-42-M/01","","SOS","TRIVIS - SŠ veřejnopráv. a VOŠ bezp. SD","Jihlava","chybi_presna_shoda","","","",""
"651040370_79-41-K/41","651040370","79-41-K/41","","GY4","Královské gymnázium Petrovice s.r.o.","Praha","chybi_presna_shoda","","","",""
"651040370_79-41-K/81","651040370","79-41-K/81","","GY8","Královské gymnázium Petrovice s.r.o.","Praha","chybi_presna_shoda","","","",""
"680000011_68-42-L/01_Bezpecnostni_pracovnik_Praha","680000011","68-42-L/01","Bezpečnostní pracovník, Praha","SOU","Vyšší polic.škola a Střed.polic.škola MV","Praha","chybi_presna_shoda","","","",""
"680000011_68-42-L/01_Bezpecnostni_pracovnik_Sokolov","680000011","68-42-L/01","Bezpečnostní pracovník, Sokolov","SOU","Vyšší polic.škola a Střed.polic.škola MV","Praha","chybi_presna_shoda","","","",""
"680000062_39-08-M/01_Pozarni_ochrana","680000062","39-08-M/01","Požární ochrana","SOS","SOŠ požár. ochrany a VOŠ požár. ochrany","Frýdek-Místek","chybi_presna_shoda","","","",""
"690000014_23-41-M/01_specialista_vzdusnych_sil_pobocka_Sokolov","690000014","23-41-M/01","specialista vzdušných sil - pobočka Sokolov","SOS","Vojenská SŠ a VOŠ Ministerstva obrany","Moravská Třebová","chybi_presna_shoda","","","",""
"691000107_23-41-M/01","691000107","23-41-M/01","","SOS","VOŠ a SPŠ","Rychnov nad Kněžnou","chybi_presna_shoda","","","",""
"691000107_39-41-L/01_Autoelektrikar","691000107","39-41-L/01","(Autoelektrikář)","SOU","VOŠ a SPŠ","Rychnov nad Kněžnou","chybi_presna_shoda","","","",""
"691000549_79-41-K/41_vseobecne_s_rozvojem_charakteru","691000549","79-41-K/41","všeobecné s rozvojem charakteru","GY4","Gymnázium, ZŠ a MŠ Parentes","Praha","chybi_presna_shoda","","","",""
"691000565_79-41-K/41_4lete_gymnazium","691000565","79-41-K/41","4leté gymnázium","GY4","Gymnázium, ZŠ a MŠ Hello s.r.o.","Ostrava","chybi_presna_shoda","","","",""
"691000662_23-44-L/01_Mechanik_stroju_a_zarizeni_s_3D_modelovanim","691000662","23-44-L/01","Mechanik strojů a zařízení s 3D modelováním","SOU","Střední průmyslová škola Třineckých železáren","Třinec","chybi_presna_shoda","","","",""
"691001111_63-41-M/01_specializace_jazykova_a_odborna","691001111","63-41-M/01","specializace jazyková a odborná","SOS","Anglo - německá obchodní akademie a.s.","Praha","chybi_presna_shoda","","","",""
"691001111_63-41-M/01_specializace_sportovni","691001111","63-41-M/01","specializace sportovní","SOS","Anglo - německá obchodní akademie a.s.","Praha","chybi_presna_shoda","","","",""
"691002932_64-41-L/51","691002932","64-41-L/51","","NAS","SŠ hotelnictví a služeb a VOŠ","Opava","chybi_presna_shoda","","","",""
"691003009_79-41-K/81_Gymnazium","691003009","79-41-K/81","Gymnázium","GY8","Gymnázium a grafická SOŠ Přelouč","Přelouč","chybi_presna_shoda","","","",""
"691003050_79-41-K/41","691003050","79-41-K/41","","GY4","MŠ, ZŠ a gymnázium sv. Augustina","Praha","chybi_presna_shoda","","","",""
"691003807_23-41-M/01","691003807","23-41-M/01","","SOS","VOŠ, SPŠ a SOŠ řemesel a služeb","Strakonice","chybi_presna_shoda","","","",""
"691003807_34-42-M/01","691003807","34-42-M/01","","SOS","VOŠ, SPŠ a SOŠ řemesel a služeb","Strakonice","chybi_presna_shoda","","","",""
"691003807_64-41-L/51","691003807","64-41-L/51","","NAS","VOŠ, SPŠ a SOŠ řemesel a služeb","Strakonice","chybi_presna_shoda","","","",""
"691003921_29-41-L/51","691003921","29-41-L/51","","NAS","Střední odborná škola Říčany s.r.o.","Říčany","chybi_presna_shoda","","","",""
"691004048_75-31-M/01","691004048","75-31-M/01","","SOS","SŠ Sion High School","Hradec Králové","kolize_katalogu","","","",""
"691005265_78-42-M/01_Lyceum_21_stoleti_Informacni_a_digitalni_technologie","691005265","78-42-M/01","Lyceum 21. století - Informační a digitální technologie","LYC","MŠ Montessori Beroun, ZŠ a SŠ s.r.o.","Králův Dvůr","chybi_presna_shoda","","","",""
"691005265_78-42-M/05_Lyceum_21_stoleti_Propojujeme_prirodni_a_digitalni_svet","691005265","78-42-M/05","Lyceum 21. století - Propojujeme přírodní a digitální svět","LYC","MŠ Montessori Beroun, ZŠ a SŠ s.r.o.","Králův Dvůr","chybi_presna_shoda","","","",""
"691005559_26-41-L/52","691005559","26-41-L/52","","NAS","SPŠ elektrotechnická a VOŠ","Pardubice","chybi_presna_shoda","","","",""
"691005648_78-42-M/06","691005648","78-42-M/06","","LYC","Waldorfská ZŠ a SŠ Dobromysl z.ú.","Plzeň","chybi_presna_shoda","","","",""
"691006270_79-41-K/41_SRaZ_v_Jezkovi_Seberizene_vzdelavani_s_moznosti_profilace_v_oblasti_umelecke_seberozvojove_ci_IT","691006270","79-41-K/41","SRaZ v Ježkovi - Sebeřízené vzdělávání s možností profilace v oblasti umělecké, seberozvojové či IT","GY4","Základní škola a gymnázium","Brno","chybi_presna_shoda","","","",""
"691007144_79-41-K/41","691007144","79-41-K/41","","GY4","Technické gymnázium, ZŠ a MŠ VŠTE s.r.o.","České Budějovice","chybi_presna_shoda","","","",""
"691008426_78-42-M/03","691008426","78-42-M/03","","LYC","Heřmánek Praha, ZŠ, gymnázium a střední ped. škola","Praha","chybi_presna_shoda","","","",""
"691008426_79-41-K/41","691008426","79-41-K/41","","GY4","Heřmánek Praha, ZŠ, gymnázium a střední ped. škola","Praha","chybi_presna_shoda","","","",""
"691008914_23-41-M/01_mechatronika_CAD_CAM","691008914","23-41-M/01","mechatronika, CAD/CAM","SOS","Střední prům. škola TOS VARNSDORF s.r.o.","Varnsdorf","chybi_presna_shoda","","","",""
"691008914_23-45-L/01_23_56_H_01_Obrabec_kovu","691008914","23-45-L/01","23-56-H/01 Obráběč kovů","SOU","Střední prům. škola TOS VARNSDORF s.r.o.","Varnsdorf","chybi_presna_shoda","","","",""
"691008914_26-41-L/01_26_52_H_01_Elektromechanik_pro_zarizeni_a_pristroje","691008914","26-41-L/01","26-52-H/01 Elektromechanik pro zařízení a přístroje","SOU","Střední prům. škola TOS VARNSDORF s.r.o.","Varnsdorf","chybi_presna_shoda","","","",""
"691009201_79-41-K/41_vseobecne_gymnazium","691009201","79-41-K/41","všeobecné gymnázium","GY4","Střední škola a základní škola","Sulice","chybi_presna_shoda","","","",""
"691009465_41-41-M/01_Agropodnikani","691009465","41-41-M/01","Agropodnikání","SOS","Soukromá střední škola zemědělská s.r.o.","Pozďatín","chybi_presna_shoda","","","",""
"691009627_79-41-K/41","691009627","79-41-K/41","","GY4","LABYRINTH - gymnázium a ZŠ, s.r.o.","Brno","chybi_presna_shoda","","","",""
"691010366_53-41-M/03_Ostrava","691010366","53-41-M/03","Ostrava","SOS","AGEL SZdzrŠ a VOŠ zdravotnická s.r.o.","Ostrava","chybi_presna_shoda","","","",""
"691010366_53-43-M/01","691010366","53-43-M/01","","SOS","AGEL SZdzrŠ a VOŠ zdravotnická s.r.o.","Ostrava","chybi_presna_shoda","","","",""
"691010366_78-42-M/04","691010366","78-42-M/04","","LYC","AGEL SZdzrŠ a VOŠ zdravotnická s.r.o.","Ostrava","chybi_presna_shoda","","","",""
"691012105_41-44-L/51","691012105","41-44-L/51","","NAS","Střední odborná škola sv. Jana Boska","Kroměříž","chybi_presna_shoda","","","",""
"691012105_41-45-L/51","691012105","41-45-L/51","","NAS","Střední odborná škola sv. Jana Boska","Kroměříž","chybi_presna_shoda","","","",""
"691012342_79-41-K/41_pouze_online_vyuka_a_expedice","691012342","79-41-K/41","pouze online výuka a expedice","GY4","ScioŠkola Žižkov - střední škola, s.r.o.","Praha","chybi_presna_shoda","","","",""
"691012431_64-41-L/51_Podnikani","691012431","64-41-L/51","Podnikání","NAS","Střední prům. škola Otty Wichterleho","Hronov","chybi_presna_shoda","","","",""
"691012440_65-41-L/51","691012440","65-41-L/51","","NAS","SŠ hotelnictví, řemesel a gastronomie","Trutnov","chybi_presna_shoda","","","",""
"691012458_79-41-K/41","691012458","79-41-K/41","","GY4","Zem. akademie a Gymn. Hořice - SŠ a VOŠ","Hořice","chybi_presna_shoda","","","",""
"691013489_79-41-K/41","691013489","79-41-K/41","","GY4","1. IT Gymnázium, s.r.o.","Praha","chybi_presna_shoda","","","",""
"691013802_78-42-M/06","691013802","78-42-M/06","","LYC","Základní škola a Střední škola CoLibri","Tišnov","chybi_presna_shoda","","","",""
"691015163_79-41-K/41_Bosonohy_Pro_svet_ktery_prijde","691015163","79-41-K/41","Bosonohy - Pro svět, který přijde","GY4","ScioŠkola Brno Medlánky - SŠ, s.r.o.","Brno","chybi_presna_shoda","","","",""
"691015163_79-41-K/41_Medlanky_Zivot_ve_svych_rukou","691015163","79-41-K/41","Medlánky - Život ve svých rukou","GY4","ScioŠkola Brno Medlánky - SŠ, s.r.o.","Brno","chybi_presna_shoda","","","",""
"691015341_66-43-M/01","691015341","66-43-M/01","","SOS","Střední škola knižní kultury s.r.o.","Praha","chybi_presna_shoda","","","",""
"691015554_79-41-K/41","691015554","79-41-K/41","","GY4","Gymnázium Thomase Manna, z. ú.","Praha","chybi_presna_shoda","","","",""
"691015554_79-41-K/81","691015554","79-41-K/81","","GY8","Gymnázium Thomase Manna, z. ú.","Praha","chybi_presna_shoda","","","",""
"691016551_65-41-L/51_Gastronomie_Cesta_k_profesionalite","691016551","65-41-L/51","Gastronomie-Cesta k profesionalitě","NAS","SŠ systémové gastronomie s.r.o.","Praha","chybi_presna_shoda","","","",""
"691016640_78-42-M/08","691016640","78-42-M/08","","LYC","Digital Academy - Obch. akademie, s.r.o.","Kutná Hora","chybi_presna_shoda","","","",""
"691017832_79-41-K/41_vseobecne_zamereni","691017832","79-41-K/41","všeobecné zaměření","GY4","School for Future – gymnázium s.r.o.","Praha","chybi_presna_shoda","","","",""
"691017981_78-42-M/02","691017981","78-42-M/02","","LYC","GAELY","Praha","chybi_presna_shoda","","","",""
"691018634_78-42-M/06","691018634","78-42-M/06","","LYC","Střední škola Montessori lyceum Ostrava","Ostrava","chybi_presna_shoda","","","",""
"691018707_79-42-K/41_atletika_79_42_K_41","691018707","79-42-K/41","atletika 79-42-K/41 ","GY4","Gymnázium se sportovní přípravou Šeberov","Praha","chybi_presna_shoda","","","",""
"691018707_79-42-K/41_basketbal_79_42_K_41","691018707","79-42-K/41","basketbal 79-42-K/41 ","GY4","Gymnázium se sportovní přípravou Šeberov","Praha","chybi_presna_shoda","","","",""
"691018707_79-42-K/41_fotbal_79_42_K_41","691018707","79-42-K/41","fotbal 79-42-K/41 ","GY4","Gymnázium se sportovní přípravou Šeberov","Praha","chybi_presna_shoda","","","",""
"691018707_79-42-K/41_hazena_79_42_K_41","691018707","79-42-K/41","házená 79-42-K/41 ","GY4","Gymnázium se sportovní přípravou Šeberov","Praha","chybi_presna_shoda","","","",""
"691018707_79-42-K/41_hokej_79_42_K_41","691018707","79-42-K/41","hokej 79-42-K/41 ","GY4","Gymnázium se sportovní přípravou Šeberov","Praha","chybi_presna_shoda","","","",""
"691018707_79-42-K/41_plavani_79_42_K_41","691018707","79-42-K/41","plavání  79-42-K/41 ","GY4","Gymnázium se sportovní přípravou Šeberov","Praha","chybi_presna_shoda","","","",""
"691018707_79-42-K/41_rugby_79_42_K_41","691018707","79-42-K/41","rugby  79-42-K/41 ","GY4","Gymnázium se sportovní přípravou Šeberov","Praha","chybi_presna_shoda","","","",""
"691018707_79-42-K/41_triatlon_79_42_K_41","691018707","79-42-K/41","triatlon  79-42-K/41 ","GY4","Gymnázium se sportovní přípravou Šeberov","Praha","chybi_presna_shoda","","","",""
"691018715_75-31-M/01_Univerzitni_priprava_v_pedagogice_psychologii_a_modernich_metodach_uceni","691018715","75-31-M/01","Univerzitní příprava v pedagogice, psychologii a moderních metodách učení","SOS","ERUNI, univerzitní střední pedagogická škola Brno","Brno","chybi_presna_shoda","","","",""
"691018731_79-41-K/41_Univerzitni_akademicke_vyzkumne_gymnazium","691018731","79-41-K/41","Univerzitní akademické výzkumné gymnázium","GY4","ERUNI, univerzitní gymnázium Brno, s.r.o.","Brno","chybi_presna_shoda","","","",""
"691018791_79-41-K/41","691018791","79-41-K/41","","GY4","PED Academy gymnázium, s.r.o.","Praha","chybi_presna_shoda","","","",""
"691018839_23-44-L/01_Technik_robotickych_a_vyrobnich_systemu_23_51_H_01","691018839","23-44-L/01","Technik robotických a výrobních systémů, 23-51-H/01","SOU","Střední škola Akademie AGROSTROJ, s.r.o.","Pelhřimov","chybi_presna_shoda","","","",""
"691018871_78-42-M/01","691018871","78-42-M/01","","LYC","První technické lyceum Nová Paka – SŠ s.r.o.","Nová Paka","chybi_presna_shoda","","","",""
"691019088_79-41-K/41","691019088","79-41-K/41","","GY4","Gymnázium KUDYKAMPUS International s.r.o.","Praha","chybi_presna_shoda","","","",""
"691019193_79-41-K/41","691019193","79-41-K/41","","GY4","Gymnázium Laury Bassi s.r.o.","Praha","chybi_presna_shoda","","","",""
"691019258_75-31-M/01_Univerzitni_priprava_v_pedagogice_psychologii_a_modernich_metodach_uceni","691019258","75-31-M/01","Univerzitní příprava v pedagogice, psychologii a moderních metodách učení","SOS","ERUNI, univerzitní gymnázium a SOŠ Praha, z.ú.","Praha","chybi_presna_shoda","","","",""
"691019258_79-41-K/41_Univerzitni_akademicke_vyzkumne_gymnazium","691019258","79-41-K/41","Univerzitní akademické výzkumné gymnázium","GY4","ERUNI, univerzitní gymnázium a SOŠ Praha, z.ú.","Praha","chybi_presna_shoda","","","",""
"691020035_75-31-M/01","691020035","75-31-M/01","","SOS","Klinická univerzitní škola EduVia, gymnázium a SŠP","Praha","chybi_presna_shoda","","","",""
"691020035_79-41-K/41","691020035","79-41-K/41","","GY4","Klinická univerzitní škola EduVia, gymnázium a SŠP","Praha","chybi_presna_shoda","","","",""
"691020060_75-31-M/01","691020060","75-31-M/01","","SOS","Střední pedagogická škola Inspira z. ú.","Pohořelice","chybi_presna_shoda","","","",""
"691020094_78-42-M/06","691020094","78-42-M/06","","LYC","Střední škola Baltimore z. ú.","Beroun","chybi_presna_shoda","","","",""
