kraj,okres,obec,skola,redizo,obor,kkov,zamereni,typ_skoly,delka_studia,jednotna_zkouska,mista,prihlasky,prijati,nevesli_se_kvuli_kapacite,nedosahli_pozadavku_skoly,prijati_na_obor_vys_na_prihlasce,naplnenost_mist,nejnizsi_vysledek_prijatych
Hlavní město Praha,Praha,Praha,1. Slovanské gymnázium a jazyková škola,651028922,Gymnázium,79-41-K/41,Gymnázium - všeobecné - vybrané předměty v anglickém jazyce,Gymnázia 4letá,4,ano,45,22,6,0,4,9,0.13,
Hlavní město Praha,Praha,Praha,1. Slovanské gymnázium a jazyková škola,651028922,Gymnázium,79-41-K/41,všeobecné - český program,Gymnázia 4letá,4,ano,45,15,4,0,2,9,0.09,
Hlavní město Praha,Praha,Praha,"ART ECON - Gymnázium a SOŠ Praha, s.r.o.",600006042,Gymnázium,79-41-K/41,,Gymnázia 4letá,4,ano,14,21,7,0,1,13,0.5,
Hlavní město Praha,Praha,Praha,Akademie řemesel Praha - SŠ technická,600005381,Mechanik seřizovač,23-45-L/01,Obráběč kovů ,SOU s maturitou,4,ano,3,14,2,0,9,3,0.67,
Hlavní město Praha,Praha,Praha,Akademie řemesel Praha - SŠ technická,600005381,Strojní mechanik,23-51-H/01,,SOU s výuč. listem,3,ne,5,75,5,36,17,17,1.0,
Hlavní město Praha,Praha,Praha,Akademie řemesel Praha - SŠ technická,600005381,Strojník,23-65-H/01,,SOU s výuč. listem,3,ne,3,35,2,19,6,7,0.67,
Hlavní město Praha,Praha,Praha,Akademie řemesel Praha - SŠ technická,600005381,Tesař,36-64-H/01,,SOU s výuč. listem,3,ne,3,47,3,26,10,8,1.0,
Hlavní město Praha,Praha,Praha,Akademie řemesel Praha - SŠ technická,600005381,Montér suchých staveb,36-66-H/01,,SOU s výuč. listem,3,ne,5,59,5,39,7,8,1.0,
Hlavní město Praha,Praha,Praha,Akademie řemesel Praha - SŠ technická,600005381,Zedník,36-67-H/01,,SOU s výuč. listem,3,ne,3,53,3,31,14,5,1.0,
Hlavní město Praha,Praha,Praha,Akademie řemesel Praha - SŠ technická,600005381,Stravovací a ubytovací služby,65-51-E/01,,SOU s výuč. listem,3,ne,4,41,4,22,10,5,1.0,
Hlavní město Praha,Praha,Praha,Anglicko-české gymnázium AMAZON s.r.o.,651037026,Gymnázium,79-41-K/41,Worldwide Education,Gymnázia 4letá,4,ano,42,37,15,0,12,9,0.36,40.0
Hlavní město Praha,Praha,Praha,Církevní střední škola Jana Boska,600006077,Pečovatelské služby,75-41-E/01,,SOU s výuč. listem,3,ne,6,37,6,11,14,6,1.0,
Hlavní město Praha,Praha,Praha,Církevní střední škola Jana Boska,600006077,Sociální činnost,75-41-L/51,,Nástavby,2,ano,2,13,2,1,8,2,1.0,
Hlavní město Praha,Praha,Praha,Dívčí katolická střední škola,600020711,Pečovatelské služby,75-41-J/01,,SOU bez výuč. listu,2,ne,17,20,9,0,9,2,0.53,
Hlavní město Praha,Praha,Praha,Dívčí katolická střední škola,600020711,Praktická škola dvouletá,78-62-C/02,,SOU bez výuč. listu,2,ne,6,5,2,0,3,0,0.33,
Hlavní město Praha,Praha,Praha,"EDUCAnet-gymn., SOŠ a ZŠ Praha, s.r.o.",600005305,Gymnázium,79-41-K/41,NextGen Business,Gymnázia 4letá,4,ano,15,9,2,0,5,1,0.13,
Hlavní město Praha,Praha,Praha,"ERUNI, univerzitní gymnázium a SOŠ Praha, z.ú.",691019258,Předškolní a mimoškolní pedagogika,75-31-M/01,"Univerzitní příprava v pedagogice, psychologii a moderních metodách učení",SOŠ,4,ano,16,4,2,0,0,2,0.12,
Hlavní město Praha,Praha,Praha,"ERUNI, univerzitní gymnázium a SOŠ Praha, z.ú.",691019258,Gymnázium,79-41-K/41,Univerzitní akademické výzkumné gymnázium,Gymnázia 4letá,4,ano,19,5,2,0,0,3,0.11,
Hlavní město Praha,Praha,Praha,Euroškola Praha SOŠ s.r.o.,600006409,Ekonomika a podnikání,63-41-M/01,,SOŠ,4,ano,18,76,17,9,16,33,0.94,35.0
Hlavní město Praha,Praha,Praha,Evangelická akademie - pedagogické lyceum a SOŠ,600005429,Sociální činnost,75-41-M/01,,SOŠ,4,ano,9,37,9,8,7,13,1.0,
Hlavní město Praha,Praha,Praha,"G.A.P.education, střední škola s.r.o.",651040744,Grafický design,82-41-M/05,Propagační výtvarnictví - propagační grafika,SOŠ,4,ne,15,24,11,0,9,4,0.73,
Hlavní město Praha,Praha,Praha,GAELY,691017981,Ekonomické lyceum,78-42-M/02,Ekonomické lyceum GAELY,Lycea,4,ano,22,96,22,33,0,41,1.0,37.0
Hlavní město Praha,Praha,Praha,GAELY,691017981,Gymnázium,79-41-K/41,Gymnázium GAELY,Gymnázia 4letá,4,ano,44,90,42,0,1,47,0.95,22.0
Hlavní město Praha,Praha,Praha,Gymn. bří Čapků a První české soukr. SOU,600006531,Potravinářská výroba,29-51-E/01,Cukrářské práce,SOU s výuč. listem,3,ne,1,38,1,19,9,9,1.0,
Hlavní město Praha,Praha,Praha,Gymn. bří Čapků a První české soukr. SOU,600006531,Truhlář,33-56-H/01,Truhlář,SOU s výuč. listem,3,ne,3,29,3,1,24,1,1.0,
Hlavní město Praha,Praha,Praha,Gymn. bří Čapků a První české soukr. SOU,600006531,Podnikání,64-41-L/51,Podnikání,Nástavby,2,ano,8,104,8,0,95,1,1.0,
Hlavní město Praha,Praha,Praha,Gymn. bří Čapků a První české soukr. SOU,600006531,Gymnázium,79-41-K/41,Studia humaniora,Gymnázia 4letá,4,ano,16,24,10,0,9,5,0.62,35.0
Hlavní město Praha,Praha,Praha,Gymn. bří Čapků a První české soukr. SOU,600006531,Vlásenkář a maskér,82-51-H/05,Divadelní a filmový maskér,SOU s výuč. listem,3,ne,6,24,5,0,16,3,0.83,
Hlavní město Praha,Praha,Praha,Gymn.a Sport.gymn.se zaměř.na esporty,691017972,Gymnázium,79-41-K/41,,Gymnázia 4letá,4,ano,48,8,2,0,0,6,0.04,
Hlavní město Praha,Praha,Praha,Gymn.a Sport.gymn.se zaměř.na esporty,691017972,Gymnázium se sportovní přípravou,79-42-K/41,,Gymnázia 4letá,4,ano,45,18,5,0,3,8,0.11,
Hlavní město Praha,Praha,Praha,Gymnázium ARTION,691015881,Gymnázium,79-41-K/41,,Gymnázia 4letá,4,ano,8,1,1,0,0,0,0.12,
Hlavní město Praha,Praha,Praha,Gymnázium FOSTRA International s.r.o.,600005950,Gymnázium,79-41-K/41,Aspira - Rozvíjíme a podporujeme,Gymnázia 4letá,4,ano,72,70,24,0,14,28,0.33,16.0
Hlavní město Praha,Praha,Praha,Gymnázium FOSTRA International s.r.o.,600005950,Gymnázium,79-41-K/41,Gymnázium - Meda - Pro budoucí lékaře,Gymnázia 4letá,4,ano,26,26,12,0,6,7,0.46,22.0
Hlavní město Praha,Praha,Praha,Gymnázium FOSTRA International s.r.o.,600005950,Gymnázium,79-41-K/41,Gymnázium - Meda - Pro budoucí psychology,Gymnázia 4letá,4,ano,26,7,1,0,3,3,0.04,
Hlavní město Praha,Praha,Praha,Gymnázium FOSTRA International s.r.o.,600005950,Gymnázium,79-41-K/41,International - Rozvíjíme v globálních souvislostech Praha 3,Gymnázia 4letá,4,ano,52,17,7,0,5,5,0.13,
Hlavní město Praha,Praha,Praha,Gymnázium FOSTRA International s.r.o.,600005950,Gymnázium,79-41-K/41,International - Rozvíjíme v globálních souvislostech Praha 5,Gymnázia 4letá,4,ano,52,23,8,0,7,7,0.15,
Hlavní město Praha,Praha,Praha,"Gymnázium International a SOŠ, s.r.o.",691007080,Gymnázium,79-41-K/41,všeobecné,Gymnázia 4letá,4,ano,65,126,34,0,9,78,0.52,30.0
Hlavní město Praha,Praha,Praha,Gymnázium KUDYKAMPUS International s.r.o.,691019088,Gymnázium,79-41-K/41,,Gymnázia 4letá,4,ano,36,62,29,0,6,28,0.81,37.0
Hlavní město Praha,Praha,Praha,"Gymnázium Kodaňská a SOŠ, a.s.",691009619,Gymnázium,79-41-K/41,,Gymnázia 4letá,4,ano,13,53,13,3,2,35,1.0,48.0
Hlavní město Praha,Praha,Praha,Gymnázium Laury Bassi s.r.o.,691019193,Gymnázium,79-41-K/41,,Gymnázia 4letá,4,ano,31,11,2,0,4,5,0.06,
Hlavní město Praha,Praha,Praha,"Gymnázium Thomase Manna, z. ú.",691015554,Gymnázium,79-41-K/41,,Gymnázia 4letá,4,ano,9,7,5,0,1,1,0.56,
Hlavní město Praha,Praha,Praha,"Gymnázium VICTORIA HIGH SCHOOL, s.r.o.",691017271,Gymnázium,79-41-K/41,,Gymnázia 4letá,4,ano,45,8,2,0,1,5,0.04,
Hlavní město Praha,Praha,Praha,Gymnázium a SOŠ pro zrakově postižené,600171418,Obchodní akademie,63-41-M/02,,SOŠ,4,ano,10,2,2,0,0,0,0.2,
Hlavní město Praha,Praha,Praha,Gymnázium a SOŠ pro zrakově postižené,600171418,Obchodní škola,63-51-J/01,,SOU bez výuč. listu,2,ne,8,4,4,0,0,0,0.5,
Hlavní město Praha,Praha,Praha,Gymnázium mez.a veř. vztahů Praha s.r.o,691000212,Gymnázium,79-41-K/61,Projektovou výukou k všestrannosti I. ,Gymnázia 6letá,6,ano,16,85,15,11,55,3,0.94,50.0
Hlavní město Praha,Praha,Praha,Gymnázium mez.a veř. vztahů Praha s.r.o,691000212,Gymnázium,79-41-K/81,Umění komunikovat,Gymnázia 8letá,8,ano,3,57,3,17,34,3,1.0,
Hlavní město Praha,Praha,Praha,"Gymnázium, SOŠ a Pr. taneční konzervatoř",600005666,Obchodní akademie,63-41-M/02,Obchodní akademie,SOŠ,4,ano,15,69,15,10,7,37,1.0,37.0
Hlavní město Praha,Praha,Praha,"Gymnázium, SOŠ a Pr. taneční konzervatoř",600005666,Obchodní akademie,63-41-M/02,Sportovní management,SOŠ,4,ano,38,116,34,26,13,39,0.89,30.0
Hlavní město Praha,Praha,Praha,"Gymnázium, SOŠ a Pr. taneční konzervatoř",600005666,Hotelnictví,65-42-M/01,Hotelnictví,SOŠ,4,ano,23,68,20,4,13,28,0.87,25.0
Hlavní město Praha,Praha,Praha,"Gymnázium, SOŠ a Pr. taneční konzervatoř",600005666,Kosmetické služby,69-41-L/01,Kosmetické služby,SOU s maturitou,4,ano,36,125,30,20,25,44,0.83,25.0
Hlavní město Praha,Praha,Praha,"Gymnázium, SOŠ a Pr. taneční konzervatoř",600005666,Tanec,82-46-P/01,Tanec,Konzervatoře,8,ne,10,6,2,0,4,0,0.2,
Hlavní město Praha,Praha,Praha,"Gymnázium, ZŠ a MŠ Parentes",691000549,Gymnázium,79-41-K/41,všeobecné gymnázium s rozvojem charakteru.,Gymnázia 4letá,4,ano,19,3,0,0,3,0,0.0,
Hlavní město Praha,Praha,Praha,"Heřmánek Praha, ZŠ, gymnázium a střední ped. škola",691008426,Pedagogické lyceum,78-42-M/03,,Lycea,4,ano,10,6,1,0,4,1,0.1,
Hlavní město Praha,Praha,Praha,"Heřmánek Praha, ZŠ, gymnázium a střední ped. škola",691008426,Gymnázium,79-41-K/41,všeobecné,Gymnázia 4letá,4,ano,10,4,0,0,2,1,0.0,
Hlavní město Praha,Praha,Praha,"Jedličkův ústav a MŠ, ZŠ a Střední škola",600027341,Knihařské práce,34-57-E/01,"Knihařské práce - ŠVP ""Knihařské práce"". Žák získává základní orientaci v oblasti knihařských technik. Naučí se připravit a správně použít materiály pro konkrétní výrobu. Studium je zakončeno závěrečnou zkouškou s výučním listem.",SOU s výuč. listem,3,ne,2,6,2,2,2,0,1.0,
Hlavní město Praha,Praha,Praha,"Jedličkův ústav a MŠ, ZŠ a Střední škola",600027341,Sociální činnost,75-41-M/01,"Sociální činnost - ŠVP ""Práce v sociálních službách"" připravuje odborné pracovníky pro činnosti spojené s poskytováním sociálních služeb pro různé cílové skupiny. Studium je zakončeno maturitní zkouškou.",SOŠ,4,ano,3,1,0,0,1,0,0.0,
Hlavní město Praha,Praha,Praha,Klasické gymnázium Modřany a ZŠ,600005267,Gymnázium,79-41-K/41,Škola je dílna lisdskosti,Gymnázia 4letá,4,ano,18,37,18,2,1,16,1.0,43.0
Hlavní město Praha,Praha,Praha,Klasické gymnázium Modřany a ZŠ,600005267,Gymnázium,79-41-K/61,Škola je dílna lidskosti,Gymnázia 6letá,6,ano,11,146,11,112,15,8,1.0,66.0
Hlavní město Praha,Praha,Praha,Klasické gymnázium Modřany a ZŠ,600005267,Gymnázium,79-41-K/81,Škola je dílna lidskosti,Gymnázia 8letá,8,ano,7,119,7,88,15,9,1.0,
Hlavní město Praha,Praha,Praha,Konzervatoř a VOŠ Jaroslava Ježka,600004660,Hudba,82-44-P/01,82-44-M/01 Dirigování,Konzervatoře,6,ne,1,1,0,0,1,0,0.0,
Hlavní město Praha,Praha,Praha,Konzervatoř a VOŠ Jaroslava Ježka,600004660,Hudba,82-44-P/01,82-44-M/01 Hra na akordeon,Konzervatoře,6,ne,1,0,0,0,0,0,0.0,
Hlavní město Praha,Praha,Praha,Konzervatoř a VOŠ Jaroslava Ježka,600004660,Hudba,82-44-P/01,82-44-M/01 Hra na basovou kytaru,Konzervatoře,6,ne,1,1,1,0,0,0,1.0,
Hlavní město Praha,Praha,Praha,Konzervatoř a VOŠ Jaroslava Ježka,600004660,Hudba,82-44-P/01,"82-44-M/01 Hra na kytaru klasik, latin",Konzervatoře,6,ne,1,3,0,0,2,1,0.0,
Hlavní město Praha,Praha,Praha,Konzervatoř a VOŠ Jaroslava Ježka,600004660,Hudba,82-44-P/01,82-44-M/01 Hra na trubku,Konzervatoře,6,ne,2,0,0,0,0,0,0.0,
Hlavní město Praha,Praha,Praha,Konzervatoř a VOŠ Jaroslava Ježka,600004660,Hudba,82-44-P/01,82-44-M/01 Hra na violoncello,Konzervatoře,6,ne,2,0,0,0,0,0,0.0,
Hlavní město Praha,Praha,Praha,Konzervatoř a VOŠ Jaroslava Ježka,600004660,Hudba,82-44-P/01,82-44-M/01 Hra na violu,Konzervatoře,6,ne,1,0,0,0,0,0,0.0,
Hlavní město Praha,Praha,Praha,"Královská střední škola, s.r.o.",600006026,Obchodní akademie,63-41-M/02,Business Academy,SOŠ,4,ano,18,22,7,0,7,8,0.39,
Hlavní město Praha,Praha,Praha,"Královská střední škola, s.r.o.",600006026,Obchodní akademie,63-41-M/02,Obchodní akademie,SOŠ,4,ano,11,50,12,4,8,27,1.09,25.0
Hlavní město Praha,Praha,Praha,"Královská střední škola, s.r.o.",600006026,Veřejnosprávní činnost,68-43-M/01,Veřejnosprávní činnost,SOŠ,4,ano,18,42,17,1,7,16,0.94,25.0
Hlavní město Praha,Praha,Praha,"Královská střední škola, s.r.o.",600006026,Gymnázium,79-41-K/41,,Gymnázia 4letá,4,ano,21,7,1,0,1,5,0.05,
Hlavní město Praha,Praha,Praha,"MICHAEL - SŠ, Gymnázium a VOŠ, s.r.o.",600005364,Gymnázium,79-41-K/41,Učíme se pro budoucnost,Gymnázia 4letá,4,ano,16,16,3,0,5,8,0.19,
Hlavní město Praha,Praha,Praha,"MICHAEL - SŠ, Gymnázium a VOŠ, s.r.o.",600005364,Užitá fotografie a média,82-41-M/02,Fotografie a nová média,SOŠ,4,ne,14,8,6,0,2,0,0.43,
Hlavní město Praha,Praha,Praha,"MICHAEL - SŠ, Gymnázium a VOŠ, s.r.o.",600005364,Grafický design,82-41-M/05,Grafický design,SOŠ,4,ne,20,20,9,0,5,6,0.45,
Hlavní město Praha,Praha,Praha,"MICHAEL - SŠ, Gymnázium a VOŠ, s.r.o.",600005364,Design interiéru,82-41-M/11,Design interiéru,SOŠ,4,ne,2,9,2,2,4,1,1.0,
Hlavní město Praha,Praha,Praha,"MICHAEL - SŠ, Gymnázium a VOŠ, s.r.o.",600005364,Multimediální tvorba,82-41-M/17,Filmová tvorba,SOŠ,4,ne,7,6,5,0,1,0,0.71,
Hlavní město Praha,Praha,Praha,"Mezinárodní Konzervatoř Praha, s.r.o.",651038880,Hudba,82-44-P/01,Elektrická kytara ,Konzervatoře,6,ne,3,2,2,0,0,0,0.67,
Hlavní město Praha,Praha,Praha,"Mezinárodní Konzervatoř Praha, s.r.o.",651038880,Hudba,82-44-P/01,Fagot ,Konzervatoře,6,ne,1,1,1,0,0,0,1.0,
Hlavní město Praha,Praha,Praha,"Mezinárodní Konzervatoř Praha, s.r.o.",651038880,Hudba,82-44-P/01,Housle ,Konzervatoře,6,ne,5,1,0,0,1,0,0.0,
Hlavní město Praha,Praha,Praha,"Mezinárodní Konzervatoř Praha, s.r.o.",651038880,Hudba,82-44-P/01,Jazzový kontrabas ,Konzervatoře,6,ne,2,0,0,0,0,0,0.0,
Hlavní město Praha,Praha,Praha,"Mezinárodní Konzervatoř Praha, s.r.o.",651038880,Hudba,82-44-P/01,Klarinet,Konzervatoře,6,ne,1,0,0,0,0,0,0.0,
Hlavní město Praha,Praha,Praha,"Mezinárodní Konzervatoř Praha, s.r.o.",651038880,Hudba,82-44-P/01,Klasická kytara ,Konzervatoře,6,ne,3,0,0,0,0,0,0.0,
Hlavní město Praha,Praha,Praha,"Mezinárodní Konzervatoř Praha, s.r.o.",651038880,Hudba,82-44-P/01,Klavír ,Konzervatoře,6,ne,2,2,1,0,0,1,0.5,
Hlavní město Praha,Praha,Praha,"Mezinárodní Konzervatoř Praha, s.r.o.",651038880,Hudba,82-44-P/01,Kontrabas ,Konzervatoře,6,ne,2,0,0,0,0,0,0.0,
Hlavní město Praha,Praha,Praha,"Mezinárodní Konzervatoř Praha, s.r.o.",651038880,Hudba,82-44-P/01,Trubka ,Konzervatoře,6,ne,1,1,0,0,1,0,0.0,
Hlavní město Praha,Praha,Praha,"Mezinárodní Konzervatoř Praha, s.r.o.",651038880,Hudba,82-44-P/01,Viola,Konzervatoře,6,ne,2,0,0,0,0,0,0.0,
Hlavní město Praha,Praha,Praha,"Mezinárodní Konzervatoř Praha, s.r.o.",651038880,Hudba,82-44-P/01,Violoncello,Konzervatoře,6,ne,2,0,0,0,0,0,0.0,
Hlavní město Praha,Praha,Praha,"MŠ, ZŠ a gymnázium sv. Augustina",691003050,Gymnázium,79-41-K/41,,Gymnázia 4letá,4,ano,12,19,12,0,5,2,1.0,49.0
Hlavní město Praha,Praha,Praha,"Německá škola v Praze s.r.o.-zahr.šk.,ZŠ a gymnáz.",650004639,Gymnázium,79-41-K/81,,Gymnázia 8letá,8,ano,8,10,3,0,7,0,0.38,
Hlavní město Praha,Praha,Praha,"Obch. akademie Praha, s.r.o.",600005836,Obchodní akademie,63-41-M/02,Satalice Business/Obchodní akademie,SOŠ,4,ano,14,96,16,39,0,43,1.14,19.0
Hlavní město Praha,Praha,Praha,"Obch. akademie Praha, s.r.o.",600005836,Obchodní akademie,63-41-M/02,Vinohrady Business/Obchodní akademie,SOŠ,4,ano,21,56,21,11,0,24,1.0,22.0
Hlavní město Praha,Praha,Praha,Obchodní akademie Dušní,600004520,Informační technologie,18-20-M/01,Informatika v ekonomice,SOŠ,4,ano,4,106,4,66,4,32,1.0,
Hlavní město Praha,Praha,Praha,Odborné učiliště Vyšehrad,600020827,Potravinářská výroba,29-51-E/01,Cukrářské práce,SOU s výuč. listem,3,ne,13,27,6,0,19,1,0.46,
Hlavní město Praha,Praha,Praha,Odborné učiliště Vyšehrad,600020827,Stravovací a ubytovací služby,65-51-E/01,Kuchařské práce,SOU s výuč. listem,3,ne,11,19,6,0,9,4,0.55,
Hlavní město Praha,Praha,Praha,Odborné učiliště Vyšehrad,600020827,Prodavačské práce,66-51-E/01,Prodavačské práce,SOU s výuč. listem,3,ne,5,15,2,0,11,2,0.4,
Hlavní město Praha,Praha,Praha,Odborné učiliště Vyšehrad,600020827,Provozní služby,69-54-E/01,Provozní služby,SOU s výuč. listem,2,ne,5,10,5,2,2,1,1.0,
Hlavní město Praha,Praha,Praha,Odborné učiliště Vyšehrad,600020827,Pečovatelské služby,75-41-E/01,Pečovatelské služby,SOU s výuč. listem,3,ne,4,15,2,0,13,0,0.5,
Hlavní město Praha,Praha,Praha,Odborné učiliště Vyšehrad,600020827,Praktická škola dvouletá,78-62-C/02,Praktická škola,SOU bez výuč. listu,2,ne,3,11,3,0,8,0,1.0,
Hlavní město Praha,Praha,Praha,"PED Academy gymnázium, s.r.o.",691018791,Gymnázium,79-41-K/41,Všeobecné,Gymnázia 4letá,4,ano,15,3,0,0,2,1,0.0,
Hlavní město Praha,Praha,Praha,Pražská konzervatoř,600004538,Hudba,82-44-P/01,82-44-M/01 Hra na cembalo,Konzervatoře,6,ne,1,0,0,0,0,0,0.0,
Hlavní město Praha,Praha,Praha,Pražská konzervatoř,600004538,Hudba,82-44-P/01,82-44-M/01 Hra na housle,Konzervatoře,6,ne,2,1,1,0,0,0,0.5,
Hlavní město Praha,Praha,Praha,Pražská konzervatoř,600004538,Hudba,82-44-P/01,82-44-M/01 Hra na varhany,Konzervatoře,6,ne,1,0,0,0,0,0,0.0,
Hlavní město Praha,Praha,Praha,Pražská konzervatoř,600004538,Hudba,82-44-P/01,82-44-M/01 Hra na violu,Konzervatoře,6,ne,1,0,0,0,0,0,0.0,
Hlavní město Praha,Praha,Praha,Pražská konzervatoř,600004538,Zpěv,82-45-P/01,82-45-M/01 Klasický zpěv,Konzervatoře,6,ne,1,8,1,0,7,0,1.0,
Hlavní město Praha,Praha,Praha,Pražské humanitní gymnázium,600006549,Gymnázium,79-41-K/41,,Gymnázia 4letá,4,ano,20,15,4,0,6,5,0.2,
Hlavní město Praha,Praha,Praha,Pražské humanitní gymnázium,600006549,Gymnázium,79-41-K/81,,Gymnázia 8letá,8,ano,40,57,25,0,28,4,0.62,32.0
Hlavní město Praha,Praha,Praha,"SOŠ a SOU, Praha - Čakovice",600006433,Gastronomie,65-41-L/01,kuchař,SOU s maturitou,4,ano,9,53,9,18,3,23,1.0,
Hlavní město Praha,Praha,Praha,"SOŠ automobilní, informatiky a gymnázium",600170080,Informační technologie,18-20-M/01,,SOŠ,4,ano,13,51,13,19,5,14,1.0,50.0
Hlavní město Praha,Praha,Praha,"SOŠ automobilní, informatiky a gymnázium",600170080,Gymnázium,79-41-K/41,Elektromobility,Gymnázia 4letá,4,ano,22,49,22,6,5,16,1.0,46.0
Hlavní město Praha,Praha,Praha,SOŠ sociální svaté Zdislavy,600004902,Veřejnosprávní činnost,68-43-M/01,,SOŠ,4,ano,10,146,10,57,28,51,1.0,53.0
Hlavní město Praha,Praha,Praha,"SOŠ sociální, o.p.s.",600006000,Sociální činnost,75-41-M/01,,SOŠ,4,ano,6,70,6,26,13,25,1.0,
Hlavní město Praha,Praha,Praha,SOŠ uměleckořemeslná s.r.o.,600006379,Kombinované lyceum,78-42-M/06,,Lycea,4,ano,18,20,9,0,5,6,0.5,
Hlavní město Praha,Praha,Praha,SOŠ uměleckořemeslná s.r.o.,600006379,"Umělecký kovář a zámečník, pasíř",82-51-H/01,Umělecký kovář a zámečník,SOU s výuč. listem,3,ne,8,5,1,0,3,1,0.12,
Hlavní město Praha,Praha,Praha,SOŠ uměleckořemeslná s.r.o.,600006379,Umělecký truhlář a řezbář,82-51-H/02,Umělecký truhlář,SOU s výuč. listem,3,ne,3,8,3,0,4,1,1.0,
Hlavní město Praha,Praha,Praha,SOŠ uměleckořemeslná s.r.o.,600006379,Umělecký keramik,82-51-H/04,,SOU s výuč. listem,3,ne,2,6,1,0,4,1,0.5,
Hlavní město Praha,Praha,Praha,SOŠ uměleckořemeslná s.r.o.,600006379,Vlásenkář a maskér,82-51-H/05,,SOU s výuč. listem,3,ne,13,31,6,0,21,4,0.46,
Hlavní město Praha,Praha,Praha,SOŠ uměleckořemeslná s.r.o.,600006379,Umělecký štukatér,82-51-H/06,,SOU s výuč. listem,3,ne,2,0,0,0,0,0,0.0,
Hlavní město Praha,Praha,Praha,SOŠ uměleckořemeslná s.r.o.,600006379,Umělecký pozlacovač,82-51-H/07,,SOU s výuč. listem,3,ne,2,2,0,0,2,0,0.0,
Hlavní město Praha,Praha,Praha,SOŠ uměleckořemeslná s.r.o.,600006379,Umělecké řemeslné práce,82-51-L/51,,Nástavby,2,ano,4,4,2,0,2,0,0.5,
Hlavní město Praha,Praha,Praha,SPŠ a Gymnázium Na Třebešíně,600006565,Informační technologie,18-20-M/01,,SOŠ,4,ano,7,88,7,50,12,19,1.0,
Hlavní město Praha,Praha,Praha,SPŠ a Gymnázium Na Třebešíně,600006565,Strojírenství,23-41-M/01,,SOŠ,4,ano,4,22,4,11,1,6,1.0,
Hlavní město Praha,Praha,Praha,SPŠ a Gymnázium Na Třebešíně,600006565,Gymnázium,79-41-K/41,,Gymnázia 4letá,4,ano,4,50,4,26,2,18,1.0,
Hlavní město Praha,Praha,Praha,SPŠ elektrotechnická a gymnázium,600006514,Gymnázium,79-41-K/41,Gymnázium,Gymnázia 4letá,4,ano,3,31,3,13,2,13,1.0,
Hlavní město Praha,Praha,Praha,"SPŠ strojnická, škola hl.m. Prahy",600004686,Strojírenství,23-41-M/01,,SOŠ,4,ano,16,20,7,0,7,6,0.44,
Hlavní město Praha,Praha,Praha,SPŠ zeměměřická a Geogr. gymnázium Praha,600006123,Gymnázium,79-41-K/41,Geografie,Gymnázia 4letá,4,ano,7,19,7,1,3,8,1.0,
Hlavní město Praha,Praha,Praha,"SPŠ, SOŠ a G, Praha 2, Podskalská 10",600004856,Technologie potravin,29-41-M/01,"Technologie piva, vína, lihu a nealkoholických nápojů",SOŠ,4,ano,6,45,6,12,17,10,1.0,
Hlavní město Praha,Praha,Praha,"SPŠ, SOŠ a G, Praha 2, Podskalská 10",600004856,Technologie potravin,29-41-M/01,Technologie zpracování masa a masných výrobků,SOŠ,4,ano,5,9,2,0,5,3,0.4,
Hlavní město Praha,Praha,Praha,School for Future – gymnázium s.r.o.,691017832,Gymnázium,79-41-K/41,,Gymnázia 4letá,4,ano,42,11,3,0,1,7,0.07,
Hlavní město Praha,Praha,Praha,"ScioŠkola Praha Holešovice - SŠ, s.r.o.",691016976,Gymnázium,79-41-K/41,,Gymnázia 4letá,4,ano,15,17,4,0,11,2,0.27,
Hlavní město Praha,Praha,Praha,"ScioŠkola Žižkov - střední škola, s.r.o.",691012342,Pedagogické lyceum,78-42-M/03,,Lycea,4,ano,4,9,2,0,7,0,0.5,
Hlavní město Praha,Praha,Praha,"Smíchovská SPŠ, gymnázium a hotelová škola",600005542,Lyceum (režim pokusného ověřování),78-42-M/08,,Lycea,4,ano,16,100,16,47,23,14,1.0,50.0
Hlavní město Praha,Praha,Praha,"Soukr. SOŠ a Soukr. SOU BEAN, s.r.o.",600006328,Obchodní akademie,63-41-M/02,,SOŠ,4,ano,19,140,19,47,9,65,1.0,35.0
Hlavní město Praha,Praha,Praha,Soukr. střední škola gastronomie s.r.o.,600006034,Podnikání,64-41-L/51,,Nástavby,2,ano,11,96,11,35,40,10,1.0,21.0
Hlavní město Praha,Praha,Praha,Soukr. střední škola gastronomie s.r.o.,600006034,Gastronomie,65-41-L/01,,SOU s maturitou,4,ano,15,32,7,0,15,10,0.47,
Hlavní město Praha,Praha,Praha,Soukr. střední škola gastronomie s.r.o.,600006034,Kuchař - číšník,65-51-H/01,,SOU s výuč. listem,3,ne,15,113,15,18,59,21,1.0,
Hlavní město Praha,Praha,Praha,Soukromá SŠ a ZŠ (1. KŠPA) Praha s.r.o.,600006310,Gymnázium,79-41-K/41,,Gymnázia 4letá,4,ano,24,38,7,0,5,26,0.29,
Hlavní město Praha,Praha,Praha,Soukromá SŠ a ZŠ (1. KŠPA) Praha s.r.o.,600006310,Grafický design,82-41-M/05,,SOŠ,4,ne,18,19,5,0,10,4,0.28,
Hlavní město Praha,Praha,Praha,Soukromá střední škola IMPULS 2003 s.r.o.,691018812,Provozní služby,69-54-E/01,,SOU s výuč. listem,2,ne,2,2,1,0,1,0,0.5,
Hlavní město Praha,Praha,Praha,"Soukromé SOU ATHOZ, spol. s r.o.",600005445,Kuchař - číšník,65-51-H/01,,SOU s výuč. listem,3,ne,26,104,26,19,41,18,1.0,
Hlavní město Praha,Praha,Praha,Střední odborná škola - COP a Gymnázium,600170063,Mechanik elektrotechnik,26-41-L/01,Autoelektronika a diagnostika vozidel,SOU s maturitou,4,ano,14,55,14,15,9,17,1.0,31.0
Hlavní město Praha,Praha,Praha,Střední odborná škola - COP a Gymnázium,600170063,Mechanik elektrotechnik,26-41-L/01,Mechanik elektronik - organizační a výpočetní technika,SOU s maturitou,4,ano,4,16,4,7,0,5,1.0,
Hlavní město Praha,Praha,Praha,Střední odborná škola - COP a Gymnázium,600170063,Chemik operátor,28-42-L/01,Farmaceutický chemik,SOU s maturitou,4,ano,3,25,3,9,6,7,1.0,
Hlavní město Praha,Praha,Praha,Střední odborná škola - COP a Gymnázium,600170063,Fotograf,34-56-L/01,,SOU s maturitou,4,ano,15,41,14,1,21,4,0.93,30.0
Hlavní město Praha,Praha,Praha,Střední odborná škola - COP a Gymnázium,600170063,Veřejnosprávní činnost,68-43-M/01,,SOŠ,4,ano,8,106,8,51,9,38,1.0,
Hlavní město Praha,Praha,Praha,Střední odborná škola - COP a Gymnázium,600170063,Gymnázium,79-41-K/41,Gymnázium Elektron,Gymnázia 4letá,4,ano,14,24,10,0,4,10,0.71,59.0
Hlavní město Praha,Praha,Praha,Střední odborné učiliště,600005259,Strojní mechanik,23-51-H/01,Zámečník,SOU s výuč. listem,3,ne,10,71,10,15,34,12,1.0,
Hlavní město Praha,Praha,Praha,Střední odborné učiliště,600005259,Mechanik opravář motorových vozidel,23-68-H/01,Automechanik,SOU s výuč. listem,3,ne,31,222,31,44,113,34,1.0,
Hlavní město Praha,Praha,Praha,Střední odborné učiliště,600005259,Mechanik elektrotechnik,26-41-L/01,Elektromechanik pro zařízení a přístroje,SOU s maturitou,4,ano,26,135,26,60,5,44,1.0,28.0
Hlavní město Praha,Praha,Praha,Střední odborné učiliště,600005259,Truhlář,33-56-H/01,Truhlář,SOU s výuč. listem,3,ne,15,93,14,20,24,34,0.93,
Hlavní město Praha,Praha,Praha,"Střední průmyslová škola dopravní, a.s.",600005658,Strojní mechanik,23-51-H/01,,SOU s výuč. listem,3,ne,15,115,15,77,0,23,1.0,
Hlavní město Praha,Praha,Praha,"Střední průmyslová škola dopravní, a.s.",600005658,Karosář,23-55-H/02,,SOU s výuč. listem,3,ne,10,81,10,54,0,17,1.0,
Hlavní město Praha,Praha,Praha,"Střední průmyslová škola dopravní, a.s.",600005658,Technické lyceum,78-42-M/01,,Lycea,4,ano,19,67,19,28,0,20,1.0,34.0
Hlavní město Praha,Praha,Praha,Střední zahradnická škola a SOU s.r.o.,691006989,Zahradnictví,41-44-M/01,,SOŠ,4,ano,11,51,10,14,19,7,0.91,21.0
Hlavní město Praha,Praha,Praha,"Střední škola ARCUS, s.r.o.",600006450,Multimediální tvorba,82-41-M/17,,SOŠ,4,ne,6,24,6,5,10,3,1.0,
Hlavní město Praha,Praha,Praha,"Střední škola Futurum, s.r.o.",600006662,Předškolní a mimoškolní pedagogika,75-31-M/01,Denní studium ,SOŠ,4,ano,12,18,7,0,7,4,0.58,
Hlavní město Praha,Praha,Praha,"Střední škola Futurum, s.r.o.",600006662,Pedagogické lyceum,78-42-M/03,akademické,Lycea,4,ano,30,22,9,0,9,4,0.3,
Hlavní město Praha,Praha,Praha,"Střední škola Futurum, s.r.o.",600006662,Lyceum (režim pokusného ověřování),78-42-M/08,,Lycea,4,ano,30,29,12,0,9,9,0.4,28.0
Hlavní město Praha,Praha,Praha,"Střední škola Futurum, s.r.o.",600006662,Gymnázium,79-41-K/41,,Gymnázia 4letá,4,ano,22,24,5,0,6,13,0.23,
Hlavní město Praha,Praha,Praha,"Střední škola SČMSD Praha, s.r.o.",600006298,Nutriční asistent,53-41-M/02,Nutriční asistent,SOŠ,4,ano,16,59,16,9,13,21,1.0,35.0
Hlavní město Praha,Praha,Praha,"Střední škola SČMSD Praha, s.r.o.",600006298,Gastronomie,65-41-L/01,Gastronomie,SOU s maturitou,4,ano,10,12,1,0,7,4,0.1,
Hlavní město Praha,Praha,Praha,"Střední škola SČMSD Praha, s.r.o.",600006298,Hotelnictví,65-42-M/01,Hotelnictví,SOŠ,4,ano,9,37,9,2,21,5,1.0,
Hlavní město Praha,Praha,Praha,"Střední škola SČMSD Praha, s.r.o.",600006298,Ekonomické lyceum,78-42-M/02,Ekonomické lyceum,Lycea,4,ano,14,60,13,18,2,26,0.93,45.0
Hlavní město Praha,Praha,Praha,Střední škola a VOŠ umělecká a řemeslná,600005640,"Umělecký kovář a zámečník, pasíř",82-51-H/01,Umělecké kovářství a zámečnictví,SOU s výuč. listem,3,ne,2,4,0,0,3,1,0.0,
Hlavní město Praha,Praha,Praha,Střední škola a VOŠ umělecká a řemeslná,600005640,Umělecký truhlář a řezbář,82-51-H/02,Umělecké truhlářství a restaurování,SOU s výuč. listem,3,ne,8,6,4,0,1,0,0.5,
Hlavní město Praha,Praha,Praha,Střední škola a VOŠ umělecká a řemeslná,600005640,Umělecký truhlář a řezbář,82-51-H/02,Umělecké řezbářství a restaurování,SOU s výuč. listem,3,ne,2,4,0,0,4,0,0.0,
Hlavní město Praha,Praha,Praha,Střední škola gastronomie,600006581,Gastronomie,65-41-L/01,Gastronomie,SOU s maturitou,4,ano,54,127,52,0,33,42,0.96,21.0
Hlavní město Praha,Praha,Praha,Střední škola obchodní,600004864,Podnikání,64-41-L/51,,Nástavby,2,ano,13,61,12,0,49,0,0.92,30.0
Hlavní město Praha,Praha,Praha,Střední škola obchodní,600004864,Obchodník,66-41-L/01,,SOU s maturitou,4,ano,47,183,45,34,48,54,0.96,47.0
Hlavní město Praha,Praha,Praha,Střední škola obchodní,600004864,Prodavač,66-51-H/01,,SOU s výuč. listem,3,ne,51,221,51,78,42,50,1.0,
Hlavní město Praha,Praha,Praha,Střední škola obchodní,600004864,Operátor skladování,66-53-H/01,,SOU s výuč. listem,3,ne,10,96,10,44,22,20,1.0,
Hlavní město Praha,Praha,Praha,Střední škola obchodní,600004864,Ekonomické lyceum,78-42-M/02,,Lycea,4,ano,47,167,46,27,30,63,0.98,57.0
Hlavní město Praha,Praha,Praha,Střední škola podnikání a gastronomie,600006387,Řezník - uzenář,29-56-H/01,Řezník - uzenář,SOU s výuč. listem,3,ne,6,19,5,0,12,2,0.83,
Hlavní město Praha,Praha,Praha,"SŠ designu,umění,kniž.kult. a ekonomiky",600170021,Informační služby,72-41-M/01,(netechnický obor) ,SOŠ,4,ano,5,27,5,10,6,6,1.0,
Hlavní město Praha,Praha,Praha,"SŠ designu,umění,kniž.kult. a ekonomiky",600170021,Grafický design,82-41-M/05, propagační grafika,SOŠ,4,ne,4,18,4,4,9,1,1.0,
Hlavní město Praha,Praha,Praha,SŠ dostihového sportu a jezdectví,600005569,Jezdec a chovatel koní,41-53-H/02,se zaměřením na dostihový sport,SOU s výuč. listem,3,ne,14,29,11,0,14,4,0.79,
Hlavní město Praha,Praha,Praha,SŠ elektrotechniky a strojírenství,600006638,Strojírenství,23-41-M/01,Průmyslová robotika,SOŠ,4,ano,12,30,11,0,4,15,0.92,39.0
Hlavní město Praha,Praha,Praha,SŠ elektrotechniky a strojírenství,600006638,Mechanik seřizovač,23-45-L/01,Operátor CNC strojů,SOU s maturitou,4,ano,7,13,5,0,5,3,0.71,
Hlavní město Praha,Praha,Praha,SŠ elektrotechniky a strojírenství,600006638,Telekomunikace,26-45-M/01,Telekomunikační a datové sítě ,SOŠ,4,ano,11,31,11,2,2,16,1.0,
Hlavní město Praha,Praha,Praha,SŠ gastronomická a hotelová s.r.o.,600005216,Cukrář,29-54-H/01,,SOU s výuč. listem,3,ne,17,201,15,79,62,43,0.88,
Hlavní město Praha,Praha,Praha,SŠ gastronomická a hotelová s.r.o.,600005216,Gastronomie,65-41-L/01,,SOU s maturitou,4,ano,18,131,18,24,41,48,1.0,32.0
Hlavní město Praha,Praha,Praha,"SŠ kosmetiky a hotelnictví BEAN, s.r.o.",600005798,Gastronomie,65-41-L/01,,SOU s maturitou,4,ano,28,71,26,0,17,27,0.93,15.0
Hlavní město Praha,Praha,Praha,"SŠ kosmetiky a hotelnictví BEAN, s.r.o.",600005798,Kuchař - číšník,65-51-H/01,,SOU s výuč. listem,3,ne,25,157,25,11,98,23,1.0,
Hlavní město Praha,Praha,Praha,SŠ managementu a služeb a ZŠ s.r.o.,600005275,Ekonomika a podnikání,63-41-M/01,management cestovního ruchu,SOŠ,4,ano,16,127,15,45,24,42,0.94,39.0
Hlavní město Praha,Praha,Praha,SŠ managementu a služeb a ZŠ s.r.o.,600005275,Ekonomika a podnikání,63-41-M/01,management obchodu,SOŠ,4,ano,12,84,12,30,12,30,1.0,42.0
Hlavní město Praha,Praha,Praha,SŠ managementu a služeb a ZŠ s.r.o.,600005275,Aranžér,66-52-H/01,,SOU s výuč. listem,3,ne,10,110,10,17,74,9,1.0,
Hlavní město Praha,Praha,Praha,SŠ managementu a služeb a ZŠ s.r.o.,600005275,Grafický design,82-41-M/05,,SOŠ,4,ne,15,34,6,0,22,6,0.4,
Hlavní město Praha,Praha,Praha,Taneční centrum Praha - konzervatoř,600005780,Tanec,82-46-P/01,Konzervatoř - gymnázium,Konzervatoře,8,ne,11,11,5,0,6,0,0.45,
Hlavní město Praha,Praha,Praha,"Taneční konzervatoř HMP, Praha 1, Křižovnická 7",600004601,Tanec,82-46-P/01,82-46-M/01 Tanec,Konzervatoře,8,ne,2,3,0,0,3,0,0.0,
Hlavní město Praha,Praha,Praha,VOŠ a SPŠ dopravní,600004643,Elektrotechnika,26-41-M/01,Inteligentní dopravní systémy,SOŠ,4,ano,13,52,13,8,11,20,1.0,41.0
Hlavní město Praha,Praha,Praha,VOŠ a Střední umělecká škola V. Hollara,600004970,Výtvarné zpracování keramiky a porcelánu,82-41-M/12,Vytváření keramiky,SOŠ,4,ne,2,5,2,0,3,0,1.0,
Hlavní město Praha,Praha,Praha,VOŠ grafická a SPŠ grafická,600004562,Grafický design,82-41-M/05,Design objektů a obalů,SOŠ,4,ne,3,17,0,0,17,0,0.0,
Hlavní město Praha,Praha,Praha,"Výchovný ústav, SVP Klíčov a střed.škola",600027686,Práce ve stravování,65-51-E/02,kuchař/kuchařka,SOU s výuč. listem,2,ne,4,3,3,0,0,0,0.75,
Hlavní město Praha,Praha,Praha,"Základní škola a gymnázium Minehava,z.s.",691018146,Gymnázium,79-41-K/41,"Svoboda, respekt, dobrodružství",Gymnázia 4letá,4,ano,8,5,2,0,1,1,0.25,
Hlavní město Praha,Praha,Praha,ZŠ a Gymnázium Leonardo V. Academy,691015937,Gymnázium,79-41-K/41,,Gymnázia 4letá,4,ano,56,4,3,0,0,1,0.05,
Hlavní město Praha,Praha,Praha,ZŠ a gymnázium Livingston s.r.o.,691007039,Gymnázium,79-41-K/41,BB Studies,Gymnázia 4letá,4,ano,37,5,2,0,1,2,0.05,
Hlavní město Praha,Praha,Praha,ZŠ a gymnázium Livingston s.r.o.,691007039,Gymnázium,79-41-K/41,IB Diploma program,Gymnázia 4letá,4,ano,17,1,0,0,0,1,0.0,
Hlavní město Praha,Praha,Praha,"Škola MVV, SOŠ, Gymnázium, s.r.o.",600005402,Gymnázium,79-41-K/41,Gymnázium,Gymnázia 4letá,4,ano,10,5,1,0,2,2,0.1,
Jihomoravský kraj,Blansko,Blansko,"SŠ cest. ruchu a gastronomie, s.r.o.",600013383,Gastronomie,65-41-L/51,Gastronomický management,Nástavby,2,ano,11,1,1,0,0,0,0.09,
Jihomoravský kraj,Blansko,Blansko,"SŠ cest. ruchu a gastronomie, s.r.o.",600013383,Kuchař - číšník,65-51-H/01,Barman-sommelier / Kuchař-číšník,SOU s výuč. listem,3,ne,13,12,6,0,0,5,0.46,
Jihomoravský kraj,Blansko,Blansko,"SŠ cest. ruchu a gastronomie, s.r.o.",600013383,Ekonomické lyceum,78-42-M/02,Řízení a provoz hotelu,Lycea,4,ano,19,8,5,0,0,3,0.26,
Jihomoravský kraj,Blansko,Blansko,SŠ technická a gastronomická,600013391,Mechanik seřizovač,23-45-L/01,,SOU s maturitou,4,ano,22,7,3,0,0,4,0.14,
Jihomoravský kraj,Blansko,Blansko,SŠ technická a gastronomická,600013391,Nástrojař,23-52-H/01,,SOU s výuč. listem,3,ne,21,1,0,0,1,0,0.0,
Jihomoravský kraj,Blansko,Blansko,SŠ technická a gastronomická,600013391,Elektrikář,26-51-H/01,,SOU s výuč. listem,3,ne,3,8,2,0,2,4,0.67,
Jihomoravský kraj,Blansko,Blansko,SŠ technická a gastronomická,600013391,Kuchař - číšník,65-51-H/01,,SOU s výuč. listem,3,ne,3,7,3,1,0,3,1.0,
Jihomoravský kraj,Blansko,Boskovice,Střední škola André Citroëna,600013278,Obráběč kovů,23-56-H/01,,SOU s výuč. listem,3,ne,2,4,2,1,0,1,1.0,
Jihomoravský kraj,Blansko,Boskovice,Střední škola André Citroëna,600013278,Lyceum (režim pokusného ověřování),78-42-M/08,,Lycea,4,ano,13,8,4,0,0,4,0.31,
Jihomoravský kraj,Blansko,Boskovice,Vyšší odborná škola a střední škola,600171779,Zahradník,41-52-H/01,,SOU s výuč. listem,3,ne,2,2,0,0,0,2,0.0,
Jihomoravský kraj,Blansko,Boskovice,Vyšší odborná škola a střední škola,600171779,Praktická sestra,53-41-M/03,,SOŠ,4,ano,7,14,6,0,1,7,0.86,
Jihomoravský kraj,Blansko,Boskovice,Vyšší odborná škola a střední škola,600171779,Hotelnictví,65-42-M/01,,SOŠ,4,ano,9,15,3,0,1,11,0.33,
Jihomoravský kraj,Blansko,Boskovice,Vyšší odborná škola a střední škola,600171779,Kuchař - číšník,65-51-H/01,,SOU s výuč. listem,3,ne,3,6,2,0,1,3,0.67,
Jihomoravský kraj,Blansko,Boskovice,Vyšší odborná škola a střední škola,600171779,Sociální činnost,75-41-M/01,,SOŠ,4,ano,19,24,11,0,3,10,0.58,22.0
Jihomoravský kraj,Brno-město,Brno,"AKADEMIA Gy, ZŠ a MŠ, s.r.o.",600024938,Gymnázium,79-41-K/41,,Gymnázia 4letá,4,ano,2,11,2,5,1,3,1.0,
Jihomoravský kraj,Brno-město,Brno,"AKADEMIA Gy, ZŠ a MŠ, s.r.o.",600024938,Gymnázium,79-41-K/81,,Gymnázia 8letá,8,ano,4,36,4,11,18,3,1.0,
Jihomoravský kraj,Brno-město,Brno,"ERUNI, univerzitní gymnázium Brno, s.r.o.",691018731,Gymnázium,79-41-K/41,Univerzitní akademické výzkumné gymnázium,Gymnázia 4letá,4,ano,19,5,3,0,0,2,0.16,
Jihomoravský kraj,Brno-město,Brno,"ERUNI, univerzitní střední pedagogická škola Brno",691018715,Předškolní a mimoškolní pedagogika,75-31-M/01,"Univerzitní příprava v pedagogice, psychologii a moderních metodách učení",SOŠ,4,ano,19,1,1,0,0,0,0.05,
Jihomoravský kraj,Brno-město,Brno,Evangelické gymnázium a ZŠ Brno,691012164,Gymnázium,79-41-K/41,humanitní a jazykové,Gymnázia 4letá,4,ano,7,19,7,6,3,3,1.0,
Jihomoravský kraj,Brno-město,Brno,"Gymnázium Globe, s.r.o.",600013537,Gymnázium,79-41-K/81,Živé jazyky,Gymnázia 8letá,8,ano,20,38,10,9,1,8,0.5,34.0
Jihomoravský kraj,Brno-město,Brno,Hotelová škola s.r.o.,600013880,Obchodní akademie,63-41-M/02,Obchodní akademie,SOŠ,4,ano,12,35,11,3,0,20,0.92,15.0
Jihomoravský kraj,Brno-město,Brno,Hotelová škola s.r.o.,600013880,Hotelnictví,65-42-M/01,Hotelnictví a turismus,SOŠ,4,ano,33,67,30,0,0,35,0.91,14.0
Jihomoravský kraj,Brno-město,Brno,Hotelová škola s.r.o.,600013880,Lyceum (režim pokusného ověřování),78-42-M/08,Cestovní ruch a rozvoj regionů,Lycea,4,ano,20,47,16,0,0,30,0.8,19.0
Jihomoravský kraj,Brno-město,Brno,ISŠ automobilní,600171850,Karosář,23-55-H/02,,SOU s výuč. listem,3,ne,5,16,4,7,0,4,0.8,
Jihomoravský kraj,Brno-město,Brno,ISŠ automobilní,600171850,Mechanik opravář motorových vozidel,23-68-H/01,Mechanik nákladních vozidel a autobusů,SOU s výuč. listem,3,ne,1,21,1,15,0,5,1.0,
Jihomoravský kraj,Brno-město,Brno,ISŠ automobilní,600171850,Mechanik opravář motorových vozidel,23-68-H/01,Mechanik/diagnostik zemědělské a stavební techniky,SOU s výuč. listem,3,ne,4,26,4,14,0,8,1.0,
Jihomoravský kraj,Brno-město,Brno,"LABYRINTH - gymnázium a ZŠ, s.r.o.",691009627,Gymnázium,79-41-K/41,,Gymnázia 4letá,4,ano,6,15,6,5,3,1,1.0,
Jihomoravský kraj,Brno-město,Brno,"MŠ, ZŠ a SŠ Gellnerka Brno",600024962,Informační technologie,18-20-M/01,,SOŠ,4,ano,2,3,2,0,0,1,1.0,
Jihomoravský kraj,Brno-město,Brno,"MŠ, ZŠ a SŠ Gellnerka Brno",600024962,Prodavačské práce,66-51-E/01,,SOU s výuč. listem,3,ne,3,4,1,0,0,3,0.33,
Jihomoravský kraj,Brno-město,Brno,"MŠ, ZŠ a SŠ Gellnerka Brno",600024962,Aranžér,66-52-H/01,,SOU s výuč. listem,3,ne,2,6,2,0,0,4,1.0,
Jihomoravský kraj,Brno-město,Brno,"Obchodní akademie ELDO, o.p.s.",600013839,Obchodní akademie,63-41-M/02,Obchodní akademie,SOŠ,4,ano,8,41,8,9,10,14,1.0,
Jihomoravský kraj,Brno-město,Brno,Obchodní akademie a vyšší odborná škola,600013502,Informační služby,72-41-M/01,,SOŠ,4,ano,9,60,9,16,13,22,1.0,
Jihomoravský kraj,Brno-město,Brno,Odborné učiliště Brno,600025055,Potravinářské práce,29-51-E/02,běžná třída,SOU s výuč. listem,2,ne,11,37,11,2,12,12,1.0,
Jihomoravský kraj,Brno-město,Brno,Odborné učiliště Brno,600025055,Zednické práce,36-67-E/01,běžná třída,SOU s výuč. listem,3,ne,6,13,4,0,5,3,0.67,
Jihomoravský kraj,Brno-město,Brno,Odborné učiliště Brno,600025055,Stravovací a ubytovací služby,65-51-E/01,běžná třída,SOU s výuč. listem,3,ne,13,47,13,7,16,11,1.0,
Jihomoravský kraj,Brno-město,Brno,Odborné učiliště Brno,600025055,Pečovatelské služby,75-41-E/01,třída zřízená podle §16/ods.9,SOU s výuč. listem,3,ne,3,7,3,0,2,2,1.0,
Jihomoravský kraj,Brno-město,Brno,"PORG - gymnázium, ZŠ a MŠ, o.p.s.",600006018,Předškolní a mimoškolní pedagogika,75-31-M/01,"střední pedagogická škola, Brno",SOŠ,4,ano,17,7,4,0,2,1,0.24,
Jihomoravský kraj,Brno-město,Brno,"SPŠ chemická a gymnázium Brno, Vranovská",600013928,Analýza potravin,29-42-M/01,,SOŠ,4,ano,20,30,17,0,0,13,0.85,33.0
Jihomoravský kraj,Brno-město,Brno,"ScioŠkola Brno Medlánky - SŠ, s.r.o.",691015163,Gymnázium,79-41-K/41,"Bosonohy - Pro svět, který přijde",Gymnázia 4letá,4,ano,20,19,8,0,6,5,0.4,
Jihomoravský kraj,Brno-město,Brno,Střední odborná škola EDUCAnet Brno,600013669,Informační technologie,18-20-M/01,,SOŠ,4,ano,12,19,4,0,2,12,0.33,
Jihomoravský kraj,Brno-město,Brno,Střední odborná škola EDUCAnet Brno,600013669,Ekonomické lyceum,78-42-M/02,,Lycea,4,ano,8,22,6,0,0,16,0.75,
Jihomoravský kraj,Brno-město,Brno,Střední zdravot.škola a VOŠ zdravotnická,600019861,Oční optik,69-42-M/01,,SOŠ,4,ano,12,34,9,0,16,9,0.75,
Jihomoravský kraj,Brno-město,Brno,Střední zdravotnická škola Evangel.akad.,600019853,Praktická sestra,53-41-M/03,,SOŠ,4,ano,5,22,5,4,7,6,1.0,
Jihomoravský kraj,Brno-město,Brno,Střední škola,600013766,Řezník - uzenář,29-56-H/01,,SOU s výuč. listem,3,ne,7,5,3,0,0,2,0.43,
Jihomoravský kraj,Brno-město,Brno,Střední škola,600013766,Gastronomie,65-41-L/01,,SOU s maturitou,4,ano,16,22,7,0,5,10,0.44,
Jihomoravský kraj,Brno-město,Brno,Střední škola,600013766,Hotelnictví,65-42-M/01,,SOŠ,4,ano,16,84,15,13,25,30,0.94,22.0
Jihomoravský kraj,Brno-město,Brno,Střední škola,600013766,Kuchař - číšník,65-51-H/01,Kuchař,SOU s výuč. listem,3,ne,18,57,18,3,11,25,1.0,
Jihomoravský kraj,Brno-město,Brno,Střední škola,600013766,Kuchař - číšník,65-51-H/01,Číšník,SOU s výuč. listem,3,ne,25,76,23,3,19,29,0.92,
Jihomoravský kraj,Brno-město,Brno,Střední škola,600013766,Prodavač,66-51-H/01,,SOU s výuč. listem,3,ne,8,31,8,1,8,14,1.0,
Jihomoravský kraj,Brno-město,Brno,Střední škola,600013766,Ekonomické lyceum,78-42-M/02,,Lycea,4,ano,12,91,11,28,5,46,0.92,47.0
Jihomoravský kraj,Brno-město,Brno,Střední škola F. D. Roosevelta,600171531,Elektrotechnické a strojně montážní práce,26-51-E/01,,SOU s výuč. listem,3,ne,2,6,2,1,1,2,1.0,
Jihomoravský kraj,Brno-město,Brno,Střední škola F. D. Roosevelta,600171531,Šití prádla,31-59-E/02,,SOU s výuč. listem,2,ne,3,5,2,0,0,3,0.67,
Jihomoravský kraj,Brno-město,Brno,Střední škola F. D. Roosevelta,600171531,Výrobce kožedělného zboží,32-52-H/01,,SOU s výuč. listem,3,ne,4,2,2,0,0,0,0.5,
Jihomoravský kraj,Brno-město,Brno,Střední škola F. D. Roosevelta,600171531,Zpracovatel přírodních pletiv,33-58-E/01,Košíkářské práce,SOU s výuč. listem,3,ne,2,6,2,0,0,4,1.0,
Jihomoravský kraj,Brno-město,Brno,Střední škola F. D. Roosevelta,600171531,Zahradník,41-52-H/01,,SOU s výuč. listem,3,ne,2,2,1,0,0,1,0.5,
Jihomoravský kraj,Brno-město,Brno,Střední škola F. D. Roosevelta,600171531,Ekonomika a podnikání,63-41-M/01,"Obchodní, ekonomická a personální činnost",SOŠ,4,ano,6,0,0,0,0,0,0.0,
Jihomoravský kraj,Brno-město,Brno,Střední škola F. D. Roosevelta,600171531,Obchodní škola,63-51-J/01,,SOU bez výuč. listu,2,ne,4,5,3,0,0,2,0.75,
Jihomoravský kraj,Brno-město,Brno,Střední škola Gemini,600025021,Gastronomie,65-41-L/01,,SOU s maturitou,4,ano,11,3,0,0,2,1,0.0,
Jihomoravský kraj,Brno-město,Brno,Střední škola Gemini,600025021,Prodavač,66-51-H/01,Prodavač a výrobce lahůdek,SOU s výuč. listem,3,ne,12,5,3,0,2,0,0.25,
Jihomoravský kraj,Brno-město,Brno,Střední škola Gemini,600025021,Veřejnosprávní činnost,68-43-M/01,,SOŠ,4,ano,9,9,1,0,8,0,0.11,
Jihomoravský kraj,Brno-město,Brno,Střední škola Gemini,600025021,Pedagogické lyceum,78-42-M/03,,Lycea,4,ano,4,8,2,0,6,0,0.5,
Jihomoravský kraj,Brno-město,Brno,Střední škola grafická,600013910,Polygrafie,34-41-M/01,,SOŠ,4,ano,6,22,6,1,2,13,1.0,
Jihomoravský kraj,Brno-město,Brno,Střední škola grafická,600013910,Obalová technika,34-42-M/01,,SOŠ,4,ano,11,10,5,0,1,4,0.45,
Jihomoravský kraj,Brno-město,Brno,Střední škola grafická,600013910,Tiskař na polygrafických strojích,34-52-L/01,34-52-H/01 Tiskař na polygrafických strojích,SOU s maturitou,4,ano,4,4,2,0,0,2,0.5,
Jihomoravský kraj,Brno-město,Brno,Střední škola grafická,600013910,Technik dokončovacího zpracování tiskovin,34-57-L/01,34-57-H/01 Knihař ,SOU s maturitou,4,ano,10,5,1,0,0,4,0.1,
Jihomoravský kraj,Brno-město,Brno,Střední škola grafická,600013910,Technické lyceum,78-42-M/01,,Lycea,4,ano,23,48,14,0,6,28,0.61,26.0
Jihomoravský kraj,Brno-město,Brno,Střední škola polytechnická,600013821,Nábytkářská a dřevařská výroba,33-42-M/01,,SOŠ,4,ano,6,6,5,0,0,1,0.83,
Jihomoravský kraj,Brno-město,Brno,Střední škola polytechnická,600013821,Technická zařízení budov,36-45-M/01,,SOŠ,4,ano,9,14,7,0,0,7,0.78,
Jihomoravský kraj,Brno-město,Brno,Střední škola polytechnická,600013821,Podlahář,36-59-H/01,,SOU s výuč. listem,3,ne,4,19,4,3,0,12,1.0,
Jihomoravský kraj,Brno-město,Brno,Střední škola polytechnická,600013821,Montér suchých staveb,36-66-H/01,,SOU s výuč. listem,3,ne,6,15,6,2,0,7,1.0,
Jihomoravský kraj,Brno-město,Brno,Střední škola polytechnická,600013821,Zedník,36-67-H/01,,SOU s výuč. listem,3,ne,8,8,6,0,0,2,0.75,
Jihomoravský kraj,Brno-město,Brno,Střední škola polytechnická,600013821,Malíř a lakýrník,39-41-H/01,,SOU s výuč. listem,3,ne,7,16,6,2,0,7,0.86,
Jihomoravský kraj,Brno-město,Brno,Střední škola technická a ekonomická,600171019,Obráběč kovů,23-56-H/01,,SOU s výuč. listem,3,ne,8,19,8,2,0,9,1.0,
Jihomoravský kraj,Brno-město,Brno,Střední škola technická a ekonomická,600171019,Puškař,23-69-H/01,,SOU s výuč. listem,3,ne,1,6,1,2,2,1,1.0,
Jihomoravský kraj,Brno-město,Brno,"SŠ KNIH,o.p.s.",600013511,Knihkupecké a nakladatelské činnosti,66-43-M/01,,SOŠ,4,ano,15,15,10,0,1,4,0.67,17.0
Jihomoravský kraj,Brno-město,Brno,SŠ a VOŠ informatiky a financí Brno,600013782,Logistické a finanční služby,37-42-M/01,Logistika,SOŠ,4,ano,39,110,40,1,19,51,1.03,20.0
Jihomoravský kraj,Brno-město,Brno,SŠ a VOŠ informatiky a financí Brno,600013782,Ekonomika a podnikání,63-41-M/01,Bezpečnost dat,SOŠ,4,ano,15,100,15,22,22,41,1.0,35.0
Jihomoravský kraj,Brno-město,Brno,SŠ a VOŠ informatiky a financí Brno,600013782,Technické lyceum,78-42-M/01,Technické lyceum,Lycea,4,ano,18,34,13,0,9,12,0.72,33.0
Jihomoravský kraj,Brno-město,Brno,SŠ a VOŠ tradičních řemesel s.r.o.,600013979,Podnikání,64-41-L/51,,Nástavby,2,ano,8,32,8,1,21,2,1.0,
Jihomoravský kraj,Brno-město,Brno,SŠ a VOŠ tradičních řemesel s.r.o.,600013979,Kuchař - číšník,65-51-H/01,,SOU s výuč. listem,3,ne,10,43,10,7,1,25,1.0,
Jihomoravský kraj,Brno-město,Brno,SŠ a VOŠ tradičních řemesel s.r.o.,600013979,Kosmetické služby,69-41-L/01,,SOU s maturitou,4,ano,7,65,7,13,26,19,1.0,
Jihomoravský kraj,Brno-město,Brno,SŠ a VOŠ tradičních řemesel s.r.o.,600013979,Masér sportovní a rekondiční,69-41-L/02,,SOU s maturitou,4,ano,17,49,17,10,9,13,1.0,28.0
Jihomoravský kraj,Brno-město,Brno,SŠ a VOŠ tradičních řemesel s.r.o.,600013979,Lyceum (režim pokusného ověřování),78-42-M/08,,Lycea,4,ano,16,16,4,0,3,9,0.25,
Jihomoravský kraj,Brno-město,Brno,SŠ a VOŠ tradičních řemesel s.r.o.,600013979,Design interiéru,82-41-M/11,,SOŠ,4,ne,10,9,6,0,2,1,0.6,
Jihomoravský kraj,Brno-město,Brno,SŠ a VOŠ tradičních řemesel s.r.o.,600013979,Umělecké řemeslné práce,82-51-L/51,,Nástavby,2,ano,7,6,5,0,1,0,0.71,
Jihomoravský kraj,Brno-město,Brno,SŠ stavebních řemesel,600013847,Provozní technika,23-43-L/51,Dvouleté denní nástavbové studium,Nástavby,2,ano,5,4,4,0,0,0,0.8,
Jihomoravský kraj,Brno-město,Brno,SŠ stavebních řemesel,600013847,Strojní mechanik,23-51-H/01,Tříleté studium,SOU s výuč. listem,3,ne,8,10,2,0,1,7,0.25,
Jihomoravský kraj,Brno-město,Brno,SŠ stavebních řemesel,600013847,Nábytkářská a dřevařská výroba,33-42-M/01,Čtyřleté studium,SOŠ,4,ano,17,5,3,0,0,2,0.18,
Jihomoravský kraj,Brno-město,Brno,SŠ stavebních řemesel,600013847,Čalouník,33-59-H/01,Tříleté studium,SOU s výuč. listem,3,ne,4,9,4,0,0,5,1.0,
Jihomoravský kraj,Brno-město,Brno,SŠ stavebních řemesel,600013847,Stavební provoz,36-44-L/51,Dvouleté denní nástavbové studium,Nástavby,2,ano,8,0,0,0,0,0,0.0,
Jihomoravský kraj,Brno-město,Brno,SŠ stavebních řemesel,600013847,Instalatér,36-52-H/01,Tříleté studium,SOU s výuč. listem,3,ne,2,13,2,5,0,6,1.0,
Jihomoravský kraj,Brno-město,Brno,SŠ stavebních řemesel,600013847,Mechanik plynových zařízení,36-52-H/02,Tříleté studium,SOU s výuč. listem,3,ne,5,7,2,0,0,4,0.4,
Jihomoravský kraj,Brno-město,Brno,SŠ stavebních řemesel,600013847,Kominík,36-56-H/01,Tříleté studium,SOU s výuč. listem,3,ne,4,4,0,0,0,4,0.0,
Jihomoravský kraj,Brno-město,Brno,SŠ stavebních řemesel,600013847,Tesař,36-64-H/01,Tříleté studium,SOU s výuč. listem,3,ne,7,11,4,0,0,7,0.57,
Jihomoravský kraj,Brno-město,Brno,SŠ stavebních řemesel,600013847,Zedník,36-67-H/01,Tříleté studium,SOU s výuč. listem,3,ne,6,9,5,0,0,4,0.83,
Jihomoravský kraj,Brno-město,Brno,SŠ stavebních řemesel,600013847,Pokrývač,36-69-H/01,Tříleté studium,SOU s výuč. listem,3,ne,10,4,1,0,0,3,0.1,
Jihomoravský kraj,Brno-město,Brno,SŠ stavebních řemesel,600013847,Umělecký truhlář a řezbář,82-51-H/02,Tříleté studium,SOU s výuč. listem,3,ne,7,10,3,0,2,5,0.43,
Jihomoravský kraj,Brno-město,Brno,SŠ stavebních řemesel,600013847,Uměleckořemeslné zpracování dřeva,82-51-L/02,"práce truhlářské, čtyřleté studium",SOU s maturitou,4,ne,1,4,0,1,2,0,0.0,
Jihomoravský kraj,Brno-město,Brno,SŠ strojírenská a elektrotechnická,600013855,Mechanik seřizovač,23-45-L/01,elektromechanik pro zařízení a přístroje (L0+H),SOU s maturitou,4,ano,11,10,0,0,3,7,0.0,
Jihomoravský kraj,Brno-město,Brno,SŠ strojírenská a elektrotechnická,600013855,Mechanik seřizovač,23-45-L/01,obráběč kovů (L0+H),SOU s maturitou,4,ano,7,2,1,0,0,1,0.14,
Jihomoravský kraj,Brno-město,Brno,SŠ strojírenská a elektrotechnická,600013855,Nástrojař,23-52-H/01,denní studium,SOU s výuč. listem,3,ne,14,11,4,0,0,7,0.29,
Jihomoravský kraj,Brno-město,Brno,SŠ strojírenská a elektrotechnická,600013855,Mechanik elektrotechnik,26-41-L/01, elektromechanik pro zařízení a přístroje (L0+H),SOU s maturitou,4,ano,9,22,9,5,1,7,1.0,
Jihomoravský kraj,Brno-město,Brno,SŠ strojírenská a elektrotechnická,600013855,Elektrotechnika,26-41-M/01,Informační technologie,SOŠ,4,ano,40,45,23,0,4,18,0.57,19.0
Jihomoravský kraj,Brno-město,Brno,SŠ strojírenská a elektrotechnická,600013855,Elektrikář - silnoproud,26-51-H/02,fotovoltaika,SOU s výuč. listem,3,ne,5,40,5,16,0,19,1.0,
Jihomoravský kraj,Brno-město,Brno,SŠ strojírenská a elektrotechnická,600013855,Technické lyceum,78-42-M/01,Strojírenství a elektrotechnika,Lycea,4,ano,22,22,10,0,0,12,0.45,26.0
Jihomoravský kraj,Brno-město,Brno,SŠ umění a designu a VOŠ,600013944,Modelářství a návrhářství oděvů,82-41-M/07,Ekotextil design ,SOŠ,4,ne,8,13,4,0,8,1,0.5,
Jihomoravský kraj,Brno-město,Brno,SŠ umění a designu a VOŠ,600013944,Textilní výtvarnictví,82-41-M/14,Design interiéru a textilu ,SOŠ,4,ne,9,18,3,0,10,5,0.33,
Jihomoravský kraj,Brno-město,Brno,"SŠ, ZŠ a MŠ pro zdravotně znevýhodněné",600025047,Obchodní akademie,63-41-M/02,,SOŠ,4,ano,5,2,2,0,0,0,0.4,
Jihomoravský kraj,Brno-město,Brno,"SŠ, ZŠ a MŠ pro zdravotně znevýhodněné",600025047,Prodavačské práce,66-51-E/01,,SOU s výuč. listem,3,ne,5,2,1,0,1,0,0.2,
Jihomoravský kraj,Brno-město,Brno,"SŠ, ZŠ a MŠ pro zdravotně znevýhodněné",600025047,Provozní služby,69-54-E/01,,SOU s výuč. listem,2,ne,6,2,0,0,2,0,0.0,
Jihomoravský kraj,Brno-město,Brno,"SŠ, ZŠ a MŠ pro zdravotně znevýhodněné",600025047,Pečovatelské služby,75-41-E/01,,SOU s výuč. listem,3,ne,6,2,2,0,0,0,0.33,
Jihomoravský kraj,Brno-město,Brno,"SŠ, ZŠ a MŠ pro zdravotně znevýhodněné",600025047,Sociální činnost,75-41-M/01,,SOŠ,4,ano,5,3,3,0,0,0,0.6,
Jihomoravský kraj,Brno-město,Brno,Taneční konzervatoř,600013812,Tanec,82-46-P/01,"82-46-P/01, 82-46-M/01",Konzervatoře,8,ne,2,3,0,0,3,0,0.0,
Jihomoravský kraj,Brno-město,Brno,"Waldorfská škola Brno - SŠ, ZŠ a MŠ",691000735,Kombinované lyceum,78-42-M/06,,Lycea,4,ano,4,12,4,4,0,4,1.0,
Jihomoravský kraj,Brno-město,Brno,Základní škola a praktická škola,600024911,Praktická škola dvouletá,78-62-C/02,Škola pro život - Praktická škola dvouletá,SOU bez výuč. listu,2,ne,10,0,0,0,0,0,0.0,
Jihomoravský kraj,Hodonín,Bzenec,"SŠ gastronomie, hotelnictví a lesnictví",600014614,Ekologie a životní prostředí,16-01-M/01,,SOŠ,4,ano,19,4,0,0,1,3,0.0,
Jihomoravský kraj,Hodonín,Bzenec,"SŠ gastronomie, hotelnictví a lesnictví",600014614,Potravinářská výroba,29-51-E/01,,SOU s výuč. listem,3,ne,1,1,0,0,1,0,0.0,
Jihomoravský kraj,Hodonín,Bzenec,"SŠ gastronomie, hotelnictví a lesnictví",600014614,Cukrář,29-54-H/01,,SOU s výuč. listem,3,ne,17,18,6,0,0,12,0.35,
Jihomoravský kraj,Hodonín,Bzenec,"SŠ gastronomie, hotelnictví a lesnictví",600014614,Mechanizace zemědělství a lesního hospodářství,41-45-L/51,,Nástavby,2,ano,20,0,0,0,0,0,0.0,
Jihomoravský kraj,Hodonín,Bzenec,"SŠ gastronomie, hotelnictví a lesnictví",600014614,Zahradnické práce,41-52-E/01,,SOU s výuč. listem,3,ne,1,1,0,0,1,0,0.0,
Jihomoravský kraj,Hodonín,Bzenec,"SŠ gastronomie, hotelnictví a lesnictví",600014614,Zahradník,41-52-H/01,,SOU s výuč. listem,3,ne,6,5,3,0,0,2,0.5,
Jihomoravský kraj,Hodonín,Bzenec,"SŠ gastronomie, hotelnictví a lesnictví",600014614,Rybář,41-53-H/01,,SOU s výuč. listem,3,ne,3,0,0,0,0,0,0.0,
Jihomoravský kraj,Hodonín,Bzenec,"SŠ gastronomie, hotelnictví a lesnictví",600014614,Lesní mechanizátor,41-56-H/01,,SOU s výuč. listem,3,ne,10,1,1,0,0,0,0.1,
Jihomoravský kraj,Hodonín,Bzenec,"SŠ gastronomie, hotelnictví a lesnictví",600014614,Podnikání,64-41-L/51,,Nástavby,2,ano,15,11,2,0,7,2,0.13,
Jihomoravský kraj,Hodonín,Bzenec,"SŠ gastronomie, hotelnictví a lesnictví",600014614,Hotelnictví,65-42-M/01,,SOŠ,4,ano,10,14,5,0,2,6,0.5,
Jihomoravský kraj,Hodonín,Bzenec,"SŠ gastronomie, hotelnictví a lesnictví",600014614,Kuchař - číšník,65-51-H/01,,SOU s výuč. listem,3,ne,14,14,4,0,1,9,0.29,
Jihomoravský kraj,Hodonín,Bzenec,"SŠ gastronomie, hotelnictví a lesnictví",600014614,Masér sportovní a rekondiční,69-41-L/02,,SOU s maturitou,4,ano,7,7,2,0,0,5,0.29,
Jihomoravský kraj,Břeclav,Břeclav,Střední škola Edvarda Beneše Břeclav,600014231,Strojírenství,23-41-M/01,,SOŠ,4,ano,13,3,2,0,0,1,0.15,
Jihomoravský kraj,Břeclav,Břeclav,Střední škola Edvarda Beneše Břeclav,600014231,Strojní mechanik,23-51-H/01,,SOU s výuč. listem,3,ne,13,10,6,0,1,3,0.46,
Jihomoravský kraj,Břeclav,Břeclav,Střední škola Edvarda Beneše Břeclav,600014231,Obráběč kovů,23-56-H/01,,SOU s výuč. listem,3,ne,6,3,0,0,0,3,0.0,
Jihomoravský kraj,Břeclav,Břeclav,Střední škola Edvarda Beneše Břeclav,600014231,Elektrotechnika,26-41-M/01,,SOŠ,4,ano,26,4,2,0,0,2,0.08,
Jihomoravský kraj,Břeclav,Břeclav,Střední škola Edvarda Beneše Břeclav,600014231,Instalatér,36-52-H/01,,SOU s výuč. listem,3,ne,2,6,2,0,1,3,1.0,
Jihomoravský kraj,Břeclav,Břeclav,Střední škola Edvarda Beneše Břeclav,600014231,Provoz a ekonomika dopravy,37-41-M/01,,SOŠ,4,ano,11,8,2,0,0,6,0.18,
Jihomoravský kraj,Břeclav,Břeclav,Střední škola Edvarda Beneše Břeclav,600014231,Obchodní akademie,63-41-M/02,,SOŠ,4,ano,18,29,11,0,9,9,0.61,32.0
Jihomoravský kraj,Břeclav,Břeclav,Střední škola Edvarda Beneše Břeclav,600014231,Technické lyceum,78-42-M/01,,Lycea,4,ano,10,6,1,0,1,4,0.1,
Jihomoravský kraj,Břeclav,Břeclav,Střední škola Edvarda Beneše Břeclav,600014231,Ekonomické lyceum,78-42-M/02,,Lycea,4,ano,14,22,4,0,5,13,0.29,
Jihomoravský kraj,Brno-venkov,Cvrčovice,Odborné  učiliště,600025241,Malířské a natěračské práce,36-57-E/01,,SOU s výuč. listem,3,ne,2,0,0,0,0,0,0.0,
Jihomoravský kraj,Brno-venkov,Cvrčovice,Odborné  učiliště,600025241,Zahradnické práce,41-52-E/01,Květinářské a aranžérské práce,SOU s výuč. listem,3,ne,4,7,3,0,0,4,0.75,
Jihomoravský kraj,Brno-venkov,Cvrčovice,Odborné  učiliště,600025241,Stravovací a ubytovací služby,65-51-E/01,Kuchařské práce,SOU s výuč. listem,3,ne,6,0,0,0,0,0,0.0,
Jihomoravský kraj,Hodonín,Hodonín,"Gy, OA a JŠ s právem státní JZ",600014673,Gymnázium,79-41-K/41,přírodovědná třída,Gymnázia 4letá,4,ano,12,20,8,0,1,11,0.67,
Jihomoravský kraj,Hodonín,Hodonín,Integrovaná střední škola,600171086,Mechanik strojů a zařízení,23-44-L/01,,SOU s maturitou,4,ano,4,1,0,0,0,1,0.0,
Jihomoravský kraj,Hodonín,Hodonín,Integrovaná střední škola,600171086,Mechanik seřizovač,23-45-L/01,,SOU s maturitou,4,ano,6,0,0,0,0,0,0.0,
Jihomoravský kraj,Hodonín,Hodonín,Integrovaná střední škola,600171086,Tesař,36-64-H/01,,SOU s výuč. listem,3,ne,9,3,3,0,0,0,0.33,
Jihomoravský kraj,Hodonín,Hodonín,Integrovaná střední škola,600171086,Kuchař - číšník,65-51-H/01,,SOU s výuč. listem,3,ne,12,6,3,0,0,1,0.25,
Jihomoravský kraj,Hodonín,Hodonín,SŠ průmyslová a umělecká,600014681,Technické lyceum,78-42-M/01,,Lycea,4,ano,7,5,3,0,0,2,0.43,
Jihomoravský kraj,Hodonín,Hodonín,Základní škola a praktická škola,600025446,Praktická škola jednoletá,78-62-C/01,,SOU bez výuč. listu,1,ne,7,0,0,0,0,0,0.0,
Jihomoravský kraj,Břeclav,Hustopeče,Střední škola polytechnická Hustopeče,600014291,Informační technologie,18-20-M/01,,SOŠ,4,ano,4,6,3,0,0,3,0.75,
Jihomoravský kraj,Břeclav,Hustopeče,Střední škola polytechnická Hustopeče,600014291,Mechanik strojů a zařízení,23-44-L/01,Strojní mechanik,SOU s maturitou,4,ano,4,3,1,0,0,2,0.25,
Jihomoravský kraj,Břeclav,Hustopeče,Střední škola polytechnická Hustopeče,600014291,Strojní mechanik,23-51-H/01,,SOU s výuč. listem,3,ne,4,1,0,0,0,1,0.0,
Jihomoravský kraj,Břeclav,Hustopeče,Střední škola polytechnická Hustopeče,600014291,Elektrikář - silnoproud,26-51-H/02,,SOU s výuč. listem,3,ne,3,5,2,0,0,3,0.67,
Jihomoravský kraj,Břeclav,Hustopeče,Střední škola polytechnická Hustopeče,600014291,Instalatér,36-52-H/01,,SOU s výuč. listem,3,ne,7,2,1,0,0,1,0.14,
Jihomoravský kraj,Břeclav,Hustopeče,Střední škola polytechnická Hustopeče,600014291,Zedník,36-67-H/01,,SOU s výuč. listem,3,ne,3,2,2,0,0,0,0.67,
Jihomoravský kraj,Břeclav,Hustopeče,Střední škola polytechnická Hustopeče,600014291,Malíř a lakýrník,39-41-H/01,,SOU s výuč. listem,3,ne,4,2,1,0,1,0,0.25,
Jihomoravský kraj,Břeclav,Hustopeče,Střední škola polytechnická Hustopeče,600014291,Veřejnosprávní činnost,68-43-M/01,,SOŠ,4,ano,11,18,11,0,1,7,1.0,18.0
Jihomoravský kraj,Brno-venkov,Kuřim,"SOŠ a SOU Kuřim, s.r.o.",600014029,Informační technologie,18-20-M/01,,SOŠ,4,ano,26,19,4,0,7,8,0.15,
Jihomoravský kraj,Brno-venkov,Kuřim,"SOŠ a SOU Kuřim, s.r.o.",600014029,Mechanik seřizovač,23-45-L/01,,SOU s maturitou,4,ano,10,7,3,0,0,4,0.3,
Jihomoravský kraj,Brno-venkov,Kuřim,"SOŠ a SOU Kuřim, s.r.o.",600014029,Obráběč kovů,23-56-H/01,,SOU s výuč. listem,3,ne,8,1,1,0,0,0,0.12,
Jihomoravský kraj,Brno-venkov,Kuřim,"SOŠ a SOU Kuřim, s.r.o.",600014029,Mechanik elektrotechnik,26-41-L/01,CNC stroje,SOU s maturitou,4,ano,15,10,5,0,0,5,0.33,
Jihomoravský kraj,Brno-venkov,Kuřim,"SOŠ a SOU Kuřim, s.r.o.",600014029,Elektrikář - silnoproud,26-51-H/02,,SOU s výuč. listem,3,ne,16,17,8,0,0,9,0.5,
Jihomoravský kraj,Brno-venkov,Kuřim,"SOŠ a SOU Kuřim, s.r.o.",600014029,Ekonomika a podnikání,63-41-M/01,Organizace a provoz firmy,SOŠ,4,ano,23,36,12,0,8,16,0.52,20.0
Jihomoravský kraj,Hodonín,Kyjov,Střední škola polytechnická Kyjov,600014649,Strojní mechanik,23-51-H/01,,SOU s výuč. listem,3,ne,1,1,0,0,0,1,0.0,
Jihomoravský kraj,Hodonín,Kyjov,Střední škola polytechnická Kyjov,600014649,Karosář,23-55-H/02,,SOU s výuč. listem,3,ne,6,8,6,0,0,2,1.0,
Jihomoravský kraj,Hodonín,Kyjov,Střední škola polytechnická Kyjov,600014649,Elektrotechnické a strojně montážní práce,26-51-E/01,,SOU s výuč. listem,3,ne,1,0,0,0,0,0,0.0,
Jihomoravský kraj,Hodonín,Kyjov,Střední škola polytechnická Kyjov,600014649,Elektrikář,26-51-H/01,,SOU s výuč. listem,3,ne,1,4,1,1,0,2,1.0,
Jihomoravský kraj,Hodonín,Kyjov,Střední škola polytechnická Kyjov,600014649,Instalatér,36-52-H/01,,SOU s výuč. listem,3,ne,5,6,5,0,0,1,1.0,
Jihomoravský kraj,Hodonín,Kyjov,Střední škola polytechnická Kyjov,600014649,Malířské a natěračské práce,36-57-E/01,,SOU s výuč. listem,3,ne,4,2,1,0,0,1,0.25,
Jihomoravský kraj,Hodonín,Kyjov,Střední škola polytechnická Kyjov,600014649,Tesařské práce,36-64-E/01,,SOU s výuč. listem,3,ne,2,1,1,0,0,0,0.5,
Jihomoravský kraj,Hodonín,Kyjov,Střední škola polytechnická Kyjov,600014649,Zednické práce,36-67-E/01,,SOU s výuč. listem,3,ne,3,1,1,0,0,0,0.33,
Jihomoravský kraj,Hodonín,Kyjov,Střední škola polytechnická Kyjov,600014649,Zedník,36-67-H/01,,SOU s výuč. listem,3,ne,4,4,2,0,0,2,0.5,
Jihomoravský kraj,Hodonín,Kyjov,Střední škola polytechnická Kyjov,600014649,Mechanik instalatérských a elektrotechnických zařízení,39-41-L/02,Instalatér,SOU s maturitou,4,ano,3,4,2,0,0,2,0.67,
Jihomoravský kraj,Hodonín,Kyjov,Střední škola polytechnická Kyjov,600014649,Ošetřovatel,53-41-H/01,,SOU s výuč. listem,3,ne,7,11,7,0,0,4,1.0,
Jihomoravský kraj,Hodonín,Kyjov,Střední škola polytechnická Kyjov,600014649,Stravovací a ubytovací služby,65-51-E/01,,SOU s výuč. listem,3,ne,2,0,0,0,0,0,0.0,
Jihomoravský kraj,Hodonín,Kyjov,Střední škola polytechnická Kyjov,600014649,Pečovatelské služby,75-41-E/01,,SOU s výuč. listem,3,ne,7,6,2,0,0,4,0.29,
Jihomoravský kraj,Hodonín,Kyjov,Střední škola polytechnická Kyjov,600014649,Praktická škola dvouletá,78-62-C/02,,SOU bez výuč. listu,2,ne,2,0,0,0,0,0,0.0,
Jihomoravský kraj,Blansko,Letovice,Masarykova střední škola,600013359,Elektrikář - silnoproud,26-51-H/02,,SOU s výuč. listem,3,ne,3,5,2,0,0,3,0.67,
Jihomoravský kraj,Blansko,Letovice,Masarykova střední škola,600013359,Nábytkářská a dřevařská výroba,33-42-M/01,Interiérová tvorba,SOŠ,4,ano,5,3,2,0,0,1,0.4,
Jihomoravský kraj,Blansko,Letovice,Masarykova střední škola,600013359,Truhlář,33-56-H/01,,SOU s výuč. listem,3,ne,5,7,2,0,0,5,0.4,
Jihomoravský kraj,Blansko,Letovice,Masarykova střední škola,600013359,Stavebnictví,36-47-M/01,Pozemní stavby,SOŠ,4,ano,6,5,2,0,0,3,0.33,
Jihomoravský kraj,Blansko,Letovice,Masarykova střední škola,600013359,Podnikání,64-41-L/51,,Nástavby,2,ano,19,21,12,0,9,0,0.63,25.0
Jihomoravský kraj,Blansko,Letovice,Masarykova střední škola,600013359,Prodavač,66-51-H/01,Prodavač - aranžér,SOU s výuč. listem,3,ne,3,3,1,0,0,2,0.33,
Jihomoravský kraj,Brno-venkov,Lomnice,Střední odborná škola Fortika,600013286,Hotelnictví,65-42-M/01,Hotelnictví a cestovní ruch,SOŠ,4,ano,10,9,1,0,0,8,0.1,
Jihomoravský kraj,Břeclav,Mikulov,Gymnázium a SOŠ,600014151,Strojírenské práce,23-51-E/01,,SOU s výuč. listem,3,ne,14,3,1,0,0,2,0.07,
Jihomoravský kraj,Břeclav,Mikulov,Gymnázium a SOŠ,600014151,Strojní mechanik,23-51-H/01,,SOU s výuč. listem,3,ne,18,2,0,0,0,2,0.0,
Jihomoravský kraj,Břeclav,Mikulov,Gymnázium a SOŠ,600014151,Cukrář,29-54-H/01,,SOU s výuč. listem,3,ne,12,14,6,0,0,8,0.5,
Jihomoravský kraj,Břeclav,Mikulov,Gymnázium a SOŠ,600014151,Zednické práce,36-67-E/01,,SOU s výuč. listem,3,ne,7,1,1,0,0,0,0.14,
Jihomoravský kraj,Břeclav,Mikulov,Gymnázium a SOŠ,600014151,Stravovací a ubytovací služby,65-51-E/01,,SOU s výuč. listem,3,ne,9,4,3,0,0,1,0.33,
Jihomoravský kraj,Břeclav,Mikulov,Gymnázium a SOŠ,600014151,Kuchař - číšník,65-51-H/01,,SOU s výuč. listem,3,ne,22,9,0,0,0,8,0.0,
Jihomoravský kraj,Břeclav,Mikulov,Gymnázium a SOŠ,600014151,Pečovatelské služby,75-41-E/01,,SOU s výuč. listem,3,ne,8,2,0,0,0,2,0.0,
Jihomoravský kraj,Břeclav,Mikulov,Gymnázium a SOŠ,600014151,Praktická škola dvouletá,78-62-C/02,,SOU bez výuč. listu,2,ne,10,0,0,0,0,0,0.0,
Jihomoravský kraj,Znojmo,Moravský Krumlov,"Střední škola dopravy, obchodu a služeb",600015793,Strojní mechanik,23-51-H/01,,SOU s výuč. listem,3,ne,10,5,2,0,0,3,0.2,
Jihomoravský kraj,Znojmo,Moravský Krumlov,"Střední škola dopravy, obchodu a služeb",600015793,Karosář,23-55-H/02,,SOU s výuč. listem,3,ne,9,10,4,0,0,5,0.44,
Jihomoravský kraj,Znojmo,Moravský Krumlov,"Střední škola dopravy, obchodu a služeb",600015793,Obráběč kovů,23-56-H/01,,SOU s výuč. listem,3,ne,10,5,0,0,0,5,0.0,
Jihomoravský kraj,Znojmo,Moravský Krumlov,"Střední škola dopravy, obchodu a služeb",600015793,Mechanik opravář motorových vozidel,23-68-H/01,,SOU s výuč. listem,3,ne,10,6,4,0,0,2,0.4,
Jihomoravský kraj,Znojmo,Moravský Krumlov,"Střední škola dopravy, obchodu a služeb",600015793,Truhlář,33-56-H/01,,SOU s výuč. listem,3,ne,4,1,1,0,0,0,0.25,
Jihomoravský kraj,Znojmo,Moravský Krumlov,"Střední škola dopravy, obchodu a služeb",600015793,Autotronik,39-41-L/01,,SOU s maturitou,4,ano,14,4,3,0,0,1,0.21,
Jihomoravský kraj,Znojmo,Moravský Krumlov,"Střední škola dopravy, obchodu a služeb",600015793,Podkovář a zemědělský kovář,41-54-H/01,,SOU s výuč. listem,3,ne,6,1,1,0,0,0,0.17,
Jihomoravský kraj,Znojmo,Moravský Krumlov,"Střední škola dopravy, obchodu a služeb",600015793,Opravářské práce,41-55-E/01,,SOU s výuč. listem,3,ne,4,1,1,0,0,0,0.25,
Jihomoravský kraj,Znojmo,Moravský Krumlov,"Střední škola dopravy, obchodu a služeb",600015793,Ekonomika a podnikání,63-41-M/01,,SOŠ,4,ano,27,17,12,0,0,5,0.44,13.0
Jihomoravský kraj,Znojmo,Moravský Krumlov,"Střední škola dopravy, obchodu a služeb",600015793,Stravovací a ubytovací služby,65-51-E/01,,SOU s výuč. listem,3,ne,3,0,0,0,0,0,0.0,
Jihomoravský kraj,Znojmo,Moravský Krumlov,"Střední škola dopravy, obchodu a služeb",600015793,Kuchař - číšník,65-51-H/01,,SOU s výuč. listem,3,ne,17,4,2,0,0,2,0.12,
Jihomoravský kraj,Znojmo,Moravský Krumlov,"Střední škola dopravy, obchodu a služeb",600015793,Sociální činnost,75-41-M/01,,SOŠ,4,ano,4,7,3,0,0,3,0.75,
Jihomoravský kraj,Znojmo,Moravský Krumlov,"Střední škola dopravy, obchodu a služeb",600015793,Technické lyceum,78-42-M/01,,Lycea,4,ano,20,7,1,0,0,6,0.05,
Jihomoravský kraj,Znojmo,Moravský Krumlov,"Střední škola dopravy, obchodu a služeb",600015793,"Umělecký kovář a zámečník, pasíř",82-51-H/01,,SOU s výuč. listem,3,ne,4,1,1,0,0,0,0.25,
Jihomoravský kraj,Znojmo,Moravský Krumlov,"Vých. ústav, DD se školou, SVP, SŠ a ZŠ",600030989,Práce ve stravování,65-51-E/02,,SOU s výuč. listem,2,ne,2,0,0,0,0,0,0.0,
Jihomoravský kraj,Znojmo,Moravský Krumlov,"Vých. ústav, DD se školou, SVP, SŠ a ZŠ",600030989,Kuchař - číšník,65-51-H/01,,SOU s výuč. listem,3,ne,2,0,0,0,0,0,0.0,
Jihomoravský kraj,Znojmo,Pohořelice,Střední pedagogická škola Inspira z. ú.,691020060,Předškolní a mimoškolní pedagogika,75-31-M/01,,SOŠ,4,ano,14,10,9,0,0,2,0.64,
Jihomoravský kraj,Brno-venkov,Rajhrad,Střední zahradnická škola,600014096,Ekologie a životní prostředí,16-01-M/01,,SOŠ,4,ano,6,5,4,0,0,1,0.67,
Jihomoravský kraj,Brno-venkov,Rajhrad,Střední zahradnická škola,600014096,Zahradnictví,41-44-M/01,,SOŠ,4,ano,12,6,2,0,0,4,0.17,
Jihomoravský kraj,Brno-venkov,Rajhrad,Střední zahradnická škola,600014096,Zahradník,41-52-H/01,,SOU s výuč. listem,3,ne,20,35,19,0,0,16,0.95,
Jihomoravský kraj,Brno-venkov,Rajhrad,Střední zahradnická škola,600014096,Přírodovědné lyceum,78-42-M/05,,Lycea,4,ano,11,18,9,0,0,9,0.82,
Jihomoravský kraj,Břeclav,Sedlec,"Soukr. SPŠ, spol. s r.o. CULTUS",651039428,Grafický design,82-41-M/05,propagační grafika,SOŠ,4,ne,5,3,3,0,0,0,0.6,
Jihomoravský kraj,Vyškov,Slavkov u Brna,SS Slavkov – Austerlitz,600171141,Mechanik opravář motorových vozidel,23-68-H/01,Automechanik pro nákladní automobily a stavební stroje ,SOU s výuč. listem,3,ne,2,9,2,3,0,4,1.0,
Jihomoravský kraj,Vyškov,Slavkov u Brna,SS Slavkov – Austerlitz,600171141,Truhlář,33-56-H/01,,SOU s výuč. listem,3,ne,10,8,6,0,0,2,0.6,
Jihomoravský kraj,Hodonín,Strážnice,Střední škola Strážnice,600014690,Strojírenství,23-41-M/01,Informační a 3D technologie ve strojírenství,SOŠ,4,ano,7,5,2,0,0,3,0.29,
Jihomoravský kraj,Hodonín,Strážnice,Střední škola Strážnice,600014690,Oděvnictví,31-43-M/01,Oděvní a interiérový design,SOŠ,4,ano,1,1,0,0,0,1,0.0,
Jihomoravský kraj,Hodonín,Strážnice,Střední škola Strážnice,600014690,Aranžér,66-52-H/01,Propagační tvorba,SOU s výuč. listem,3,ne,2,7,1,1,0,4,0.5,
Jihomoravský kraj,Hodonín,Strážnice,Střední škola Strážnice,600014690,Technické lyceum,78-42-M/01,Vývoj IT a průmyslových aplikací,Lycea,4,ano,2,3,1,0,0,2,0.5,
Jihomoravský kraj,Hodonín,Strážnice,Veřejnospráv. akademie a střední škola,600014665,Veřejnosprávní činnost,68-43-M/01,,SOŠ,4,ano,4,8,3,0,0,5,0.75,
Jihomoravský kraj,Hodonín,Strážnice,Veřejnospráv. akademie a střední škola,600014665,Kadeřník,69-51-H/01,,SOU s výuč. listem,3,ne,15,19,11,0,0,8,0.73,
Jihomoravský kraj,Brno-venkov,Tišnov,Střední škola a základní škola Tišnov,600014011,Elektromechanik pro zařízení a přístroje,26-52-H/01,,SOU s výuč. listem,3,ne,13,14,4,0,0,10,0.31,
Jihomoravský kraj,Brno-venkov,Tišnov,Střední škola a základní škola Tišnov,600014011,Opravář zemědělských strojů,41-55-H/01,,SOU s výuč. listem,3,ne,4,7,4,0,0,3,1.0,
Jihomoravský kraj,Brno-venkov,Tišnov,Střední škola a základní škola Tišnov,600014011,Ošetřovatel,53-41-H/01,,SOU s výuč. listem,3,ne,13,16,10,0,0,6,0.77,
Jihomoravský kraj,Brno-venkov,Tišnov,Střední škola a základní škola Tišnov,600014011,Technické lyceum,78-42-M/01,,Lycea,4,ano,19,10,4,0,1,5,0.21,
Jihomoravský kraj,Břeclav,Valtice,Střední vinařská škola,600014177,Agropodnikání,41-41-M/01,Na vinařskou turistiku a sommelierství,SOŠ,4,ano,20,14,8,0,0,6,0.4,
Jihomoravský kraj,Břeclav,Valtice,Střední vinařská škola,600014177,Vinohradnictví,41-42-M/01,,SOŠ,4,ano,15,10,4,0,0,6,0.27,
Jihomoravský kraj,Břeclav,Valtice,Střední vinařská škola,600014177,Zahradník,41-52-H/01,Na vinohradnictví a vinařství,SOU s výuč. listem,3,ne,15,4,4,0,0,0,0.27,
Jihomoravský kraj,Břeclav,Valtice,Střední vinařská škola,600014177,Prodavač,66-51-H/01,Florista se zaměřením na aranžování a prodej květin,SOU s výuč. listem,3,ne,8,8,0,0,0,8,0.0,
Jihomoravský kraj,Vyškov,Vyškov,SŠ polytechnická Vyškov,600015670,Strojírenství,23-41-M/01,,SOŠ,4,ano,6,3,2,0,0,1,0.33,
Jihomoravský kraj,Vyškov,Vyškov,SŠ polytechnická Vyškov,600015670,Strojní mechanik,23-51-H/01,,SOU s výuč. listem,3,ne,2,4,2,0,0,2,1.0,
Jihomoravský kraj,Vyškov,Vyškov,SŠ polytechnická Vyškov,600015670,Obráběč kovů,23-56-H/01,se zaměřením na programování a obsluhu CNC strojů a robotických pracovišť,SOU s výuč. listem,3,ne,5,5,1,0,0,4,0.2,
Jihomoravský kraj,Vyškov,Vyškov,SŠ polytechnická Vyškov,600015670,Zedník,36-67-H/01,,SOU s výuč. listem,3,ne,4,8,4,1,0,3,1.0,
Jihomoravský kraj,Vyškov,Vyškov,SŠ polytechnická Vyškov,600015670,Agropodnikání,41-41-M/01,,SOŠ,4,ano,14,6,3,0,2,1,0.21,
Jihomoravský kraj,Vyškov,Vyškov,SŠ polytechnická Vyškov,600015670,Podnikání,64-41-L/51,,Nástavby,2,ano,15,16,3,0,13,0,0.2,
Jihomoravský kraj,Vyškov,Vyškov,SŠ polytechnická Vyškov,600015670,Operátor skladování,66-53-H/01,,SOU s výuč. listem,3,ne,2,6,2,1,0,3,1.0,
Jihomoravský kraj,Znojmo,Znojmo,"SOU a SOŠ SČMSD, Znojmo, s.r.o.",600015815,Truhlář,33-56-H/01,,SOU s výuč. listem,3,ne,8,8,7,0,0,1,0.88,
Jihomoravský kraj,Znojmo,Znojmo,"SOU a SOŠ SČMSD, Znojmo, s.r.o.",600015815,Ekonomika a podnikání,63-41-M/01,Grafický design a podnikání ,SOŠ,4,ano,5,15,5,0,3,7,1.0,
Jihomoravský kraj,Znojmo,Znojmo,"SOU a SOŠ SČMSD, Znojmo, s.r.o.",600015815,Podnikání,64-41-L/51,denní (2 roky),Nástavby,2,ano,15,14,4,0,8,2,0.27,
Jihomoravský kraj,Znojmo,Znojmo,"SOU a SOŠ SČMSD, Znojmo, s.r.o.",600015815,Hotelnictví,65-42-M/01,Hotelový management,SOŠ,4,ano,20,18,4,0,5,9,0.2,
Jihomoravský kraj,Znojmo,Znojmo,"SOU a SOŠ SČMSD, Znojmo, s.r.o.",600015815,Cestovní ruch,65-42-M/02,,SOŠ,4,ano,15,20,4,0,6,10,0.27,
Jihomoravský kraj,Znojmo,Znojmo,"SOU a SOŠ SČMSD, Znojmo, s.r.o.",600015815,Kuchař - číšník,65-51-H/01,,SOU s výuč. listem,3,ne,19,15,3,0,0,11,0.16,
Jihomoravský kraj,Znojmo,Znojmo,"SOU a SOŠ SČMSD, Znojmo, s.r.o.",600015815,Prodavač,66-51-H/01,,SOU s výuč. listem,3,ne,20,8,4,0,0,4,0.2,
Jihomoravský kraj,Znojmo,Znojmo,"SOU a SOŠ SČMSD, Znojmo, s.r.o.",600015815,Sociální činnost,75-41-M/01,,SOŠ,4,ano,20,19,9,0,1,9,0.45,
Jihomoravský kraj,Znojmo,Znojmo,"SOU a SOŠ SČMSD, Znojmo, s.r.o.",600015815,Lyceum (režim pokusného ověřování),78-42-M/08,,Lycea,4,ano,5,12,5,3,0,4,1.0,
Jihomoravský kraj,Znojmo,Znojmo,Střední škola technická Znojmo,600015718,Tesař,36-64-H/01,,SOU s výuč. listem,3,ne,2,6,1,0,1,4,0.5,
Jihomoravský kraj,Znojmo,Znojmo,Střední škola technická Znojmo,600015718,Zedník,36-67-H/01,,SOU s výuč. listem,3,ne,2,8,2,0,0,6,1.0,
Jihomoravský kraj,Brno-venkov,Šlapanice,Střední škola a základní škola Arktur,691015805,Gymnázium,79-41-K/41,,Gymnázia 4letá,4,ano,3,5,2,0,2,1,0.67,
Jihočeský kraj,Tábor,Bechyně,Střední uměleckoprůmyslová škola,600008860,Průmyslový design,82-41-M/04,,SOŠ,4,ne,9,1,1,0,0,0,0.11,
Jihočeský kraj,Tábor,Bechyně,Střední uměleckoprůmyslová škola,600008860,Výtvarné zpracování keramiky a porcelánu,82-41-M/12,keramický design,SOŠ,4,ne,4,0,0,0,0,0,0.0,
Jihočeský kraj,Tábor,Bechyně,Střední uměleckoprůmyslová škola,600008860,Multimediální tvorba,82-41-M/17,,SOŠ,4,ne,2,1,0,0,0,1,0.0,
Jihočeský kraj,Strakonice,Blatná,Střední odborná škola,600008703,Informační technologie,18-20-M/01,Moderní informační technologie,SOŠ,4,ano,10,2,0,0,0,2,0.0,
Jihočeský kraj,Strakonice,Blatná,Střední odborná škola,600008703,Elektrotechnika,26-41-M/01,Počítače a robotika,SOŠ,4,ano,10,0,0,0,0,0,0.0,
Jihočeský kraj,Strakonice,Blatná,Střední odborná škola,600008703,Obchodní akademie,63-41-M/02,Digitální marketing a reklama,SOŠ,4,ano,10,5,1,0,0,4,0.1,
Jihočeský kraj,Jindřichův Hradec,Dačice,SOU zemědělské a služeb,600008380,Mechanik opravář motorových vozidel,23-68-H/01,Automechanik,SOU s výuč. listem,3,ne,7,3,1,0,0,1,0.14,
Jihočeský kraj,Jindřichův Hradec,Dačice,SOU zemědělské a služeb,600008380,Potravinářská výroba,29-51-E/01,Cukrářská výroba,SOU s výuč. listem,3,ne,8,2,0,0,0,1,0.0,
Jihočeský kraj,Jindřichův Hradec,Dačice,SOU zemědělské a služeb,600008380,Zedník,36-67-H/01,,SOU s výuč. listem,3,ne,2,3,0,0,0,3,0.0,
Jihočeský kraj,Jindřichův Hradec,Dačice,SOU zemědělské a služeb,600008380,Zemědělec - farmář,41-51-H/01,,SOU s výuč. listem,3,ne,6,2,2,0,0,0,0.33,
Jihočeský kraj,Jindřichův Hradec,Dačice,SOU zemědělské a služeb,600008380,Opravářské práce,41-55-E/01,,SOU s výuč. listem,3,ne,7,1,0,0,0,1,0.0,
Jihočeský kraj,Jindřichův Hradec,Dačice,SOU zemědělské a služeb,600008380,Opravář zemědělských strojů,41-55-H/01,,SOU s výuč. listem,3,ne,6,2,1,0,0,1,0.17,
Jihočeský kraj,Jindřichův Hradec,Dačice,SOU zemědělské a služeb,600008380,Kuchař - číšník,65-51-H/01,,SOU s výuč. listem,3,ne,9,2,0,0,0,2,0.0,
Jihočeský kraj,Jindřichův Hradec,Dačice,"SŠ technická a obchodní, Dačice, Strojírenská 304",600170357,Mechanik seřizovač,23-45-L/01,Programování CNC (L0+H),SOU s maturitou,4,ano,7,1,1,0,0,0,0.14,
Jihočeský kraj,Jindřichův Hradec,Dačice,"SŠ technická a obchodní, Dačice, Strojírenská 304",600170357,Obchodník,66-41-L/01,Manažer prodeje,SOU s maturitou,4,ano,2,0,0,0,0,0,0.0,
Jihočeský kraj,Jindřichův Hradec,Dačice,"SŠ technická a obchodní, Dačice, Strojírenská 304",600170357,Technické lyceum,78-42-M/01,,Lycea,4,ano,12,1,0,0,0,1,0.0,
Jihočeský kraj,České Budějovice,Hluboká nad Vltavou,"SOŠ elektrotechnická, COP",600170276,Informační technologie,18-20-M/01,,SOŠ,4,ano,10,4,2,0,0,2,0.2,
Jihočeský kraj,České Budějovice,Hluboká nad Vltavou,"SOŠ elektrotechnická, COP",600170276,Provozní elektrotechnika,26-41-L/52,nástavbové studium pro elektro obory,Nástavby,2,ano,11,16,10,0,5,1,0.91,23.0
Jihočeský kraj,České Budějovice,Hluboká nad Vltavou,"SOŠ elektrotechnická, COP",600170276,Elektromechanik pro zařízení a přístroje,26-52-H/01,,SOU s výuč. listem,3,ne,8,7,1,0,3,3,0.12,
Jihočeský kraj,Jindřichův Hradec,Jindřichův Hradec,OA T. G. Masaryka a JŠ s právem SJZ,600008304,Obchodní akademie,63-41-M/02,,SOŠ,4,ano,5,3,0,0,0,3,0.0,
Jihočeský kraj,Jindřichův Hradec,Jindřichův Hradec,OA T. G. Masaryka a JŠ s právem SJZ,600008304,Ekonomické lyceum,78-42-M/02,,Lycea,4,ano,2,4,2,0,0,2,1.0,
Jihočeský kraj,Jindřichův Hradec,Jindřichův Hradec,"SOŠ a SOU, Jindřichův Hradec, Jáchymova 478",600008274,Informační technologie,18-20-M/01,,SOŠ,4,ano,18,4,2,0,0,2,0.11,
Jihočeský kraj,Jindřichův Hradec,Jindřichův Hradec,"SOŠ a SOU, Jindřichův Hradec, Jáchymova 478",600008274,Mechanik strojů a zařízení,23-44-L/01,,SOU s maturitou,4,ano,12,0,0,0,0,0,0.0,
Jihočeský kraj,Jindřichův Hradec,Jindřichův Hradec,"SOŠ a SOU, Jindřichův Hradec, Jáchymova 478",600008274,Nástrojař,23-52-H/01,,SOU s výuč. listem,3,ne,6,1,1,0,0,0,0.17,
Jihočeský kraj,Jindřichův Hradec,Jindřichův Hradec,"SOŠ a SOU, Jindřichův Hradec, Jáchymova 478",600008274,Klempíř,23-55-H/01,,SOU s výuč. listem,3,ne,6,1,1,0,0,0,0.17,
Jihočeský kraj,Jindřichův Hradec,Jindřichův Hradec,"SOŠ a SOU, Jindřichův Hradec, Jáchymova 478",600008274,Elektrikář - silnoproud,26-51-H/02,,SOU s výuč. listem,3,ne,6,2,1,0,0,1,0.17,
Jihočeský kraj,Jindřichův Hradec,Jindřichův Hradec,"SOŠ a SOU, Jindřichův Hradec, Jáchymova 478",600008274,Potravinářská výroba,29-51-E/01,,SOU s výuč. listem,3,ne,2,0,0,0,0,0,0.0,
Jihočeský kraj,Jindřichův Hradec,Jindřichův Hradec,"SOŠ a SOU, Jindřichův Hradec, Jáchymova 478",600008274,Zedník,36-67-H/01,,SOU s výuč. listem,3,ne,10,0,0,0,0,0,0.0,
Jihočeský kraj,Jindřichův Hradec,Jindřichův Hradec,"SOŠ a SOU, Jindřichův Hradec, Jáchymova 478",600008274,Provoz a ekonomika dopravy,37-41-M/01,,SOŠ,4,ano,12,1,0,0,0,1,0.0,
Jihočeský kraj,Jindřichův Hradec,Jindřichův Hradec,"SOŠ a SOU, Jindřichův Hradec, Jáchymova 478",600008274,Opravářské práce,41-55-E/01,,SOU s výuč. listem,3,ne,5,0,0,0,0,0,0.0,
Jihočeský kraj,Jindřichův Hradec,Jindřichův Hradec,"SOŠ a SOU, Jindřichův Hradec, Jáchymova 478",600008274,Ekonomika a podnikání,63-41-M/01,,SOŠ,4,ano,14,10,7,0,0,3,0.5,
Jihočeský kraj,Jindřichův Hradec,Jindřichův Hradec,"SOŠ a SOU, Jindřichův Hradec, Jáchymova 478",600008274,Kuchař - číšník,65-51-H/01,,SOU s výuč. listem,3,ne,10,6,3,0,0,3,0.3,
Jihočeský kraj,Jindřichův Hradec,Jindřichův Hradec,"SOŠ a SOU, Jindřichův Hradec, Jáchymova 478",600008274,Prodavač,66-51-H/01,,SOU s výuč. listem,3,ne,15,5,3,0,0,2,0.2,
Jihočeský kraj,Jindřichův Hradec,Jindřichův Hradec,Střední zdravotnická škola,600019608,Praktická sestra,53-41-M/03,,SOŠ,4,ano,9,18,7,0,0,11,0.78,
Jihočeský kraj,Český Krumlov,Kaplice,"SOŠ a SOU, Kaplice, Pohorská 86",651016029,Mechanik opravář motorových vozidel,23-68-H/01,,SOU s výuč. listem,3,ne,11,1,0,0,0,1,0.0,
Jihočeský kraj,Český Krumlov,Kaplice,"SOŠ a SOU, Kaplice, Pohorská 86",651016029,Opravář zemědělských strojů,41-55-H/01,,SOU s výuč. listem,3,ne,2,1,1,0,0,0,0.5,
Jihočeský kraj,Český Krumlov,Kaplice,"SOŠ a SOU, Kaplice, Pohorská 86",651016029,Obchodní akademie,63-41-M/02,,SOŠ,4,ano,10,13,10,0,1,2,1.0,20.0
Jihočeský kraj,Český Krumlov,Kaplice,"SOŠ a SOU, Kaplice, Pohorská 86",651016029,Operátor skladování,66-53-H/01,,SOU s výuč. listem,3,ne,3,2,1,0,0,1,0.33,
Jihočeský kraj,České Budějovice,Lišov,Střední odborné učiliště,651023599,Strojírenské práce,23-51-E/01,Práce v autoservisu,SOU s výuč. listem,3,ne,10,5,2,0,0,2,0.2,
Jihočeský kraj,České Budějovice,Lišov,Střední odborné učiliště,651023599,Potravinářská výroba,29-51-E/01,Cukrářská výroba,SOU s výuč. listem,3,ne,3,7,2,0,0,5,0.67,
Jihočeský kraj,České Budějovice,Lišov,Střední odborné učiliště,651023599,Šití oděvů,31-59-E/01,,SOU s výuč. listem,3,ne,5,0,0,0,0,0,0.0,
Jihočeský kraj,České Budějovice,Lišov,Střední odborné učiliště,651023599,Truhlářská a čalounická výroba,33-56-E/01,Truhlářská výroba,SOU s výuč. listem,3,ne,5,2,1,0,0,1,0.2,
Jihočeský kraj,České Budějovice,Lišov,Střední odborné učiliště,651023599,Truhlářská a čalounická výroba,33-56-E/01,Čalounická výroba,SOU s výuč. listem,3,ne,4,3,2,0,0,1,0.5,
Jihočeský kraj,České Budějovice,Lišov,Střední odborné učiliště,651023599,Truhlář,33-56-H/01,,SOU s výuč. listem,3,ne,18,6,4,0,0,2,0.22,
Jihočeský kraj,České Budějovice,Lišov,Střední odborné učiliště,651023599,Čalouník,33-59-H/01,,SOU s výuč. listem,3,ne,6,2,1,0,0,1,0.17,
Jihočeský kraj,České Budějovice,Lišov,Střední odborné učiliště,651023599,Zednické práce,36-67-E/01,,SOU s výuč. listem,3,ne,6,1,0,0,0,0,0.0,
Jihočeský kraj,České Budějovice,Lišov,Střední odborné učiliště,651023599,Zahradnická výroba,41-52-E/02,,SOU s výuč. listem,2,ne,2,3,1,0,2,0,0.5,
Jihočeský kraj,České Budějovice,Lišov,Střední odborné učiliště,651023599,Stravovací a ubytovací služby,65-51-E/01,,SOU s výuč. listem,3,ne,7,5,1,0,1,3,0.14,
Jihočeský kraj,České Budějovice,Lišov,Střední odborné učiliště,651023599,Prodavačské práce,66-51-E/01,Prodej smíšeného zboží,SOU s výuč. listem,3,ne,13,5,3,0,0,2,0.23,
Jihočeský kraj,České Budějovice,Lišov,Střední odborné učiliště,651023599,Pečovatelské služby,75-41-E/01,,SOU s výuč. listem,3,ne,7,3,3,0,0,0,0.43,
Jihočeský kraj,Písek,Milevsko,Gymnázium,600008533,Gymnázium,79-41-K/41,,Gymnázia 4letá,4,ano,17,3,1,0,0,2,0.06,
Jihočeský kraj,Písek,Milevsko,SOŠ a SOU,600170381,Strojní mechanik,23-51-H/01,,SOU s výuč. listem,3,ne,9,0,0,0,0,0,0.0,
Jihočeský kraj,Písek,Milevsko,SOŠ a SOU,600170381,Truhlář,33-56-H/01,,SOU s výuč. listem,3,ne,8,0,0,0,0,0,0.0,
Jihočeský kraj,Písek,Milevsko,SOŠ a SOU,600170381,Opravářské práce,41-55-E/01,,SOU s výuč. listem,3,ne,2,1,1,0,0,0,0.5,
Jihočeský kraj,Písek,Milevsko,SOŠ a SOU,600170381,Opravář zemědělských strojů,41-55-H/01,,SOU s výuč. listem,3,ne,4,1,1,0,0,0,0.25,
Jihočeský kraj,Písek,Milevsko,SOŠ a SOU,600170381,Stravovací a ubytovací služby,65-51-E/01,,SOU s výuč. listem,3,ne,5,2,2,0,0,0,0.4,
Jihočeský kraj,Písek,Milevsko,SOŠ a SOU,600170381,Sociální činnost,75-41-M/01,,SOŠ,4,ano,12,3,3,0,0,0,0.25,
Jihočeský kraj,Prachatice,Prachatice,"Gymnázium, Prachatice, Zlatá stezka 137",600008649,Technické lyceum,78-42-M/01,,Lycea,4,ano,15,1,1,0,0,0,0.07,
Jihočeský kraj,Prachatice,Prachatice,"Gymnázium, Prachatice, Zlatá stezka 137",600008649,Gymnázium,79-41-K/41,,Gymnázia 4letá,4,ano,9,4,1,0,0,3,0.11,
Jihočeský kraj,Prachatice,Prachatice,VOŠ sociální a Střední pedagogická škola,600020282,Pedagogické lyceum,78-42-M/03,,Lycea,4,ano,16,13,7,0,4,2,0.44,
Jihočeský kraj,Písek,Písek,"SOŠ a SOU, Písek, Komenského 86",600008592,Strojírenské práce,23-51-E/01,Zámečnické práce,SOU s výuč. listem,3,ne,7,0,0,0,0,0,0.0,
Jihočeský kraj,Písek,Písek,"SOŠ a SOU, Písek, Komenského 86",600008592,Strojní mechanik,23-51-H/01,,SOU s výuč. listem,3,ne,9,3,2,0,0,1,0.22,
Jihočeský kraj,Písek,Písek,"SOŠ a SOU, Písek, Komenského 86",600008592,Klempíř,23-55-H/01,,SOU s výuč. listem,3,ne,4,0,0,0,0,0,0.0,
Jihočeský kraj,Písek,Písek,"SOŠ a SOU, Písek, Komenského 86",600008592,Cukrář,29-54-H/01,,SOU s výuč. listem,3,ne,2,7,2,2,0,3,1.0,
Jihočeský kraj,Písek,Písek,"SOŠ a SOU, Písek, Komenského 86",600008592,Nábytkářská a dřevařská výroba,33-42-L/51,Dřevařská výroba,Nástavby,2,ano,4,0,0,0,0,0,0.0,
Jihočeský kraj,Písek,Písek,"SOŠ a SOU, Písek, Komenského 86",600008592,Truhlář,33-56-H/01,,SOU s výuč. listem,3,ne,7,3,1,0,0,2,0.14,
Jihočeský kraj,Písek,Písek,"SOŠ a SOU, Písek, Komenského 86",600008592,Stavební provoz,36-44-L/51,,Nástavby,2,ano,7,2,0,0,2,0,0.0,
Jihočeský kraj,Písek,Písek,"SOŠ a SOU, Písek, Komenského 86",600008592,Tesař,36-64-H/01,,SOU s výuč. listem,3,ne,8,1,1,0,0,0,0.12,
Jihočeský kraj,Písek,Písek,"SOŠ a SOU, Písek, Komenského 86",600008592,Zednické práce,36-67-E/01,,SOU s výuč. listem,3,ne,4,0,0,0,0,0,0.0,
Jihočeský kraj,Písek,Písek,"SOŠ a SOU, Písek, Komenského 86",600008592,Zedník,36-67-H/01,,SOU s výuč. listem,3,ne,10,0,0,0,0,0,0.0,
Jihočeský kraj,Písek,Písek,"SOŠ a SOU, Písek, Komenského 86",600008592,Provoz a ekonomika dopravy,37-41-M/01,,SOŠ,4,ano,5,5,4,0,0,1,0.8,
Jihočeský kraj,Písek,Písek,"SOŠ a SOU, Písek, Komenského 86",600008592,Autotronik,39-41-L/01,,SOU s maturitou,4,ano,10,2,0,0,0,2,0.0,
Jihočeský kraj,Písek,Písek,"SOŠ a SOU, Písek, Komenského 86",600008592,Stravovací a ubytovací služby,65-51-E/01,Kuchařské práce,SOU s výuč. listem,3,ne,1,2,1,1,0,0,1.0,
Jihočeský kraj,Písek,Písek,"SOŠ a SOU, Písek, Komenského 86",600008592,Kuchař - číšník,65-51-H/01,Kuchař,SOU s výuč. listem,3,ne,11,3,2,0,0,1,0.18,
Jihočeský kraj,Písek,Písek,"SOŠ a SOU, Písek, Komenského 86",600008592,Kuchař - číšník,65-51-H/01,Číšník-servírka,SOU s výuč. listem,3,ne,15,1,0,0,0,1,0.0,
Jihočeský kraj,Písek,Písek,"SOŠ a SOU, Písek, Komenského 86",600008592,Prodavač,66-51-H/01,,SOU s výuč. listem,3,ne,4,6,3,0,0,3,0.75,
Jihočeský kraj,Písek,Písek,"SOŠ a SOU, Písek, Komenského 86",600008592,Pečovatelské služby,75-41-E/01,Pečovatelské práce,SOU s výuč. listem,3,ne,2,2,1,0,0,1,0.5,
Jihočeský kraj,Písek,Písek,SPŠ a VOŠ,600020266,Elektrotechnika,26-41-M/01,Elektrotechnika,SOŠ,4,ano,19,2,0,0,0,2,0.0,
Jihočeský kraj,Písek,Písek,SPŠ a VOŠ,600020266,Elektrotechnika,26-41-M/01,Počítačové projektování,SOŠ,4,ano,16,3,3,0,0,0,0.19,
Jihočeský kraj,Písek,Písek,Střední zemědělská škola,600008550,Ekologie a životní prostředí,16-01-M/01,,SOŠ,4,ano,12,3,0,0,0,3,0.0,
Jihočeský kraj,Písek,Písek,"Svobodná waldorfská MŠ, ZŠ a SŠ Písek",600062112,Kombinované lyceum,78-42-M/06,,Lycea,4,ano,30,2,0,0,0,1,0.0,
Jihočeský kraj,Tábor,Sezimovo Ústí,"VOŠ, SŠ, Centrum odborné přípravy",600170438,Strojírenství,23-41-M/01,počítačová grafika a animace ,SOŠ,4,ano,8,5,2,0,0,3,0.25,
Jihočeský kraj,Tábor,Sezimovo Ústí,"VOŠ, SŠ, Centrum odborné přípravy",600170438,Mechanik seřizovač,23-45-L/01,programování a obsluha technologických pracovišť ,SOU s maturitou,4,ano,17,4,0,0,1,3,0.0,
Jihočeský kraj,Tábor,Sezimovo Ústí,"VOŠ, SŠ, Centrum odborné přípravy",600170438,Strojní mechanik,23-51-H/01,"opravy, montáže a svařování ",SOU s výuč. listem,3,ne,8,1,0,0,0,1,0.0,
Jihočeský kraj,Tábor,Sezimovo Ústí,"VOŠ, SŠ, Centrum odborné přípravy",600170438,Obráběč kovů,23-56-H/01,obsluha CNC strojů,SOU s výuč. listem,3,ne,5,0,0,0,0,0,0.0,
Jihočeský kraj,Tábor,Sezimovo Ústí,"VOŠ, SŠ, Centrum odborné přípravy",600170438,Elektrotechnika,26-41-M/01,počítače a robotika,SOŠ,4,ano,4,4,0,0,2,2,0.0,
Jihočeský kraj,Tábor,Sezimovo Ústí,"VOŠ, SŠ, Centrum odborné přípravy",600170438,Elektrikář,26-51-H/01,programovatelné elektroinstalace,SOU s výuč. listem,3,ne,3,6,2,0,0,4,0.67,
Jihočeský kraj,Tábor,Sezimovo Ústí,"VOŠ, SŠ, Centrum odborné přípravy",600170438,Elektromechanik pro zařízení a přístroje,26-52-H/01,digitální technika,SOU s výuč. listem,3,ne,3,3,1,0,0,2,0.33,
Jihočeský kraj,Tábor,Sezimovo Ústí,"VOŠ, SŠ, Centrum odborné přípravy",600170438,Operátor skladování,66-53-H/01,logistika,SOU s výuč. listem,3,ne,3,3,0,0,0,3,0.0,
Jihočeský kraj,Tábor,Soběslav,"MŠ, ZŠ spec. a PrŠ Diakonie ČCE Rolnička",600022706,Praktická škola dvouletá,78-62-C/02,,SOU bez výuč. listu,2,ne,4,3,3,0,0,0,0.75,
Jihočeský kraj,Tábor,Soběslav,Střední škola řemeslná a Základní škola,691003769,Elektrikář - silnoproud,26-51-H/02,Elektrikář-silnoproud,SOU s výuč. listem,3,ne,4,5,3,0,0,2,0.75,
Jihočeský kraj,Tábor,Soběslav,Střední škola řemeslná a Základní škola,691003769,Truhlářská a čalounická výroba,33-56-E/01,Truhlářské práce,SOU s výuč. listem,3,ne,8,2,2,0,0,0,0.25,
Jihočeský kraj,Tábor,Soběslav,Střední škola řemeslná a Základní škola,691003769,Truhlář,33-56-H/01,Truhlář,SOU s výuč. listem,3,ne,6,2,1,0,0,1,0.17,
Jihočeský kraj,Tábor,Soběslav,Střední škola řemeslná a Základní škola,691003769,Zednické práce,36-67-E/01,Zednické práce,SOU s výuč. listem,3,ne,4,2,0,0,0,2,0.0,
Jihočeský kraj,Tábor,Soběslav,Střední škola řemeslná a Základní škola,691003769,Stravovací a ubytovací služby,65-51-E/01,Kuchařské práce,SOU s výuč. listem,3,ne,4,3,2,0,0,1,0.5,
Jihočeský kraj,Tábor,Soběslav,Střední škola řemeslná a Základní škola,691003769,Rekondiční a sportovní masér,69-53-H/01,Rekondiční a sportovní masér,SOU s výuč. listem,3,ne,8,15,4,0,0,9,0.5,
Jihočeský kraj,Tábor,Soběslav,Střední škola řemeslná a Základní škola,691003769,Pečovatelské služby,75-41-E/01,Pečovatelské služby,SOU s výuč. listem,3,ne,8,3,1,0,0,2,0.12,
Jihočeský kraj,Tábor,Soběslav,Střední škola řemeslná a Základní škola,691003769,"Umělecký kovář a zámečník, pasíř",82-51-H/01,Umělecký kovář a zámečník,SOU s výuč. listem,3,ne,5,4,2,0,1,1,0.4,
Jihočeský kraj,Strakonice,Strakonice,Euroškola Strakonice SOŠ s.r.o.,600008738,Ekonomika a podnikání,63-41-M/01,Management sportu,SOŠ,4,ano,5,4,3,0,0,1,0.6,
Jihočeský kraj,Strakonice,Strakonice,Euroškola Strakonice SOŠ s.r.o.,600008738,Ekonomika a podnikání,63-41-M/01,Reklamní grafika,SOŠ,4,ano,12,8,1,0,0,7,0.08,
Jihočeský kraj,Strakonice,Strakonice,Euroškola Strakonice SOŠ s.r.o.,600008738,Hotelnictví,65-42-M/01,cestovní ruch,SOŠ,4,ano,8,9,3,0,0,6,0.38,
Jihočeský kraj,Strakonice,Strakonice,"VOŠ, SPŠ a SOŠ řemesel a služeb",691003807,Strojírenství,23-41-M/01,,SOŠ,4,ano,20,1,0,0,0,1,0.0,
Jihočeský kraj,Strakonice,Strakonice,"VOŠ, SPŠ a SOŠ řemesel a služeb",691003807,Mechanik seřizovač,23-45-L/01,,SOU s maturitou,4,ano,18,0,0,0,0,0,0.0,
Jihočeský kraj,Strakonice,Strakonice,"VOŠ, SPŠ a SOŠ řemesel a služeb",691003807,Strojní mechanik,23-51-H/01,,SOU s výuč. listem,3,ne,8,4,4,0,0,0,0.5,
Jihočeský kraj,Strakonice,Strakonice,"VOŠ, SPŠ a SOŠ řemesel a služeb",691003807,Obráběč kovů,23-56-H/01,,SOU s výuč. listem,3,ne,10,2,2,0,0,0,0.2,
Jihočeský kraj,Strakonice,Strakonice,"VOŠ, SPŠ a SOŠ řemesel a služeb",691003807,Výrobce textilií,31-57-H/01,,SOU s výuč. listem,3,ne,1,3,1,1,0,1,1.0,
Jihočeský kraj,Strakonice,Strakonice,"VOŠ, SPŠ a SOŠ řemesel a služeb",691003807,Obalová technika,34-42-M/01,,SOŠ,4,ano,7,2,1,0,0,1,0.14,
Jihočeský kraj,Strakonice,Strakonice,"VOŠ, SPŠ a SOŠ řemesel a služeb",691003807,Zedník,36-67-H/01,,SOU s výuč. listem,3,ne,4,3,2,0,0,1,0.5,
Jihočeský kraj,Strakonice,Strakonice,"VOŠ, SPŠ a SOŠ řemesel a služeb",691003807,Kuchař - číšník,65-51-H/01,,SOU s výuč. listem,3,ne,3,2,1,0,0,1,0.33,
Jihočeský kraj,Strakonice,Strakonice,"VOŠ, SPŠ a SOŠ řemesel a služeb",691003807,Lyceum (režim pokusného ověřování),78-42-M/08,,Lycea,4,ano,13,2,1,0,0,1,0.08,
Jihočeský kraj,České Budějovice,Trhové Sviny,"Střední škola, Trhové Sviny, Školní 709",600008061,Tesař,36-64-H/01,,SOU s výuč. listem,3,ne,4,2,1,0,0,1,0.25,
Jihočeský kraj,České Budějovice,Trhové Sviny,"Střední škola, Trhové Sviny, Školní 709",600008061,Malíř a lakýrník,39-41-H/01,,SOU s výuč. listem,3,ne,9,4,2,0,0,2,0.22,
Jihočeský kraj,České Budějovice,Trhové Sviny,"Střední škola, Trhové Sviny, Školní 709",600008061,Zemědělec - farmář,41-51-H/01,na chov koní,SOU s výuč. listem,3,ne,1,4,1,3,0,0,1.0,
Jihočeský kraj,České Budějovice,Trhové Sviny,"Střední škola, Trhové Sviny, Školní 709",600008061,Kuchař - číšník,65-51-H/01,,SOU s výuč. listem,3,ne,5,2,0,0,0,2,0.0,
Jihočeský kraj,Tábor,Tábor,SPŠ strojní a stavební,600008797,Strojírenství,23-41-M/01,,SOŠ,4,ano,4,6,3,0,1,2,0.75,
Jihočeský kraj,Tábor,Tábor,SPŠ strojní a stavební,600008797,Strojní mechanik,23-51-H/01,,SOU s výuč. listem,3,ne,8,5,3,0,0,2,0.38,
Jihočeský kraj,Tábor,Tábor,SPŠ strojní a stavební,600008797,Nábytkářská a dřevařská výroba,33-42-L/51,,Nástavby,2,ano,15,2,0,0,1,1,0.0,
Jihočeský kraj,Tábor,Tábor,SPŠ strojní a stavební,600008797,Truhlář,33-56-H/01,,SOU s výuč. listem,3,ne,10,5,3,0,0,2,0.3,
Jihočeský kraj,Tábor,Tábor,SPŠ strojní a stavební,600008797,Tesař,36-64-H/01,,SOU s výuč. listem,3,ne,12,4,1,0,0,3,0.08,
Jihočeský kraj,Tábor,Tábor,"Střední zdravotnická škola, Tábor, Mostecká 1912",600019624,Ošetřovatel,53-41-H/01,,SOU s výuč. listem,3,ne,5,10,5,0,0,5,1.0,
Jihočeský kraj,Tábor,Tábor,"SŠ obch.,služeb a řemes. a JŠ s práv.SJZ",651023572,Cukrář,29-54-H/01,,SOU s výuč. listem,3,ne,5,20,5,2,0,13,1.0,
Jihočeský kraj,Tábor,Tábor,"SŠ obch.,služeb a řemes. a JŠ s práv.SJZ",651023572,Řezník - uzenář,29-56-H/01,,SOU s výuč. listem,3,ne,6,2,1,0,0,1,0.17,
Jihočeský kraj,Tábor,Tábor,"SŠ obch.,služeb a řemes. a JŠ s práv.SJZ",651023572,Kuchař - číšník,65-51-H/01,ŠVP Kuchař,SOU s výuč. listem,3,ne,8,10,2,0,0,8,0.25,
Jihočeský kraj,Tábor,Tábor,"SŠ obch.,služeb a řemes. a JŠ s práv.SJZ",651023572,Kuchař - číšník,65-51-H/01,ŠVP Kuchař-číšník,SOU s výuč. listem,3,ne,10,8,4,0,0,4,0.4,
Jihočeský kraj,Tábor,Tábor,"SŠ obch.,služeb a řemes. a JŠ s práv.SJZ",651023572,Kuchař - číšník,65-51-H/01,ŠVP Číšník,SOU s výuč. listem,3,ne,6,8,3,0,0,5,0.5,
Jihočeský kraj,Tábor,Tábor,"SŠ obch.,služeb a řemes. a JŠ s práv.SJZ",651023572,Informační služby,72-41-M/01,,SOŠ,4,ano,3,9,1,0,3,5,0.33,
Jihočeský kraj,Tábor,Tábor,"Táborské soukromé gymnázium a ZŠ, s.r.o.",600008835,Gymnázium,79-41-K/41,Gymnázium,Gymnázia 4letá,4,ano,7,3,1,0,2,0,0.14,
Jihočeský kraj,Tábor,Tábor,"Táborské soukromé gymnázium a ZŠ, s.r.o.",600008835,Gymnázium,79-41-K/81,Gymnázium,Gymnázia 8letá,8,ano,14,26,14,2,7,3,1.0,20.0
Jihočeský kraj,Tábor,Tábor,"VOŠ a Střední zemědělská škola, Tábor",600020339,Agropodnikání,41-41-M/01,,SOŠ,4,ano,6,9,4,0,0,5,0.67,
Jihočeský kraj,Tábor,Tábor,"VOŠ a Střední zemědělská škola, Tábor",600020339,Lyceum (režim pokusného ověřování),78-42-M/08,,Lycea,4,ano,21,15,10,0,0,5,0.48,18.0
Jihočeský kraj,České Budějovice,Týn nad Vltavou,"SOŠ a SOU, Hněvkovice 865",600170284,Mechanik strojů a zařízení,23-44-L/01,Mechanik strojů a zařízení se zaměřením na svařování,SOU s maturitou,4,ano,8,2,0,0,0,2,0.0,
Jihočeský kraj,České Budějovice,Týn nad Vltavou,"SOŠ a SOU, Hněvkovice 865",600170284,Mechanik strojů a zařízení,23-44-L/01,Technik jaderných zařízení,SOU s maturitou,4,ano,11,0,0,0,0,0,0.0,
Jihočeský kraj,České Budějovice,Týn nad Vltavou,"SOŠ a SOU, Hněvkovice 865",600170284,Strojní mechanik,23-51-H/01,,SOU s výuč. listem,3,ne,6,1,0,0,0,1,0.0,
Jihočeský kraj,České Budějovice,Týn nad Vltavou,"SOŠ a SOU, Hněvkovice 865",600170284,Mechanik opravář motorových vozidel,23-68-H/01,,SOU s výuč. listem,3,ne,2,2,2,0,0,0,1.0,
Jihočeský kraj,České Budějovice,Týn nad Vltavou,"SOŠ a SOU, Hněvkovice 865",600170284,Truhlář,33-56-H/01,,SOU s výuč. listem,3,ne,10,1,0,0,0,1,0.0,
Jihočeský kraj,České Budějovice,Týn nad Vltavou,"SOŠ a SOU, Hněvkovice 865",600170284,Mechanizace zemědělství a lesního hospodářství,41-45-L/51,,Nástavby,2,ano,1,2,1,0,0,1,1.0,
Jihočeský kraj,České Budějovice,Týn nad Vltavou,"SOŠ a SOU, Hněvkovice 865",600170284,Zemědělec - farmář,41-51-H/01,,SOU s výuč. listem,3,ne,1,3,1,1,0,1,1.0,
Jihočeský kraj,České Budějovice,Týn nad Vltavou,"SOŠ a SOU, Hněvkovice 865",600170284,Podkovář a zemědělský kovář,41-54-H/01,,SOU s výuč. listem,3,ne,9,0,0,0,0,0,0.0,
Jihočeský kraj,České Budějovice,Týn nad Vltavou,"SOŠ a SOU, Hněvkovice 865",600170284,Opravář zemědělských strojů,41-55-H/01,,SOU s výuč. listem,3,ne,9,1,1,0,0,0,0.11,
Jihočeský kraj,Jindřichův Hradec,Třeboň,"OA, SOŠ a SOU",600008371,Mechanik opravář motorových vozidel,23-68-H/01,Automechanik,SOU s výuč. listem,3,ne,8,4,1,0,0,3,0.12,
Jihočeský kraj,Jindřichův Hradec,Třeboň,"OA, SOŠ a SOU",600008371,Opravář zemědělských strojů,41-55-H/01,,SOU s výuč. listem,3,ne,6,2,1,0,0,1,0.17,
Jihočeský kraj,Jindřichův Hradec,Třeboň,"OA, SOŠ a SOU",600008371,Ošetřovatel,53-41-H/01,Pečovatel,SOU s výuč. listem,3,ne,6,8,6,0,0,2,1.0,
Jihočeský kraj,Jindřichův Hradec,Třeboň,"OA, SOŠ a SOU",600008371,Obchodní akademie,63-41-M/02,,SOŠ,4,ano,3,4,2,0,0,2,0.67,
Jihočeský kraj,Jindřichův Hradec,Třeboň,"OA, SOŠ a SOU",600008371,Cestovní ruch,65-42-M/02,Služby cestovního ruchu,SOŠ,4,ano,13,22,13,1,0,8,1.0,16.0
Jihočeský kraj,Jindřichův Hradec,Třeboň,"OA, SOŠ a SOU",600008371,Modelářství a návrhářství oděvů,82-41-M/07,,SOŠ,4,ne,3,3,3,0,0,0,1.0,
Jihočeský kraj,Jindřichův Hradec,Třeboň,"OA, SOŠ a SOU",600008371,Výtvarné zpracování skla a světelných objektů,82-41-M/13,"Broušení, malby skla",SOŠ,4,ne,2,0,0,0,0,0,0.0,
Jihočeský kraj,Jindřichův Hradec,Třeboň,Střední škola rybářská a vodohospodářská,600008363,Rybář,41-53-H/01,,SOU s výuč. listem,3,ne,9,0,0,0,0,0,0.0,
Jihočeský kraj,Český Krumlov,Velešín,SOŠ strojní a elektrotechnická,600170349,Informační technologie,18-20-M/01,Informační technologie,SOŠ,4,ano,5,2,0,0,0,2,0.0,
Jihočeský kraj,Český Krumlov,Velešín,SOŠ strojní a elektrotechnická,600170349,Mechanik seřizovač,23-45-L/01,Mechatronika a robotika,SOU s maturitou,4,ano,10,3,1,0,1,1,0.1,
Jihočeský kraj,Český Krumlov,Velešín,SOŠ strojní a elektrotechnická,600170349,Mechanik seřizovač,23-45-L/01,Programátor CNC strojů a 3D modelování,SOU s maturitou,4,ano,10,5,5,0,0,0,0.5,
Jihočeský kraj,Český Krumlov,Velešín,SOŠ strojní a elektrotechnická,600170349,Obráběč kovů,23-56-H/01,Obsluha CNC obráběcích strojů,SOU s výuč. listem,3,ne,10,5,2,0,0,3,0.2,
Jihočeský kraj,Český Krumlov,Velešín,SOŠ strojní a elektrotechnická,600170349,Technické lyceum,78-42-M/01,Kyberbezpečnost a 3D technologie,Lycea,4,ano,15,0,0,0,0,0,0.0,
Jihočeský kraj,Český Krumlov,Velešín,SOŠ strojní a elektrotechnická,600170349,Lyceum (režim pokusného ověřování),78-42-M/08,Ekonomika a marketing,Lycea,4,ano,20,10,4,0,0,6,0.2,
Jihočeský kraj,Tábor,Veselí nad Lužnicí,SOŠ ekologická a potravinářská,600008851,Ekologie a životní prostředí,16-01-M/01,,SOŠ,4,ano,12,8,1,0,0,7,0.08,
Jihočeský kraj,Tábor,Veselí nad Lužnicí,SOŠ ekologická a potravinářská,600008851,Technologie potravin,29-41-M/01,Potraviny a biotechnologie,SOŠ,4,ano,9,1,1,0,0,0,0.11,
Jihočeský kraj,Tábor,Veselí nad Lužnicí,SOŠ ekologická a potravinářská,600008851,Analýza potravin,29-42-M/01,Kvalita a bezpečnost potravin,SOŠ,4,ano,10,2,0,0,0,2,0.0,
Jihočeský kraj,Tábor,Veselí nad Lužnicí,SOŠ ekologická a potravinářská,600008851,Přírodovědné lyceum,78-42-M/05,,Lycea,4,ano,20,12,6,0,0,6,0.3,
Jihočeský kraj,Prachatice,Vimperk,Střední škola a Základní škola,600008681,Mechanik elektrotechnik,26-41-L/01,,SOU s maturitou,4,ano,20,3,0,0,2,1,0.0,
Jihočeský kraj,Prachatice,Vimperk,Střední škola a Základní škola,600008681,Elektromechanik pro zařízení a přístroje,26-52-H/01,,SOU s výuč. listem,3,ne,7,0,0,0,0,0,0.0,
Jihočeský kraj,Prachatice,Vimperk,Střední škola a Základní škola,600008681,Instalatér,36-52-H/01,,SOU s výuč. listem,3,ne,20,2,0,0,0,2,0.0,
Jihočeský kraj,Prachatice,Vimperk,Střední škola a Základní škola,600008681,Zedník,36-67-H/01,,SOU s výuč. listem,3,ne,21,1,0,0,0,1,0.0,
Jihočeský kraj,Prachatice,Vimperk,Střední škola a Základní škola,600008681,Opravářské práce,41-55-E/01,,SOU s výuč. listem,3,ne,1,0,0,0,0,0,0.0,
Jihočeský kraj,Prachatice,Vimperk,Střední škola a Základní škola,600008681,Opravář zemědělských strojů,41-55-H/01,,SOU s výuč. listem,3,ne,14,3,1,0,0,2,0.07,
Jihočeský kraj,Prachatice,Vimperk,Střední škola a Základní škola,600008681,Podnikání,64-41-L/51,,Nástavby,2,ano,17,11,4,0,6,1,0.24,
Jihočeský kraj,Prachatice,Vimperk,Střední škola a Základní škola,600008681,Stravovací a ubytovací služby,65-51-E/01,,SOU s výuč. listem,3,ne,1,0,0,0,0,0,0.0,
Jihočeský kraj,Prachatice,Vimperk,Střední škola a Základní škola,600008681,Kuchař - číšník,65-51-H/01,,SOU s výuč. listem,3,ne,16,6,4,0,0,2,0.25,
Jihočeský kraj,Prachatice,Vimperk,Střední škola a Základní škola,600008681,Kadeřník,69-51-H/01,,SOU s výuč. listem,3,ne,2,10,2,6,0,2,1.0,
Jihočeský kraj,Strakonice,Vodňany,"SOU služeb Vodňany, Zeyerovy sady 43/II",651016762,Strojní mechanik,23-51-H/01,ŠVP Zámečník,SOU s výuč. listem,3,ne,10,0,0,0,0,0,0.0,
Jihočeský kraj,Strakonice,Vodňany,"SOU služeb Vodňany, Zeyerovy sady 43/II",651016762,Cukrář,29-54-H/01,,SOU s výuč. listem,3,ne,7,4,1,0,0,3,0.14,
Jihočeský kraj,Strakonice,Vodňany,"SOU služeb Vodňany, Zeyerovy sady 43/II",651016762,Řezník - uzenář,29-56-H/01,,SOU s výuč. listem,3,ne,8,0,0,0,0,0,0.0,
Jihočeský kraj,Strakonice,Vodňany,"SOU služeb Vodňany, Zeyerovy sady 43/II",651016762,Zahradník,41-52-H/01,,SOU s výuč. listem,3,ne,5,1,0,0,0,1,0.0,
Jihočeský kraj,Strakonice,Vodňany,"SOU služeb Vodňany, Zeyerovy sady 43/II",651016762,Stravovací a ubytovací služby,65-51-E/01,ŠVP Kuchařské práce,SOU s výuč. listem,3,ne,5,1,1,0,0,0,0.2,
Jihočeský kraj,Strakonice,Vodňany,"SOU služeb Vodňany, Zeyerovy sady 43/II",651016762,Kuchař - číšník,65-51-H/01,,SOU s výuč. listem,3,ne,10,4,0,0,0,4,0.0,
Jihočeský kraj,Strakonice,Vodňany,"SOU služeb Vodňany, Zeyerovy sady 43/II",651016762,Pečovatelské služby,75-41-E/01,,SOU s výuč. listem,3,ne,3,1,0,0,0,1,0.0,
Jihočeský kraj,Strakonice,Volyně,Střední škola a Jazyk.škola s právem SJZ,600170403,Cukrář,29-54-H/01,,SOU s výuč. listem,3,ne,8,5,4,0,0,1,0.5,
Jihočeský kraj,Strakonice,Volyně,Střední škola a Jazyk.škola s právem SJZ,600170403,Ekonomika a podnikání,63-41-M/01,,SOŠ,4,ano,8,3,2,0,0,1,0.25,
Jihočeský kraj,Strakonice,Volyně,Střední škola a Jazyk.škola s právem SJZ,600170403,Veřejnosprávní činnost,68-43-M/01,,SOŠ,4,ano,1,2,1,0,0,1,1.0,
Jihočeský kraj,Strakonice,Volyně,Střední škola a Jazyk.škola s právem SJZ,600170403,Přírodovědné lyceum,78-42-M/05,,Lycea,4,ano,4,1,1,0,0,0,0.25,
Jihočeský kraj,Strakonice,Volyně,Střední škola a Jazyk.škola s právem SJZ,600170403,Lyceum (režim pokusného ověřování),78-42-M/08,,Lycea,4,ano,4,1,0,0,0,1,0.0,
Jihočeský kraj,Strakonice,Volyně,VOŠ a SPŠ,600020312,Design interiéru,82-41-M/11,,SOŠ,4,ne,5,2,0,0,1,1,0.0,
Jihočeský kraj,České Budějovice,České Budějovice,"EDUCAnet - SŠ a ZŠ ČB, s.r.o.",600008266,Informační technologie,18-20-M/01,,SOŠ,4,ano,9,2,1,0,0,1,0.11,
Jihočeský kraj,České Budějovice,České Budějovice,"EDUCAnet - SŠ a ZŠ ČB, s.r.o.",600008266,Gymnázium,79-41-K/41,,Gymnázia 4letá,4,ano,11,14,8,0,3,3,0.73,
Jihočeský kraj,České Budějovice,České Budějovice,Hudební gymnázium České Budějovice s.r.o.,691015228,Gymnázium,79-41-K/41,,Gymnázia 4letá,4,ano,1,2,1,0,0,1,1.0,
Jihočeský kraj,České Budějovice,České Budějovice,"Střední škola obchodní, České Budějovice, Husova 9",600170292,Výrobce potravin,29-51-H/01,Pivovarník-sladovník,SOU s výuč. listem,3,ne,7,4,2,0,0,2,0.29,
Jihočeský kraj,České Budějovice,České Budějovice,"Střední škola obchodní, České Budějovice, Husova 9",600170292,Pekař,29-53-H/01,,SOU s výuč. listem,3,ne,1,3,1,1,0,1,1.0,
Jihočeský kraj,České Budějovice,České Budějovice,"Střední škola obchodní, České Budějovice, Husova 9",600170292,Fotograf,34-56-L/01,,SOU s maturitou,4,ano,12,21,4,0,5,12,0.33,
Jihočeský kraj,České Budějovice,České Budějovice,"Střední škola obchodní, České Budějovice, Husova 9",600170292,Podnikání,64-41-L/51,,Nástavby,2,ano,5,34,5,1,28,0,1.0,
Jihočeský kraj,České Budějovice,České Budějovice,"Střední škola obchodní, České Budějovice, Husova 9",600170292,Obchodník,66-41-L/01,,SOU s maturitou,4,ano,15,27,8,0,5,14,0.53,
Jihočeský kraj,České Budějovice,České Budějovice,"Střední škola obchodní, České Budějovice, Husova 9",600170292,Prodavač,66-51-H/01,,SOU s výuč. listem,3,ne,8,21,8,4,0,9,1.0,
Jihočeský kraj,České Budějovice,České Budějovice,"Střední škola obchodní, České Budějovice, Husova 9",600170292,Aranžér,66-52-H/01,,SOU s výuč. listem,3,ne,2,39,1,16,0,21,0.5,
Jihočeský kraj,České Budějovice,České Budějovice,Střední škola polytechnická,600170306,Strojní mechanik,23-51-H/01,Zámečník,SOU s výuč. listem,3,ne,2,4,2,0,1,1,1.0,
Jihočeský kraj,České Budějovice,České Budějovice,Střední škola polytechnická,600170306,Stavební materiály,36-43-M/01,Technologie a materiály ve stavebnictví,SOŠ,4,ano,6,10,1,0,0,9,0.17,
Jihočeský kraj,České Budějovice,České Budějovice,Střední škola polytechnická,600170306,Technická zařízení budov,36-45-M/01,,SOŠ,4,ano,1,1,1,0,0,0,1.0,
Jihočeský kraj,České Budějovice,České Budějovice,Střední škola polytechnická,600170306,Kominík,36-56-H/01,,SOU s výuč. listem,3,ne,2,5,2,2,0,1,1.0,
Jihočeský kraj,České Budějovice,České Budějovice,Střední škola polytechnická,600170306,Tesař,36-64-H/01,,SOU s výuč. listem,3,ne,11,5,2,0,1,2,0.18,
Jihočeský kraj,České Budějovice,České Budějovice,Střední škola polytechnická,600170306,Montér suchých staveb,36-66-H/01,,SOU s výuč. listem,3,ne,3,2,0,0,0,2,0.0,
Jihočeský kraj,České Budějovice,České Budějovice,Střední škola polytechnická,600170306,Zedník,36-67-H/01,,SOU s výuč. listem,3,ne,7,5,5,0,0,0,0.71,
Jihočeský kraj,České Budějovice,České Budějovice,Střední škola polytechnická,600170306,Malíř a lakýrník,39-41-H/01,Malíř,SOU s výuč. listem,3,ne,4,2,1,0,0,1,0.25,
Jihočeský kraj,České Budějovice,České Budějovice,"SŠ Jeronýmova České Budějovice, s.r.o.",600008215,Kuchař - číšník,65-51-H/01,,SOU s výuč. listem,3,ne,8,13,5,0,7,1,0.62,
Jihočeský kraj,České Budějovice,České Budějovice,SŠ a VOŠ cestovního ruchu,600170331,Kuchař - číšník,65-51-H/01,Kuchař,SOU s výuč. listem,3,ne,15,7,3,0,0,4,0.2,
Jihočeský kraj,České Budějovice,České Budějovice,SŠ a VOŠ cestovního ruchu,600170331,Kuchař - číšník,65-51-H/01,Kuchař-číšník,SOU s výuč. listem,3,ne,15,12,4,0,0,8,0.27,
Jihočeský kraj,České Budějovice,České Budějovice,SŠ a VOŠ cestovního ruchu,600170331,Kuchař - číšník,65-51-H/01,Číšník-servírka,SOU s výuč. listem,3,ne,3,8,1,0,0,7,0.33,
Jihočeský kraj,České Budějovice,České Budějovice,"Technické gymnázium, ZŠ a MŠ VŠTE s.r.o.",691007144,Gymnázium,79-41-K/41,,Gymnázia 4letá,4,ano,36,16,4,0,0,12,0.11,
Jihočeský kraj,České Budějovice,České Budějovice,"VOŠ, SPŠ automobilní a technická",600008193,Mechanik seřizovač,23-45-L/01,Mechanik seřizovač + Obráběč kovů (L0+H),SOU s maturitou,4,ano,10,11,4,0,2,5,0.4,
Jihočeský kraj,České Budějovice,České Budějovice,"VOŠ, SPŠ automobilní a technická",600008193,Strojní mechanik,23-51-H/01,Zámečník,SOU s výuč. listem,3,ne,10,4,0,0,2,2,0.0,
Jihočeský kraj,České Budějovice,České Budějovice,"VOŠ, SPŠ automobilní a technická",600008193,Nástrojař,23-52-H/01,Nástrojař,SOU s výuč. listem,3,ne,10,7,1,0,0,6,0.1,
Jihočeský kraj,České Budějovice,České Budějovice,"VOŠ, SPŠ automobilní a technická",600008193,Karosář,23-55-H/02,Autokarosář,SOU s výuč. listem,3,ne,10,11,6,0,1,4,0.6,
Jihočeský kraj,České Budějovice,České Budějovice,"VOŠ, SPŠ automobilní a technická",600008193,Obráběč kovů,23-56-H/01,Obráběč kovů,SOU s výuč. listem,3,ne,4,6,1,0,1,4,0.25,
Jihočeský kraj,České Budějovice,České Budějovice,"VOŠ, SPŠ automobilní a technická",600008193,Provoz a ekonomika dopravy,37-41-M/01,Provoz a ekonomika dopravy,SOŠ,4,ano,9,25,9,1,0,15,1.0,
Jihočeský kraj,České Budějovice,České Budějovice,"VOŠ, SPŠ automobilní a technická",600008193,Technické lyceum,78-42-M/01,Technické lyceum,Lycea,4,ano,8,13,5,0,0,8,0.62,
Jihočeský kraj,České Budějovice,České Budějovice,"Waldorfská škola ČB – MŠ, ZŠ a SŠ o.p.s.",651040621,Kombinované lyceum,78-42-M/06,,Lycea,4,ano,5,9,1,0,8,0,0.2,
Jihočeský kraj,Jindřichův Hradec,České Velenice,"Střední škola, České Velenice, Revoluční 220",600170373,Mechanik elektrotechnik,26-41-L/01,26-52-H/01 Elektromechanik pro zařízení a přístroje,SOU s maturitou,4,ano,4,0,0,0,0,0,0.0,
Jihočeský kraj,Jindřichův Hradec,České Velenice,"Střední škola, České Velenice, Revoluční 220",600170373,Elektromechanik pro zařízení a přístroje,26-52-H/01,,SOU s výuč. listem,3,ne,3,2,1,0,0,1,0.33,
Jihočeský kraj,Jindřichův Hradec,České Velenice,"Střední škola, České Velenice, Revoluční 220",600170373,Železničář,37-52-H/01,,SOU s výuč. listem,3,ne,3,3,2,0,0,1,0.67,
Jihočeský kraj,Jindřichův Hradec,České Velenice,"Střední škola, České Velenice, Revoluční 220",600170373,Obchodník,66-41-L/01,66-51-H/01 Prodavač,SOU s maturitou,4,ano,7,0,0,0,0,0,0.0,
Jihočeský kraj,Jindřichův Hradec,České Velenice,"Střední škola, České Velenice, Revoluční 220",600170373,Prodavač,66-51-H/01,  Aranžér,SOU s výuč. listem,3,ne,2,2,2,0,0,0,1.0,
Jihočeský kraj,Český Krumlov,Český Krumlov,"SOŠ zdravotnická a SOU, Český Krumlov, Tavírna 34",600019594,Zedník,36-67-H/01,,SOU s výuč. listem,3,ne,6,1,1,0,0,0,0.17,
Jihočeský kraj,Český Krumlov,Český Krumlov,"SOŠ zdravotnická a SOU, Český Krumlov, Tavírna 34",600019594,Ošetřovatel,53-41-H/01,,SOU s výuč. listem,3,ne,10,5,1,0,0,4,0.1,
Jihočeský kraj,Český Krumlov,Český Krumlov,"SOŠ zdravotnická a SOU, Český Krumlov, Tavírna 34",600019594,Kuchař - číšník,65-51-H/01,,SOU s výuč. listem,3,ne,10,11,6,0,0,5,0.6,
Jihočeský kraj,Český Krumlov,Český Krumlov,"SOŠ zdravotnická a SOU, Český Krumlov, Tavírna 34",600019594,Prodavač,66-51-H/01,,SOU s výuč. listem,3,ne,10,7,3,0,1,3,0.3,
Jihočeský kraj,Český Krumlov,Český Krumlov,"SOŠ zdravotnická a SOU, Český Krumlov, Tavírna 34",600019594,Sociální činnost,75-41-M/01,,SOŠ,4,ano,6,8,2,0,0,5,0.33,
Jihočeský kraj,Český Krumlov,Český Krumlov,SUPŠ sv. Anežky České,600008240,Grafický design,82-41-M/05,Design knihy a papíru ,SOŠ,4,ne,4,3,1,0,1,1,0.25,
Jihočeský kraj,Český Krumlov,Český Krumlov,SUPŠ sv. Anežky České,600008240,Grafický design,82-41-M/05,Užitá grafika,SOŠ,4,ne,6,4,3,0,1,0,0.5,
Jihočeský kraj,Český Krumlov,Český Krumlov,SUPŠ sv. Anežky České,600008240,Kamenosochařství,82-41-M/16,Kamenosochařská tvorba,SOŠ,4,ne,5,0,0,0,0,0,0.0,
Karlovarský kraj,Cheb,Aš,Základní škola a střední škola Aš,600066584,Praktická škola dvouletá,78-62-C/02,Praktická škola dvouletá,SOU bez výuč. listu,2,ne,5,2,2,0,0,0,0.4,
Karlovarský kraj,Cheb,Cheb,Integrovaná střední škola Cheb,600170462,Informační technologie,18-20-M/01,Umělá inteligence,SOŠ,4,ano,7,7,3,0,2,2,0.43,
Karlovarský kraj,Cheb,Cheb,Integrovaná střední škola Cheb,600170462,Strojírenství,23-41-M/01,Programování CNC strojů,SOŠ,4,ano,16,6,1,0,2,3,0.06,
Karlovarský kraj,Cheb,Cheb,Integrovaná střední škola Cheb,600170462,Mechanik elektrotechnik,26-41-L/01,Elektrotechnik pro zařízení a přístroje,SOU s maturitou,4,ano,1,2,0,0,0,2,0.0,
Karlovarský kraj,Cheb,Cheb,Integrovaná střední škola Cheb,600170462,Elektromechanik pro zařízení a přístroje,26-52-H/01,,SOU s výuč. listem,3,ne,8,18,8,5,0,5,1.0,
Karlovarský kraj,Cheb,Cheb,Integrovaná střední škola Cheb,600170462,Řezník - uzenář,29-56-H/01,,SOU s výuč. listem,3,ne,12,4,3,0,0,1,0.25,
Karlovarský kraj,Cheb,Cheb,Integrovaná střední škola Cheb,600170462,Truhlář,33-56-H/01,,SOU s výuč. listem,3,ne,4,14,4,4,0,6,1.0,
Karlovarský kraj,Cheb,Cheb,Integrovaná střední škola Cheb,600170462,Dřevařská výroba,33-57-E/01,,SOU s výuč. listem,3,ne,5,13,5,3,0,5,1.0,
Karlovarský kraj,Cheb,Cheb,Integrovaná střední škola Cheb,600170462,Požární ochrana,39-08-M/01,,SOŠ,4,ano,11,5,3,0,2,0,0.27,
Karlovarský kraj,Cheb,Cheb,Integrovaná střední škola Cheb,600170462,Agropodnikání,41-41-M/01,,SOŠ,4,ano,13,7,1,0,4,2,0.08,
Karlovarský kraj,Cheb,Cheb,Integrovaná střední škola Cheb,600170462,Zahradník,41-52-H/01,,SOU s výuč. listem,3,ne,3,15,3,5,1,6,1.0,
Karlovarský kraj,Cheb,Cheb,Integrovaná střední škola Cheb,600170462,Ekonomika a podnikání,63-41-M/01,Management kvality,SOŠ,4,ano,7,7,1,0,1,5,0.14,
Karlovarský kraj,Cheb,Cheb,Integrovaná střední škola Cheb,600170462,Prodavač,66-51-H/01,Výrobce lahůdek,SOU s výuč. listem,3,ne,18,14,9,0,1,4,0.5,
Karlovarský kraj,Cheb,Cheb,Integrovaná střední škola Cheb,600170462,Uměleckořemeslná stavba hudebních nástrojů,82-51-L/06,,SOU s maturitou,4,ne,6,0,0,0,0,0,0.0,
Karlovarský kraj,Karlovy Vary,Karlovy Vary,SUPŠ keramická a sklářská K. Vary,600009203,Aplikovaná chemie,28-44-M/01,,SOŠ,4,ano,1,6,1,3,0,2,1.0,
Karlovarský kraj,Karlovy Vary,Karlovy Vary,SUPŠ keramická a sklářská K. Vary,600009203,Užitá fotografie a média,82-41-M/02,,SOŠ,4,ne,2,7,2,1,4,0,1.0,
Karlovarský kraj,Karlovy Vary,Karlovy Vary,SUPŠ keramická a sklářská K. Vary,600009203,Výtvarné zpracování keramiky a porcelánu,82-41-M/12,,SOŠ,4,ne,3,5,2,0,2,1,0.67,
Karlovarský kraj,Karlovy Vary,Karlovy Vary,SUPŠ keramická a sklářská K. Vary,600009203,Výtvarné zpracování skla a světelných objektů,82-41-M/13,,SOŠ,4,ne,6,4,2,0,0,2,0.33,
Karlovarský kraj,Karlovy Vary,Karlovy Vary,"Střední odborná škola Karlovy Vary,s.r.o",600009238,Mechanik opravář motorových vozidel,23-68-H/01,,SOU s výuč. listem,3,ne,9,29,4,0,25,0,0.44,
Karlovarský kraj,Karlovy Vary,Karlovy Vary,"Střední odborná škola Karlovy Vary,s.r.o",600009238,Autotronik,39-41-L/01,,SOU s maturitou,4,ano,4,14,4,3,0,7,1.0,
Karlovarský kraj,Karlovy Vary,Karlovy Vary,Střední odborná škola stavební K. Vary,600009319,Strojní mechanik,23-51-H/01,,SOU s výuč. listem,3,ne,5,10,5,2,1,2,1.0,
Karlovarský kraj,Karlovy Vary,Karlovy Vary,Střední odborná škola stavební K. Vary,600009319,Elektrikář - silnoproud,26-51-H/02,,SOU s výuč. listem,3,ne,4,24,4,6,6,8,1.0,
Karlovarský kraj,Karlovy Vary,Karlovy Vary,Střední odborná škola stavební K. Vary,600009319,Truhlář,33-56-H/01,,SOU s výuč. listem,3,ne,5,18,5,1,4,8,1.0,
Karlovarský kraj,Karlovy Vary,Karlovy Vary,Střední odborná škola stavební K. Vary,600009319,Stavební práce,36-67-E/02,,SOU s výuč. listem,2,ne,20,12,7,0,2,3,0.35,
Karlovarský kraj,Karlovy Vary,Karlovy Vary,Střední odborná škola stavební K. Vary,600009319,Zedník,36-67-H/01,,SOU s výuč. listem,3,ne,9,12,3,0,1,8,0.33,
Karlovarský kraj,Karlovy Vary,Karlovy Vary,Střední odborná škola stavební K. Vary,600009319,Malíř a lakýrník,39-41-H/01,,SOU s výuč. listem,3,ne,3,7,3,2,0,2,1.0,
Karlovarský kraj,Karlovy Vary,Karlovy Vary,Střední škola stravování a služeb K.Vary,600009106,Stravovací a ubytovací služby,65-51-E/01,,SOU s výuč. listem,3,ne,7,22,7,2,4,9,1.0,
Karlovarský kraj,Karlovy Vary,Karlovy Vary,Střední škola stravování a služeb K.Vary,600009106,Kuchař - číšník,65-51-H/01,(Kuchař),SOU s výuč. listem,3,ne,2,38,2,19,3,14,1.0,
Karlovarský kraj,Karlovy Vary,Karlovy Vary,Základní škola a střední škola K. Vary,600022854,Provozní služby,69-54-E/01,"úklid v zařízeních, úklid administrativních ploch nebo veřejných prostor, hospodyně v domácnosti apod., dále výkon pomocných prací při přípravě pokrmů, při praní a žehlení prádla, při šití a opravách prádla, jednoduchých oděvů a při šití bytových doplňků.",SOU s výuč. listem,2,ne,2,2,2,0,0,0,1.0,
Karlovarský kraj,Karlovy Vary,Karlovy Vary,Základní škola a střední škola K. Vary,600022854,Praktická škola dvouletá,78-62-C/02,"jednoduché pracovní činnosti v oblasti služeb a výroby (např. v sociálních a komunálních službách, ve zdravotnictví, ve výrobních podnicích, v zemědělství), případně k pokračování v dalším vzdělávání",SOU bez výuč. listu,2,ne,4,0,0,0,0,0,0.0,
Karlovarský kraj,Sokolov,Kraslice,"Střední škola,základ.škola a mateř.škola",600073017,Nástrojař,23-52-H/01,,SOU s výuč. listem,3,ne,12,6,5,0,0,1,0.42,
Karlovarský kraj,Cheb,Mariánské Lázně,Hotelová škola Mariánské Lázně,600009033,Hotelnictví,65-42-M/01,Hotelnictví a turismus,SOŠ,4,ano,21,32,18,0,0,13,0.86,15.0
Karlovarský kraj,Cheb,Mariánské Lázně,Hotelová škola Mariánské Lázně,600009033,Kuchař - číšník,65-51-H/01,Kuchař/kuchařka,SOU s výuč. listem,3,ne,21,15,9,0,0,5,0.43,
Karlovarský kraj,Cheb,Mariánské Lázně,Hotelová škola Mariánské Lázně,600009033,Kuchař - číšník,65-51-H/01,Číšník/servírka,SOU s výuč. listem,3,ne,5,17,5,3,0,9,1.0,
Karlovarský kraj,Cheb,Mariánské Lázně,JEZDECKÁ AKADEMIE - SOŠ Mar.Lázně s.r.o.,651011434,Chovatelství,41-43-M/02,,SOŠ,4,ano,10,5,1,0,3,1,0.1,
Karlovarský kraj,Cheb,Mariánské Lázně,JEZDECKÁ AKADEMIE - SOŠ Mar.Lázně s.r.o.,651011434,Jezdec a chovatel koní,41-53-H/02,,SOU s výuč. listem,3,ne,9,6,2,0,3,1,0.22,
Karlovarský kraj,Sokolov,Sokolov,ISŠ technická a ekonomická Sokolov,600170527,Strojírenství,23-41-M/01,,SOŠ,4,ano,20,10,2,0,4,4,0.1,
Karlovarský kraj,Sokolov,Sokolov,ISŠ technická a ekonomická Sokolov,600170527,Dopravní prostředky,23-45-M/01,,SOŠ,4,ano,24,13,4,0,5,4,0.17,
Karlovarský kraj,Sokolov,Sokolov,ISŠ technická a ekonomická Sokolov,600170527,Obráběč kovů,23-56-H/01,,SOU s výuč. listem,3,ne,21,20,18,0,0,2,0.86,
Karlovarský kraj,Sokolov,Sokolov,ISŠ technická a ekonomická Sokolov,600170527,Elektrotechnika,26-41-M/01,,SOŠ,4,ano,2,9,2,0,3,4,1.0,
Karlovarský kraj,Sokolov,Sokolov,ISŠ technická a ekonomická Sokolov,600170527,Ekonomika a podnikání,63-41-M/01,,SOŠ,4,ano,10,14,5,0,3,6,0.5,
Karlovarský kraj,Sokolov,Sokolov,ISŠ technická a ekonomická Sokolov,600170527,Veřejnosprávní činnost,68-43-M/01,,SOŠ,4,ano,2,8,2,0,6,0,1.0,
Karlovarský kraj,Sokolov,Sokolov,Soukr. obchodní akademie Sokolov s.r.o.,600009904,Obchodní akademie,63-41-M/02,,SOŠ,4,ano,8,19,8,0,0,11,1.0,
Karlovarský kraj,Sokolov,Sokolov,Střední škola živnostenská Sokolov,651012988,Potravinářské práce,29-51-E/02,Pekařské práce,SOU s výuč. listem,2,ne,6,17,6,4,1,6,1.0,
Karlovarský kraj,Sokolov,Sokolov,Střední škola živnostenská Sokolov,651012988,Pekař,29-53-H/01,,SOU s výuč. listem,3,ne,3,24,3,13,1,7,1.0,
Karlovarský kraj,Sokolov,Sokolov,Střední škola živnostenská Sokolov,651012988,Práce ve stravování,65-51-E/02,,SOU s výuč. listem,2,ne,2,17,2,10,1,4,1.0,
Karlovarský kraj,Sokolov,Sokolov,Střední škola živnostenská Sokolov,651012988,Kuchař - číšník,65-51-H/01,Kuchař,SOU s výuč. listem,3,ne,1,26,1,18,1,6,1.0,
Karlovarský kraj,Sokolov,Sokolov,Střední škola živnostenská Sokolov,651012988,Aranžér,66-52-H/01,,SOU s výuč. listem,3,ne,7,40,7,20,0,13,1.0,
Karlovarský kraj,Sokolov,Sokolov,Střední škola živnostenská Sokolov,651012988,Informační služby,72-41-M/01,,SOŠ,4,ano,8,18,7,0,3,8,0.88,
Karlovarský kraj,Sokolov,Sokolov,"ŠMP Mánesova - gymnázium, ZŠ a MŠ s.r.o.",610100718,Gymnázium,79-41-K/41,,Gymnázia 4letá,4,ano,8,6,0,0,4,2,0.0,
Karlovarský kraj,Karlovy Vary,Žlutice,Střední lesnická škola Žlutice,600009271,Zahradnické práce,41-52-E/01,,SOU s výuč. listem,3,ne,7,4,1,0,0,3,0.14,
Karlovarský kraj,Karlovy Vary,Žlutice,Střední lesnická škola Žlutice,600009271,Zahradník,41-52-H/01,,SOU s výuč. listem,3,ne,2,4,2,0,0,2,1.0,
Kraj Vysočina,Žďár nad Sázavou,Bystřice nad Pernštejnem,AGTS Bystřice nad Pernštejnem,600015891,Strojírenské práce,23-51-E/01,Zámečnické práce ve stavebnictví,SOU s výuč. listem,3,ne,4,1,1,0,0,0,0.25,
Kraj Vysočina,Žďár nad Sázavou,Bystřice nad Pernštejnem,AGTS Bystřice nad Pernštejnem,600015891,Strojní mechanik,23-51-H/01,Strojní mechanik,SOU s výuč. listem,3,ne,1,0,0,0,0,0,0.0,
Kraj Vysočina,Žďár nad Sázavou,Bystřice nad Pernštejnem,AGTS Bystřice nad Pernštejnem,600015891,Mechanik opravář motorových vozidel,23-68-H/01,Automechanik,SOU s výuč. listem,3,ne,1,2,1,1,0,0,1.0,
Kraj Vysočina,Žďár nad Sázavou,Bystřice nad Pernštejnem,AGTS Bystřice nad Pernštejnem,600015891,Agropodnikání,41-41-M/01,Agropodnikání,SOŠ,4,ano,7,2,1,0,0,1,0.14,
Kraj Vysočina,Žďár nad Sázavou,Bystřice nad Pernštejnem,AGTS Bystřice nad Pernštejnem,600015891,Zemědělec - farmář,41-51-H/01,Farmářka - farmář,SOU s výuč. listem,3,ne,6,2,0,0,0,2,0.0,
Kraj Vysočina,Žďár nad Sázavou,Bystřice nad Pernštejnem,AGTS Bystřice nad Pernštejnem,600015891,Opravář zemědělských strojů,41-55-H/01,Opravář zemědělských strojů,SOU s výuč. listem,3,ne,1,0,0,0,0,0,0.0,
Kraj Vysočina,Žďár nad Sázavou,Bystřice nad Pernštejnem,AGTS Bystřice nad Pernštejnem,600015891,Cestovní ruch,65-42-M/02,Management služeb a cestovního ruchu,SOŠ,4,ano,5,2,0,0,0,2,0.0,
Kraj Vysočina,Žďár nad Sázavou,Bystřice nad Pernštejnem,AGTS Bystřice nad Pernštejnem,600015891,Stravovací a ubytovací služby,65-51-E/01,Kuchařské práce,SOU s výuč. listem,3,ne,4,2,2,0,0,0,0.5,
Kraj Vysočina,Žďár nad Sázavou,Bystřice nad Pernštejnem,AGTS Bystřice nad Pernštejnem,600015891,Ekonomické lyceum,78-42-M/02,Ekonomické lyceum,Lycea,4,ano,6,2,0,0,0,2,0.0,
Kraj Vysočina,Žďár nad Sázavou,Bystřice nad Pernštejnem,Gymnázium Bystřice nad Pernštejnem,600016005,Gymnázium,79-41-K/41,,Gymnázia 4letá,4,ano,4,4,3,0,0,1,0.75,
Kraj Vysočina,Havlíčkův Brod,Chotěboř,SŠ tech.-ekonom. Chotěboř,600011577,Mechanik seřizovač,23-45-L/01,kombinace s oborem 23-56-H/01 Obráběč kovů (L0+H – maturita + vyučení),SOU s maturitou,4,ano,3,0,0,0,0,0,0.0,
Kraj Vysočina,Havlíčkův Brod,Chotěboř,SŠ tech.-ekonom. Chotěboř,600011577,Strojní mechanik,23-51-H/01,,SOU s výuč. listem,3,ne,7,1,1,0,0,0,0.14,
Kraj Vysočina,Havlíčkův Brod,Chotěboř,SŠ tech.-ekonom. Chotěboř,600011577,Obráběč kovů,23-56-H/01,CNC obrábění,SOU s výuč. listem,3,ne,5,0,0,0,0,0,0.0,
Kraj Vysočina,Havlíčkův Brod,Chotěboř,SŠ tech.-ekonom. Chotěboř,600011577,Elektrotechnika,26-41-M/01,Průmyslová automatizace,SOŠ,4,ano,5,0,0,0,0,0,0.0,
Kraj Vysočina,Havlíčkův Brod,Chotěboř,SŠ tech.-ekonom. Chotěboř,600011577,Operátor dřevařské a nábytkářské výroby,33-41-L/01,kombinace s oborem 33-56-H/01 Truhlář (L0+H - maturita + vyučení),SOU s maturitou,4,ano,6,2,1,0,0,1,0.17,
Kraj Vysočina,Havlíčkův Brod,Chotěboř,SŠ tech.-ekonom. Chotěboř,600011577,Truhlář,33-56-H/01,,SOU s výuč. listem,3,ne,2,3,2,0,0,1,1.0,
Kraj Vysočina,Havlíčkův Brod,Chotěboř,SŠ tech.-ekonom. Chotěboř,600011577,Obchodní akademie,63-41-M/02,Finance a daně/Firemní management,SOŠ,4,ano,5,4,2,0,0,2,0.4,
Kraj Vysočina,Havlíčkův Brod,Chotěboř,SŠ tech.-ekonom. Chotěboř,600011577,Operátor skladování,66-53-H/01,Firemní logistika,SOU s výuč. listem,3,ne,7,1,0,0,0,1,0.0,
Kraj Vysočina,Havlíčkův Brod,Chotěboř,Základní škola a Praktická škola,600023851,Praktická škola jednoletá,78-62-C/01,,SOU bez výuč. listu,1,ne,1,0,0,0,0,0,0.0,
Kraj Vysočina,Havlíčkův Brod,Chotěboř,Základní škola a Praktická škola,600023851,Praktická škola dvouletá,78-62-C/02,,SOU bez výuč. listu,2,ne,9,0,0,0,0,0,0.0,
Kraj Vysočina,Havlíčkův Brod,Havlíčkův Brod,Obchodní akademie a Hotelová škola,600170748,Pekař,29-53-H/01,,SOU s výuč. listem,3,ne,7,11,4,0,0,7,0.57,
Kraj Vysočina,Havlíčkův Brod,Havlíčkův Brod,Obchodní akademie a Hotelová škola,600170748,Cukrář,29-54-H/01,,SOU s výuč. listem,3,ne,2,15,2,6,0,7,1.0,
Kraj Vysočina,Havlíčkův Brod,Havlíčkův Brod,Obchodní akademie a Hotelová škola,600170748,Obchodní akademie,63-41-M/02,,SOŠ,4,ano,4,7,4,1,1,1,1.0,
Kraj Vysočina,Havlíčkův Brod,Havlíčkův Brod,Obchodní akademie a Hotelová škola,600170748,Stravovací a ubytovací služby,65-51-E/01,,SOU s výuč. listem,3,ne,9,9,6,0,0,2,0.67,
Kraj Vysočina,Havlíčkův Brod,Havlíčkův Brod,Obchodní akademie a Hotelová škola,600170748,Ekonomické lyceum,78-42-M/02,,Lycea,4,ano,6,4,0,0,1,3,0.0,
Kraj Vysočina,Havlíčkův Brod,Havlíčkův Brod,Obchodní akademie a Hotelová škola,600170748,Lyceum (režim pokusného ověřování),78-42-M/08,,Lycea,4,ano,7,6,1,0,0,5,0.14,
Kraj Vysočina,Havlíčkův Brod,Havlíčkův Brod,SPŠ stavební akademika St. Bechyně,600011551,Malíř a lakýrník,39-41-H/01,,SOU s výuč. listem,3,ne,2,6,1,0,0,5,0.5,
Kraj Vysočina,Havlíčkův Brod,Havlíčkův Brod,Základní škola a Praktická škola,600023885,Praktická škola jednoletá,78-62-C/01,,SOU bez výuč. listu,1,ne,6,0,0,0,0,0,0.0,
Kraj Vysočina,Havlíčkův Brod,Havlíčkův Brod,Základní škola a Praktická škola,600023885,Praktická škola dvouletá,78-62-C/02,,SOU bez výuč. listu,2,ne,4,0,0,0,0,0,0.0,
Kraj Vysočina,Pelhřimov,Humpolec,"SŠ inf. a CR SČMSD Humpolec, s.r.o.",600008509,Informační technologie,18-20-M/01,"Programování, počítačové sítě, webové stránky",SOŠ,4,ano,3,0,0,0,0,0,0.0,
Kraj Vysočina,Pelhřimov,Humpolec,"SŠ inf. a CR SČMSD Humpolec, s.r.o.",600008509,Spojový mechanik,26-59-H/01,Mechanik digitálních sítí,SOU s výuč. listem,3,ne,8,2,1,0,0,1,0.12,
Kraj Vysočina,Pelhřimov,Humpolec,"SŠ inf. a CR SČMSD Humpolec, s.r.o.",600008509,Reprodukční grafik,34-53-H/01,,SOU s výuč. listem,3,ne,5,10,5,3,0,2,1.0,
Kraj Vysočina,Pelhřimov,Humpolec,"SŠ inf. a CR SČMSD Humpolec, s.r.o.",600008509,Kuchař - číšník,65-51-H/01,,SOU s výuč. listem,3,ne,4,3,1,0,0,2,0.25,
Kraj Vysočina,Pelhřimov,Humpolec,"SŠ inf. a CR SČMSD Humpolec, s.r.o.",600008509,Obchodník,66-41-L/01,Specialista na cestovní ruch,SOU s maturitou,4,ano,5,3,1,0,0,2,0.2,
Kraj Vysočina,Pelhřimov,Humpolec,"Česká zemědělská akademie, střední škola",600008479,Mechanik opravář motorových vozidel,23-68-H/01,,SOU s výuč. listem,3,ne,7,5,2,0,0,3,0.29,
Kraj Vysočina,Pelhřimov,Humpolec,"Česká zemědělská akademie, střední škola",600008479,Instalatér,36-52-H/01,,SOU s výuč. listem,3,ne,2,3,2,0,0,1,1.0,
Kraj Vysočina,Pelhřimov,Humpolec,"Česká zemědělská akademie, střední škola",600008479,Agropodnikání,41-41-M/01,chov koní a jezdectví,SOŠ,4,ano,4,7,4,1,1,1,1.0,
Kraj Vysočina,Pelhřimov,Humpolec,"Česká zemědělská akademie, střední škola",600008479,Mechanizace a služby,41-45-M/01,,SOŠ,4,ano,7,0,0,0,0,0,0.0,
Kraj Vysočina,Pelhřimov,Humpolec,"Česká zemědělská akademie, střední škola",600008479,Zemědělec - farmář,41-51-H/01,,SOU s výuč. listem,3,ne,3,5,1,0,0,4,0.33,
Kraj Vysočina,Pelhřimov,Humpolec,"Česká zemědělská akademie, střední škola",600008479,Jezdec a chovatel koní,41-53-H/02,,SOU s výuč. listem,3,ne,5,8,5,0,0,3,1.0,
Kraj Vysočina,Pelhřimov,Humpolec,"Česká zemědělská akademie, střední škola",600008479,Opravář zemědělských strojů,41-55-H/01,,SOU s výuč. listem,3,ne,10,3,2,0,0,1,0.2,
Kraj Vysočina,Pelhřimov,Humpolec,"Česká zemědělská akademie, střední škola",600008479,Přírodovědné lyceum,78-42-M/05,,Lycea,4,ano,20,2,0,0,0,2,0.0,
Kraj Vysočina,Jihlava,Jihlava,"Manažerská akademie - SOŠ, s.r.o.",600014827,Veřejnosprávní činnost,68-43-M/01,Právní a mediální,SOŠ,4,ano,2,8,2,3,0,3,1.0,
Kraj Vysočina,Jihlava,Jihlava,"OA, VOŠZ a SZŠ, SOŠS a JŠ s právem SJZ",600014894,Analýza potravin,29-42-M/01,,SOŠ,4,ano,6,2,1,0,0,1,0.17,
Kraj Vysočina,Jihlava,Jihlava,"OA, VOŠZ a SZŠ, SOŠS a JŠ s právem SJZ",600014894,Fotograf,34-56-L/01,,SOU s maturitou,4,ano,6,4,0,0,4,0,0.0,
Kraj Vysočina,Jihlava,Jihlava,"OA, VOŠZ a SZŠ, SOŠS a JŠ s právem SJZ",600014894,Kuchař - číšník,65-51-H/01,,SOU s výuč. listem,3,ne,10,19,9,1,0,8,0.9,
Kraj Vysočina,Jihlava,Jihlava,"OA, VOŠZ a SZŠ, SOŠS a JŠ s právem SJZ",600014894,Prodavač,66-51-H/01,,SOU s výuč. listem,3,ne,2,8,2,0,0,6,1.0,
Kraj Vysočina,Jihlava,Jihlava,SOŠ sociální u Matky Boží Jihlava,600014771,Pedagogické lyceum,78-42-M/03,Příprava pro pedagogická povolání,Lycea,4,ano,8,12,4,0,5,3,0.5,
Kraj Vysočina,Jihlava,Jihlava,"Soukromá VOŠ a SUŠ grafická, s.r.o.",600014851,Grafický design,82-41-M/05,GRAFICKÝ DESIGN,SOŠ,4,ne,7,4,2,0,1,1,0.29,
Kraj Vysočina,Jihlava,Jihlava,"Soukromá VOŠ a SUŠ grafická, s.r.o.",600014851,Grafický design,82-41-M/05,MOTION DESIGN,SOŠ,4,ne,7,2,1,0,1,0,0.14,
Kraj Vysočina,Jihlava,Jihlava,"Soukromá VOŠ a SUŠ grafická, s.r.o.",600014851,Multimediální tvorba,82-41-M/17,ANIMACE A GAME ART,SOŠ,4,ne,6,3,0,0,3,0,0.0,
Kraj Vysočina,Jihlava,Jihlava,"Soukromá VOŠ a SUŠ grafická, s.r.o.",600014851,Multimediální tvorba,82-41-M/17,FILMOVÁ A FOTOGRAFICKÁ TVORBA,SOŠ,4,ne,8,3,0,0,2,1,0.0,
Kraj Vysočina,Jihlava,Jihlava,Střední průmyslová škola Jihlava,600014843,Strojírenství,23-41-M/01,,SOŠ,4,ano,4,1,0,0,1,0,0.0,
Kraj Vysočina,Jihlava,Jihlava,Střední průmyslová škola Jihlava,600014843,Mechanik seřizovač,23-45-L/01,,SOU s maturitou,4,ano,15,3,1,0,0,2,0.07,
Kraj Vysočina,Jihlava,Jihlava,Střední průmyslová škola Jihlava,600014843,Strojní mechanik,23-51-H/01,,SOU s výuč. listem,3,ne,3,6,3,1,0,2,1.0,
Kraj Vysočina,Jihlava,Jihlava,Střední průmyslová škola Jihlava,600014843,Nástrojař,23-52-H/01,,SOU s výuč. listem,3,ne,10,4,1,0,0,3,0.1,
Kraj Vysočina,Jihlava,Jihlava,Střední průmyslová škola Jihlava,600014843,Obráběč kovů,23-56-H/01,,SOU s výuč. listem,3,ne,1,1,0,0,0,1,0.0,
Kraj Vysočina,Jihlava,Jihlava,Střední průmyslová škola Jihlava,600014843,Mechanik elektrotechnik,26-41-L/01,,SOU s maturitou,4,ano,1,1,0,0,1,0,0.0,
Kraj Vysočina,Jihlava,Jihlava,Střední průmyslová škola Jihlava,600014843,Elektrikář - silnoproud,26-51-H/02,,SOU s výuč. listem,3,ne,1,4,1,2,0,1,1.0,
Kraj Vysočina,Jihlava,Jihlava,Střední průmyslová škola Jihlava,600014843,Autotronik,39-41-L/01,,SOU s maturitou,4,ano,1,0,0,0,0,0,0.0,
Kraj Vysočina,Jihlava,Jihlava,Střední průmyslová škola Jihlava,600014843,Autotronik,39-41-L/51,,Nástavby,2,ano,11,2,1,0,0,1,0.09,
Kraj Vysočina,Jihlava,Jihlava,Střední škola stavební,600171116,Tesař,36-64-H/01,,SOU s výuč. listem,3,ne,4,5,3,0,0,2,0.75,
Kraj Vysočina,Jihlava,Jihlava,Střední škola stavební,600171116,Zedník,36-67-H/01,,SOU s výuč. listem,3,ne,4,3,2,0,0,1,0.5,
Kraj Vysočina,Jihlava,Jihlava,Střední škola stavební,600171116,Pokrývač,36-69-H/01,,SOU s výuč. listem,3,ne,1,4,1,1,0,2,1.0,
Kraj Vysočina,Jihlava,Jihlava,"Škola ekonomiky a CR, soukr.  SOŠ s.r.o.",600014860,Veřejnosprávní činnost,68-43-M/01,Právní administrativa a evropská integrace,SOŠ,4,ano,5,3,2,0,0,1,0.4,
Kraj Vysočina,Jihlava,Jihlava,"Škola ekonomiky a CR, soukr.  SOŠ s.r.o.",600014860,Ekonomické lyceum,78-42-M/02,Ekonomické lyceum s rozšířenou výukou jazyků,Lycea,4,ano,5,6,1,0,3,2,0.2,
Kraj Vysočina,Havlíčkův Brod,Ledeč nad Sázavou,"Gymnázium, SOŠ a VOŠ",600011534,Informační technologie,18-20-M/01,,SOŠ,4,ano,10,4,3,0,0,1,0.3,
Kraj Vysočina,Havlíčkův Brod,Ledeč nad Sázavou,"Gymnázium, SOŠ a VOŠ",600011534,Informační technologie,18-20-M/01,Ekonomika a služby,SOŠ,4,ano,10,1,0,0,0,1,0.0,
Kraj Vysočina,Havlíčkův Brod,Ledeč nad Sázavou,"Gymnázium, SOŠ a VOŠ",600011534,Mechanik seřizovač,23-45-L/01,"Programátor CNC, 23-56-H/01 Obráběč kovů",SOU s maturitou,4,ano,7,1,0,0,0,0,0.0,
Kraj Vysočina,Havlíčkův Brod,Ledeč nad Sázavou,"Gymnázium, SOŠ a VOŠ",600011534,Mechanik seřizovač,23-45-L/01,"Robotika, 23-56-H/01 Obráběč kovů",SOU s maturitou,4,ano,4,0,0,0,0,0,0.0,
Kraj Vysočina,Havlíčkův Brod,Ledeč nad Sázavou,"Gymnázium, SOŠ a VOŠ",600011534,Strojní mechanik,23-51-H/01,,SOU s výuč. listem,3,ne,2,1,0,0,0,1,0.0,
Kraj Vysočina,Havlíčkův Brod,Ledeč nad Sázavou,"Gymnázium, SOŠ a VOŠ",600011534,Obráběč kovů,23-56-H/01,,SOU s výuč. listem,3,ne,4,1,1,0,0,0,0.25,
Kraj Vysočina,Havlíčkův Brod,Ledeč nad Sázavou,"Gymnázium, SOŠ a VOŠ",600011534,Reprodukční grafik,34-53-H/01,Reprodukční grafik a administrativa,SOU s výuč. listem,3,ne,4,0,0,0,0,0,0.0,
Kraj Vysočina,Havlíčkův Brod,Ledeč nad Sázavou,"Gymnázium, SOŠ a VOŠ",600011534,Gymnázium,79-41-K/41,,Gymnázia 4letá,4,ano,16,4,1,0,0,3,0.06,
Kraj Vysočina,Třebíč,Moravské Budějovice,Střední škola řemesel a služeb,600015408,Mechanik seřizovač,23-45-L/01,23-56-H/01 Obráběč kovů,SOU s maturitou,4,ano,4,3,1,0,0,2,0.25,
Kraj Vysočina,Třebíč,Moravské Budějovice,Střední škola řemesel a služeb,600015408,Mechanik opravář motorových vozidel,23-68-H/01,,SOU s výuč. listem,3,ne,5,8,5,1,0,2,1.0,
Kraj Vysočina,Třebíč,Moravské Budějovice,Střední škola řemesel a služeb,600015408,Elektrikář - silnoproud,26-51-H/02,,SOU s výuč. listem,3,ne,8,9,4,0,2,3,0.5,
Kraj Vysočina,Třebíč,Moravské Budějovice,Střední škola řemesel a služeb,600015408,Instalatér,36-52-H/01,,SOU s výuč. listem,3,ne,3,2,0,0,1,1,0.0,
Kraj Vysočina,Třebíč,Moravské Budějovice,Střední škola řemesel a služeb,600015408,Mechanik instalatérských a elektrotechnických zařízení,39-41-L/02,36-52-H/01 Instalatér,SOU s maturitou,4,ano,4,5,3,0,0,2,0.75,
Kraj Vysočina,Třebíč,Moravské Budějovice,Střední škola řemesel a služeb,600015408,Opravář zemědělských strojů,41-55-H/01,,SOU s výuč. listem,3,ne,8,3,1,0,0,2,0.12,
Kraj Vysočina,Třebíč,Moravské Budějovice,Střední škola řemesel a služeb,600015408,Ošetřovatel,53-41-H/01,,SOU s výuč. listem,3,ne,5,7,3,0,1,3,0.6,
Kraj Vysočina,Třebíč,Moravské Budějovice,Střední škola řemesel a služeb,600015408,Podnikání,64-41-L/51,,Nástavby,2,ano,8,14,7,0,2,4,0.88,
Kraj Vysočina,Třebíč,Moravské Budějovice,Střední škola řemesel a služeb,600015408,Kuchař - číšník,65-51-H/01,,SOU s výuč. listem,3,ne,4,0,0,0,0,0,0.0,
Kraj Vysočina,Třebíč,Moravské Budějovice,Základní škola a Praktická škola,600025691,Praktická škola jednoletá,78-62-C/01,práce v domácnosti,SOU bez výuč. listu,1,ne,3,0,0,0,0,0,0.0,
Kraj Vysočina,Žďár nad Sázavou,Nové Město na Moravě,Střední odborná škola,610250523,Truhlář,33-56-H/01,,SOU s výuč. listem,3,ne,2,0,0,0,0,0,0.0,
Kraj Vysočina,Žďár nad Sázavou,Nové Město na Moravě,Střední odborná škola,610250523,Stavebnictví,36-47-M/01,,SOŠ,4,ano,9,2,0,0,0,2,0.0,
Kraj Vysočina,Žďár nad Sázavou,Nové Město na Moravě,Střední odborná škola,610250523,Tesař,36-64-H/01,,SOU s výuč. listem,3,ne,2,0,0,0,0,0,0.0,
Kraj Vysočina,Žďár nad Sázavou,Nové Město na Moravě,Střední odborná škola,610250523,Zedník,36-67-H/01,,SOU s výuč. listem,3,ne,2,0,0,0,0,0,0.0,
Kraj Vysočina,Žďár nad Sázavou,Nové Město na Moravě,Střední odborná škola,610250523,Provoz a ekonomika dopravy,37-41-M/01,Logistika v dopravě,SOŠ,4,ano,8,1,1,0,0,0,0.12,
Kraj Vysočina,Žďár nad Sázavou,Nové Město na Moravě,Střední odborná škola,610250523,Provoz a ekonomika dopravy,37-41-M/01,Železniční provoz,SOŠ,4,ano,3,0,0,0,0,0,0.0,
Kraj Vysočina,Žďár nad Sázavou,Nové Město na Moravě,Střední odborná škola,610250523,Ošetřovatel,53-41-H/01,,SOU s výuč. listem,3,ne,3,1,1,0,0,0,0.33,
Kraj Vysočina,Žďár nad Sázavou,Nové Město na Moravě,Střední odborná škola,610250523,Sociální činnost,75-41-M/01,,SOŠ,4,ano,10,8,4,0,0,4,0.4,
Kraj Vysočina,Pelhřimov,Pacov,Gymnázium Pacov,691007551,Gymnázium,79-41-K/61,,Gymnázia 6letá,6,ano,4,27,4,14,0,9,1.0,
Kraj Vysočina,Pelhřimov,Pelhřimov,SPŠ a SOU,600008487,Informační technologie,18-20-M/01,,SOŠ,4,ano,10,4,1,0,2,1,0.1,
Kraj Vysočina,Pelhřimov,Pelhřimov,SPŠ a SOU,600008487,Strojírenství,23-41-M/01,,SOŠ,4,ano,10,2,2,0,0,0,0.2,
Kraj Vysočina,Pelhřimov,Pelhřimov,SPŠ a SOU,600008487,Dopravní prostředky,23-45-M/01,Silniční doprava,SOŠ,4,ano,10,0,0,0,0,0,0.0,
Kraj Vysočina,Pelhřimov,Pelhřimov,SPŠ a SOU,600008487,Strojní mechanik,23-51-H/01,Zámečník,SOU s výuč. listem,3,ne,9,2,1,0,0,1,0.11,
Kraj Vysočina,Pelhřimov,Pelhřimov,SPŠ a SOU,600008487,Mechanik opravář motorových vozidel,23-68-H/01,Automechanik,SOU s výuč. listem,3,ne,8,5,3,0,0,2,0.38,
Kraj Vysočina,Pelhřimov,Pelhřimov,SPŠ a SOU,600008487,Operátor dřevařské a nábytkářské výroby,33-41-L/01,Truhlář,SOU s maturitou,4,ano,14,2,1,0,1,0,0.07,
Kraj Vysočina,Pelhřimov,Pelhřimov,SPŠ a SOU,600008487,Truhlář,33-56-H/01,,SOU s výuč. listem,3,ne,7,4,2,0,0,2,0.29,
Kraj Vysočina,Pelhřimov,Pelhřimov,SPŠ a SOU,600008487,Zemědělec - farmář,41-51-H/01,,SOU s výuč. listem,3,ne,6,3,1,0,0,2,0.17,
Kraj Vysočina,Pelhřimov,Pelhřimov,SPŠ a SOU,600008487,Opravář zemědělských strojů,41-55-H/01,,SOU s výuč. listem,3,ne,6,5,2,0,0,3,0.33,
Kraj Vysočina,Pelhřimov,Pelhřimov,SPŠ a SOU,600008487,Ošetřovatel,53-41-H/01,,SOU s výuč. listem,3,ne,8,7,2,0,0,5,0.25,
Kraj Vysočina,Pelhřimov,Pelhřimov,SPŠ a SOU,600008487,Praktická sestra,53-41-M/03,,SOŠ,4,ano,7,8,2,0,2,4,0.29,
Kraj Vysočina,Pelhřimov,Pelhřimov,SPŠ a SOU,600008487,Podnikání,64-41-L/51,,Nástavby,2,ano,14,15,5,0,5,5,0.36,
Kraj Vysočina,Pelhřimov,Pelhřimov,"Střední škola Akademie AGROSTROJ, s.r.o.",691018839,Mechanik strojů a zařízení,23-44-L/01,Technik robotických a výrobních systémů,SOU s maturitou,4,ano,4,0,0,0,0,0,0.0,
Kraj Vysočina,Pelhřimov,Pelhřimov,"Střední škola Akademie AGROSTROJ, s.r.o.",691018839,Strojní mechanik,23-51-H/01,Operátor - Programátor průmyslových robotů,SOU s výuč. listem,3,ne,5,1,0,0,0,1,0.0,
Kraj Vysočina,Pelhřimov,Pelhřimov,"Střední škola Akademie AGROSTROJ, s.r.o.",691018839,Obráběč kovů,23-56-H/01,Seřizovač - Programátor CNC technologií,SOU s výuč. listem,3,ne,5,1,1,0,0,0,0.2,
Kraj Vysočina,Pelhřimov,Pelhřimov,"VOŠ a Střední škola hotel. SČMSD, s.r.o.",600008461,Pekař,29-53-H/01,,SOU s výuč. listem,3,ne,10,0,0,0,0,0,0.0,
Kraj Vysočina,Pelhřimov,Pelhřimov,"VOŠ a Střední škola hotel. SČMSD, s.r.o.",600008461,Cukrář,29-54-H/01,,SOU s výuč. listem,3,ne,8,0,0,0,0,0,0.0,
Kraj Vysočina,Pelhřimov,Pelhřimov,"VOŠ a Střední škola hotel. SČMSD, s.r.o.",600008461,Podnikání,64-41-L/51,,Nástavby,2,ano,5,14,5,4,0,5,1.0,
Kraj Vysočina,Pelhřimov,Pelhřimov,"VOŠ a Střední škola hotel. SČMSD, s.r.o.",600008461,Hotelnictví,65-42-M/01,,SOŠ,4,ano,15,3,2,0,0,1,0.13,
Kraj Vysočina,Pelhřimov,Pelhřimov,"VOŠ a Střední škola hotel. SČMSD, s.r.o.",600008461,Kuchař - číšník,65-51-H/01,,SOU s výuč. listem,3,ne,20,3,1,0,0,2,0.05,
Kraj Vysočina,Jihlava,Polná,"Montessori SŠ, ZŠ a MŠ Polná",691013357,Ekologie a životní prostředí,16-01-M/01,,SOŠ,4,ano,8,2,2,0,0,0,0.25,
Kraj Vysočina,Jihlava,Polná,"Montessori SŠ, ZŠ a MŠ Polná",691013357,Přírodovědné lyceum,78-42-M/05,,Lycea,4,ano,8,2,1,0,0,1,0.12,
Kraj Vysočina,Třebíč,Pozďatín,Soukromá střední škola zemědělská s.r.o.,691009465,Agropodnikání,41-41-M/01,,SOŠ,4,ano,5,0,0,0,0,0,0.0,
Kraj Vysočina,Pelhřimov,Počátky,"Výchovný ústav,DD se školou, SŠ, ZŠ a ŠJ",600028216,Kuchař - číšník,65-51-H/01,kuchař-číšník,SOU s výuč. listem,3,ne,8,2,2,0,0,0,0.25,
Kraj Vysočina,Havlíčkův Brod,Světlá nad Sázavou,"Akademie Světlá n. S., SŠ a VOŠ",600170730,Kameník,36-54-H/01,,SOU s výuč. listem,3,ne,5,2,1,0,0,1,0.2,
Kraj Vysočina,Havlíčkův Brod,Světlá nad Sázavou,"Akademie Světlá n. S., SŠ a VOŠ",600170730,Ošetřovatel,53-41-H/01,,SOU s výuč. listem,3,ne,3,7,3,0,0,4,1.0,
Kraj Vysočina,Havlíčkův Brod,Světlá nad Sázavou,"Akademie Světlá n. S., SŠ a VOŠ",600170730,Sociální činnost,75-41-M/01,,SOŠ,4,ano,10,12,8,0,0,4,0.8,
Kraj Vysočina,Havlíčkův Brod,Světlá nad Sázavou,"Akademie Světlá n. S., SŠ a VOŠ",600170730,Gymnázium,79-41-K/41,,Gymnázia 4letá,4,ano,6,8,5,0,1,2,0.83,
Kraj Vysočina,Havlíčkův Brod,Světlá nad Sázavou,"Akademie Světlá n. S., SŠ a VOŠ",600170730,Průmyslový design,82-41-M/04,,SOŠ,4,ne,5,3,0,0,1,2,0.0,
Kraj Vysočina,Havlíčkův Brod,Světlá nad Sázavou,"Akademie Světlá n. S., SŠ a VOŠ",600170730,Design interiéru,82-41-M/11,,SOŠ,4,ne,5,3,3,0,0,0,0.6,
Kraj Vysočina,Havlíčkův Brod,Světlá nad Sázavou,"Akademie Světlá n. S., SŠ a VOŠ",600170730,Výtvarné zpracování keramiky a porcelánu,82-41-M/12,,SOŠ,4,ne,3,1,0,0,0,1,0.0,
Kraj Vysočina,Havlíčkův Brod,Světlá nad Sázavou,"Akademie Světlá n. S., SŠ a VOŠ",600170730,Výtvarné zpracování skla a světelných objektů,82-41-M/13,,SOŠ,4,ne,2,0,0,0,0,0,0.0,
Kraj Vysočina,Havlíčkův Brod,Světlá nad Sázavou,"Akademie Světlá n. S., SŠ a VOŠ",600170730,"Umělecký kovář a zámečník, pasíř",82-51-H/01,,SOU s výuč. listem,3,ne,1,1,1,0,0,0,1.0,
Kraj Vysočina,Havlíčkův Brod,Světlá nad Sázavou,"Akademie Světlá n. S., SŠ a VOŠ",600170730,Uměleckořemeslné zpracování kovů,82-51-L/01,82-51-H/01 - Umělecký kovář a zámečník,SOU s maturitou,4,ne,2,0,0,0,0,0,0.0,
Kraj Vysočina,Havlíčkův Brod,Světlá nad Sázavou,"Akademie Světlá n. S., SŠ a VOŠ",600170730,Uměleckořemeslné zpracování kamene a keramiky,82-51-L/04,36-54-H/01 Kameník,SOU s maturitou,4,ne,3,0,0,0,0,0,0.0,
Kraj Vysočina,Havlíčkův Brod,Světlá nad Sázavou,"Akademie Světlá n. S., SŠ a VOŠ",600170730,Uměleckořemeslné zpracování kamene a keramiky,82-51-L/04,82-51-H/04 Umělecký keramik,SOU s maturitou,4,ne,2,1,0,0,0,1,0.0,
Kraj Vysočina,Havlíčkův Brod,Světlá nad Sázavou,"Akademie Světlá n. S., SŠ a VOŠ",600170730,Uměleckořemeslné zpracování skla,82-51-L/05,28-58-H/01 Sklář – výrobce a zušlechťovatel skla - Brusič skla,SOU s maturitou,4,ne,3,1,1,0,0,0,0.33,
Kraj Vysočina,Havlíčkův Brod,Světlá nad Sázavou,"Akademie Světlá n. S., SŠ a VOŠ",600170730,Uměleckořemeslné zpracování skla,82-51-L/05,28-58-H/01 Sklář – výrobce a zušlechťovatel skla - Hutní zpracování skla ,SOU s maturitou,4,ne,2,0,0,0,0,0,0.0,
Kraj Vysočina,Havlíčkův Brod,Světlá nad Sázavou,"Akademie Světlá n. S., SŠ a VOŠ",600170730,Uměleckořemeslné zpracování skla,82-51-L/05,28-58-H/01 Sklář – výrobce a zušlechťovatel skla -Malíř skla,SOU s maturitou,4,ne,2,3,2,0,0,1,1.0,
Kraj Vysočina,Havlíčkův Brod,Světlá nad Sázavou,"Akademie Světlá n. S., SŠ a VOŠ",600170730,Uměleckořemeslné zpracování skla,82-51-L/05,Umělecké vitráže,SOU s maturitou,4,ne,1,0,0,0,0,0,0.0,
Kraj Vysočina,Třebíč,Třebíč,Akademie PPP s.r.o. SŠ,600015360,Veřejnosprávní činnost,68-43-M/01,,SOŠ,4,ano,15,12,6,0,0,6,0.4,
Kraj Vysočina,Třebíč,Třebíč,Akademie PPP s.r.o. SŠ,600015360,Předškolní a mimoškolní pedagogika,75-31-M/01,,SOŠ,4,ano,2,2,2,0,0,0,1.0,
Kraj Vysočina,Třebíč,Třebíč,Akademie PPP s.r.o. SŠ,600015360,Sociální činnost,75-41-M/01,,SOŠ,4,ano,12,3,2,0,0,1,0.17,
Kraj Vysočina,Třebíč,Třebíč,"Bráfova akademie, SŠ a JazŠ",610250451,Cukrář,29-54-H/01,,SOU s výuč. listem,3,ne,3,6,2,0,0,4,0.67,
Kraj Vysočina,Třebíč,Třebíč,"Bráfova akademie, SŠ a JazŠ",610250451,Reprodukční grafik,34-53-H/01,,SOU s výuč. listem,3,ne,7,12,5,2,0,3,0.71,
Kraj Vysočina,Třebíč,Třebíč,"Bráfova akademie, SŠ a JazŠ",610250451,Obchodní akademie,63-41-M/02,"Všeobecná ekonomika, veřejná správa",SOŠ,4,ano,6,12,6,1,2,3,1.0,
Kraj Vysočina,Třebíč,Třebíč,"Bráfova akademie, SŠ a JazŠ",610250451,Hotelnictví,65-42-M/01,,SOŠ,4,ano,8,6,2,0,1,3,0.25,
Kraj Vysočina,Třebíč,Třebíč,"Bráfova akademie, SŠ a JazŠ",610250451,Cestovní ruch,65-42-M/02,,SOŠ,4,ano,1,6,0,0,2,4,0.0,
Kraj Vysočina,Třebíč,Třebíč,"Bráfova akademie, SŠ a JazŠ",610250451,Kuchař - číšník,65-51-H/01,,SOU s výuč. listem,3,ne,8,5,3,0,0,2,0.38,
Kraj Vysočina,Třebíč,Třebíč,"Bráfova akademie, SŠ a JazŠ",610250451,Prodavač,66-51-H/01,Prodejce květin - florista,SOU s výuč. listem,3,ne,3,7,2,0,0,5,0.67,
Kraj Vysočina,Třebíč,Třebíč,"Bráfova akademie, SŠ a JazŠ",610250451,Aranžér,66-52-H/01,Designér v reklamě,SOU s výuč. listem,3,ne,6,5,4,0,0,1,0.67,
Kraj Vysočina,Třebíč,Třebíč,"Bráfova akademie, SŠ a JazŠ",610250451,Ekonomické lyceum,78-42-M/02,,Lycea,4,ano,4,4,1,0,0,3,0.25,
Kraj Vysočina,Třebíč,Třebíč,Střední škola stavební Třebíč,600015441,Truhlář,33-56-H/01,,SOU s výuč. listem,3,ne,3,8,3,3,0,2,1.0,
Kraj Vysočina,Třebíč,Třebíč,Střední škola stavební Třebíč,600015441,Technická zařízení budov,36-45-M/01,,SOŠ,4,ano,3,1,0,0,0,1,0.0,
Kraj Vysočina,Třebíč,Třebíč,Střední škola stavební Třebíč,600015441,Stavebnictví,36-47-M/01,,SOŠ,4,ano,7,5,2,0,0,3,0.29,
Kraj Vysočina,Třebíč,Třebíč,Střední škola stavební Třebíč,600015441,Tesař,36-64-H/01,,SOU s výuč. listem,3,ne,2,7,2,0,0,5,1.0,
Kraj Vysočina,Třebíč,Třebíč,Střední škola stavební Třebíč,600015441,Zedník,36-67-H/01,,SOU s výuč. listem,3,ne,8,6,3,0,0,3,0.38,
Kraj Vysočina,Třebíč,Třebíč,"VOŠ a SŠ veter., zeměd. a zdrav. Třebíč",600015378,Agropodnikání,41-41-M/01,,SOŠ,4,ano,9,5,3,0,0,2,0.33,
Kraj Vysočina,Třebíč,Třebíč,"VOŠ a SŠ veter., zeměd. a zdrav. Třebíč",600015378,Praktická sestra,53-41-M/03,,SOŠ,4,ano,28,17,2,0,9,6,0.07,
Kraj Vysočina,Třebíč,Třebíč,"VOŠ a SŠ veter., zeměd. a zdrav. Třebíč",600015378,Zdravotnické lyceum,78-42-M/04,,Lycea,4,ano,4,10,4,5,0,1,1.0,
Kraj Vysočina,Jihlava,Třešť,"SOŠ, SOU a ZŠ",600014908,Strojírenské práce,23-51-E/01," Zámečník, zámečnické práce a údržba -pracoviště Černovice",SOU s výuč. listem,3,ne,5,0,0,0,0,0,0.0,
Kraj Vysočina,Jihlava,Třešť,"SOŠ, SOU a ZŠ",600014908,Potravinářská výroba,29-51-E/01,"cukrář, cukrářské práce - pracoviště Černovice",SOU s výuč. listem,3,ne,6,1,0,0,0,1,0.0,
Kraj Vysočina,Jihlava,Třešť,"SOŠ, SOU a ZŠ",600014908,Potravinářská výroba,29-51-E/01,řeznické a uzenářské práce - pracoviště Třešť,SOU s výuč. listem,3,ne,4,1,0,0,0,1,0.0,
Kraj Vysočina,Jihlava,Třešť,"SOŠ, SOU a ZŠ",600014908,Řezník - uzenář,29-56-H/01,pracoviště Třešť,SOU s výuč. listem,3,ne,3,2,0,0,0,2,0.0,
Kraj Vysočina,Jihlava,Třešť,"SOŠ, SOU a ZŠ",600014908,Truhlářská a čalounická výroba,33-56-E/01,pracoviště Třešť,SOU s výuč. listem,3,ne,2,0,0,0,0,0,0.0,
Kraj Vysočina,Jihlava,Třešť,"SOŠ, SOU a ZŠ",600014908,Truhlářská a čalounická výroba,33-56-E/01,pracoviště Černovice,SOU s výuč. listem,3,ne,4,0,0,0,0,0,0.0,
Kraj Vysočina,Jihlava,Třešť,"SOŠ, SOU a ZŠ",600014908,Truhlář,33-56-H/01,pracoviště Třešť,SOU s výuč. listem,3,ne,3,3,1,0,0,2,0.33,
Kraj Vysočina,Jihlava,Třešť,"SOŠ, SOU a ZŠ",600014908,Zednické práce,36-67-E/01,"Zedník, zednické práce - pracoviště Černovice",SOU s výuč. listem,3,ne,3,0,0,0,0,0,0.0,
Kraj Vysočina,Jihlava,Třešť,"SOŠ, SOU a ZŠ",600014908,Zahradnické práce,41-52-E/01,pracoviště Třešť,SOU s výuč. listem,3,ne,5,7,3,0,0,4,0.6,
Kraj Vysočina,Jihlava,Třešť,"SOŠ, SOU a ZŠ",600014908,Zahradník,41-52-H/01,pracoviště Třešť,SOU s výuč. listem,3,ne,5,11,5,1,0,5,1.0,
Kraj Vysočina,Jihlava,Třešť,"SOŠ, SOU a ZŠ",600014908,Ošetřovatel,53-41-H/01,pracoviště Třešť,SOU s výuč. listem,3,ne,3,9,3,1,0,5,1.0,
Kraj Vysočina,Jihlava,Třešť,"SOŠ, SOU a ZŠ",600014908,Stravovací a ubytovací služby,65-51-E/01,"Kuchař, kuchařské práce - pracoviště Černovice",SOU s výuč. listem,3,ne,6,0,0,0,0,0,0.0,
Kraj Vysočina,Jihlava,Třešť,"SOŠ, SOU a ZŠ",600014908,Pečovatelské služby,75-41-E/01,pracoviště Třešť,SOU s výuč. listem,3,ne,2,3,2,0,0,1,1.0,
Kraj Vysočina,Jihlava,Třešť,"SOŠ, SOU a ZŠ",600014908,Pečovatelské služby,75-41-E/01,pracoviště Černovice,SOU s výuč. listem,3,ne,4,0,0,0,0,0,0.0,
Kraj Vysočina,Jihlava,Třešť,"SOŠ, SOU a ZŠ",600014908,Praktická škola jednoletá,78-62-C/01,pracoviště Dobešovská 1,SOU bez výuč. listu,1,ne,5,0,0,0,0,0,0.0,
Kraj Vysočina,Jihlava,Třešť,"SOŠ, SOU a ZŠ",600014908,Praktická škola dvouletá,78-62-C/02,"pracoviště Černovice, Dobešovská 1",SOU bez výuč. listu,2,ne,3,0,0,0,0,0,0.0,
Kraj Vysočina,Jihlava,Třešť,"SOŠ, SOU a ZŠ",600014908,Praktická škola dvouletá,78-62-C/02,"pracoviště Černovice, Mariánské náměstí 72",SOU bez výuč. listu,2,ne,2,0,0,0,0,0,0.0,
Kraj Vysočina,Žďár nad Sázavou,Velká Bíteš,Střední odborná škola Jana Tiraye,610250833,Mechanik seřizovač,23-45-L/01,,SOU s maturitou,4,ano,16,1,1,0,0,0,0.06,
Kraj Vysočina,Žďár nad Sázavou,Velká Bíteš,Střední odborná škola Jana Tiraye,610250833,Obráběč kovů,23-56-H/01,,SOU s výuč. listem,3,ne,6,2,1,0,0,1,0.17,
Kraj Vysočina,Žďár nad Sázavou,Velká Bíteš,Střední odborná škola Jana Tiraye,610250833,Cukrář,29-54-H/01,,SOU s výuč. listem,3,ne,1,6,1,4,0,1,1.0,
Kraj Vysočina,Žďár nad Sázavou,Velká Bíteš,Střední odborná škola Jana Tiraye,610250833,Kuchař - číšník,65-51-H/01,,SOU s výuč. listem,3,ne,7,5,3,0,0,2,0.43,
Kraj Vysočina,Žďár nad Sázavou,Velké Meziříčí,GA-TE Velké Meziříčí,600015874,Dopravní prostředky,23-45-M/01,,SOŠ,4,ano,11,0,0,0,0,0,0.0,
Kraj Vysočina,Žďár nad Sázavou,Velké Meziříčí,GA-TE Velké Meziříčí,600015874,Elektrikář,26-51-H/01,,SOU s výuč. listem,3,ne,6,3,1,0,0,2,0.17,
Kraj Vysočina,Žďár nad Sázavou,Velké Meziříčí,GA-TE Velké Meziříčí,600015874,Opravář zemědělských strojů,41-55-H/01,,SOU s výuč. listem,3,ne,7,4,2,0,0,2,0.29,
Kraj Vysočina,Žďár nad Sázavou,Velké Meziříčí,GA-TE Velké Meziříčí,600015874,Podnikání,64-41-L/51,,Nástavby,2,ano,12,12,3,0,8,1,0.25,
Kraj Vysočina,Žďár nad Sázavou,Velké Meziříčí,GA-TE Velké Meziříčí,600015874,Hotelnictví,65-42-M/01,,SOŠ,4,ano,19,6,3,0,0,3,0.16,
Kraj Vysočina,Žďár nad Sázavou,Velké Meziříčí,GA-TE Velké Meziříčí,600015874,Kuchař - číšník,65-51-H/01,,SOU s výuč. listem,3,ne,7,8,2,0,0,6,0.29,
Kraj Vysočina,Žďár nad Sázavou,Žďár nad Sázavou,SPŠ Žďár nad Sázavou,600015971,Technik modelových zařízení,21-44-L/01,Modelář,SOU s maturitou,4,ano,6,0,0,0,0,0,0.0,
Kraj Vysočina,Žďár nad Sázavou,Žďár nad Sázavou,SPŠ Žďár nad Sázavou,600015971,Modelář,21-53-H/01,,SOU s výuč. listem,3,ne,7,0,0,0,0,0,0.0,
Kraj Vysočina,Žďár nad Sázavou,Žďár nad Sázavou,SPŠ Žďár nad Sázavou,600015971,Strojírenství,23-41-M/01,,SOŠ,4,ano,11,1,0,0,0,1,0.0,
Kraj Vysočina,Žďár nad Sázavou,Žďár nad Sázavou,SPŠ Žďár nad Sázavou,600015971,Mechanik seřizovač,23-45-L/01,Obráběč kovů,SOU s maturitou,4,ano,13,2,1,0,0,1,0.08,
Kraj Vysočina,Žďár nad Sázavou,Žďár nad Sázavou,SPŠ Žďár nad Sázavou,600015971,Strojní mechanik,23-51-H/01,,SOU s výuč. listem,3,ne,4,1,0,0,0,1,0.0,
Kraj Vysočina,Žďár nad Sázavou,Žďár nad Sázavou,SPŠ Žďár nad Sázavou,600015971,Nástrojař,23-52-H/01,,SOU s výuč. listem,3,ne,6,3,1,0,0,2,0.17,
Kraj Vysočina,Žďár nad Sázavou,Žďár nad Sázavou,SPŠ Žďár nad Sázavou,600015971,Obráběč kovů,23-56-H/01,,SOU s výuč. listem,3,ne,6,4,1,0,0,3,0.17,
Kraj Vysočina,Žďár nad Sázavou,Žďár nad Sázavou,SPŠ Žďár nad Sázavou,600015971,Mechanik elektrotechnik,26-41-L/01,Elektrikář,SOU s maturitou,4,ano,5,3,2,0,0,1,0.4,
Kraj Vysočina,Žďár nad Sázavou,Žďár nad Sázavou,SPŠ Žďár nad Sázavou,600015971,Technická zařízení budov,36-45-M/01,,SOŠ,4,ano,5,0,0,0,0,0,0.0,
Kraj Vysočina,Žďár nad Sázavou,Žďár nad Sázavou,SPŠ Žďár nad Sázavou,600015971,Mechanik instalatérských a elektrotechnických zařízení,39-41-L/02,Instalatér,SOU s maturitou,4,ano,8,2,0,0,0,2,0.0,
Kraj Vysočina,Žďár nad Sázavou,Žďár nad Sázavou,SPŠ Žďár nad Sázavou,600015971,Technické lyceum,78-42-M/01,,Lycea,4,ano,7,2,1,0,0,1,0.14,
Kraj Vysočina,Žďár nad Sázavou,Žďár nad Sázavou,Střední škola obchodní a služeb SČMSD,600016013,Obchodní akademie,63-41-M/02,Obchodní akademie s rozšířenou výukou cizích jazyků,SOŠ,4,ano,10,10,5,0,0,5,0.5,
Kraj Vysočina,Žďár nad Sázavou,Žďár nad Sázavou,Střední škola obchodní a služeb SČMSD,600016013,Kuchař - číšník,65-51-H/01,,SOU s výuč. listem,3,ne,10,3,2,0,0,1,0.2,
Kraj Vysočina,Žďár nad Sázavou,Žďár nad Sázavou,Střední škola obchodní a služeb SČMSD,600016013,Aranžér,66-52-H/01,Interiérová a aranžérská tvorba,SOU s výuč. listem,3,ne,5,13,5,3,0,5,1.0,
Kraj Vysočina,Žďár nad Sázavou,Žďár nad Sázavou,SŠ Adolpha Kolpinga,600015882,Kuchař - číšník,65-51-H/01,kuchař,SOU s výuč. listem,3,ne,4,5,2,0,0,3,0.5,
Kraj Vysočina,Žďár nad Sázavou,Žďár nad Sázavou,SŠ Adolpha Kolpinga,600015882,Kuchař - číšník,65-51-H/01,číšník,SOU s výuč. listem,3,ne,6,6,1,0,0,5,0.17,
Kraj Vysočina,Žďár nad Sázavou,Žďár nad Sázavou,SŠ Adolpha Kolpinga,600015882,Technické lyceum,78-42-M/01,Multimédia,Lycea,4,ano,6,4,1,0,1,2,0.17,
Královéhradecký kraj,Náchod,Broumov,Gymnázium,600012107,Gymnázium,79-41-K/81,,Gymnázia 8letá,8,ano,2,4,2,1,0,1,1.0,
Královéhradecký kraj,Rychnov nad Kněžnou,Dobruška,Střední škola - Podorlické vzděl.centrum,651017459,Informační technologie,18-20-M/01,"Počítačová grafika, audio-video tvorba a produkční tisk",SOŠ,4,ano,19,12,2,0,0,10,0.11,
Královéhradecký kraj,Rychnov nad Kněžnou,Dobruška,Střední škola - Podorlické vzděl.centrum,651017459,Informační technologie,18-20-M/01,"Programování, vývoj aplikací a robotika",SOŠ,4,ano,17,6,3,0,0,3,0.18,
Královéhradecký kraj,Rychnov nad Kněžnou,Dobruška,Střední škola - Podorlické vzděl.centrum,651017459,Mechanik strojů a zařízení,23-44-L/01,,SOU s maturitou,4,ano,11,3,1,0,1,1,0.09,
Královéhradecký kraj,Rychnov nad Kněžnou,Dobruška,Střední škola - Podorlické vzděl.centrum,651017459,Mechanik seřizovač,23-45-L/01,,SOU s maturitou,4,ano,9,2,1,0,0,1,0.11,
Královéhradecký kraj,Rychnov nad Kněžnou,Dobruška,Střední škola - Podorlické vzděl.centrum,651017459,Strojní mechanik,23-51-H/01,se zaměřením na zámečníka,SOU s výuč. listem,3,ne,10,3,0,0,2,1,0.0,
Královéhradecký kraj,Rychnov nad Kněžnou,Dobruška,Střední škola - Podorlické vzděl.centrum,651017459,Nástrojař,23-52-H/01,s rozšířenou výukou CNC systémů,SOU s výuč. listem,3,ne,12,2,1,0,1,0,0.08,
Královéhradecký kraj,Rychnov nad Kněžnou,Dobruška,Střední škola - Podorlické vzděl.centrum,651017459,Klempíř,23-55-H/01,se zaměřením na autoklempíře,SOU s výuč. listem,3,ne,10,3,2,0,0,1,0.2,
Královéhradecký kraj,Rychnov nad Kněžnou,Dobruška,Střední škola - Podorlické vzděl.centrum,651017459,Obráběč kovů,23-56-H/01,s rozšířenou výukou CNC systémů,SOU s výuč. listem,3,ne,12,2,0,0,0,2,0.0,
Královéhradecký kraj,Trutnov,Dvůr Králové nad Labem,SPŠ a SOŠ,600013006,Aplikovaná chemie,28-44-M/01,"Forenzní analýza, Výroba a zpracování polymerů, Farmaceutické substance",SOŠ,4,ano,10,8,3,0,1,4,0.3,
Královéhradecký kraj,Trutnov,Dvůr Králové nad Labem,Základní škola a  Praktická škola,600024695,Praktická škola dvouletá,78-62-C/02,,SOU bez výuč. listu,2,ne,2,2,2,0,0,0,1.0,
Královéhradecký kraj,Trutnov,Hostinné,Střední škola a Základní škola,600024679,Truhlářská a čalounická výroba,33-56-E/01,Truhlářské práce,SOU s výuč. listem,3,ne,6,3,2,0,0,1,0.33,
Královéhradecký kraj,Trutnov,Hostinné,Střední škola a Základní škola,600024679,Knihařské práce,34-57-E/01,Knihařské práce,SOU s výuč. listem,3,ne,1,4,1,1,0,2,1.0,
Královéhradecký kraj,Trutnov,Hostinné,Střední škola a Základní škola,600024679,Zednické práce,36-67-E/01,Zednické práce,SOU s výuč. listem,3,ne,7,2,0,0,0,2,0.0,
Královéhradecký kraj,Trutnov,Hostinné,Střední škola a Základní škola,600024679,Stravovací a ubytovací služby,65-51-E/01,Stravovací a ubytovací služby,SOU s výuč. listem,3,ne,4,10,4,3,0,3,1.0,
Královéhradecký kraj,Jičín,Hořice,SUPŠ sochařská a kamenická,600012077,Geotechnika,21-42-M/01,,SOŠ,4,ano,9,3,0,0,1,2,0.0,
Královéhradecký kraj,Jičín,Hořice,SUPŠ sochařská a kamenická,600012077,Stavebnictví,36-47-M/01,,SOŠ,4,ano,4,1,1,0,0,0,0.25,
Královéhradecký kraj,Jičín,Hořice,SUPŠ sochařská a kamenická,600012077,Konzervátorství a restaurátorství,82-42-M/01,,SOŠ,4,ne,5,4,3,0,1,0,0.6,
Královéhradecký kraj,Jičín,Hořice,Střední škola řemesel a Základní škola,600024113,Malířské a natěračské práce,36-57-E/01,Malířské a natěračské práce,SOU s výuč. listem,3,ne,3,5,2,0,3,0,0.67,
Královéhradecký kraj,Jičín,Hořice,Střední škola řemesel a Základní škola,600024113,Zednické práce,36-67-E/01,Zednické práce,SOU s výuč. listem,3,ne,6,11,5,0,5,1,0.83,
Královéhradecký kraj,Jičín,Hořice,Střední škola řemesel a Základní škola,600024113,Zemědělské práce,41-51-E/01,Zemědělské práce,SOU s výuč. listem,3,ne,7,9,1,0,8,0,0.14,
Královéhradecký kraj,Jičín,Hořice,Střední škola řemesel a Základní škola,600024113,Pečovatelské služby,75-41-E/01,Pečovatelské služby,SOU s výuč. listem,3,ne,4,12,4,2,5,1,1.0,
Královéhradecký kraj,Jičín,Hořice,Střední škola řemesel a Základní škola,600024113,Praktická škola dvouletá,78-62-C/02,Praktická škola dvouletá,SOU bez výuč. listu,2,ne,5,2,1,0,1,0,0.2,
Královéhradecký kraj,Jičín,Hořice,Zem. akademie a Gymn. Hořice - SŠ a VOŠ,691012458,Agropodnikání,41-41-M/01,,SOŠ,4,ano,17,10,3,0,0,7,0.18,
Královéhradecký kraj,Jičín,Hořice,Zem. akademie a Gymn. Hořice - SŠ a VOŠ,691012458,Gymnázium,79-41-K/41,,Gymnázia 4letá,4,ano,18,20,10,0,0,10,0.56,19.0
Královéhradecký kraj,Hradec Králové,Hradec Králové,"Hotelová škola Hradec Králové, s.r.o.",600011771,Ekonomika a podnikání,63-41-M/01,Multimediální a propagační tvorba,SOŠ,4,ano,21,26,9,0,0,17,0.43,
Královéhradecký kraj,Hradec Králové,Hradec Králové,"Hotelová škola Hradec Králové, s.r.o.",600011771,Hotelnictví,65-42-M/01,Hotelnictví a cestovní ruch,SOŠ,4,ano,17,29,10,0,0,18,0.59,
Královéhradecký kraj,Hradec Králové,Hradec Králové,"OA, SPgŠ, VOŠ a JŠ s pr. SJZ",600011798,Ekonomické lyceum,78-42-M/02,,Lycea,4,ano,7,26,7,8,0,11,1.0,
Královéhradecký kraj,Hradec Králové,Hradec Králové,SOŠ a SOU,600170764,Dopravní prostředky,23-45-M/01,,SOŠ,4,ano,8,27,8,3,9,7,1.0,
Královéhradecký kraj,Hradec Králové,Hradec Králové,SOŠ a SOU,600170764,Klempíř,23-55-H/01,,SOU s výuč. listem,3,ne,3,16,3,3,5,5,1.0,
Královéhradecký kraj,Hradec Králové,Hradec Králové,SOŠ a SOU,600170764,Tesař,36-64-H/01,,SOU s výuč. listem,3,ne,4,16,4,3,4,5,1.0,
Královéhradecký kraj,Hradec Králové,Hradec Králové,SOŠ a SOU,600170764,Zedník,36-67-H/01,,SOU s výuč. listem,3,ne,5,17,5,0,8,4,1.0,
Královéhradecký kraj,Hradec Králové,Hradec Králové,SPŠ stavební,600011658,Technická zařízení budov,36-45-M/01,"Teplo, voda, vzduch",SOŠ,4,ano,5,9,5,0,1,3,1.0,
Královéhradecký kraj,Hradec Králové,Hradec Králové,"SPŠ, SOŠ a SOU",600011828,Průmyslová ekologie,16-02-M/01,,SOŠ,4,ano,17,21,4,0,4,12,0.24,
Královéhradecký kraj,Hradec Králové,Hradec Králové,"SPŠ, SOŠ a SOU",600011828,Informační technologie,18-20-M/01,,SOŠ,4,ano,2,4,0,0,2,2,0.0,
Královéhradecký kraj,Hradec Králové,Hradec Králové,"SPŠ, SOŠ a SOU",600011828,Strojírenství,23-41-M/01,,SOŠ,4,ano,6,3,1,0,2,0,0.17,
Královéhradecký kraj,Hradec Králové,Hradec Králové,"SPŠ, SOŠ a SOU",600011828,Mechanik seřizovač,23-45-L/01,,SOU s maturitou,4,ano,6,3,0,0,1,2,0.0,
Královéhradecký kraj,Hradec Králové,Hradec Králové,"SPŠ, SOŠ a SOU",600011828,Strojní mechanik,23-51-H/01,,SOU s výuč. listem,3,ne,3,24,3,1,12,8,1.0,
Královéhradecký kraj,Hradec Králové,Hradec Králové,"SPŠ, SOŠ a SOU",600011828,Informační služby,72-41-M/01,,SOŠ,4,ano,15,29,7,0,7,15,0.47,
Královéhradecký kraj,Hradec Králové,Hradec Králové,SŠ Sion High School,691004048,Pedagogické lyceum,78-42-M/03,,Lycea,4,ano,4,7,3,0,3,1,0.75,
Královéhradecký kraj,Hradec Králové,Hradec Králové,SŠ Sion High School,691004048,Gymnázium,79-41-K/41,,Gymnázia 4letá,4,ano,7,9,4,0,2,3,0.57,
Královéhradecký kraj,Hradec Králové,Hradec Králové,SŠ a VOŠ aplikované kybernetiky s.r.o.,600011631,Informační technologie,18-20-M/01,Programování/počítačové sítě (volba ve 2. ročníku),SOŠ,4,ano,12,6,2,0,3,1,0.17,
Královéhradecký kraj,Hradec Králové,Hradec Králové,SŠ a VOŠ aplikované kybernetiky s.r.o.,600011631,Multimediální tvorba,82-41-M/17,,SOŠ,4,ne,13,6,2,0,3,1,0.15,
Královéhradecký kraj,Hradec Králové,Hradec Králové,"SŠ profesní přípravy, Hradec Králové",600024024,Strojírenské práce,23-51-E/01,Stavebně zámečnické práce,SOU s výuč. listem,3,ne,7,6,4,0,1,1,0.57,
Královéhradecký kraj,Hradec Králové,Hradec Králové,"SŠ profesní přípravy, Hradec Králové",600024024,Potravinářská výroba,29-51-E/01,Cukrářské práce,SOU s výuč. listem,3,ne,5,26,5,7,2,12,1.0,
Královéhradecký kraj,Hradec Králové,Hradec Králové,"SŠ profesní přípravy, Hradec Králové",600024024,Potravinářské práce,29-51-E/02,Pekařské práce,SOU s výuč. listem,2,ne,5,4,3,0,0,1,0.6,
Královéhradecký kraj,Hradec Králové,Hradec Králové,"SŠ profesní přípravy, Hradec Králové",600024024,Tesařské práce,36-64-E/01,Tesařské práce,SOU s výuč. listem,3,ne,4,5,2,0,1,2,0.5,
Královéhradecký kraj,Hradec Králové,Hradec Králové,"SŠ profesní přípravy, Hradec Králové",600024024,Zednické práce,36-67-E/01,Zednické práce,SOU s výuč. listem,3,ne,6,13,6,0,6,1,1.0,
Královéhradecký kraj,Hradec Králové,Hradec Králové,"SŠ profesní přípravy, Hradec Králové",600024024,Stravovací a ubytovací služby,65-51-E/01,Kuchařské práce,SOU s výuč. listem,3,ne,9,15,9,3,1,2,1.0,
Královéhradecký kraj,Hradec Králové,Hradec Králové,"SŠ profesní přípravy, Hradec Králové",600024024,Provozní služby,69-54-E/01,Práce ve službách a domácnostech,SOU s výuč. listem,2,ne,4,0,0,0,0,0,0.0,
Královéhradecký kraj,Hradec Králové,Hradec Králové,"SŠ služeb, obchodu a gastronomie",600011712,Pekař,29-53-H/01,,SOU s výuč. listem,3,ne,7,12,5,0,5,2,0.71,
Královéhradecký kraj,Hradec Králové,Hradec Králové,"SŠ služeb, obchodu a gastronomie",600011712,Fotograf,34-56-L/01,,SOU s maturitou,4,ano,12,21,5,0,10,6,0.42,
Královéhradecký kraj,Hradec Králové,Hradec Králové,"SŠ služeb, obchodu a gastronomie",600011712,Zahradník,41-52-H/01,,SOU s výuč. listem,3,ne,17,29,5,0,13,11,0.29,
Královéhradecký kraj,Hradec Králové,Hradec Králové,"SŠ služeb, obchodu a gastronomie",600011712,Kuchař - číšník,65-51-H/01,zaměření KUCHAŘ,SOU s výuč. listem,3,ne,14,29,7,0,9,13,0.5,
Královéhradecký kraj,Hradec Králové,Hradec Králové,"SŠ služeb, obchodu a gastronomie",600011712,Kuchař - číšník,65-51-H/01,zaměření ČÍŠNÍK,SOU s výuč. listem,3,ne,12,46,10,0,18,18,0.83,
Královéhradecký kraj,Hradec Králové,Hradec Králové,"SŠ služeb, obchodu a gastronomie",600011712,Prodavač,66-51-H/01,Specialista prodeje,SOU s výuč. listem,3,ne,15,25,9,0,13,3,0.6,
Královéhradecký kraj,Hradec Králové,Hradec Králové,"VOŠ, SŠ, ZŠ a MŠ",600024016,Potravinářská výroba,29-51-E/01,Cukrářské práce,SOU s výuč. listem,3,ne,1,2,0,0,2,0,0.0,
Královéhradecký kraj,Hradec Králové,Hradec Králové,"VOŠ, SŠ, ZŠ a MŠ",600024016,Cukrář,29-54-H/01,Cukrář,SOU s výuč. listem,3,ne,2,7,0,0,6,1,0.0,
Královéhradecký kraj,Hradec Králové,Hradec Králové,"VOŠ, SŠ, ZŠ a MŠ",600024016,Nábytkářská a dřevařská výroba,33-42-L/51,Nábytkářská a dřevařská výroba,Nástavby,2,ano,2,0,0,0,0,0,0.0,
Královéhradecký kraj,Hradec Králové,Hradec Králové,"VOŠ, SŠ, ZŠ a MŠ",600024016,Truhlář,33-56-H/01,Truhlář,SOU s výuč. listem,3,ne,2,2,0,0,2,0,0.0,
Královéhradecký kraj,Hradec Králové,Hradec Králové,"VOŠ, SŠ, ZŠ a MŠ",600024016,Reprodukční grafik pro média,34-53-L/01,Reprodukční grafik pro média,SOU s maturitou,4,ano,2,0,0,0,0,0,0.0,
Královéhradecký kraj,Hradec Králové,Hradec Králové,"VOŠ, SŠ, ZŠ a MŠ",600024016,Podnikání,64-41-L/51,Podnikání,Nástavby,2,ano,1,4,0,0,4,0,0.0,
Královéhradecký kraj,Hradec Králové,Hradec Králové,"VOŠ, SŠ, ZŠ a MŠ",600024016,Předškolní a mimoškolní pedagogika,75-31-M/01,Předškolní a mimoškolní pedagogika,SOŠ,4,ano,3,2,0,0,2,0,0.0,
Královéhradecký kraj,Náchod,Hronov,Střední prům. škola Otty Wichterleho,691012431,Strojírenství,23-41-M/01,CNC technika a robotika ve výrobních procesech,SOŠ,4,ano,11,7,3,0,1,3,0.27,
Královéhradecký kraj,Náchod,Hronov,Střední prům. škola Otty Wichterleho,691012431,Nástrojař,23-52-H/01,,SOU s výuč. listem,3,ne,13,8,4,0,0,4,0.31,
Královéhradecký kraj,Náchod,Hronov,Střední prům. škola Otty Wichterleho,691012431,Tiskař na polygrafických strojích,34-52-H/01,Technologie tisku,SOU s výuč. listem,3,ne,11,17,6,0,0,11,0.55,
Královéhradecký kraj,Náchod,Hronov,Střední prům. škola Otty Wichterleho,691012431,Reprodukční grafik pro média,34-53-L/01,Reprodukční grafik,SOU s maturitou,4,ano,13,10,6,0,1,3,0.46,
Královéhradecký kraj,Náchod,Hronov,Střední prům. škola Otty Wichterleho,691012431,Modelářství a návrhářství oděvů,82-41-M/07,Oděvní design,SOŠ,4,ne,8,1,0,0,1,0,0.0,
Královéhradecký kraj,Trutnov,Janské Lázně,Střední škola Olgy Havlové,600024687,Obchodní akademie,63-41-M/02,,SOŠ,4,ano,5,2,1,0,1,0,0.2,
Královéhradecký kraj,Trutnov,Janské Lázně,Střední škola Olgy Havlové,600024687,Sociální činnost,75-41-M/01,,SOŠ,4,ano,4,2,2,0,0,0,0.5,
Královéhradecký kraj,Náchod,Jaroměř,"DD, ZŠ speciální a Praktická škola",600024164,Praktická škola jednoletá,78-62-C/01,,SOU bez výuč. listu,1,ne,4,1,1,0,0,0,0.25,
Královéhradecký kraj,Náchod,Jaroměř,Střední škola řemeslná,600012158,Strojník,23-65-H/01,,SOU s výuč. listem,3,ne,3,5,0,0,1,4,0.0,
Královéhradecký kraj,Náchod,Jaroměř,Střední škola řemeslná,600012158,Tesař,36-64-H/01,,SOU s výuč. listem,3,ne,6,9,3,0,4,2,0.5,
Královéhradecký kraj,Náchod,Jaroměř,Střední škola řemeslná,600012158,Opravář zemědělských strojů,41-55-H/01,,SOU s výuč. listem,3,ne,4,4,3,0,1,0,0.75,
Královéhradecký kraj,Náchod,Jaroměř,Střední škola řemeslná,600012158,"Umělecký kovář a zámečník, pasíř",82-51-H/01,,SOU s výuč. listem,3,ne,5,1,0,0,1,0,0.0,
Královéhradecký kraj,Náchod,Jaroměř,Střední škola řemeslná,600012158,Umělecký keramik,82-51-H/04,,SOU s výuč. listem,3,ne,1,2,1,0,0,1,1.0,
Královéhradecký kraj,Jičín,Jičín,Masarykova obchodní akademie,600012000,Informační technologie,18-20-M/01,Informatika a management,SOŠ,4,ano,3,6,3,0,0,3,1.0,
Královéhradecký kraj,Jičín,Jičín,"Soukr. SŠ podnikatelská - ALTMAN, s.r.o.",600012093,Ekonomika a podnikání,63-41-M/01,Právní management,SOŠ,4,ano,8,8,0,0,3,5,0.0,
Královéhradecký kraj,Jičín,Jičín,Vyšší odborná škola a SPŠ,600012069,Informační technologie,18-20-M/01,Informační technologie,SOŠ,4,ano,1,1,1,0,0,0,1.0,
Královéhradecký kraj,Jičín,Jičín,Vyšší odborná škola a SPŠ,600012069,Strojírenství,23-41-M/01,Mechatronika a programování CNC strojů,SOŠ,4,ano,5,5,1,0,1,3,0.2,
Královéhradecký kraj,Jičín,Jičín,Vyšší odborná škola a SPŠ,600012069,Strojní mechanik,23-51-H/01,,SOU s výuč. listem,3,ne,2,5,2,0,0,3,1.0,
Královéhradecký kraj,Jičín,Jičín,Vyšší odborná škola a SPŠ,600012069,Elektrotechnika,26-41-M/01,Automatizace a aplikovaná elektrotechnika,SOŠ,4,ano,6,8,1,0,0,7,0.17,
Královéhradecký kraj,Jičín,Jičín,Základní škola a Praktická škola,650067487,Praktická škola dvouletá,78-62-C/02,,SOU bez výuč. listu,2,ne,1,1,1,0,0,0,1.0,
Královéhradecký kraj,Jičín,Kopidlno,Střední škola zahradnická,600012018,Rostlinolékařství,41-04-M/01,Léčivé rostliny a rostlinolékařství,SOŠ,4,ano,8,3,1,0,0,2,0.12,
Královéhradecký kraj,Jičín,Kopidlno,Střední škola zahradnická,600012018,Rybářství,41-43-M/01,Rybářství,SOŠ,4,ano,2,1,1,0,0,0,0.5,
Královéhradecký kraj,Jičín,Kopidlno,Střední škola zahradnická,600012018,Zahradnictví,41-44-M/01,zahradnictví,SOŠ,4,ano,19,5,0,0,3,2,0.0,
Královéhradecký kraj,Jičín,Kopidlno,Střední škola zahradnická,600012018,Zahradnické práce,41-52-E/01,"Prodavač, florista",SOU s výuč. listem,3,ne,18,6,2,0,0,4,0.11,
Královéhradecký kraj,Jičín,Kopidlno,Střední škola zahradnická,600012018,Zahradník,41-52-H/01,"Krajinář, rybář",SOU s výuč. listem,3,ne,4,0,0,0,0,0,0.0,
Královéhradecký kraj,Jičín,Kopidlno,Střední škola zahradnická,600012018,Zahradník,41-52-H/01,Zahradník,SOU s výuč. listem,3,ne,10,9,5,0,2,2,0.5,
Královéhradecký kraj,Rychnov nad Kněžnou,Kostelec nad Orlicí,Obchodní akademie T. G. Masaryka,600012581,Informační technologie,18-20-M/01,Informatika v ekonomice se zaměřením na podnikání,SOŠ,4,ano,10,12,5,0,3,4,0.5,
Královéhradecký kraj,Jičín,Nová Paka,"Brána,SŠ, ZŠ a MŠ",651040710,Instalatér,36-52-H/01,,SOU s výuč. listem,3,ne,2,5,2,0,3,0,1.0,
Královéhradecký kraj,Jičín,Nová Paka,Gymnázium a SOŠ pedagogická,600012026,Pedagogické lyceum,78-42-M/03,,Lycea,4,ano,10,17,10,0,3,4,1.0,34.0
Královéhradecký kraj,Jičín,Nová Paka,Gymnázium a SOŠ pedagogická,600012026,Gymnázium,79-41-K/41,,Gymnázia 4letá,4,ano,15,20,10,0,0,10,0.67,24.0
Královéhradecký kraj,Jičín,Nová Paka,První technické lyceum Nová Paka – SŠ s.r.o.,691018871,Technické lyceum,78-42-M/01,,Lycea,4,ano,2,1,0,0,0,1,0.0,
Královéhradecký kraj,Jičín,Nová Paka,Střední škola gastronomie a služeb,600170802,Výrobce potravin,29-51-H/01,Sladovník - pivovarník,SOU s výuč. listem,3,ne,6,2,1,0,1,0,0.17,
Královéhradecký kraj,Jičín,Nová Paka,Střední škola gastronomie a služeb,600170802,Pekař,29-53-H/01,Pekař,SOU s výuč. listem,3,ne,7,6,2,0,1,3,0.29,
Královéhradecký kraj,Jičín,Nová Paka,Střední škola gastronomie a služeb,600170802,Cukrář,29-54-H/01,Cukrář,SOU s výuč. listem,3,ne,15,13,4,0,3,6,0.27,
Královéhradecký kraj,Jičín,Nová Paka,Střední škola gastronomie a služeb,600170802,Krejčí,31-58-H/01,Krejčí - modelování oděvů,SOU s výuč. listem,3,ne,7,11,5,0,4,2,0.71,
Královéhradecký kraj,Jičín,Nová Paka,Střední škola gastronomie a služeb,600170802,Truhlář,33-56-H/01,Truhlář,SOU s výuč. listem,3,ne,12,10,5,0,2,3,0.42,
Královéhradecký kraj,Jičín,Nová Paka,Střední škola gastronomie a služeb,600170802,Hotelnictví,65-42-M/01,Hotelnictví a turismus,SOŠ,4,ano,6,10,4,0,2,4,0.67,
Královéhradecký kraj,Jičín,Nová Paka,Střední škola gastronomie a služeb,600170802,Kuchař - číšník,65-51-H/01,Kuchař-číšník,SOU s výuč. listem,3,ne,17,14,9,0,3,2,0.53,
Královéhradecký kraj,Jičín,Nová Paka,SŠ strojírenská a elektrotechnická,691012512,Mechanik strojů a zařízení,23-44-L/01,,SOU s maturitou,4,ano,9,3,2,0,0,1,0.22,
Královéhradecký kraj,Jičín,Nová Paka,SŠ strojírenská a elektrotechnická,691012512,Strojní mechanik,23-51-H/01,,SOU s výuč. listem,3,ne,4,2,1,0,0,1,0.25,
Královéhradecký kraj,Jičín,Nová Paka,SŠ strojírenská a elektrotechnická,691012512,Nástrojař,23-52-H/01,,SOU s výuč. listem,3,ne,8,5,1,0,0,4,0.12,
Královéhradecký kraj,Jičín,Nová Paka,SŠ strojírenská a elektrotechnická,691012512,Elektrikář,26-51-H/01,,SOU s výuč. listem,3,ne,5,11,5,0,1,5,1.0,
Královéhradecký kraj,Jičín,Nová Paka,SŠ strojírenská a elektrotechnická,691012512,Elektrikář - silnoproud,26-51-H/02,,SOU s výuč. listem,3,ne,4,8,2,0,0,6,0.5,
Královéhradecký kraj,Náchod,Nové Město nad Metují,"SPŠ, Odborná škola a Základní škola",600024211,Informační technologie,18-20-M/01,Aplikace počítačů v technice a robotice,SOŠ,4,ano,10,2,0,0,1,1,0.0,
Královéhradecký kraj,Náchod,Nové Město nad Metují,"SPŠ, Odborná škola a Základní škola",600024211,Informační technologie,18-20-M/01,Počítačový design a reklama,SOŠ,4,ano,13,8,2,0,3,3,0.15,
Královéhradecký kraj,Náchod,Nové Město nad Metují,"SPŠ, Odborná škola a Základní škola",600024211,Strojírenství,23-41-M/01,Management ve strojírenství,SOŠ,4,ano,15,1,0,0,1,0,0.0,
Královéhradecký kraj,Náchod,Nové Město nad Metují,"SPŠ, Odborná škola a Základní škola",600024211,Strojírenství,23-41-M/01,Průmyslová automatizace a robotika,SOŠ,4,ano,12,1,0,0,0,1,0.0,
Královéhradecký kraj,Náchod,Nové Město nad Metují,"SPŠ, Odborná škola a Základní škola",600024211,Mechanik seřizovač,23-45-L/01,Programátor CNC strojů,SOU s maturitou,4,ano,11,0,0,0,0,0,0.0,
Královéhradecký kraj,Náchod,Nové Město nad Metují,"SPŠ, Odborná škola a Základní škola",600024211,Strojírenské práce,23-51-E/01,Zámečník - údržbář,SOU s výuč. listem,3,ne,12,6,3,0,1,2,0.25,
Královéhradecký kraj,Náchod,Nové Město nad Metují,"SPŠ, Odborná škola a Základní škola",600024211,Obráběč kovů,23-56-H/01,,SOU s výuč. listem,3,ne,5,2,1,0,1,0,0.2,
Královéhradecký kraj,Náchod,Nové Město nad Metují,"SPŠ, Odborná škola a Základní škola",600024211,Potravinářská výroba,29-51-E/01,Cukrář,SOU s výuč. listem,3,ne,13,11,2,0,1,8,0.15,
Královéhradecký kraj,Náchod,Nové Město nad Metují,"SPŠ, Odborná škola a Základní škola",600024211,Potravinářské práce,29-51-E/02,Pekař,SOU s výuč. listem,2,ne,9,1,0,0,1,0,0.0,
Královéhradecký kraj,Náchod,Nové Město nad Metují,"SPŠ, Odborná škola a Základní škola",600024211,Zahradnické práce,41-52-E/01,Květinář - aranžér,SOU s výuč. listem,3,ne,16,9,3,0,4,2,0.19,
Královéhradecký kraj,Náchod,Nové Město nad Metují,"SPŠ, Odborná škola a Základní škola",600024211,Stravovací a ubytovací služby,65-51-E/01,Kuchař - číšník,SOU s výuč. listem,3,ne,15,9,7,0,1,1,0.47,
Královéhradecký kraj,Náchod,Nové Město nad Metují,"SPŠ, Odborná škola a Základní škola",600024211,Provozní služby,69-54-E/01,Rodinka,SOU s výuč. listem,2,ne,11,1,1,0,0,0,0.09,
Královéhradecký kraj,Náchod,Nové Město nad Metují,"SPŠ, Odborná škola a Základní škola",600024211,Pečovatelské služby,75-41-E/01,Pečovatel,SOU s výuč. listem,3,ne,18,8,1,0,3,4,0.06,
Královéhradecký kraj,Náchod,Nové Město nad Metují,"SPŠ, Odborná škola a Základní škola",600024211,Praktická škola dvouletá,78-62-C/02,Příprava pro život,SOU bez výuč. listu,2,ne,8,0,0,0,0,0,0.0,
Královéhradecký kraj,Hradec Králové,Nový Bydžov,Střední škola technická a řemeslná,600011763,Dopravní prostředky,23-45-M/01,Operátor silniční dopravy,SOŠ,4,ano,4,1,0,0,1,0,0.0,
Královéhradecký kraj,Hradec Králové,Nový Bydžov,Střední škola technická a řemeslná,600011763,Dopravní prostředky,23-45-M/01,Technik silniční dopravy,SOŠ,4,ano,1,0,0,0,0,0,0.0,
Královéhradecký kraj,Hradec Králové,Nový Bydžov,Střední škola technická a řemeslná,600011763,Elektrikář - silnoproud,26-51-H/02,Elektrotechnik,SOU s výuč. listem,3,ne,2,6,2,1,0,3,1.0,
Královéhradecký kraj,Hradec Králové,Nový Bydžov,Střední škola technická a řemeslná,600011763,Autoelektrikář,26-57-H/01,Diagnostik motorových vozidel,SOU s výuč. listem,3,ne,6,20,6,1,1,12,1.0,
Královéhradecký kraj,Hradec Králové,Nový Bydžov,Střední škola technická a řemeslná,600011763,Cukrář,29-54-H/01,Cukrář,SOU s výuč. listem,3,ne,4,15,4,0,0,11,1.0,
Královéhradecký kraj,Hradec Králové,Nový Bydžov,Střední škola technická a řemeslná,600011763,Řezník - uzenář,29-56-H/01,Řezník - uzenář,SOU s výuč. listem,3,ne,3,1,1,0,0,0,0.33,
Královéhradecký kraj,Hradec Králové,Nový Bydžov,Střední škola technická a řemeslná,600011763,Opravář zemědělských strojů,41-55-H/01,Mechanik zemědělské techniky,SOU s výuč. listem,3,ne,4,3,3,0,0,0,0.75,
Královéhradecký kraj,Hradec Králové,Nový Bydžov,Střední škola technická a řemeslná,600011763,Kuchař - číšník,65-51-H/01,Kuchař - číšník,SOU s výuč. listem,3,ne,4,10,4,0,0,6,1.0,
Královéhradecký kraj,Náchod,Náchod,Evangelická VOŠ sociální a SZŠ,600012247,Praktická sestra,53-41-M/03,,SOŠ,4,ano,21,36,21,1,5,9,1.0,17.0
Královéhradecký kraj,Náchod,Náchod,Evangelická VOŠ sociální a SZŠ,600012247,Sociální činnost,75-41-M/01,,SOŠ,4,ano,4,13,3,0,2,8,0.75,
Královéhradecký kraj,Náchod,Náchod,Jiráskovo gymnázium,600012115,Gymnázium,79-41-K/81,,Gymnázia 8letá,8,ano,4,16,4,10,0,2,1.0,
Královéhradecký kraj,Náchod,Náchod,"SPŠ stav. a OA arch. J. Letzela, Náchod",691012415,Informační technologie,18-20-M/01,na podnikání,SOŠ,4,ano,5,9,2,0,2,5,0.4,
Královéhradecký kraj,Náchod,Náchod,"SPŠ stav. a OA arch. J. Letzela, Náchod",691012415,Stavebnictví,36-47-M/01,,SOŠ,4,ano,4,5,3,0,1,1,0.75,
Královéhradecký kraj,Náchod,Náchod,"SPŠ stav. a OA arch. J. Letzela, Náchod",691012415,Malíř a lakýrník,39-41-H/01,,SOU s výuč. listem,3,ne,2,9,2,2,0,5,1.0,
Královéhradecký kraj,Náchod,Náchod,"SPŠ stav. a OA arch. J. Letzela, Náchod",691012415,Obchodní akademie,63-41-M/02,,SOŠ,4,ano,24,27,10,0,5,12,0.42,
Královéhradecký kraj,Rychnov nad Kněžnou,Rychnov nad Kněžnou,Gymnázium Fr. M. Pelcla,600012557,Gymnázium,79-41-K/41,,Gymnázia 4letá,4,ano,12,12,7,0,0,5,0.58,
Královéhradecký kraj,Rychnov nad Kněžnou,Rychnov nad Kněžnou,VOŠ a SPŠ,691000107,Strojírenství,23-41-M/01,,SOŠ,4,ano,4,1,0,0,0,1,0.0,
Královéhradecký kraj,Rychnov nad Kněžnou,Rychnov nad Kněžnou,VOŠ a SPŠ,691000107,Strojírenství,23-41-M/01,Technická administrativa,SOŠ,4,ano,4,6,1,0,0,5,0.25,
Královéhradecký kraj,Rychnov nad Kněžnou,Rychnov nad Kněžnou,VOŠ a SPŠ,691000107,Elektromechanik pro zařízení a přístroje,26-52-H/01,,SOU s výuč. listem,3,ne,5,15,5,2,0,8,1.0,
Královéhradecký kraj,Rychnov nad Kněžnou,Rychnov nad Kněžnou,VOŠ a SPŠ,691000107,Technické lyceum,78-42-M/01,,Lycea,4,ano,5,4,3,0,1,0,0.6,
Královéhradecký kraj,Rychnov nad Kněžnou,Rychnov nad Kněžnou,Základní škola a Praktická škola,600024300,Praktická škola jednoletá,78-62-C/01,,SOU bez výuč. listu,1,ne,5,0,0,0,0,0,0.0,
Královéhradecký kraj,Rychnov nad Kněžnou,Rychnov nad Kněžnou,Základní škola a Praktická škola,600024300,Praktická škola dvouletá,78-62-C/02,,SOU bez výuč. listu,2,ne,6,0,0,0,0,0,0.0,
Královéhradecký kraj,Trutnov,Trutnov,Gymnázium,600012875,Gymnázium,79-41-K/81,,Gymnázia 8letá,8,ano,4,11,4,4,3,0,1.0,
Královéhradecký kraj,Trutnov,Trutnov,Gymnázium,600012875,Gymnázium se sportovní přípravou,79-42-K/41,,Gymnázia 4letá,4,ano,12,6,1,0,3,2,0.08,
Královéhradecký kraj,Trutnov,Trutnov,Střední průmyslová škola,610200381,Strojírenství,23-41-M/01,strojírenství – počítačová grafika,SOŠ,4,ano,15,4,0,0,2,1,0.0,
Královéhradecký kraj,Trutnov,Trutnov,Střední průmyslová škola,610200381,Nástrojař,23-52-H/01,,SOU s výuč. listem,3,ne,5,9,4,0,1,4,0.8,
Královéhradecký kraj,Trutnov,Trutnov,"SŠ hotelnictví, řemesel a gastronomie",691012440,Gastronomie,65-41-L/51,,Nástavby,2,ano,22,2,1,0,1,0,0.05,
Královéhradecký kraj,Trutnov,Trutnov,"SŠ hotelnictví, řemesel a gastronomie",691012440,Hotelnictví,65-42-M/01,,SOŠ,4,ano,17,10,1,0,3,6,0.06,
Královéhradecký kraj,Trutnov,Trutnov,"SŠ hotelnictví, řemesel a gastronomie",691012440,Kuchař - číšník,65-51-H/01,,SOU s výuč. listem,3,ne,48,14,9,0,0,4,0.19,
Královéhradecký kraj,Trutnov,Trutnov,Čes. lesn. akademie Trutnov  - SŠ a VOŠ,600012905,Mechanizace a služby,41-45-M/01,,SOŠ,4,ano,9,4,1,0,1,2,0.11,
Královéhradecký kraj,Trutnov,Trutnov,Čes. lesn. akademie Trutnov  - SŠ a VOŠ,600012905,Přírodovědné lyceum,78-42-M/05,,Lycea,4,ano,9,1,0,0,0,1,0.0,
Královéhradecký kraj,Trutnov,Vrchlabí,Krkonošské gymnázium a Střední odborná škola,600012891,Sociální činnost,75-41-M/01,,SOŠ,4,ano,11,10,4,0,5,1,0.36,
Královéhradecký kraj,Trutnov,Vrchlabí,Krkonošské gymnázium a Střední odborná škola,600012891,Gymnázium,79-41-K/41,ŠVP Hostinné,Gymnázia 4letá,4,ano,9,6,2,0,2,2,0.22,
Královéhradecký kraj,Trutnov,Úpice,Městské gymnázium a SOŠ,691002142,Veřejnosprávní činnost,68-43-M/01,Se vzděláním do praxe,SOŠ,4,ano,9,10,4,0,2,4,0.44,
Královéhradecký kraj,Trutnov,Úpice,Městské gymnázium a SOŠ,691002142,Gymnázium,79-41-K/41,,Gymnázia 4letá,4,ano,10,5,1,0,1,3,0.1,
Královéhradecký kraj,Trutnov,Úpice,Městské gymnázium a SOŠ,691002142,Gymnázium,79-41-K/81,,Gymnázia 8letá,8,ano,9,28,9,5,3,11,1.0,
Liberecký kraj,Liberec,Frýdlant,"SŠ hospod.a les.,příspěvková organizace",600010678,Potravinářská výroba,29-51-E/01,,SOU s výuč. listem,3,ne,5,15,5,3,4,3,1.0,
Liberecký kraj,Liberec,Frýdlant,"SŠ hospod.a les.,příspěvková organizace",600010678,Řezník - uzenář,29-56-H/01,,SOU s výuč. listem,3,ne,7,5,1,0,1,3,0.14,
Liberecký kraj,Liberec,Frýdlant,"SŠ hospod.a les.,příspěvková organizace",600010678,Zednické práce,36-67-E/01,,SOU s výuč. listem,3,ne,4,12,4,2,4,2,1.0,
Liberecký kraj,Liberec,Frýdlant,"SŠ hospod.a les.,příspěvková organizace",600010678,Agropodnikání,41-41-M/01,,SOŠ,4,ano,6,10,5,0,1,4,0.83,
Liberecký kraj,Liberec,Frýdlant,"SŠ hospod.a les.,příspěvková organizace",600010678,Lesní mechanizátor,41-56-H/01,,SOU s výuč. listem,3,ne,9,9,5,0,4,0,0.56,
Liberecký kraj,Liberec,Frýdlant,"SŠ hospod.a les.,příspěvková organizace",600010678,Zpracovatel dřeva,41-57-H/01,,SOU s výuč. listem,3,ne,4,9,1,0,4,4,0.25,
Liberecký kraj,Liberec,Frýdlant,"SŠ hospod.a les.,příspěvková organizace",600010678,Obchodní akademie,63-41-M/02,,SOŠ,4,ano,9,43,8,4,11,19,0.89,
Liberecký kraj,Liberec,Frýdlant,"SŠ hospod.a les.,příspěvková organizace",600010678,Sociální činnost,75-41-M/01,,SOŠ,4,ano,8,28,8,6,1,13,1.0,
Liberecký kraj,Liberec,Frýdlant,"SŠ hospod.a les.,příspěvková organizace",600010678,Přírodovědné lyceum,78-42-M/05,,Lycea,4,ano,12,12,4,0,1,7,0.33,
Liberecký kraj,Liberec,Hejnice,SŠPaSP a SZŠ Jana Blahoslava,691014701,Ošetřovatel,53-41-H/01,,SOU s výuč. listem,3,ne,5,33,5,2,15,11,1.0,
Liberecký kraj,Jablonec nad Nisou,Jablonec nad Nisou,"Gymnázium Dr. A. Randy, přísp. org.",600171744,Gymnázium se sportovní přípravou,79-42-K/41,běžecké lyžování,Gymnázia 4letá,4,ano,1,1,0,0,0,1,0.0,
Liberecký kraj,Jablonec nad Nisou,Jablonec nad Nisou,"Gymnázium Dr. A. Randy, přísp. org.",600171744,Gymnázium se sportovní přípravou,79-42-K/41,skikros,Gymnázia 4letá,4,ano,1,1,1,0,0,0,1.0,
Liberecký kraj,Jablonec nad Nisou,Jablonec nad Nisou,"SPŠ technická, příspěvková organizace",600010490,Strojírenství,23-41-M/01,3D technologie,SOŠ,4,ano,3,5,1,0,1,3,0.33,
Liberecký kraj,Jablonec nad Nisou,Jablonec nad Nisou,"SPŠ technická, příspěvková organizace",600010490,Mechanik seřizovač,23-45-L/01,CNC stroje (doplňující obor Obráběč kovů),SOU s maturitou,4,ano,1,1,1,0,0,0,1.0,
Liberecký kraj,Jablonec nad Nisou,Jablonec nad Nisou,"SPŠ technická, příspěvková organizace",600010490,Elektrotechnika,26-41-M/01,mechatronika,SOŠ,4,ano,1,3,1,0,1,1,1.0,
Liberecký kraj,Jablonec nad Nisou,Jablonec nad Nisou,"SPŠ technická, příspěvková organizace",600010490,Elektrikář - silnoproud,26-51-H/02,,SOU s výuč. listem,3,ne,3,10,3,2,4,1,1.0,
Liberecký kraj,Jablonec nad Nisou,Jablonec nad Nisou,"SŠ řem.a služ.,příspěvková organizace",600010481,Sklář - výrobce a zušlechťovatel skla,28-58-H/01,Sklář-výrobce a zušlechťovatel skla,SOU s výuč. listem,3,ne,6,23,6,9,4,4,1.0,
Liberecký kraj,Jablonec nad Nisou,Jablonec nad Nisou,"SŠ řem.a služ.,příspěvková organizace",600010481,Kuchař - číšník,65-51-H/01,Kuchař - číšník,SOU s výuč. listem,3,ne,16,73,15,15,22,20,0.94,
Liberecký kraj,Semily,Jilemnice,"Gymn., SOŠ a Střední zdravot. škola",600171752,Praktická sestra,53-41-M/03,,SOŠ,4,ano,3,11,3,4,1,3,1.0,
Liberecký kraj,Česká Lípa,Kamenický Šenov,"SUPŠ sklářská, příspěvková organizace",600010023,Výtvarné zpracování skla a světelných objektů,82-41-M/13,,SOŠ,4,ne,6,3,3,0,0,0,0.5,
Liberecký kraj,Liberec,Liberec,"SOŠ, příspěvková organizace",600023460,Dlaždičské práce,36-51-E/01,,SOU s výuč. listem,3,ne,2,10,2,6,0,2,1.0,
Liberecký kraj,Liberec,Liberec,"SOŠ, příspěvková organizace",600023460,Zahradnické práce,41-52-E/01,,SOU s výuč. listem,3,ne,4,8,4,1,0,3,1.0,
Liberecký kraj,Liberec,Liberec,"SOŠ, příspěvková organizace",600023460,Zahradnická výroba,41-52-E/02,,SOU s výuč. listem,2,ne,6,5,4,0,1,0,0.67,
Liberecký kraj,Liberec,Liberec,"SOŠ, příspěvková organizace",600023460,Stravovací a ubytovací služby,65-51-E/01,,SOU s výuč. listem,3,ne,8,9,2,0,1,5,0.25,
Liberecký kraj,Liberec,Liberec,"SOŠ, příspěvková organizace",600023460,Provozní služby,69-54-E/01,,SOU s výuč. listem,2,ne,3,4,3,0,0,1,1.0,
Liberecký kraj,Liberec,Liberec,SPŠ a VOŠ,600020398,Strojírenství,23-41-M/01,,SOŠ,4,ano,13,9,5,0,0,4,0.38,
Liberecký kraj,Liberec,Liberec,SPŠ a VOŠ,600020398,Textilnictví,31-41-M/01,,SOŠ,4,ano,13,42,13,9,5,15,1.0,31.0
Liberecký kraj,Liberec,Liberec,SPŠ a VOŠ,600020398,Oděvnictví,31-43-M/01,,SOŠ,4,ano,5,42,4,14,5,18,0.8,
Liberecký kraj,Liberec,Liberec,SPŠ a VOŠ,600020398,Technické lyceum,78-42-M/01,,Lycea,4,ano,12,23,9,0,6,8,0.75,
Liberecký kraj,Liberec,Liberec,"SŠ a MŠ, příspěvková organizace",600170594,Dopravní prostředky,23-45-M/01,počítačová automobilní diagnostika ,SOŠ,4,ano,3,14,2,6,0,5,0.67,
Liberecký kraj,Liberec,Liberec,"SŠ a MŠ, příspěvková organizace",600170594,Mechanik elektrotechnik,26-41-L/01,počítačové řídicí a zabezpečovací systémy,SOU s maturitou,4,ano,1,5,1,0,0,4,1.0,
Liberecký kraj,Liberec,Liberec,"SŠ a MŠ, příspěvková organizace",600170594,Elektrikář,26-51-H/01,"elektronika, počítače a zabezpečovací systémy",SOU s výuč. listem,3,ne,4,35,4,16,0,15,1.0,
Liberecký kraj,Liberec,Liberec,"SŠ a MŠ, příspěvková organizace",600170594,Elektromechanik pro zařízení a přístroje,26-52-H/01,silnoproudá elektrotechnika se zaměřením na výtahy,SOU s výuč. listem,3,ne,15,22,15,4,0,3,1.0,
Liberecký kraj,Liberec,Liberec,"SŠ oděv.designu Kateřinky-Lib.,s.r.o.",600010635,Modelářství a návrhářství oděvů,82-41-M/07,,SOŠ,4,ne,6,16,3,0,11,2,0.5,
Liberecký kraj,Liberec,Liberec,"SŠ stroj.stav.a dopr., příspěvková org.",600170608,Průmyslová ekologie,16-02-M/01,,SOŠ,4,ano,17,36,17,0,6,13,1.0,16.0
Liberecký kraj,Liberec,Liberec,"SŠ stroj.stav.a dopr., příspěvková org.",600170608,Mechanik seřizovač,23-45-L/01,,SOU s maturitou,4,ano,15,10,2,0,0,8,0.13,
Liberecký kraj,Liberec,Liberec,"SŠ stroj.stav.a dopr., příspěvková org.",600170608,Strojní mechanik,23-51-H/01,,SOU s výuč. listem,3,ne,1,13,1,4,5,3,1.0,
Liberecký kraj,Liberec,Liberec,"SŠ stroj.stav.a dopr., příspěvková org.",600170608,Nástrojař,23-52-H/01,,SOU s výuč. listem,3,ne,5,6,2,0,1,3,0.4,
Liberecký kraj,Liberec,Liberec,"SŠ stroj.stav.a dopr., příspěvková org.",600170608,Klempíř,23-55-H/01,,SOU s výuč. listem,3,ne,3,7,1,0,3,3,0.33,
Liberecký kraj,Liberec,Liberec,"SŠ stroj.stav.a dopr., příspěvková org.",600170608,Elektromechanik pro zařízení a přístroje,26-52-H/01,,SOU s výuč. listem,3,ne,8,28,8,2,8,10,1.0,
Liberecký kraj,Liberec,Liberec,"SŠ stroj.stav.a dopr., příspěvková org.",600170608,Truhlář,33-56-H/01,,SOU s výuč. listem,3,ne,4,2,0,0,0,2,0.0,
Liberecký kraj,Liberec,Liberec,"SŠ stroj.stav.a dopr., příspěvková org.",600170608,Technická zařízení budov,36-45-M/01,,SOŠ,4,ano,7,14,5,0,1,8,0.71,
Liberecký kraj,Liberec,Liberec,"SŠ stroj.stav.a dopr., příspěvková org.",600170608,Tesař,36-64-H/01,,SOU s výuč. listem,3,ne,5,9,2,0,3,4,0.4,
Liberecký kraj,Liberec,Liberec,"SŠ stroj.stav.a dopr., příspěvková org.",600170608,Zedník,36-67-H/01,,SOU s výuč. listem,3,ne,6,18,2,0,11,5,0.33,
Liberecký kraj,Liberec,Liberec,"SŠ stroj.stav.a dopr., příspěvková org.",600170608,Malíř a lakýrník,39-41-H/01,,SOU s výuč. listem,3,ne,3,20,3,4,8,5,1.0,
Liberecký kraj,Liberec,Liberec,"SŠgastr.a služ.,příspěvková organizace",600010686,Kuchař - číšník,65-51-H/01,Kuchař,SOU s výuč. listem,3,ne,28,112,28,40,7,37,1.0,
Liberecký kraj,Semily,Lomnice nad Popelkou,"Střední škola, příspěvková organizace",600170918,Nutriční asistent,53-41-M/02,,SOŠ,4,ano,7,30,7,8,0,15,1.0,
Liberecký kraj,Semily,Lomnice nad Popelkou,"Střední škola, příspěvková organizace",600170918,Stravovací a ubytovací služby,65-51-E/01,Kuchařská výroba,SOU s výuč. listem,3,ne,4,4,2,0,0,2,0.5,
Liberecký kraj,Semily,Lomnice nad Popelkou,"Střední škola, příspěvková organizace",600170918,Kuchař - číšník,65-51-H/01,,SOU s výuč. listem,3,ne,9,27,9,3,0,15,1.0,
Liberecký kraj,Česká Lípa,Mimoň,"Gymnázium, příspěvková organizace",600010007,Gymnázium,79-41-K/81,,Gymnázia 8letá,8,ano,4,6,4,1,0,1,1.0,
Liberecký kraj,Česká Lípa,Nový Bor,"VOŠ sklář. a SŠ, příspěvková organizace",600020347,Sklář - výrobce a zušlechťovatel skla,28-58-H/01,,SOU s výuč. listem,3,ne,15,12,9,0,2,1,0.6,
Liberecký kraj,Česká Lípa,Nový Bor,"VOŠ sklář. a SŠ, příspěvková organizace",600020347,Gymnázium,79-41-K/41,,Gymnázia 4letá,4,ano,5,8,3,0,1,3,0.6,
Liberecký kraj,Česká Lípa,Nový Bor,"VOŠ sklář. a SŠ, příspěvková organizace",600020347,Design interiéru,82-41-M/11,,SOŠ,4,ne,6,4,0,0,2,2,0.0,
Liberecký kraj,Česká Lípa,Nový Bor,"VOŠ sklář. a SŠ, příspěvková organizace",600020347,Uměleckořemeslné zpracování skla,82-51-L/05,,SOU s maturitou,4,ne,5,1,0,0,0,1,0.0,
Liberecký kraj,Semily,Semily,"Střední škola, Semily, přísp. organizace",600170896,Obráběč kovů,23-56-H/01,,SOU s výuč. listem,3,ne,5,5,4,0,0,1,0.8,
Liberecký kraj,Semily,Semily,"Střední škola, Semily, přísp. organizace",600170896,Zedník,36-67-H/01,,SOU s výuč. listem,3,ne,5,2,2,0,0,0,0.4,
Liberecký kraj,Semily,Semily,"Střední škola, Semily, přísp. organizace",600170896,Pečovatelské služby,75-41-E/01,,SOU s výuč. listem,3,ne,2,6,2,4,0,0,1.0,
Liberecký kraj,Jablonec nad Nisou,Tanvald,Gymnázium,600010414,Gymnázium,79-41-K/81,,Gymnázia 8letá,8,ano,1,13,1,10,0,2,1.0,
Liberecký kraj,Semily,Turnov,"Obch.akad.,Hotel.škola a Střed.odb.škola",691000093,Strojní mechanik,23-51-H/01,,SOU s výuč. listem,3,ne,13,10,3,0,2,5,0.23,
Liberecký kraj,Semily,Turnov,"Obch.akad.,Hotel.škola a Střed.odb.škola",691000093,Nástrojař,23-52-H/01,,SOU s výuč. listem,3,ne,20,12,6,0,2,4,0.3,
Liberecký kraj,Semily,Turnov,"Obch.akad.,Hotel.škola a Střed.odb.škola",691000093,Obráběč kovů,23-56-H/01,,SOU s výuč. listem,3,ne,5,7,1,0,1,5,0.2,
Liberecký kraj,Semily,Turnov,"Obch.akad.,Hotel.škola a Střed.odb.škola",691000093,Výrobce potravin,29-51-H/01,,SOU s výuč. listem,3,ne,10,17,10,1,1,5,1.0,
Liberecký kraj,Semily,Turnov,"SUPŠ a VOŠ, příspěvková organizace",600012646,Výtvarné zpracování kovů a drahých kamenů,82-41-M/06,design grafické a plastické rytiny,SOŠ,4,ne,1,3,1,1,1,0,1.0,
Liberecký kraj,Semily,Turnov,"SUPŠ a VOŠ, příspěvková organizace",600012646,Výtvarné zpracování kovů a drahých kamenů,82-41-M/06,zlatnictví a design šperků,SOŠ,4,ne,7,6,0,0,4,2,0.0,
Liberecký kraj,Semily,Vysoké nad Jizerou,"ISŠ, příspěvková organizace",600170900,Karosář,23-55-H/02,,SOU s výuč. listem,3,ne,5,5,3,0,0,2,0.6,
Liberecký kraj,Semily,Vysoké nad Jizerou,"ISŠ, příspěvková organizace",600170900,Autolakýrník,23-61-H/01,,SOU s výuč. listem,3,ne,1,5,1,2,0,2,1.0,
Liberecký kraj,Semily,Vysoké nad Jizerou,"ISŠ, příspěvková organizace",600170900,Strojník silničních strojů,23-65-H/03,,SOU s výuč. listem,3,ne,6,5,1,0,0,4,0.17,
Liberecký kraj,Semily,Vysoké nad Jizerou,"ISŠ, příspěvková organizace",600170900,Logistické a finanční služby,37-42-L/51,,Nástavby,2,ano,17,12,9,0,3,0,0.53,
Liberecký kraj,Semily,Vysoké nad Jizerou,"ISŠ, příspěvková organizace",600170900,Opravář lesnických strojů,41-56-H/02,,SOU s výuč. listem,3,ne,11,6,3,0,0,3,0.27,
Liberecký kraj,Semily,Vysoké nad Jizerou,"ISŠ, příspěvková organizace",600170900,Operátor skladování,66-53-H/01,,SOU s výuč. listem,3,ne,3,2,0,0,0,2,0.0,
Liberecký kraj,Česká Lípa,Česká Lípa,"SPŠ, příspěvková organizace",600010040,Strojírenství,23-41-M/01,,SOŠ,4,ano,14,10,9,0,0,1,0.64,
Liberecký kraj,Česká Lípa,Česká Lípa,"SZdrŠ a SOŠ, příspěvková organizace",600010104,Ekologie a životní prostředí,16-01-M/01,,SOŠ,4,ano,4,15,4,0,9,3,1.0,
Liberecký kraj,Česká Lípa,Česká Lípa,"SZdrŠ a SOŠ, příspěvková organizace",600010104,Pekař,29-53-H/01,,SOU s výuč. listem,3,ne,3,56,3,40,1,12,1.0,
Liberecký kraj,Česká Lípa,Česká Lípa,"SZdrŠ a SOŠ, příspěvková organizace",600010104,Ošetřovatel,53-41-H/01,,SOU s výuč. listem,3,ne,4,33,4,21,0,8,1.0,
Liberecký kraj,Jablonec nad Nisou,Železný Brod,"SUPŠ sklářská, příspěvková organizace",600010422,Aplikovaná chemie,28-44-M/01,,SOŠ,4,ano,5,6,3,0,0,3,0.6,
Liberecký kraj,Jablonec nad Nisou,Železný Brod,"SUPŠ sklářská, příspěvková organizace",600010422,Technologie silikátů,28-46-M/01,,SOŠ,4,ano,3,2,0,0,0,2,0.0,
Liberecký kraj,Jablonec nad Nisou,Železný Brod,"SUPŠ sklářská, příspěvková organizace",600010422,Výtvarné zpracování skla a světelných objektů,82-41-M/13,,SOŠ,4,ne,7,6,1,0,4,1,0.14,
Moravskoslezský kraj,Karviná,Bohumín,Gymnázium Fr.Živného,600016455,Gymnázium,79-41-K/81,,Gymnázia 8letá,8,ano,4,14,4,9,0,1,1.0,
Moravskoslezský kraj,Karviná,Bohumín,Střední škola,600016668,Strojní mechanik,23-51-H/01,,SOU s výuč. listem,3,ne,8,7,6,0,1,0,0.75,
Moravskoslezský kraj,Karviná,Bohumín,Střední škola,600016668,Obráběč kovů,23-56-H/01,,SOU s výuč. listem,3,ne,11,7,1,0,0,6,0.09,
Moravskoslezský kraj,Karviná,Bohumín,Střední škola,600016668,Mechanik opravář motorových vozidel,23-68-H/01,,SOU s výuč. listem,3,ne,1,9,1,3,0,5,1.0,
Moravskoslezský kraj,Karviná,Bohumín,Střední škola,600016668,Železničář,37-52-H/01,,SOU s výuč. listem,3,ne,10,0,0,0,0,0,0.0,
Moravskoslezský kraj,Karviná,Bohumín,Střední škola,600016668,Podnikání,64-41-L/51,,Nástavby,2,ano,4,9,4,2,0,3,1.0,
Moravskoslezský kraj,Karviná,Bohumín,Střední škola,600016668,Kuchař - číšník,65-51-H/01,,SOU s výuč. listem,3,ne,12,12,8,0,0,4,0.67,
Moravskoslezský kraj,Karviná,Bohumín,Střední škola,600016668,Kadeřník,69-51-H/01,,SOU s výuč. listem,3,ne,3,22,3,12,0,7,1.0,
Moravskoslezský kraj,Karviná,Bohumín,Střední škola,600016668,Sociální činnost,75-41-M/01,,SOŠ,4,ano,6,22,6,8,0,8,1.0,
Moravskoslezský kraj,Bruntál,Bruntál,SPŠ a OA,600016170,Informační technologie,18-20-M/01,,SOŠ,4,ano,2,2,1,0,1,0,0.5,
Moravskoslezský kraj,Bruntál,Bruntál,SPŠ a OA,600016170,Strojírenství,23-41-M/01,,SOŠ,4,ano,6,0,0,0,0,0,0.0,
Moravskoslezský kraj,Bruntál,Bruntál,SPŠ a OA,600016170,Dopravní prostředky,23-45-M/01,,SOŠ,4,ano,5,1,0,0,1,0,0.0,
Moravskoslezský kraj,Bruntál,Bruntál,Střední odborná škola,600016226,Elektrikář - silnoproud,26-51-H/02,,SOU s výuč. listem,3,ne,11,7,3,0,0,4,0.27,
Moravskoslezský kraj,Bruntál,Bruntál,Střední odborná škola,600016226,Truhlář,33-56-H/01,,SOU s výuč. listem,3,ne,7,1,0,0,1,0,0.0,
Moravskoslezský kraj,Bruntál,Bruntál,Střední odborná škola,600016226,Zedník,36-67-H/01,,SOU s výuč. listem,3,ne,2,2,1,0,0,1,0.5,
Moravskoslezský kraj,Bruntál,Bruntál,Střední odborná škola,600016226,Opravář zemědělských strojů,41-55-H/01,,SOU s výuč. listem,3,ne,7,4,3,0,0,1,0.43,
Moravskoslezský kraj,Bruntál,Bruntál,Střední odborná škola,600016226,Kuchař - číšník,65-51-H/01,,SOU s výuč. listem,3,ne,3,3,2,0,0,1,0.67,
Moravskoslezský kraj,Bruntál,Bruntál,Střední odborná škola,600016226,Pečovatelské služby,75-41-E/01,,SOU s výuč. listem,3,ne,7,4,2,0,0,2,0.29,
Moravskoslezský kraj,Nový Jičín,Frenštát pod Radhoštěm,Gymnázium a SPŠ elektro. a informatiky,600016749,Informační technologie,18-20-M/01,,SOŠ,4,ano,10,6,2,0,1,3,0.2,
Moravskoslezský kraj,Nový Jičín,Frenštát pod Radhoštěm,Hotelová škola,600171256,Cukrář,29-54-H/01,,SOU s výuč. listem,3,ne,2,10,2,1,1,6,1.0,
Moravskoslezský kraj,Nový Jičín,Frenštát pod Radhoštěm,Hotelová škola,600171256,Hotelnictví,65-42-M/01,,SOŠ,4,ano,8,6,3,0,0,3,0.38,
Moravskoslezský kraj,Nový Jičín,Frenštát pod Radhoštěm,Hotelová škola,600171256,Kuchař - číšník,65-51-H/01,,SOU s výuč. listem,3,ne,20,10,4,0,0,6,0.2,
Moravskoslezský kraj,Frýdek-Místek,Frýdek-Místek,Gymnázium Cihelní,600016234,Gymnázium,79-41-K/81,,Gymnázia 8letá,8,ano,9,31,9,15,0,7,1.0,
Moravskoslezský kraj,Frýdek-Místek,Frýdek-Místek,Gymnázium Petra Bezruče,600016315,Gymnázium,79-41-K/61,,Gymnázia 6letá,6,ano,24,52,23,12,2,14,0.96,32.0
Moravskoslezský kraj,Frýdek-Místek,Frýdek-Místek,"Soukromá SOŠ Frýdek-Místek, s.r.o",600016412,Veřejnosprávní činnost,68-43-M/01,,SOŠ,4,ano,9,33,9,1,1,22,1.0,
Moravskoslezský kraj,Frýdek-Místek,Frýdek-Místek,"Soukromá SOŠ Frýdek-Místek, s.r.o",600016412,Sociální činnost,75-41-M/01,,SOŠ,4,ano,20,20,11,0,0,9,0.55,18.0
Moravskoslezský kraj,Frýdek-Místek,Frýdek-Místek,Střední odborná škola,600171191,Mechanik seřizovač,23-45-L/01,Programátor CNC,SOU s maturitou,4,ano,13,6,4,0,0,2,0.31,
Moravskoslezský kraj,Frýdek-Místek,Frýdek-Místek,Střední odborná škola,600171191,Obráběč kovů,23-56-H/01,zaměření na CNC stroje,SOU s výuč. listem,3,ne,10,6,3,0,0,3,0.3,
Moravskoslezský kraj,Frýdek-Místek,Frýdek-Místek,Střední odborná škola,600171191,Provoz a ekonomika dopravy,37-41-M/01,,SOŠ,4,ano,7,10,2,0,0,8,0.29,
Moravskoslezský kraj,Frýdek-Místek,Frýdek-Místek,Střední odborná škola,600171191,Agropodnikání,41-41-M/01,,SOŠ,4,ano,4,8,4,0,0,4,1.0,
Moravskoslezský kraj,Frýdek-Místek,Frýdek-Místek,Střední odborná škola,600171191,Zahradník,41-52-H/01,,SOU s výuč. listem,3,ne,1,7,1,5,0,1,1.0,
Moravskoslezský kraj,Frýdek-Místek,Frýdek-Místek,"Střední škola inform.technologií, s.r.o.",600016374,Informační technologie,18-20-M/01,Kyberbezpečnost počítačových sítí,SOŠ,4,ano,4,0,0,0,0,0,0.0,
Moravskoslezský kraj,Frýdek-Místek,Frýdek-Místek,"Střední škola inform.technologií, s.r.o.",600016374,Informační technologie,18-20-M/01,Programování internet věcí,SOŠ,4,ano,4,6,2,0,0,4,0.5,
Moravskoslezský kraj,Frýdek-Místek,Frýdek-Místek,"Střední škola inform.technologií, s.r.o.",600016374,Obalová technika,34-42-M/01,Počítačová grafika,SOŠ,4,ano,9,4,0,0,0,4,0.0,
Moravskoslezský kraj,Frýdek-Místek,Frýdek-Místek,Střední škola řemesel,600016307,Strojírenské práce,23-51-E/01,,SOU s výuč. listem,3,ne,2,1,1,0,0,0,0.5,
Moravskoslezský kraj,Frýdek-Místek,Frýdek-Místek,Střední škola řemesel,600016307,Elektrikář,26-51-H/01,slaboproud,SOU s výuč. listem,3,ne,17,18,10,0,0,8,0.59,
Moravskoslezský kraj,Frýdek-Místek,Frýdek-Místek,Střední škola řemesel,600016307,Nábytkářská a dřevařská výroba,33-42-L/51,,Nástavby,2,ano,10,2,1,0,0,1,0.1,
Moravskoslezský kraj,Frýdek-Místek,Frýdek-Místek,Střední škola řemesel,600016307,Stavebnictví,36-47-M/01,,SOŠ,4,ano,9,9,6,0,0,3,0.67,
Moravskoslezský kraj,Frýdek-Místek,Frýdek-Místek,Střední škola řemesel,600016307,Tesař,36-64-H/01,,SOU s výuč. listem,3,ne,6,10,3,0,0,7,0.5,
Moravskoslezský kraj,Frýdek-Místek,Frýdek-Místek,Střední škola řemesel,600016307,Zednické práce,36-67-E/01,,SOU s výuč. listem,3,ne,5,1,1,0,0,0,0.2,
Moravskoslezský kraj,Frýdek-Místek,Frýdek-Místek,Střední škola řemesel,600016307,Zedník,36-67-H/01,,SOU s výuč. listem,3,ne,9,9,5,0,0,4,0.56,
Moravskoslezský kraj,Frýdek-Místek,Frýdek-Místek,Střední škola řemesel,600016307,Stravovací a ubytovací služby,65-51-E/01,,SOU s výuč. listem,3,ne,14,1,1,0,0,0,0.07,
Moravskoslezský kraj,Frýdek-Místek,Frýdlant nad Ostravicí,Gymnázium,600016251,Gymnázium,79-41-K/61,,Gymnázia 6letá,6,ano,8,30,3,12,0,11,0.38,
Moravskoslezský kraj,Karviná,Havířov,Hotelová škola a Obchodní akademie s.r.o,600016641,Obchodní akademie,63-41-M/02,,SOŠ,4,ano,24,28,12,0,1,15,0.5,14.0
Moravskoslezský kraj,Karviná,Havířov,Hotelová škola a Obchodní akademie s.r.o,600016641,Hotelnictví,65-42-M/01,,SOŠ,4,ano,2,10,2,2,1,5,1.0,
Moravskoslezský kraj,Karviná,Havířov,SPŠ elektrotechnická,600016579,Informační technologie,18-20-M/01,,SOŠ,4,ano,17,9,8,0,0,1,0.47,
Moravskoslezský kraj,Karviná,Havířov,Střední škola a Základní škola,600026337,Strojírenské práce,23-51-E/01,Automontážní práce,SOU s výuč. listem,3,ne,3,1,0,0,1,0,0.0,
Moravskoslezský kraj,Karviná,Havířov,Střední škola a Základní škola,600026337,Truhlářská a čalounická výroba,33-56-E/01,Truhlářská výroba,SOU s výuč. listem,3,ne,2,1,0,0,1,0,0.0,
Moravskoslezský kraj,Karviná,Havířov,Střední škola a Základní škola,600026337,Zednické práce,36-67-E/01,Zednické práce,SOU s výuč. listem,3,ne,8,0,0,0,0,0,0.0,
Moravskoslezský kraj,Karviná,Havířov,Střední škola a Základní škola,600026337,Stravovací a ubytovací služby,65-51-E/01,Kuchařské práce,SOU s výuč. listem,3,ne,7,7,4,0,3,0,0.57,
Moravskoslezský kraj,Karviná,Havířov,Střední škola a Základní škola,600026337,Praktická škola jednoletá,78-62-C/01,Praktická škola jednoletá,SOU bez výuč. listu,1,ne,3,1,1,0,0,0,0.33,
Moravskoslezský kraj,Karviná,Havířov,Střední škola polytechnická,600016510,Mechanik strojů a zařízení,23-44-L/01,Mechanik strojů a zařízení (+ Strojní mechanik),SOU s maturitou,4,ano,6,3,1,0,0,2,0.17,
Moravskoslezský kraj,Karviná,Havířov,Střední škola polytechnická,600016510,Mechanik elektrotechnik,26-41-L/01,Digitální technika a mechatronika (+ Elektrikář) | Počítačové systémy a sítě (+ Elektrikář),SOU s maturitou,4,ano,6,8,3,0,0,5,0.5,
Moravskoslezský kraj,Karviná,Havířov,Střední škola polytechnická,600016510,Provozní elektrotechnika,26-41-L/52,Elektrotechnik pro provoz,Nástavby,2,ano,10,6,5,0,0,1,0.5,
Moravskoslezský kraj,Karviná,Havířov,Střední škola polytechnická,600016510,Elektrotechnika,26-41-M/01,Elektrotechnik pro informační technologie | Elektrotechnik pro alternativní zdroje energie a elektromobilitu,SOŠ,4,ano,8,7,1,0,1,5,0.12,
Moravskoslezský kraj,Karviná,Havířov,SŠ technických oborů,600171205,Klempíř,23-55-H/01,,SOU s výuč. listem,3,ne,4,14,4,4,1,5,1.0,
Moravskoslezský kraj,Karviná,Havířov,SŠ technických oborů,600171205,Strojník silničních strojů,23-65-H/03,,SOU s výuč. listem,3,ne,3,14,2,8,1,2,0.67,
Moravskoslezský kraj,Karviná,Havířov,SŠ technických oborů,600171205,Kominík,36-56-H/01,,SOU s výuč. listem,3,ne,5,10,5,0,2,3,1.0,
Moravskoslezský kraj,Karviná,Havířov,SŠ technických oborů,600171205,Tesař,36-64-H/01,,SOU s výuč. listem,3,ne,2,14,2,4,0,8,1.0,
Moravskoslezský kraj,Opava,Hlučín,Gymnázium Josefa Kainara,600017249,Gymnázium,79-41-K/61,,Gymnázia 6letá,6,ano,7,22,7,9,1,5,1.0,
Moravskoslezský kraj,Opava,Hlučín,Odborné učiliště a Praktická škola,600026779,Malířské a natěračské práce,36-57-E/01,,SOU s výuč. listem,3,ne,2,0,0,0,0,0,0.0,
Moravskoslezský kraj,Opava,Hlučín,Odborné učiliště a Praktická škola,600026779,Zednické práce,36-67-E/01,,SOU s výuč. listem,3,ne,2,2,2,0,0,0,1.0,
Moravskoslezský kraj,Opava,Hlučín,Odborné učiliště a Praktická škola,600026779,Stravovací a ubytovací služby,65-51-E/01,,SOU s výuč. listem,3,ne,3,4,3,1,0,0,1.0,
Moravskoslezský kraj,Opava,Hlučín,Odborné učiliště a Praktická škola,600026779,Prodavačské práce,66-51-E/01,,SOU s výuč. listem,3,ne,2,5,2,1,0,2,1.0,
Moravskoslezský kraj,Opava,Hlučín,Odborné učiliště a Praktická škola,600026779,Pečovatelské služby,75-41-E/01,,SOU s výuč. listem,3,ne,4,4,4,0,0,0,1.0,
Moravskoslezský kraj,Frýdek-Místek,Jablunkov,Střední škola,600171183,Informační technologie,18-20-M/01,IT v průmyslu,SOŠ,4,ano,7,4,1,0,0,2,0.14,
Moravskoslezský kraj,Frýdek-Místek,Jablunkov,Střední škola,600171183,Dopravní prostředky,23-45-M/01,Doprava a logistika,SOŠ,4,ano,6,2,1,0,0,1,0.17,
Moravskoslezský kraj,Frýdek-Místek,Jablunkov,Střední škola,600171183,Opravář zemědělských strojů,41-55-H/01,"Opravář, řidič, montér, svářeč",SOU s výuč. listem,3,ne,8,1,1,0,0,0,0.12,
Moravskoslezský kraj,Frýdek-Místek,Jablunkov,Střední škola,600171183,Obchodní akademie,63-41-M/02,Obchodní akademie,SOŠ,4,ano,6,3,0,0,0,3,0.0,
Moravskoslezský kraj,Karviná,Karviná,Střední průmyslová škola,600016676,Strojírenství,23-41-M/01,,SOŠ,4,ano,11,3,1,0,0,2,0.09,
Moravskoslezský kraj,Karviná,Karviná,Střední zdravotnická škola,600020029,Ošetřovatel,53-41-H/01,,SOU s výuč. listem,3,ne,13,20,10,0,0,10,0.77,
Moravskoslezský kraj,Karviná,Karviná,Střední škola techniky a služeb,600171248,Strojní mechanik,23-51-H/01,Zámečník - svářeč,SOU s výuč. listem,3,ne,5,12,5,3,0,4,1.0,
Moravskoslezský kraj,Karviná,Karviná,Střední škola techniky a služeb,600171248,Mechanik elektrotechnik,26-41-L/01,"Zabezpečovací, protipožární a regulační systémy, kombinace s oborem 26-51-H/01 Elektrikář",SOU s maturitou,4,ano,11,6,2,0,0,4,0.18,
Moravskoslezský kraj,Karviná,Karviná,Střední škola techniky a služeb,600171248,Truhlář,33-56-H/01,Truhlář - výroba nábytku a obsluha CNC strojů,SOU s výuč. listem,3,ne,14,9,3,0,0,6,0.21,
Moravskoslezský kraj,Karviná,Karviná,Střední škola techniky a služeb,600171248,Instalatér,36-52-H/01,,SOU s výuč. listem,3,ne,18,13,10,0,0,3,0.56,
Moravskoslezský kraj,Karviná,Karviná,Střední škola techniky a služeb,600171248,Logistické a finanční služby,37-42-M/01,Logistika v průmyslu,SOŠ,4,ano,7,6,3,0,0,3,0.43,
Moravskoslezský kraj,Karviná,Karviná,Střední škola techniky a služeb,600171248,Požární ochrana,39-08-M/01,"Požární technik, BOZP a krizové řízení",SOŠ,4,ano,3,9,3,3,0,3,1.0,
Moravskoslezský kraj,Karviná,Karviná,Střední škola techniky a služeb,600171248,Mechanik instalatérských a elektrotechnických zařízení,39-41-L/02,kombinace s oborem 36-52-H/01 Instalatér,SOU s maturitou,4,ano,7,4,1,0,0,3,0.14,
Moravskoslezský kraj,Karviná,Karviná,Střední škola techniky a služeb,600171248,Ekonomika a podnikání,63-41-M/01,Specialista internetového obchodu,SOŠ,4,ano,6,12,5,0,0,7,0.83,
Moravskoslezský kraj,Karviná,Karviná,Střední škola techniky a služeb,600171248,Kuchař - číšník,65-51-H/01,,SOU s výuč. listem,3,ne,13,21,12,0,0,9,0.92,
Moravskoslezský kraj,Karviná,Karviná,Střední škola techniky a služeb,600171248,Prodavač,66-51-H/01,Prodavač - smíšené zboží,SOU s výuč. listem,3,ne,16,9,7,0,0,2,0.44,
Moravskoslezský kraj,Karviná,Karviná,"Střední škola, Základní škola a MŠ",600026230,Praktická škola dvouletá,78-62-C/02,,SOU bez výuč. listu,2,ne,3,0,0,0,0,0,0.0,
Moravskoslezský kraj,Ostrava-město,Klimkovice,Střední škola podnikatelská,600016862,Ekonomika a podnikání,63-41-M/01,,SOŠ,4,ano,18,24,10,0,0,14,0.56,15.0
Moravskoslezský kraj,Nový Jičín,Kopřivnice,SŠ a VOŠ Kopřivnice,600016781,Strojírenství,23-41-M/01,,SOŠ,4,ano,13,4,1,0,1,2,0.08,
Moravskoslezský kraj,Nový Jičín,Kopřivnice,SŠ a VOŠ Kopřivnice,600016781,Provozní technika,23-43-L/51,,Nástavby,2,ano,9,1,0,0,1,0,0.0,
Moravskoslezský kraj,Nový Jičín,Kopřivnice,SŠ a VOŠ Kopřivnice,600016781,Mechanik seřizovač,23-45-L/01,,SOU s maturitou,4,ano,2,3,0,0,1,2,0.0,
Moravskoslezský kraj,Nový Jičín,Kopřivnice,SŠ a VOŠ Kopřivnice,600016781,Strojní mechanik,23-51-H/01,,SOU s výuč. listem,3,ne,8,1,1,0,0,0,0.12,
Moravskoslezský kraj,Nový Jičín,Kopřivnice,SŠ a VOŠ Kopřivnice,600016781,Karosář,23-55-H/02,,SOU s výuč. listem,3,ne,6,5,3,0,0,2,0.5,
Moravskoslezský kraj,Nový Jičín,Kopřivnice,SŠ a VOŠ Kopřivnice,600016781,Obráběč kovů,23-56-H/01,,SOU s výuč. listem,3,ne,23,5,2,0,0,3,0.09,
Moravskoslezský kraj,Nový Jičín,Kopřivnice,SŠ a VOŠ Kopřivnice,600016781,Autolakýrník,23-61-H/01,,SOU s výuč. listem,3,ne,4,4,2,0,0,2,0.5,
Moravskoslezský kraj,Nový Jičín,Kopřivnice,SŠ a VOŠ Kopřivnice,600016781,Logistické a finanční služby,37-42-M/01,,SOŠ,4,ano,13,8,2,0,3,3,0.15,
Moravskoslezský kraj,Bruntál,Krnov,Gymnázium,600016056,Gymnázium,79-41-K/81,,Gymnázia 8letá,8,ano,3,8,3,5,0,0,1.0,
Moravskoslezský kraj,Bruntál,Krnov,"MŠ, ZŠ a SŠ Slezské diakonie Krnov",610550900,Praktická škola jednoletá,78-62-C/01,,SOU bez výuč. listu,1,ne,8,1,1,0,0,0,0.12,
Moravskoslezský kraj,Bruntál,Krnov,"MŠ, ZŠ a SŠ Slezské diakonie Krnov",610550900,Praktická škola dvouletá,78-62-C/02,,SOU bez výuč. listu,2,ne,10,3,3,0,0,0,0.3,
Moravskoslezský kraj,Bruntál,Krnov,SOŠ dopravy a cest. ruchu,600171167,Ekonomika a podnikání,63-41-M/01,Management v dopravě,SOŠ,4,ano,17,13,6,0,1,5,0.35,
Moravskoslezský kraj,Bruntál,Krnov,Střední škola průmyslová,600016145,Informační technologie,18-20-M/01,,SOŠ,4,ano,16,7,2,0,2,3,0.12,
Moravskoslezský kraj,Bruntál,Krnov,Střední škola průmyslová,600016145,Mechanik seřizovač,23-45-L/01,,SOU s maturitou,4,ano,19,2,1,0,0,1,0.05,
Moravskoslezský kraj,Bruntál,Krnov,Střední škola průmyslová,600016145,Obráběč kovů,23-56-H/01,,SOU s výuč. listem,3,ne,10,3,1,0,0,2,0.1,
Moravskoslezský kraj,Bruntál,Krnov,Střední škola průmyslová,600016145,Truhlář,33-56-H/01,,SOU s výuč. listem,3,ne,4,6,4,0,0,2,1.0,
Moravskoslezský kraj,Bruntál,Krnov,Střední škola průmyslová,600016145,Autotronik,39-41-L/01,,SOU s maturitou,4,ano,1,2,1,0,0,1,1.0,
Moravskoslezský kraj,Bruntál,Krnov,Střední škola průmyslová,600016145,Podnikání,64-41-L/51,,Nástavby,2,ano,1,10,1,7,2,0,1.0,
Moravskoslezský kraj,Bruntál,Krnov,Střední škola průmyslová,600016145,Uměleckořemeslné zpracování dřeva,82-51-L/02,,SOU s maturitou,4,ne,8,1,1,0,0,0,0.12,
Moravskoslezský kraj,Bruntál,Krnov,Střední škola průmyslová,600016145,Uměleckořemeslné zpracování textilu,82-51-L/03,,SOU s maturitou,4,ne,6,4,3,0,0,1,0.5,
Moravskoslezský kraj,Bruntál,Město Albrechtice,Střední odborná škola a Základní škola,600016218,Strojní mechanik,23-51-H/01,,SOU s výuč. listem,3,ne,27,2,2,0,0,0,0.07,
Moravskoslezský kraj,Bruntál,Město Albrechtice,Střední odborná škola a Základní škola,600016218,Potravinářská výroba,29-51-E/01,,SOU s výuč. listem,3,ne,10,3,3,0,0,0,0.3,
Moravskoslezský kraj,Bruntál,Město Albrechtice,Střední odborná škola a Základní škola,600016218,Zemědělec - farmář,41-51-H/01,,SOU s výuč. listem,3,ne,23,3,3,0,0,0,0.13,
Moravskoslezský kraj,Bruntál,Město Albrechtice,Střední odborná škola a Základní škola,600016218,Zahradnické práce,41-52-E/01,,SOU s výuč. listem,3,ne,11,0,0,0,0,0,0.0,
Moravskoslezský kraj,Bruntál,Město Albrechtice,Střední odborná škola a Základní škola,600016218,Zahradník,41-52-H/01,,SOU s výuč. listem,3,ne,24,0,0,0,0,0,0.0,
Moravskoslezský kraj,Bruntál,Město Albrechtice,Střední odborná škola a Základní škola,600016218,Opravářské práce,41-55-E/01,,SOU s výuč. listem,3,ne,9,0,0,0,0,0,0.0,
Moravskoslezský kraj,Bruntál,Město Albrechtice,Střední odborná škola a Základní škola,600016218,Stravovací a ubytovací služby,65-51-E/01,,SOU s výuč. listem,3,ne,14,0,0,0,0,0,0.0,
Moravskoslezský kraj,Bruntál,Město Albrechtice,Střední odborná škola a Základní škola,600016218,Kuchař - číšník,65-51-H/01,,SOU s výuč. listem,3,ne,25,0,0,0,0,0,0.0,
Moravskoslezský kraj,Nový Jičín,Nový Jičín,"EDUCA - SOŠ, s.r.o.",600016901,Prodavač,66-51-H/01,Pracovník obchodu,SOU s výuč. listem,3,ne,4,4,3,0,1,0,0.75,
Moravskoslezský kraj,Nový Jičín,Nový Jičín,Mendelova střední škola,600020037,Informační technologie,18-20-M/01,,SOŠ,4,ano,5,3,0,0,2,1,0.0,
Moravskoslezský kraj,Nový Jičín,Nový Jičín,Mendelova střední škola,600020037,Praktická sestra,53-41-M/03,,SOŠ,4,ano,14,12,4,0,3,5,0.29,
Moravskoslezský kraj,Nový Jičín,Nový Jičín,Odborné učiliště a Praktická škola,600026396,Praktická škola jednoletá,78-62-C/01,Praktická škola jednoletá,SOU bez výuč. listu,1,ne,3,1,1,0,0,0,0.33,
Moravskoslezský kraj,Nový Jičín,Nový Jičín,Odborné učiliště a Praktická škola,600026396,Praktická škola dvouletá,78-62-C/02,Praktická škola dvouletá,SOU bez výuč. listu,2,ne,5,1,1,0,0,0,0.2,
Moravskoslezský kraj,Nový Jičín,Nový Jičín,Střední škola technická a zemědělská,600016846,Ekologie a životní prostředí,16-01-M/01,,SOŠ,4,ano,10,7,4,0,0,3,0.4,
Moravskoslezský kraj,Nový Jičín,Nový Jičín,Střední škola technická a zemědělská,600016846,Mechanik strojů a zařízení,23-44-L/01,,SOU s maturitou,4,ano,5,3,3,0,0,0,0.6,
Moravskoslezský kraj,Nový Jičín,Nový Jičín,Střední škola technická a zemědělská,600016846,Strojní mechanik,23-51-H/01,,SOU s výuč. listem,3,ne,20,7,4,0,0,3,0.2,
Moravskoslezský kraj,Nový Jičín,Nový Jičín,Střední škola technická a zemědělská,600016846,Nástrojař,23-52-H/01,,SOU s výuč. listem,3,ne,11,1,0,0,0,1,0.0,
Moravskoslezský kraj,Nový Jičín,Nový Jičín,Střední škola technická a zemědělská,600016846,Obráběč kovů,23-56-H/01,,SOU s výuč. listem,3,ne,6,3,3,0,0,0,0.5,
Moravskoslezský kraj,Nový Jičín,Nový Jičín,Střední škola technická a zemědělská,600016846,Instalatér,36-52-H/01,,SOU s výuč. listem,3,ne,4,6,1,0,0,5,0.25,
Moravskoslezský kraj,Nový Jičín,Nový Jičín,Střední škola technická a zemědělská,600016846,Stavební práce,36-67-E/02,,SOU s výuč. listem,2,ne,3,1,0,0,0,1,0.0,
Moravskoslezský kraj,Nový Jičín,Nový Jičín,Střední škola technická a zemědělská,600016846,Zedník,36-67-H/01,,SOU s výuč. listem,3,ne,4,4,1,0,0,3,0.25,
Moravskoslezský kraj,Nový Jičín,Nový Jičín,Střední škola technická a zemědělská,600016846,Agropodnikání,41-41-M/01,,SOŠ,4,ano,12,3,0,0,0,3,0.0,
Moravskoslezský kraj,Nový Jičín,Odry,SPgŠ a SZdŠ svaté Anežky České,600016838,Ošetřovatel,53-41-H/01,,SOU s výuč. listem,3,ne,11,7,2,0,0,5,0.18,
Moravskoslezský kraj,Nový Jičín,Odry,SPgŠ a SZdŠ svaté Anežky České,600016838,Praktická sestra,53-41-M/03,,SOŠ,4,ano,7,14,7,1,0,6,1.0,
Moravskoslezský kraj,Nový Jičín,Odry,Střední škola,600016854,Mechanik opravář motorových vozidel,23-68-H/01,,SOU s výuč. listem,3,ne,1,5,1,3,0,1,1.0,
Moravskoslezský kraj,Nový Jičín,Odry,Střední škola,600016854,Podnikání,64-41-L/51,,Nástavby,2,ano,4,9,3,0,6,0,0.75,
Moravskoslezský kraj,Nový Jičín,Odry,Střední škola,600016854,Kuchař - číšník,65-51-H/01,kuchař,SOU s výuč. listem,3,ne,23,6,2,0,0,3,0.09,
Moravskoslezský kraj,Nový Jičín,Odry,Střední škola,600016854,Kadeřník,69-51-H/01,,SOU s výuč. listem,3,ne,3,15,3,5,1,6,1.0,
Moravskoslezský kraj,Opava,Opava,Církevní konzervatoř Německého řádu,610550659,Hudba,82-44-P/01,"82-44-M/01, 82-44-P/01 Hra na varhany/klavír/cembalo/housle/violu/violoncello/kontrabas/kytaru/příč. flétnu/barokní příč. flétnu/zobcovou flétnu/hoboj/klarinet/saxofon/fagot/lesní roh/trubku/Řízení sboru/Trojobor církevní hudba",Konzervatoře,6,ne,4,3,2,0,1,0,0.5,
Moravskoslezský kraj,Opava,Opava,Církevní konzervatoř Německého řádu,610550659,Zpěv,82-45-P/01,"82-45-M/01, 82-45-P/01; Sólový zpěv – klasický",Konzervatoře,6,ne,5,7,5,0,2,0,1.0,
Moravskoslezský kraj,Opava,Opava,Církevní konzervatoř Německého řádu,610550659,Zpěv,82-45-P/01,"82-45-M/01, 82-45-P/01; Sólový zpěv – populární",Konzervatoře,6,ne,1,1,0,0,1,0,0.0,
Moravskoslezský kraj,Opava,Opava,Církevní konzervatoř Německého řádu,610550659,Hudebně dramatické umění,82-47-P/01,"82-47-M/01, 82-47-P/01 Herectví",Konzervatoře,6,ne,2,5,2,0,3,0,1.0,
Moravskoslezský kraj,Opava,Opava,Masarykova střední škola,600017311,Chemik operátor,28-42-L/01,Chemik operátor/Chemik ,SOU s maturitou,4,ano,12,12,5,0,0,7,0.42,
Moravskoslezský kraj,Opava,Opava,Masarykova střední škola,600017311,Zahradník,41-52-H/01,,SOU s výuč. listem,3,ne,10,18,6,0,0,12,0.6,
Moravskoslezský kraj,Opava,Opava,Masarykova střední škola,600017311,Přírodovědné lyceum,78-42-M/05,,Lycea,4,ano,5,18,5,5,0,8,1.0,
Moravskoslezský kraj,Opava,Opava,OA a SOŠ logistická,600017257,Provoz a ekonomika dopravy,37-41-M/01,,SOŠ,4,ano,11,23,11,2,4,6,1.0,24.0
Moravskoslezský kraj,Opava,Opava,SOU stavební,600017419,Klempíř,23-55-H/01,,SOU s výuč. listem,3,ne,3,3,1,0,0,2,0.33,
Moravskoslezský kraj,Opava,Opava,SOU stavební,600017419,Truhlář,33-56-H/01,,SOU s výuč. listem,3,ne,4,7,4,0,0,3,1.0,
Moravskoslezský kraj,Opava,Opava,SOU stavební,600017419,Tesař,36-64-H/01,,SOU s výuč. listem,3,ne,2,4,1,0,0,3,0.5,
Moravskoslezský kraj,Opava,Opava,SOU stavební,600017419,Pokrývač,36-69-H/01,,SOU s výuč. listem,3,ne,1,6,1,2,0,3,1.0,
Moravskoslezský kraj,Opava,Opava,Střední průmyslová škola stavební,600017389,Geodézie a katastr nemovitostí,36-46-M/01,,SOŠ,4,ano,17,10,2,0,5,3,0.12,
Moravskoslezský kraj,Opava,Opava,Střední škola průmyslová a umělecká,600017338,Strojírenství,23-41-M/01,se zaměřením na výpočetní techniku,SOŠ,4,ano,18,7,0,0,4,3,0.0,
Moravskoslezský kraj,Opava,Opava,Střední škola technická,600171868,Mechanik seřizovač,23-45-L/01,,SOU s maturitou,4,ano,17,7,2,0,1,4,0.12,
Moravskoslezský kraj,Opava,Opava,Střední škola technická,600171868,Strojírenské práce,23-51-E/01,Zámečnické práce,SOU s výuč. listem,3,ne,4,1,1,0,0,0,0.25,
Moravskoslezský kraj,Opava,Opava,Střední škola technická,600171868,Strojní mechanik,23-51-H/01,Zámečník,SOU s výuč. listem,3,ne,16,5,2,0,0,3,0.12,
Moravskoslezský kraj,Opava,Opava,Střední škola technická,600171868,Nástrojař,23-52-H/01,,SOU s výuč. listem,3,ne,20,8,1,0,0,7,0.05,
Moravskoslezský kraj,Opava,Opava,Střední škola technická,600171868,Obráběč kovů,23-56-H/01,,SOU s výuč. listem,3,ne,14,8,7,0,0,1,0.5,
Moravskoslezský kraj,Opava,Opava,Střední škola technická,600171868,Šití oděvů,31-59-E/01,,SOU s výuč. listem,3,ne,5,1,0,0,0,0,0.0,
Moravskoslezský kraj,Opava,Opava,SŠ hotelnictví a služeb a VOŠ,691002932,Výrobce potravin,29-51-H/01,,SOU s výuč. listem,3,ne,6,2,1,0,0,1,0.17,
Moravskoslezský kraj,Opava,Opava,SŠ hotelnictví a služeb a VOŠ,691002932,Pekař,29-53-H/01,,SOU s výuč. listem,3,ne,8,7,4,0,0,3,0.5,
Moravskoslezský kraj,Opava,Opava,SŠ hotelnictví a služeb a VOŠ,691002932,Řezník - uzenář,29-56-H/01,,SOU s výuč. listem,3,ne,2,1,1,0,0,0,0.5,
Moravskoslezský kraj,Opava,Opava,SŠ hotelnictví a služeb a VOŠ,691002932,Kuchař - číšník,65-51-H/01,,SOU s výuč. listem,3,ne,25,21,14,0,0,7,0.56,
Moravskoslezský kraj,Opava,Opava,SŠ hotelnictví a služeb a VOŠ,691002932,Prodavač,66-51-H/01,,SOU s výuč. listem,3,ne,5,4,3,0,0,1,0.6,
Moravskoslezský kraj,Opava,Opava,Základní škola a Praktická škola,600171671,Praktická škola jednoletá,78-62-C/01,,SOU bez výuč. listu,1,ne,2,0,0,0,0,0,0.0,
Moravskoslezský kraj,Karviná,Orlová,Gymnázium Jana Šabršuly s.r.o.,650078331,Gymnázium,79-41-K/41,,Gymnázia 4letá,4,ano,28,11,5,0,1,5,0.18,
Moravskoslezský kraj,Karviná,Orlová,Gymnázium a Obchodní akademie,600016536,Informační technologie,18-20-M/01,,SOŠ,4,ano,13,7,2,0,0,5,0.15,
Moravskoslezský kraj,Karviná,Orlová,Gymnázium a Obchodní akademie,600016536,Obchodní akademie,63-41-M/02,,SOŠ,4,ano,3,7,3,0,2,2,1.0,
Moravskoslezský kraj,Karviná,Orlová,"SOŠ NET OFFICE Orlová, spol. s r.o.",600016587,Informační technologie,18-20-M/01,,SOŠ,4,ano,14,5,2,0,0,3,0.14,
Moravskoslezský kraj,Ostrava-město,Ostrava,"1st IS of Ostrava - mez.gymnázium,s.r.o.",650076991,Gymnázium,79-41-K/41,,Gymnázia 4letá,4,ano,4,2,2,0,0,0,0.5,
Moravskoslezský kraj,Ostrava-město,Ostrava,"1st IS of Ostrava - mez.gymnázium,s.r.o.",650076991,Gymnázium,79-41-K/81,,Gymnázia 8letá,8,ano,10,6,3,0,0,3,0.3,
Moravskoslezský kraj,Ostrava-město,Ostrava,"AHOL-SŠ gastronomie, turismu a lázeňství",651035759,Gastronomie,65-41-L/01,Kuchař v moderní gastronomii,SOU s maturitou,4,ano,15,7,3,0,2,2,0.2,
Moravskoslezský kraj,Ostrava-město,Ostrava,"AHOL-SŠ gastronomie, turismu a lázeňství",651035759,Hotelnictví,65-42-M/01,Lázeňství a wellness,SOŠ,4,ano,11,18,6,0,6,6,0.55,
Moravskoslezský kraj,Ostrava-město,Ostrava,"AHOL-SŠ gastronomie, turismu a lázeňství",651035759,Hotelnictví,65-42-M/01,Moderní hotelové služby,SOŠ,4,ano,9,19,6,0,5,8,0.67,
Moravskoslezský kraj,Ostrava-město,Ostrava,"AHOL-SŠ gastronomie, turismu a lázeňství",651035759,Kuchař - číšník,65-51-H/01,Fastfoodová gastronomie,SOU s výuč. listem,3,ne,13,15,5,0,7,3,0.38,
Moravskoslezský kraj,Ostrava-město,Ostrava,"AHOL-SŠ gastronomie, turismu a lázeňství",651035759,Kuchař - číšník,65-51-H/01,Kuchař - číšník,SOU s výuč. listem,3,ne,9,16,2,0,7,7,0.22,
Moravskoslezský kraj,Ostrava-město,Ostrava,"AVE ART Ostrava, VOŠ, SUŠ a ZUŠ",650003551,Průmyslový design,82-41-M/04,,SOŠ,4,ne,9,3,1,0,1,1,0.11,
Moravskoslezský kraj,Ostrava-město,Ostrava,"AVE ART Ostrava, VOŠ, SUŠ a ZUŠ",650003551,Grafický design,82-41-M/05,,SOŠ,4,ne,1,2,0,0,1,1,0.0,
Moravskoslezský kraj,Ostrava-město,Ostrava,"AVE ART Ostrava, VOŠ, SUŠ a ZUŠ",650003551,Grafický design,82-41-M/05,motion design,SOŠ,4,ne,5,2,1,0,1,0,0.2,
Moravskoslezský kraj,Ostrava-město,Ostrava,"AVE ART Ostrava, VOŠ, SUŠ a ZUŠ",650003551,Výtvarné zpracování kovů a drahých kamenů,82-41-M/06,,SOŠ,4,ne,7,1,0,0,1,0,0.0,
Moravskoslezský kraj,Ostrava-město,Ostrava,"AVE ART Ostrava, VOŠ, SUŠ a ZUŠ",650003551,Výtvarné zpracování keramiky a porcelánu,82-41-M/12,,SOŠ,4,ne,5,0,0,0,0,0,0.0,
Moravskoslezský kraj,Ostrava-město,Ostrava,Gymnázium EDUCAnet Ostrava s.r.o.,600016366,Gymnázium,79-41-K/41,Business & management,Gymnázia 4letá,4,ano,20,9,3,0,1,6,0.15,
Moravskoslezský kraj,Ostrava-město,Ostrava,Gymnázium EDUCAnet Ostrava s.r.o.,600016366,Gymnázium,79-41-K/41,Gymnázium,Gymnázia 4letá,4,ano,15,16,5,0,0,11,0.33,
Moravskoslezský kraj,Ostrava-město,Ostrava,"Gymnázium, ZŠ a MŠ Hello s.r.o.",691000565,Gymnázium,79-41-K/41,,Gymnázia 4letá,4,ano,12,8,2,0,3,3,0.17,
Moravskoslezský kraj,Ostrava-město,Ostrava,"Hotelová škola, Ostrava, příspěvková organizace",600171272,Gastronomie,65-41-L/01,"Hotelový a restaurační provoz, kombinace s oborem Kuchař-číšník (doplňující obor s VL)",SOU s maturitou,4,ano,7,24,7,1,0,16,1.0,
Moravskoslezský kraj,Ostrava-město,Ostrava,"Hotelová škola, Ostrava, příspěvková organizace",600171272,Kuchař - číšník,65-51-H/01,ŠVP Kuchař-číšník,SOU s výuč. listem,3,ne,29,39,16,0,0,23,0.55,
Moravskoslezský kraj,Ostrava-město,Ostrava,IUVENTAS-Soukr.gymnázium a SOŠ s.r.o.,650077393,Zdravotnické lyceum,78-42-M/04,,Lycea,4,ano,15,27,9,0,9,9,0.6,
Moravskoslezský kraj,Ostrava-město,Ostrava,IUVENTAS-Soukr.gymnázium a SOŠ s.r.o.,650077393,Přírodovědné lyceum,78-42-M/05,,Lycea,4,ano,25,12,1,0,1,10,0.04,
Moravskoslezský kraj,Ostrava-město,Ostrava,IUVENTAS-Soukr.gymnázium a SOŠ s.r.o.,650077393,Gymnázium,79-41-K/41,,Gymnázia 4letá,4,ano,8,13,5,0,2,6,0.62,
Moravskoslezský kraj,Ostrava-město,Ostrava,IUVENTAS-Soukr.gymnázium a SOŠ s.r.o.,650077393,Gymnázium,79-41-K/81,,Gymnázia 8letá,8,ano,10,17,7,0,7,3,0.7,
Moravskoslezský kraj,Ostrava-město,Ostrava,Jazykové gymnázium Pavla Tigrida,600017443,Gymnázium,79-41-K/61,Francouzský jazyk (1. cizí jazyk),Gymnázia 6letá,6,ano,7,17,6,9,0,1,0.86,
Moravskoslezský kraj,Ostrava-město,Ostrava,"Moravskoslezská OA, s.r.o.",600016595,Obchodní akademie,63-41-M/02,,SOŠ,4,ano,3,27,3,2,7,15,1.0,
Moravskoslezský kraj,Ostrava-město,Ostrava,"PORG - gymnázium, ZŠ a MŠ, o.p.s.",600006018,Gymnázium,79-41-K/81,8leté PORG Ostrava,Gymnázia 8letá,8,ano,8,9,4,0,5,0,0.5,
Moravskoslezský kraj,Ostrava-město,Ostrava,"PRIGO, gymnázium 6leté a 4leté, s.r.o.",600017591,Gymnázium,79-41-K/41,Mezinárodní gymnázium,Gymnázia 4letá,4,ano,23,15,9,0,2,4,0.39,
Moravskoslezský kraj,Ostrava-město,Ostrava,"PRIGO, gymnázium 6leté a 4leté, s.r.o.",600017591,Gymnázium,79-41-K/61,Mezinárodní gymnázium,Gymnázia 6letá,6,ano,4,24,4,11,0,9,1.0,
Moravskoslezský kraj,Ostrava-město,Ostrava,"PRIGO, gymnázium 8leté a 4leté, s.r.o.",600016447,Gymnázium,79-41-K/41,Jazykové a humanitní gymnázium PRIGO,Gymnázia 4letá,4,ano,13,18,3,0,3,12,0.23,
Moravskoslezský kraj,Ostrava-město,Ostrava,"PRIGO, gymnázium 8leté a 4leté, s.r.o.",600016447,Gymnázium,79-41-K/41,Lékařské a přírodovědné gymnázium PRIGO,Gymnázia 4letá,4,ano,16,21,9,0,0,11,0.56,
Moravskoslezský kraj,Ostrava-město,Ostrava,"PRIGO, střední škola, s.r.o.",600017567,Ekonomika a podnikání,63-41-M/01,,SOŠ,4,ano,6,13,5,0,2,6,0.83,
Moravskoslezský kraj,Ostrava-město,Ostrava,"PRIGO, střední škola, s.r.o.",600017567,Obchodní akademie,63-41-M/02,,SOŠ,4,ano,14,19,6,0,3,10,0.43,
Moravskoslezský kraj,Ostrava-město,Ostrava,"RB SOU autoopravárenské, s.r.o.",600017761,Provozní technika,23-43-L/51,,Nástavby,2,ano,1,0,0,0,0,0,0.0,
Moravskoslezský kraj,Ostrava-město,Ostrava,SPŠ stavební,600017681,Geodézie a katastr nemovitostí,36-46-M/01,,SOŠ,4,ano,9,8,0,0,1,7,0.0,
Moravskoslezský kraj,Ostrava-město,Ostrava,Střední průmyslová škola,600017699,Strojírenství,23-41-M/01,Strojírenství -výpočetní technika,SOŠ,4,ano,10,9,1,0,0,8,0.1,
Moravskoslezský kraj,Ostrava-město,Ostrava,Střední průmyslová škola,600017699,Mechanik seřizovač,23-45-L/01,Mechanik seřizovač - mechatronik ,SOU s maturitou,4,ano,14,7,4,0,0,3,0.29,
Moravskoslezský kraj,Ostrava-město,Ostrava,Střední průmyslová škola,600017699,Obráběč kovů,23-56-H/01,Obráběč kovů,SOU s výuč. listem,3,ne,9,6,3,0,0,3,0.33,
Moravskoslezský kraj,Ostrava-město,Ostrava,Střední průmyslová škola,600017699,Ekonomika a podnikání,63-41-M/01,Management ve strojírenství,SOŠ,4,ano,10,29,10,1,0,18,1.0,
Moravskoslezský kraj,Ostrava-město,Ostrava,Střední umělecká škola,600017630,Užitá fotografie a média,82-41-M/02,Fotografie a média,SOŠ,4,ne,2,6,1,0,4,1,0.5,
Moravskoslezský kraj,Ostrava-město,Ostrava,Střední umělecká škola,600017630,Průmyslový design,82-41-M/04,Design obalů,SOŠ,4,ne,2,4,2,0,2,0,1.0,
Moravskoslezský kraj,Ostrava-město,Ostrava,Střední zahradnická škola,600017737,Zahradnictví,41-44-M/01,,SOŠ,4,ano,9,16,5,0,3,8,0.56,
Moravskoslezský kraj,Ostrava-město,Ostrava,Střední zahradnická škola,600017737,Zahradník,41-52-H/01,,SOU s výuč. listem,3,ne,11,12,4,0,2,6,0.36,
Moravskoslezský kraj,Ostrava-město,Ostrava,Střední zahradnická škola,600017737,Prodavač,66-51-H/01,,SOU s výuč. listem,3,ne,6,13,6,0,1,6,1.0,
Moravskoslezský kraj,Ostrava-město,Ostrava,Střední zahradnická škola,600017737,Přírodovědné lyceum,78-42-M/05,,Lycea,4,ano,12,32,11,4,1,15,0.92,32.0
Moravskoslezský kraj,Ostrava-město,Ostrava,Střední škola Montessori lyceum Ostrava,691018634,Kombinované lyceum,78-42-M/06,,Lycea,4,ano,6,2,1,0,0,1,0.17,
Moravskoslezský kraj,Ostrava-město,Ostrava,Střední škola služeb a podnikání,600171299,Prodavač,66-51-H/01,PRODAVAČ - VŠEOBECNÉ ZBOŽÍ,SOU s výuč. listem,3,ne,6,27,6,8,3,10,1.0,
Moravskoslezský kraj,Ostrava-město,Ostrava,Střední škola technická a dopravní,600171311,Karosář,23-55-H/02,,SOU s výuč. listem,3,ne,6,20,6,5,2,7,1.0,
Moravskoslezský kraj,Ostrava-město,Ostrava,Střední škola technická a dopravní,600171311,Mechanik elektrotechnik,26-41-L/01,Elektromechanik pro zařízení a přístroje,SOU s maturitou,4,ano,9,12,6,0,0,6,0.67,
Moravskoslezský kraj,Ostrava-město,Ostrava,Střední škola technická a dopravní,600171311,Elektromechanik pro zařízení a přístroje,26-52-H/01,Mechanik pro chladicí a klimatizační zařízení,SOU s výuč. listem,3,ne,10,14,7,0,0,7,0.7,
Moravskoslezský kraj,Ostrava-město,Ostrava,Střední škola technická a dopravní,600171311,Provoz a ekonomika dopravy,37-41-M/01,,SOŠ,4,ano,3,5,1,0,0,4,0.33,
Moravskoslezský kraj,Ostrava-město,Ostrava,Střední škola teleinformatiky,600017656,Informační technologie,18-20-M/01,,SOŠ,4,ano,8,16,8,0,4,4,1.0,
Moravskoslezský kraj,Ostrava-město,Ostrava,"Střední škola uměleckých řemesel, s.r.o.",600017711,Grafický design,82-41-M/05,Grafický design,SOŠ,4,ne,8,11,7,0,3,1,0.88,
Moravskoslezský kraj,Ostrava-město,Ostrava,"Střední škola uměleckých řemesel, s.r.o.",600017711,Multimediální tvorba,82-41-M/17,Multimediální tvorba,SOŠ,4,ne,5,7,1,0,0,5,0.2,
Moravskoslezský kraj,Ostrava-město,Ostrava,SŠ stavební a dřevozpracující,600017702,Strojírenské práce,23-51-E/01,Zámečnické práce ve stavebnictví,SOU s výuč. listem,3,ne,1,1,0,0,0,1,0.0,
Moravskoslezský kraj,Ostrava-město,Ostrava,SŠ stavební a dřevozpracující,600017702,Operátor dřevařské a nábytkářské výroby,33-41-L/01,Technik CNC dřevoobráběcích strojů,SOU s maturitou,4,ano,6,4,2,0,0,2,0.33,
Moravskoslezský kraj,Ostrava-město,Ostrava,SŠ stavební a dřevozpracující,600017702,Stavební provoz,36-44-L/51,,Nástavby,2,ano,2,0,0,0,0,0,0.0,
Moravskoslezský kraj,Ostrava-město,Ostrava,SŠ stavební a dřevozpracující,600017702,Zednické práce,36-67-E/01,,SOU s výuč. listem,3,ne,3,0,0,0,0,0,0.0,
Moravskoslezský kraj,Ostrava-město,Ostrava,SŠ stavební a dřevozpracující,600017702,Stavební práce,36-67-E/02,Stavební výroba,SOU s výuč. listem,2,ne,10,6,4,0,0,2,0.4,
Moravskoslezský kraj,Ostrava-město,Ostrava,SŠ stavební a dřevozpracující,600017702,Zedník,36-67-H/01, Obkladač,SOU s výuč. listem,3,ne,6,14,6,2,0,6,1.0,
Moravskoslezský kraj,Ostrava-město,Ostrava,VÍTKOVICKÁ SPŠ,650069021,Informační technologie,18-20-M/01,programátor a vývojář aplikací,SOŠ,4,ano,16,18,2,0,1,15,0.12,
Moravskoslezský kraj,Ostrava-město,Ostrava,VÍTKOVICKÁ SPŠ,650069021,Mechanik seřizovač,23-45-L/01,,SOU s maturitou,4,ano,8,5,2,0,1,2,0.25,
Moravskoslezský kraj,Ostrava-město,Ostrava,VÍTKOVICKÁ SPŠ,650069021,Strojní mechanik,23-51-H/01,,SOU s výuč. listem,3,ne,5,10,5,0,0,5,1.0,
Moravskoslezský kraj,Ostrava-město,Ostrava,VÍTKOVICKÁ SPŠ,650069021,Obráběč kovů,23-56-H/01,,SOU s výuč. listem,3,ne,8,6,2,0,0,4,0.25,
Moravskoslezský kraj,Ostrava-město,Ostrava,VÍTKOVICKÁ SPŠ,650069021,Elektrikář,26-51-H/01,slaboproud,SOU s výuč. listem,3,ne,9,24,8,0,1,15,0.89,
Moravskoslezský kraj,Ostrava-město,Ostrava,VÍTKOVICKÁ SPŠ,650069021,Truhlář,33-56-H/01,,SOU s výuč. listem,3,ne,8,10,6,0,0,4,0.75,
Moravskoslezský kraj,Ostrava-město,Ostrava,VÍTKOVICKÁ SPŠ,650069021,Ekonomika a podnikání,63-41-M/01,řízení lidských zdrojů,SOŠ,4,ano,16,40,16,3,0,21,1.0,15.0
Moravskoslezský kraj,Karviná,Petrovice u Karviné,"Střední odborné učiliště DAKOL, s.r.o.",600016633,Mechanik opravář motorových vozidel,23-68-H/01,,SOU s výuč. listem,3,ne,3,14,3,3,0,8,1.0,
Moravskoslezský kraj,Karviná,Petrovice u Karviné,"Střední odborné učiliště DAKOL, s.r.o.",600016633,Reprodukční grafik,34-53-H/01,,SOU s výuč. listem,3,ne,3,13,3,4,0,6,1.0,
Moravskoslezský kraj,Karviná,Petrovice u Karviné,"Střední odborné učiliště DAKOL, s.r.o.",600016633,Reprodukční grafik pro média,34-53-L/01,Reprodukční grafik,SOU s maturitou,4,ano,8,0,0,0,0,0,0.0,
Moravskoslezský kraj,Karviná,Petrovice u Karviné,"Střední odborné učiliště DAKOL, s.r.o.",600016633,Instalatér,36-52-H/01,,SOU s výuč. listem,3,ne,5,7,5,0,0,2,1.0,
Moravskoslezský kraj,Karviná,Petrovice u Karviné,"Střední odborné učiliště DAKOL, s.r.o.",600016633,Podnikání,64-41-L/51,,Nástavby,2,ano,19,13,9,0,0,4,0.47,
Moravskoslezský kraj,Karviná,Petrovice u Karviné,"Střední odborné učiliště DAKOL, s.r.o.",600016633,Kuchař - číšník,65-51-H/01,,SOU s výuč. listem,3,ne,7,15,7,2,0,6,1.0,
Moravskoslezský kraj,Karviná,Petrovice u Karviné,"Střední odborné učiliště DAKOL, s.r.o.",600016633,Prodavač,66-51-H/01,,SOU s výuč. listem,3,ne,10,12,5,0,0,6,0.5,
Moravskoslezský kraj,Karviná,Petrovice u Karviné,"Střední odborné učiliště DAKOL, s.r.o.",600016633,Rekondiční a sportovní masér,69-53-H/01,,SOU s výuč. listem,3,ne,2,13,2,3,0,8,1.0,
Moravskoslezský kraj,Karviná,Petrovice u Karviné,"VOŠ DAKOL a Střední škola DAKOL, o.p.s.",600016625,Truhlářská a čalounická výroba,33-56-E/01,Truhlářské práce ve stavebnictví,SOU s výuč. listem,3,ne,7,3,3,0,0,0,0.43,
Moravskoslezský kraj,Karviná,Petrovice u Karviné,"VOŠ DAKOL a Střední škola DAKOL, o.p.s.",600016625,Zahradnické práce,41-52-E/01,Květinářské a aranžérské práce,SOU s výuč. listem,3,ne,4,0,0,0,0,0,0.0,
Moravskoslezský kraj,Karviná,Petrovice u Karviné,"VOŠ DAKOL a Střední škola DAKOL, o.p.s.",600016625,Ošetřovatel,53-41-H/01,,SOU s výuč. listem,3,ne,8,7,3,0,0,4,0.38,
Moravskoslezský kraj,Karviná,Petrovice u Karviné,"VOŠ DAKOL a Střední škola DAKOL, o.p.s.",600016625,Hotelnictví,65-42-M/01,,SOŠ,4,ano,6,11,5,0,0,5,0.83,
Moravskoslezský kraj,Karviná,Petrovice u Karviné,"VOŠ DAKOL a Střední škola DAKOL, o.p.s.",600016625,Stravovací a ubytovací služby,65-51-E/01,,SOU s výuč. listem,3,ne,10,2,1,0,0,1,0.1,
Moravskoslezský kraj,Karviná,Petrovice u Karviné,"VOŠ DAKOL a Střední škola DAKOL, o.p.s.",600016625,Prodavačské práce,66-51-E/01,,SOU s výuč. listem,3,ne,12,2,2,0,0,0,0.17,
Moravskoslezský kraj,Bruntál,Rýmařov,Gymnázium a SOŠ,600016188,Opravář zemědělských strojů,41-55-H/01,,SOU s výuč. listem,3,ne,10,0,0,0,0,0,0.0,
Moravskoslezský kraj,Bruntál,Rýmařov,Gymnázium a SOŠ,600016188,Kuchař - číšník,65-51-H/01,,SOU s výuč. listem,3,ne,20,2,1,0,0,1,0.05,
Moravskoslezský kraj,Bruntál,Rýmařov,Gymnázium a SOŠ,600016188,Masér sportovní a rekondiční,69-41-L/02,69-53-H/01 Rekondiční a sportovní masér,SOU s maturitou,4,ano,14,3,0,0,0,3,0.0,
Moravskoslezský kraj,Nový Jičín,Studénka,"Střední škola ekon.-podnikatel., o.p.s.",600016803,Strojní mechanik,23-51-H/01,,SOU s výuč. listem,3,ne,5,0,0,0,0,0,0.0,
Moravskoslezský kraj,Nový Jičín,Studénka,"Střední škola ekon.-podnikatel., o.p.s.",600016803,Obchodní akademie,63-41-M/02,"cestovní ruch, digitální marketing, výpočetní technika",SOŠ,4,ano,10,9,4,0,0,5,0.4,
Moravskoslezský kraj,Nový Jičín,Studénka,"Střední škola ekon.-podnikatel., o.p.s.",600016803,Podnikání,64-41-L/51,,Nástavby,2,ano,12,12,9,0,0,3,0.75,
Moravskoslezský kraj,Nový Jičín,Studénka,"Střední škola ekon.-podnikatel., o.p.s.",600016803,Ekonomické lyceum,78-42-M/02,"cestovní ruch, digitální marketing, výpočetní technika",Lycea,4,ano,5,3,2,0,0,1,0.4,
Moravskoslezský kraj,Frýdek-Místek,Třinec,Střední průmyslová škola Třineckých železáren,691000662,Hutník,21-52-H/01,,SOU s výuč. listem,3,ne,22,0,0,0,0,0,0.0,
Moravskoslezský kraj,Frýdek-Místek,Třinec,Střední průmyslová škola Třineckých železáren,691000662,Strojírenské práce,23-51-E/01,,SOU s výuč. listem,3,ne,1,0,0,0,0,0,0.0,
Moravskoslezský kraj,Frýdek-Místek,Třinec,Střední průmyslová škola Třineckých železáren,691000662,Strojní mechanik,23-51-H/01,,SOU s výuč. listem,3,ne,22,1,1,0,0,0,0.05,
Moravskoslezský kraj,Frýdek-Místek,Třinec,Střední průmyslová škola Třineckých železáren,691000662,Obráběč kovů,23-56-H/01,,SOU s výuč. listem,3,ne,23,2,0,0,0,2,0.0,
Moravskoslezský kraj,Frýdek-Místek,Třinec,Střední průmyslová škola Třineckých železáren,691000662,Elektrotechnika,26-41-M/01,Automatizované systémy a IT,SOŠ,4,ano,12,2,0,0,0,2,0.0,
Moravskoslezský kraj,Frýdek-Místek,Třinec,Střední průmyslová škola Třineckých železáren,691000662,Elektrikář - silnoproud,26-51-H/02,,SOU s výuč. listem,3,ne,18,4,0,0,0,4,0.0,
Moravskoslezský kraj,Frýdek-Místek,Třinec,Střední průmyslová škola Třineckých železáren,691000662,Instalatér,36-52-H/01,,SOU s výuč. listem,3,ne,18,4,4,0,0,0,0.22,
Moravskoslezský kraj,Frýdek-Místek,Třinec,Střední průmyslová škola Třineckých železáren,691000662,Provoz a ekonomika dopravy,37-41-M/01,Logistika a ekonomika v průmyslu,SOŠ,4,ano,21,2,1,0,0,1,0.05,
Moravskoslezský kraj,Frýdek-Místek,Třinec,Střední průmyslová škola Třineckých železáren,691000662,Stravovací a ubytovací služby,65-51-E/01,,SOU s výuč. listem,3,ne,4,0,0,0,0,0,0.0,
Moravskoslezský kraj,Frýdek-Místek,Třinec,Střední průmyslová škola Třineckých železáren,691000662,Kuchař - číšník,65-51-H/01,,SOU s výuč. listem,3,ne,21,2,1,0,0,1,0.05,
Moravskoslezský kraj,Frýdek-Místek,Třinec,Střední průmyslová škola Třineckých železáren,691000662,Operátor skladování,66-53-H/01,,SOU s výuč. listem,3,ne,23,2,1,0,0,1,0.04,
Moravskoslezský kraj,Frýdek-Místek,Třinec,Střední průmyslová škola Třineckých železáren,691000662,Pečovatelské služby,75-41-E/01,,SOU s výuč. listem,3,ne,2,0,0,0,0,0,0.0,
Moravskoslezský kraj,Opava,Velké Heraltice,"SŠ, DD a ŠJ",600026787,Potravinářská výroba,29-51-E/01,,SOU s výuč. listem,3,ne,3,2,2,0,0,0,0.67,
Moravskoslezský kraj,Opava,Velké Heraltice,"SŠ, DD a ŠJ",600026787,Zahradnické práce,41-52-E/01,,SOU s výuč. listem,3,ne,5,3,3,0,0,0,0.6,
Moravskoslezský kraj,Karviná,Český Těšín,Albrechtova střední škola,600171213,Pekař,29-53-H/01,,SOU s výuč. listem,3,ne,7,8,1,0,0,6,0.14,
Moravskoslezský kraj,Karviná,Český Těšín,Albrechtova střední škola,600171213,Řezník - uzenář,29-56-H/01,,SOU s výuč. listem,3,ne,8,2,1,0,0,1,0.12,
Moravskoslezský kraj,Karviná,Český Těšín,Albrechtova střední škola,600171213,Polygrafie,34-41-M/01,,SOŠ,4,ano,13,9,1,0,0,8,0.08,
Moravskoslezský kraj,Karviná,Český Těšín,Albrechtova střední škola,600171213,Tiskař na polygrafických strojích,34-52-H/01,,SOU s výuč. listem,3,ne,4,6,3,0,0,3,0.75,
Moravskoslezský kraj,Karviná,Český Těšín,Albrechtova střední škola,600171213,Hotelnictví,65-42-M/01,,SOŠ,4,ano,18,20,17,0,0,3,0.94,14.0
Moravskoslezský kraj,Karviná,Český Těšín,Albrechtova střední škola,600171213,Kuchař - číšník,65-51-H/01,,SOU s výuč. listem,3,ne,13,19,8,0,0,11,0.62,
Moravskoslezský kraj,Karviná,Český Těšín,Albrechtova střední škola,600171213,Aranžér,66-52-H/01,,SOU s výuč. listem,3,ne,13,21,13,2,0,6,1.0,
Moravskoslezský kraj,Karviná,Český Těšín,Obchodní akademie,600016609,Obchodní akademie,63-41-M/02,polský jazyk vyučovací,SOŠ,4,ano,5,3,2,0,0,1,0.4,
Moravskoslezský kraj,Opava,Šilheřovice,"Střední škola HGS SČMSD, s.r.o.",600017346,Cukrář,29-54-H/01,,SOU s výuč. listem,3,ne,6,5,1,0,0,4,0.17,
Moravskoslezský kraj,Opava,Šilheřovice,"Střední škola HGS SČMSD, s.r.o.",600017346,Nutriční asistent,53-41-M/02,,SOŠ,4,ano,6,11,6,0,0,5,1.0,
Moravskoslezský kraj,Opava,Šilheřovice,"Střední škola HGS SČMSD, s.r.o.",600017346,Hotelnictví,65-42-M/01,,SOŠ,4,ano,6,6,2,0,0,4,0.33,
Moravskoslezský kraj,Opava,Šilheřovice,"Střední škola HGS SČMSD, s.r.o.",600017346,Cestovní ruch,65-42-M/02,,SOŠ,4,ano,7,12,6,0,0,6,0.86,
Moravskoslezský kraj,Opava,Šilheřovice,"Střední škola HGS SČMSD, s.r.o.",600017346,Kuchař - číšník,65-51-H/01,,SOU s výuč. listem,3,ne,5,6,3,0,0,3,0.6,
Moravskoslezský kraj,Opava,Šilheřovice,"Střední škola HGS SČMSD, s.r.o.",600017346,Kadeřník,69-51-H/01,,SOU s výuč. listem,3,ne,15,17,7,0,0,9,0.47,
Moravskoslezský kraj,Opava,Šilheřovice,"Střední škola HGS SČMSD, s.r.o.",600017346,Přírodovědné lyceum,78-42-M/05,,Lycea,4,ano,6,5,0,0,0,5,0.0,
Olomoucký kraj,Přerov,Dřevohostice,Výchovný ústav a střední škola,600031829,Strojírenské práce,23-51-E/01,,SOU s výuč. listem,3,ne,3,1,1,0,0,0,0.33,
Olomoucký kraj,Přerov,Hranice,Střední odborná škola Hranice,600017931,Informační technologie,18-20-M/01,Správci informačních systémů,SOŠ,4,ano,10,4,2,0,1,1,0.2,
Olomoucký kraj,Přerov,Hranice,Střední odborná škola Hranice,600017931,Cestovní ruch,65-42-M/02,Cestovní ruch,SOŠ,4,ano,10,16,6,0,1,9,0.6,
Olomoucký kraj,Přerov,Hranice,Střední odborná škola Hranice,600017931,Bezpečnostně právní činnost,68-42-M/01,Bezpečnost a právo,SOŠ,4,ano,8,24,8,0,4,12,1.0,
Olomoucký kraj,Přerov,Hranice,Střední odborná škola Hranice,600017931,Rekondiční a sportovní masér,69-53-H/01,Rekondiční a sportovní masér,SOU s výuč. listem,3,ne,5,12,5,1,3,3,1.0,
Olomoucký kraj,Přerov,Hranice,Střední průmyslová škola Hranice,600017907,Provozní technika,23-43-L/51,,Nástavby,2,ano,19,23,19,2,0,2,1.0,
Olomoucký kraj,Přerov,Hranice,Střední průmyslová škola Hranice,600017907,Mechanik strojů a zařízení,23-44-L/01,Strojní mechanik,SOU s maturitou,4,ano,5,2,1,0,0,1,0.2,
Olomoucký kraj,Přerov,Hranice,Střední průmyslová škola Hranice,600017907,Strojní mechanik,23-51-H/01,,SOU s výuč. listem,3,ne,8,4,2,0,0,2,0.25,
Olomoucký kraj,Přerov,Hranice,Střední průmyslová škola Hranice,600017907,Obráběč kovů,23-56-H/01,,SOU s výuč. listem,3,ne,10,4,1,0,0,3,0.1,
Olomoucký kraj,Přerov,Hranice,Střední průmyslová škola Hranice,600017907,Aplikovaná chemie,28-44-M/01,,SOŠ,4,ano,4,5,4,0,0,1,1.0,
Olomoucký kraj,Přerov,Hranice,Střední průmyslová škola Hranice,600017907,Nábytkářská a dřevařská výroba,33-42-L/51,,Nástavby,2,ano,10,4,4,0,0,0,0.4,
Olomoucký kraj,Přerov,Hranice,Střední průmyslová škola Hranice,600017907,Nábytkářská a dřevařská výroba,33-42-M/01,,SOŠ,4,ano,3,2,0,0,0,2,0.0,
Olomoucký kraj,Přerov,Hranice,Střední průmyslová škola Hranice,600017907,Stavební materiály,36-43-M/01,,SOŠ,4,ano,12,6,4,0,0,2,0.33,
Olomoucký kraj,Přerov,Hranice,Střední zdravotnická škola,600020088,Ošetřovatel,53-41-H/01,,SOU s výuč. listem,3,ne,15,9,4,0,0,5,0.27,
Olomoucký kraj,Přerov,Hranice,Střední zdravotnická škola,600020088,Praktická sestra,53-41-M/03,,SOŠ,4,ano,7,17,7,3,2,5,1.0,
Olomoucký kraj,Přerov,Hranice,Střední zdravotnická škola,600020088,Ortoticko - protetický technik,53-44-M/01,,SOŠ,4,ano,5,5,3,0,0,2,0.6,
Olomoucký kraj,Jeseník,Jeseník,HŠ Vincenze Priessnitze a OA Jeseník,600018342,Obchodní akademie,63-41-M/02,Zaměření na zahraniční obchod,SOŠ,4,ano,5,14,5,5,0,4,1.0,
Olomoucký kraj,Jeseník,Jeseník,HŠ Vincenze Priessnitze a OA Jeseník,600018342,Hotelnictví,65-42-M/01,Zaměření na cestovní ruch,SOŠ,4,ano,32,16,6,0,1,9,0.19,
Olomoucký kraj,Jeseník,Jeseník,Střední průmyslová škola Jeseník,600018334,Informační technologie,18-20-M/01,,SOŠ,4,ano,13,3,0,0,3,0,0.0,
Olomoucký kraj,Jeseník,Jeseník,Střední průmyslová škola Jeseník,600018334,Strojírenství,23-41-M/01,,SOŠ,4,ano,10,1,0,0,0,1,0.0,
Olomoucký kraj,Jeseník,Jeseník,Střední průmyslová škola Jeseník,600018334,Provozní technika,23-43-L/51,,Nástavby,2,ano,1,2,0,0,1,1,0.0,
Olomoucký kraj,Jeseník,Jeseník,Střední průmyslová škola Jeseník,600018334,Strojní mechanik,23-51-H/01,,SOU s výuč. listem,3,ne,13,3,2,0,0,1,0.15,
Olomoucký kraj,Jeseník,Jeseník,Střední průmyslová škola Jeseník,600018334,Obráběč kovů,23-56-H/01,,SOU s výuč. listem,3,ne,10,6,2,0,1,3,0.2,
Olomoucký kraj,Jeseník,Jeseník,Střední průmyslová škola Jeseník,600018334,Provozní elektrotechnika,26-41-L/52,,Nástavby,2,ano,10,2,1,0,1,0,0.1,
Olomoucký kraj,Jeseník,Jeseník,Střední průmyslová škola Jeseník,600018334,Elektrikář,26-51-H/01,,SOU s výuč. listem,3,ne,8,9,0,0,8,1,0.0,
Olomoucký kraj,Jeseník,Jeseník,Střední průmyslová škola Jeseník,600018334,Stavebnictví,36-47-M/01,,SOŠ,4,ano,24,3,2,0,1,0,0.08,
Olomoucký kraj,Jeseník,Jeseník,Střední průmyslová škola Jeseník,600018334,Instalatér,36-52-H/01,,SOU s výuč. listem,3,ne,14,6,4,0,1,1,0.29,
Olomoucký kraj,Jeseník,Jeseník,Střední průmyslová škola Jeseník,600018334,Zedník,36-67-H/01,,SOU s výuč. listem,3,ne,10,2,1,0,0,1,0.1,
Olomoucký kraj,Jeseník,Jeseník,Střední průmyslová škola Jeseník,600018334,Bezpečnostně právní činnost,68-42-M/01,,SOŠ,4,ano,2,5,1,0,2,2,0.5,
Olomoucký kraj,Jeseník,Jeseník,Střední průmyslová škola Jeseník,600018334,Kosmetické služby,69-41-L/01,,SOU s maturitou,4,ano,3,12,0,0,7,5,0.0,
Olomoucký kraj,Jeseník,Jeseník,"SŠ gastronomie, farmářství a služeb",600018318,Pekař,29-53-H/01,,SOU s výuč. listem,3,ne,11,1,0,0,0,1,0.0,
Olomoucký kraj,Jeseník,Jeseník,"SŠ gastronomie, farmářství a služeb",600018318,Cukrář,29-54-H/01,,SOU s výuč. listem,3,ne,3,1,0,0,0,1,0.0,
Olomoucký kraj,Jeseník,Jeseník,"SŠ gastronomie, farmářství a služeb",600018318,Řezník - uzenář,29-56-H/01,,SOU s výuč. listem,3,ne,15,0,0,0,0,0,0.0,
Olomoucký kraj,Jeseník,Jeseník,"SŠ gastronomie, farmářství a služeb",600018318,Výrobce kožedělného zboží,32-52-H/01,,SOU s výuč. listem,3,ne,12,0,0,0,0,0,0.0,
Olomoucký kraj,Jeseník,Jeseník,"SŠ gastronomie, farmářství a služeb",600018318,Mechanizace a služby,41-45-M/01,,SOŠ,4,ano,15,0,0,0,0,0,0.0,
Olomoucký kraj,Jeseník,Jeseník,"SŠ gastronomie, farmářství a služeb",600018318,Zemědělec - farmář,41-51-H/01,,SOU s výuč. listem,3,ne,10,3,3,0,0,0,0.3,
Olomoucký kraj,Jeseník,Jeseník,"SŠ gastronomie, farmářství a služeb",600018318,Jezdec a chovatel koní,41-53-H/02,,SOU s výuč. listem,3,ne,11,6,2,0,1,3,0.18,
Olomoucký kraj,Jeseník,Jeseník,"SŠ gastronomie, farmářství a služeb",600018318,Podkovář a zemědělský kovář,41-54-H/01,,SOU s výuč. listem,3,ne,14,3,1,0,0,2,0.07,
Olomoucký kraj,Jeseník,Jeseník,"SŠ gastronomie, farmářství a služeb",600018318,Opravář zemědělských strojů,41-55-H/01,,SOU s výuč. listem,3,ne,2,5,2,1,0,2,1.0,
Olomoucký kraj,Jeseník,Jeseník,"SŠ gastronomie, farmářství a služeb",600018318,Nutriční asistent,53-41-M/02,,SOŠ,4,ano,14,1,1,0,0,0,0.07,
Olomoucký kraj,Jeseník,Jeseník,"SŠ gastronomie, farmářství a služeb",600018318,Masér ve zdravotnictví,53-41-M/04,,SOŠ,4,ano,6,3,2,0,0,1,0.33,
Olomoucký kraj,Jeseník,Jeseník,"SŠ gastronomie, farmářství a služeb",600018318,Podnikání,64-41-L/51,,Nástavby,2,ano,14,7,4,0,2,1,0.29,
Olomoucký kraj,Jeseník,Jeseník,"SŠ gastronomie, farmářství a služeb",600018318,Kuchař - číšník,65-51-H/01,,SOU s výuč. listem,3,ne,1,2,1,1,0,0,1.0,
Olomoucký kraj,Jeseník,Jeseník,"SŠ gastronomie, farmářství a služeb",600018318,"Umělecký kovář a zámečník, pasíř",82-51-H/01,,SOU s výuč. listem,3,ne,14,1,0,0,1,0,0.0,
Olomoucký kraj,Jeseník,Jeseník,"SŠ gastronomie, farmářství a služeb",600018318,Uměleckořemeslné zpracování kovů,82-51-L/01,,SOU s maturitou,4,ne,15,0,0,0,0,0,0.0,
Olomoucký kraj,Přerov,Křenovice,Odborné učiliště a Základní škola,600026973,Potravinářské práce,29-51-E/02,ŠVP Pekař III,SOU s výuč. listem,2,ne,6,0,0,0,0,0,0.0,
Olomoucký kraj,Přerov,Křenovice,Odborné učiliště a Základní škola,600026973,Zahradnické práce,41-52-E/01,"ŠVP Zahradník, aranžér III",SOU s výuč. listem,3,ne,12,0,0,0,0,0,0.0,
Olomoucký kraj,Přerov,Křenovice,Odborné učiliště a Základní škola,600026973,Stravovací a ubytovací služby,65-51-E/01,ŠVP Kuchař III,SOU s výuč. listem,3,ne,10,0,0,0,0,0,0.0,
Olomoucký kraj,Přerov,Křenovice,Odborné učiliště a Základní škola,600026973,Pečovatelské služby,75-41-E/01,ŠVP Pečovatel III,SOU s výuč. listem,3,ne,3,0,0,0,0,0,0.0,
Olomoucký kraj,Přerov,Lipník nad Bečvou,Gymnázium,600017923,Gymnázium,79-41-K/81,Gymnázium všeobecné,Gymnázia 8letá,8,ano,4,31,4,19,0,8,1.0,
Olomoucký kraj,Přerov,Lipník nad Bečvou,SPŠ stavební,600017869,Design interiéru,82-41-M/11,Interiérový design a architektura,SOŠ,4,ne,6,7,0,0,6,1,0.0,
Olomoucký kraj,Přerov,Lipník nad Bečvou,Střední škola elektrotechnická,600171337,Informační technologie,18-20-M/01,Programování a počítačové systémy ,SOŠ,4,ano,11,6,0,0,2,4,0.0,
Olomoucký kraj,Přerov,Lipník nad Bečvou,Střední škola elektrotechnická,600171337,Mechanik elektrotechnik,26-41-L/01,"Silnoproud, slaboproud a energetika",SOU s maturitou,4,ano,10,4,2,0,0,2,0.2,
Olomoucký kraj,Přerov,Lipník nad Bečvou,Střední škola elektrotechnická,600171337,Elektrotechnika,26-41-M/01,"Programování, automatizace a robotika",SOŠ,4,ano,20,2,1,0,0,1,0.05,
Olomoucký kraj,Jeseník,Lipová-lázně,SŠ řemesel a OU Lipová - lázně,600027287,Strojírenské práce,23-51-E/01,ne,SOU s výuč. listem,3,ne,3,1,1,0,0,0,0.33,
Olomoucký kraj,Jeseník,Lipová-lázně,SŠ řemesel a OU Lipová - lázně,600027287,Truhlářská a čalounická výroba,33-56-E/01,,SOU s výuč. listem,3,ne,1,1,1,0,0,0,1.0,
Olomoucký kraj,Jeseník,Lipová-lázně,SŠ řemesel a OU Lipová - lázně,600027287,Zednické práce,36-67-E/01,ne,SOU s výuč. listem,3,ne,2,3,2,1,0,0,1.0,
Olomoucký kraj,Jeseník,Lipová-lázně,SŠ řemesel a OU Lipová - lázně,600027287,Zahradnická výroba,41-52-E/02,ne,SOU s výuč. listem,2,ne,2,2,2,0,0,0,1.0,
Olomoucký kraj,Jeseník,Lipová-lázně,SŠ řemesel a OU Lipová - lázně,600027287,Stravovací a ubytovací služby,65-51-E/01,ne,SOU s výuč. listem,3,ne,1,0,0,0,0,0,0.0,
Olomoucký kraj,Jeseník,Lipová-lázně,SŠ řemesel a OU Lipová - lázně,600027287,Pečovatelské služby,75-41-E/01,ne,SOU s výuč. listem,3,ne,1,2,1,1,0,0,1.0,
Olomoucký kraj,Jeseník,Lipová-lázně,SŠ řemesel a OU Lipová - lázně,600027287,Praktická škola jednoletá,78-62-C/01,ne,SOU bez výuč. listu,1,ne,2,3,2,1,0,0,1.0,
Olomoucký kraj,Jeseník,Lipová-lázně,SŠ řemesel a OU Lipová - lázně,600027287,Praktická škola dvouletá,78-62-C/02,ne,SOU bez výuč. listu,2,ne,4,3,3,0,0,0,0.75,
Olomoucký kraj,Olomouc,Litovel,Střední odborná škola,600017087,Mechanik elektrotechnik,26-41-L/01,,SOU s maturitou,4,ano,6,2,0,0,0,2,0.0,
Olomoucký kraj,Olomouc,Litovel,Střední odborná škola,600017087,Elektrikář,26-51-H/01,,SOU s výuč. listem,3,ne,8,7,4,0,0,3,0.5,
Olomoucký kraj,Olomouc,Litovel,Střední odborná škola,600017087,Výrobce potravin,29-51-H/01,"Mlékař, sýrař specialista",SOU s výuč. listem,3,ne,12,2,0,0,1,1,0.0,
Olomoucký kraj,Olomouc,Litovel,Střední odborná škola,600017087,Výrobce potravin,29-51-H/01,Sladovník pivovarník,SOU s výuč. listem,3,ne,13,3,0,0,0,3,0.0,
Olomoucký kraj,Olomouc,Litovel,Střední odborná škola,600017087,Cukrář,29-54-H/01,,SOU s výuč. listem,3,ne,8,11,3,0,0,8,0.38,
Olomoucký kraj,Olomouc,Litovel,Střední odborná škola,600017087,Fotograf,34-56-L/01,,SOU s maturitou,4,ano,6,8,4,0,1,3,0.67,
Olomoucký kraj,Olomouc,Litovel,Střední odborná škola,600017087,Kuchař - číšník,65-51-H/01,,SOU s výuč. listem,3,ne,20,9,1,0,2,6,0.05,
Olomoucký kraj,Olomouc,Lutín,Sigmundova střední škola strojírenská,600017192,Provozní technika,23-43-L/51,,Nástavby,2,ano,11,4,2,0,1,1,0.18,
Olomoucký kraj,Olomouc,Lutín,Sigmundova střední škola strojírenská,600017192,Mechanik seřizovač,23-45-L/01,Management ve strojírenství,SOU s maturitou,4,ano,9,4,1,0,0,3,0.11,
Olomoucký kraj,Olomouc,Lutín,Sigmundova střední škola strojírenská,600017192,Mechanik seřizovač,23-45-L/01,Programátor CNC,SOU s maturitou,4,ano,5,3,1,0,0,2,0.2,
Olomoucký kraj,Olomouc,Lutín,Sigmundova střední škola strojírenská,600017192,Strojní mechanik,23-51-H/01,Strojní mechanik,SOU s výuč. listem,3,ne,9,6,3,0,0,3,0.33,
Olomoucký kraj,Olomouc,Lutín,Sigmundova střední škola strojírenská,600017192,Nástrojař,23-52-H/01,Nástrojař,SOU s výuč. listem,3,ne,10,2,0,0,0,2,0.0,
Olomoucký kraj,Olomouc,Lutín,Sigmundova střední škola strojírenská,600017192,Karosář,23-55-H/02,Karosář,SOU s výuč. listem,3,ne,4,9,4,2,0,3,1.0,
Olomoucký kraj,Olomouc,Lutín,Sigmundova střední škola strojírenská,600017192,Obráběč kovů,23-56-H/01,Obráběč kovů CNC,SOU s výuč. listem,3,ne,18,8,3,0,0,5,0.17,
Olomoucký kraj,Šumperk,Mohelnice,Odborné učiliště a Praktická škola,600027155,Praktická škola dvouletá,78-62-C/02,,SOU bez výuč. listu,2,ne,3,3,3,0,0,0,1.0,
Olomoucký kraj,Šumperk,Mohelnice,SPŠ elektrotechniky a informatiky,600017982,Elektrotechnika,26-41-M/01,,SOŠ,4,ano,20,5,4,0,0,1,0.2,
Olomoucký kraj,Šumperk,Mohelnice,Střední škola technická Mohelnice,600171396,Mechanik seřizovač,23-45-L/01,,SOU s maturitou,4,ano,10,1,0,0,0,1,0.0,
Olomoucký kraj,Šumperk,Mohelnice,Střední škola technická Mohelnice,600171396,Nástrojař,23-52-H/01,,SOU s výuč. listem,3,ne,5,0,0,0,0,0,0.0,
Olomoucký kraj,Šumperk,Mohelnice,Střední škola technická Mohelnice,600171396,Obráběč kovů,23-56-H/01,,SOU s výuč. listem,3,ne,5,0,0,0,0,0,0.0,
Olomoucký kraj,Šumperk,Mohelnice,Střední škola technická Mohelnice,600171396,Mechanik elektrotechnik,26-41-L/01,,SOU s maturitou,4,ano,5,1,0,0,0,1,0.0,
Olomoucký kraj,Šumperk,Mohelnice,Střední škola technická Mohelnice,600171396,Opravář zemědělských strojů,41-55-H/01,,SOU s výuč. listem,3,ne,3,2,2,0,0,0,0.67,
Olomoucký kraj,Olomouc,Olomouc,Moravská střední škola s.r.o,600019349,Gastronomie,65-41-L/01,,SOU s maturitou,4,ano,4,10,2,0,2,6,0.5,
Olomoucký kraj,Olomouc,Olomouc,Moravská střední škola s.r.o,600019349,Kuchař - číšník,65-51-H/01,kuchař,SOU s výuč. listem,3,ne,5,5,2,0,1,2,0.4,
Olomoucký kraj,Olomouc,Olomouc,Moravská střední škola s.r.o,600019349,Kuchař - číšník,65-51-H/01,číšník-barman,SOU s výuč. listem,3,ne,11,20,7,0,2,10,0.64,
Olomoucký kraj,Olomouc,Olomouc,Moravská střední škola s.r.o,600019349,Scénická a výstavní tvorba,82-41-M/03,,SOŠ,4,ne,6,4,1,0,3,0,0.17,
Olomoucký kraj,Olomouc,Olomouc,Moravská střední škola s.r.o,600019349,Grafický design,82-41-M/05,,SOŠ,4,ne,1,3,1,0,2,0,1.0,
Olomoucký kraj,Olomouc,Olomouc,Střední odborná škola Olomouc s.r.o.,600017141,Informační služby,72-41-M/01,,SOŠ,4,ano,5,25,3,0,8,13,0.6,
Olomoucký kraj,Olomouc,Olomouc,Střední odborná škola obchodu a služeb,600017061,Gastronomie,65-41-L/01,kombinace s oborem 65-51-H/01 Kuchař - číšník,SOU s maturitou,4,ano,11,15,2,0,8,5,0.18,
Olomoucký kraj,Olomouc,Olomouc,Střední odborná škola obchodu a služeb,600017061,Kuchař - číšník,65-51-H/01,zaměření Kuchař,SOU s výuč. listem,3,ne,15,37,15,9,1,12,1.0,
Olomoucký kraj,Olomouc,Olomouc,Střední odborná škola obchodu a služeb,600017061,Prodavač,66-51-H/01,,SOU s výuč. listem,3,ne,5,21,5,2,3,11,1.0,
Olomoucký kraj,Olomouc,Olomouc,Střední odborná škola obchodu a služeb,600017061,Operátor skladování,66-53-H/01,,SOU s výuč. listem,3,ne,8,18,5,0,4,9,0.62,
Olomoucký kraj,Olomouc,Olomouc,"Střední škola a Základ.škola DC90,s.r.o.",600026671,Keramická výroba,28-57-E/01,,SOU s výuč. listem,3,ne,5,5,3,0,2,0,0.6,
Olomoucký kraj,Olomouc,Olomouc,"Střední škola a Základ.škola DC90,s.r.o.",600026671,Praktická škola jednoletá,78-62-C/01,,SOU bez výuč. listu,1,ne,2,1,1,0,0,0,0.5,
Olomoucký kraj,Olomouc,Olomouc,Střední škola grafiky a médií Olomouc,600017168,Obalová technika,34-42-M/01,,SOŠ,4,ano,3,9,3,0,2,4,1.0,
Olomoucký kraj,Olomouc,Olomouc,Střední škola grafiky a médií Olomouc,600017168,Tiskař na polygrafických strojích,34-52-L/01,34-52-H/01,SOU s maturitou,4,ano,6,7,3,0,2,2,0.5,
Olomoucký kraj,Olomouc,Olomouc,Střední škola grafiky a médií Olomouc,600017168,Scénická a výstavní tvorba,82-41-M/03,,SOŠ,4,ne,5,3,3,0,0,0,0.6,
Olomoucký kraj,Olomouc,Olomouc,Střední škola polytechnická,600017095,Klempíř,23-55-H/01,,SOU s výuč. listem,3,ne,9,11,5,0,1,5,0.56,
Olomoucký kraj,Olomouc,Olomouc,Střední škola polytechnická,600017095,Zedník,36-67-H/01,se zaměřením na obkladačské práce,SOU s výuč. listem,3,ne,2,14,2,2,1,9,1.0,
Olomoucký kraj,Olomouc,Olomouc,Střední škola polytechnická,600017095,Malíř a lakýrník,39-41-H/01,,SOU s výuč. listem,3,ne,4,8,3,0,2,3,0.75,
Olomoucký kraj,Olomouc,Olomouc,Střední škola polytechnická,600017095,Obchodník,66-41-L/01,se zaměřením obchodní činnosti v technických oborech,SOU s maturitou,4,ano,22,38,21,0,1,16,0.95,15.0
Olomoucký kraj,Olomouc,Olomouc,Střední škola technických profesí,600017133,Mechanik strojů a zařízení,23-44-L/01,,SOU s maturitou,4,ano,5,6,3,0,0,3,0.6,
Olomoucký kraj,Olomouc,Olomouc,Střední škola technických profesí,600017133,Telekomunikace,26-45-M/01,,SOŠ,4,ano,12,14,5,0,0,9,0.42,
Olomoucký kraj,Olomouc,Olomouc,Střední škola technických profesí,600017133,Spojový mechanik,26-59-H/01,,SOU s výuč. listem,3,ne,10,18,6,0,0,11,0.6,
Olomoucký kraj,Olomouc,Olomouc,Střední škola zemědělská a zahradnická,600017125,Zahradnictví,41-44-M/01,,SOŠ,4,ano,12,25,7,0,2,16,0.58,
Olomoucký kraj,Olomouc,Olomouc,Střední škola zemědělská a zahradnická,600017125,Podnikání,64-41-L/51,,Nástavby,2,ano,7,29,7,0,21,1,1.0,
Olomoucký kraj,Olomouc,Olomouc,"SŠ, ZŠ a MŠ prof. V. Vejdovského",600026612,Praktická škola dvouletá,78-62-C/02,cukrářské práce,SOU bez výuč. listu,2,ne,5,5,4,0,1,0,0.8,
Olomoucký kraj,Olomouc,Olomouc,VOŠ a SPŠ elektrotechnická,600017176,Technické lyceum,78-42-M/01,Technické lyceum s IT specializací,Lycea,4,ano,4,24,4,8,1,11,1.0,
Olomoucký kraj,Olomouc,Olomouc,Waldorfská střední škola Olomouc s.r.o.,600017966,Kombinované lyceum,78-42-M/06,,Lycea,4,ano,9,12,7,0,1,4,0.78,
Olomoucký kraj,Prostějov,Prostějov,"ART ECON - Střední škola, s.r.o.",600015297,Ekonomika a podnikání,63-41-M/01,zaměření Sportovní management,SOŠ,4,ano,9,18,9,0,4,5,1.0,
Olomoucký kraj,Prostějov,Prostějov,"ART ECON - Střední škola, s.r.o.",600015297,Veřejnosprávní činnost,68-43-M/01,zaměření Státní služba a správní řízení ,SOŠ,4,ano,10,30,10,3,6,11,1.0,27.0
Olomoucký kraj,Prostějov,Prostějov,"ART ECON - Střední škola, s.r.o.",600015297,Modelářství a návrhářství oděvů,82-41-M/07,zaměření Módní designér a vizážista,SOŠ,4,ne,7,4,3,0,1,0,0.43,
Olomoucký kraj,Prostějov,Prostějov,SOŠ průmyslová a SOU strojírenské,610300580,Strojírenství,23-41-M/01,,SOŠ,4,ano,15,7,4,0,1,2,0.27,
Olomoucký kraj,Prostějov,Prostějov,SOŠ průmyslová a SOU strojírenské,610300580,Strojní mechanik,23-51-H/01,,SOU s výuč. listem,3,ne,10,9,7,0,1,1,0.7,
Olomoucký kraj,Prostějov,Prostějov,SOŠ průmyslová a SOU strojírenské,610300580,Nástrojař,23-52-H/01,,SOU s výuč. listem,3,ne,10,4,1,0,1,2,0.1,
Olomoucký kraj,Prostějov,Prostějov,SOŠ průmyslová a SOU strojírenské,610300580,Obráběč kovů,23-56-H/01,,SOU s výuč. listem,3,ne,10,10,0,0,3,7,0.0,
Olomoucký kraj,Prostějov,Prostějov,SOŠ průmyslová a SOU strojírenské,610300580,Stavebnictví,36-47-M/01,,SOŠ,4,ano,5,2,0,0,1,1,0.0,
Olomoucký kraj,Prostějov,Prostějov,Střední odborná škola,600015289,Výrobce kožedělného zboží,32-52-H/01,,SOU s výuč. listem,3,ne,4,1,1,0,0,0,0.25,
Olomoucký kraj,Prostějov,Prostějov,Střední odborná škola,600015289,Gastronomie,65-41-L/01,Kuchař,SOU s maturitou,4,ano,6,8,4,0,0,4,0.67,
Olomoucký kraj,Prostějov,Prostějov,Střední odborná škola,600015289,Kuchař - číšník,65-51-H/01,kuchař,SOU s výuč. listem,3,ne,11,10,3,0,0,7,0.27,
Olomoucký kraj,Prostějov,Prostějov,Střední odborná škola,600015289,Kuchař - číšník,65-51-H/01,číšník,SOU s výuč. listem,3,ne,15,19,6,0,0,13,0.4,
Olomoucký kraj,Prostějov,Prostějov,Střední odborná škola,600015289,Prodavač,66-51-H/01,,SOU s výuč. listem,3,ne,16,12,6,0,0,6,0.38,
Olomoucký kraj,Prostějov,Prostějov,"Střední škola, ZŠ a MŠ",600025641,Strojírenské práce,23-51-E/01,Automontážní práce,SOU s výuč. listem,3,ne,4,2,2,0,0,0,0.5,
Olomoucký kraj,Prostějov,Prostějov,"Střední škola, ZŠ a MŠ",600025641,Stravovací a ubytovací služby,65-51-E/01,Kuchařské práce,SOU s výuč. listem,3,ne,3,1,1,0,0,0,0.33,
Olomoucký kraj,Prostějov,Prostějov,"Střední škola, ZŠ a MŠ",600025641,Pečovatelské služby,75-41-E/01,,SOU s výuč. listem,3,ne,3,5,0,0,4,1,0.0,
Olomoucký kraj,Prostějov,Prostějov,Švehlova střední škola polytechnická,600015165,Technologie potravin,29-41-M/01,,SOŠ,4,ano,10,15,8,0,0,7,0.8,
Olomoucký kraj,Prostějov,Prostějov,Švehlova střední škola polytechnická,600015165,Analýza potravin,29-42-M/01,,SOŠ,4,ano,4,5,1,0,0,4,0.25,
Olomoucký kraj,Prostějov,Prostějov,Švehlova střední škola polytechnická,600015165,Výrobce potravin,29-51-H/01,,SOU s výuč. listem,3,ne,1,5,1,1,0,3,1.0,
Olomoucký kraj,Prostějov,Prostějov,Švehlova střední škola polytechnická,600015165,Tesař,36-64-H/01,,SOU s výuč. listem,3,ne,3,12,3,8,0,1,1.0,
Olomoucký kraj,Přerov,Přerov,Střední průmyslová škola,600017818,Strojírenství,23-41-M/01,,SOŠ,4,ano,9,3,1,0,0,2,0.11,
Olomoucký kraj,Přerov,Přerov,Střední průmyslová škola,600017818,Elektrotechnika,26-41-M/01,Technika počítačů,SOŠ,4,ano,9,3,2,0,0,1,0.22,
Olomoucký kraj,Přerov,Přerov,Střední průmyslová škola,600017818,Technické lyceum,78-42-M/01,,Lycea,4,ano,14,8,4,0,0,4,0.29,
Olomoucký kraj,Přerov,Přerov,Střední škola gastronomie a služeb,600171361,Kuchař - číšník,65-51-H/01,Kuchař se zaměřením na zážitkovou gastronomii,SOU s výuč. listem,3,ne,6,7,2,0,0,5,0.33,
Olomoucký kraj,Přerov,Přerov,Střední škola gastronomie a služeb,600171361,Kuchař - číšník,65-51-H/01,Číšník se zaměřením na nápojovou gastronomii,SOU s výuč. listem,3,ne,4,13,3,5,0,4,0.75,
Olomoucký kraj,Přerov,Přerov,Střední škola technická,600171370,Mechanik seřizovač,23-45-L/01,,SOU s maturitou,4,ano,9,2,0,0,0,2,0.0,
Olomoucký kraj,Přerov,Přerov,Střední škola technická,600171370,Dopravní prostředky,23-45-M/01,,SOŠ,4,ano,8,4,4,0,0,0,0.5,
Olomoucký kraj,Přerov,Přerov,Střední škola technická,600171370,Strojní mechanik,23-51-H/01,,SOU s výuč. listem,3,ne,8,6,3,0,0,3,0.38,
Olomoucký kraj,Přerov,Přerov,Střední škola technická,600171370,Jemný mechanik,23-62-H/01,,SOU s výuč. listem,3,ne,5,2,2,0,0,0,0.4,
Olomoucký kraj,Přerov,Přerov,Střední škola technická,600171370,Optik,23-62-L/01,,SOU s maturitou,4,ano,4,4,0,0,0,4,0.0,
Olomoucký kraj,Přerov,Přerov,Střední škola technická,600171370,Elektrotechnika,26-41-M/01,,SOŠ,4,ano,8,4,2,0,0,2,0.25,
Olomoucký kraj,Přerov,Přerov,Střední škola technická,600171370,Tesař,36-64-H/01,,SOU s výuč. listem,3,ne,2,2,1,0,0,1,0.5,
Olomoucký kraj,Přerov,Přerov,Střední škola technická,600171370,Zedník,36-67-H/01,,SOU s výuč. listem,3,ne,1,2,0,0,0,2,0.0,
Olomoucký kraj,Přerov,Přerov,Střední škola technická,600171370,Provoz a ekonomika dopravy,37-41-M/01,,SOŠ,4,ano,5,3,1,0,0,2,0.2,
Olomoucký kraj,Přerov,Přerov,Střední škola technická,600171370,Stravovací a ubytovací služby,65-51-E/01,,SOU s výuč. listem,3,ne,3,2,0,0,1,0,0.0,
Olomoucký kraj,Přerov,Přerov,Střední škola zemědělská,600017834,Agropodnikání,41-41-M/01,Ochrana přírody a prostředí,SOŠ,4,ano,4,3,1,0,1,1,0.25,
Olomoucký kraj,Přerov,Přerov,Střední škola zemědělská,600017834,Mechanizace zemědělství a lesního hospodářství,41-45-L/51,,Nástavby,2,ano,6,3,2,0,1,0,0.33,
Olomoucký kraj,Přerov,Přerov,Střední škola zemědělská,600017834,Opravář zemědělských strojů,41-55-H/01,,SOU s výuč. listem,3,ne,4,5,4,0,0,1,1.0,
Olomoucký kraj,Přerov,Tovačov,Střední škola řezbářská,600017958,Truhlářská a čalounická výroba,33-56-E/01,truhlářské práce,SOU s výuč. listem,3,ne,12,1,1,0,0,0,0.08,
Olomoucký kraj,Přerov,Tovačov,Střední škola řezbářská,600017958,Truhlář,33-56-H/01,výroba nábytku,SOU s výuč. listem,3,ne,5,2,1,0,0,1,0.2,
Olomoucký kraj,Přerov,Tovačov,Střední škola řezbářská,600017958,Design interiéru,82-41-M/11,design interiéru a nábytku,SOŠ,4,ne,14,3,0,0,3,0,0.0,
Olomoucký kraj,Přerov,Tovačov,Střední škola řezbářská,600017958,Uměleckořemeslné zpracování dřeva,82-51-L/02,práce řezbářské,SOU s maturitou,4,ne,9,2,1,0,0,1,0.11,
Olomoucký kraj,Olomouc,Uničov,"SOŠ Uničov, s.r.o.",600017214,Hotelnictví,65-42-M/01,Hotelnictví a cestovní ruch,SOŠ,4,ano,5,13,4,0,0,9,0.8,
Olomoucký kraj,Olomouc,Uničov,SPŠ a SOU,600017079,Průmyslová ekologie,16-02-M/01,,SOŠ,4,ano,8,8,2,0,0,6,0.25,
Olomoucký kraj,Olomouc,Uničov,SPŠ a SOU,600017079,Strojírenství,23-41-M/01,,SOŠ,4,ano,7,2,0,0,0,2,0.0,
Olomoucký kraj,Olomouc,Uničov,SPŠ a SOU,600017079,Mechanik seřizovač,23-45-L/01,,SOU s maturitou,4,ano,8,0,0,0,0,0,0.0,
Olomoucký kraj,Olomouc,Uničov,SPŠ a SOU,600017079,Obráběč kovů,23-56-H/01,,SOU s výuč. listem,3,ne,2,0,0,0,0,0,0.0,
Olomoucký kraj,Olomouc,Uničov,SPŠ a SOU,600017079,Mechanik opravář motorových vozidel,23-68-H/01,,SOU s výuč. listem,3,ne,2,5,2,1,0,2,1.0,
Olomoucký kraj,Olomouc,Uničov,SPŠ a SOU,600017079,Opravář zemědělských strojů,41-55-H/01,,SOU s výuč. listem,3,ne,10,3,0,0,0,3,0.0,
Olomoucký kraj,Olomouc,Velký Újezd,"SOŠ a SOU služeb Velký Újezd, s.r.o.",600017231,Zahradník,41-52-H/01,,SOU s výuč. listem,3,ne,6,7,3,0,1,3,0.5,
Olomoucký kraj,Olomouc,Velký Újezd,"SOŠ a SOU služeb Velký Újezd, s.r.o.",600017231,Kuchař - číšník,65-51-H/01,,SOU s výuč. listem,3,ne,8,10,3,0,3,4,0.38,
Olomoucký kraj,Olomouc,Velký Újezd,Soukromé odborné učiliště,600026655,Šití oděvů,31-59-E/01,,SOU s výuč. listem,3,ne,2,2,1,0,0,1,0.5,
Olomoucký kraj,Olomouc,Velký Újezd,Soukromé odborné učiliště,600026655,Zednické práce,36-67-E/01,,SOU s výuč. listem,3,ne,1,0,0,0,0,0,0.0,
Olomoucký kraj,Olomouc,Velký Újezd,Soukromé odborné učiliště,600026655,Zahradnické práce,41-52-E/01,,SOU s výuč. listem,3,ne,2,1,0,0,1,0,0.0,
Olomoucký kraj,Šumperk,Zábřeh,Střední škola sociální péče a služeb,600018067,Pekař,29-53-H/01,,SOU s výuč. listem,3,ne,3,6,2,0,0,4,0.67,
Olomoucký kraj,Šumperk,Zábřeh,Střední škola sociální péče a služeb,600018067,Zemědělec - farmář,41-51-H/01,,SOU s výuč. listem,3,ne,10,4,3,0,0,1,0.3,
Olomoucký kraj,Šumperk,Zábřeh,Střední škola sociální péče a služeb,600018067,Zahradnické práce,41-52-E/01,,SOU s výuč. listem,3,ne,2,1,0,0,0,1,0.0,
Olomoucký kraj,Šumperk,Zábřeh,Střední škola sociální péče a služeb,600018067,Zahradník,41-52-H/01,,SOU s výuč. listem,3,ne,15,5,1,0,0,4,0.07,
Olomoucký kraj,Šumperk,Zábřeh,Střední škola sociální péče a služeb,600018067,Opravářské práce,41-55-E/01,,SOU s výuč. listem,3,ne,7,0,0,0,0,0,0.0,
Olomoucký kraj,Šumperk,Zábřeh,Střední škola sociální péče a služeb,600018067,Stravovací a ubytovací služby,65-51-E/01,,SOU s výuč. listem,3,ne,4,2,1,0,0,1,0.25,
Olomoucký kraj,Šumperk,Zábřeh,Střední škola sociální péče a služeb,600018067,Kuchař - číšník,65-51-H/01,,SOU s výuč. listem,3,ne,14,10,7,0,0,3,0.5,
Olomoucký kraj,Šumperk,Zábřeh,Střední škola sociální péče a služeb,600018067,Sociální činnost,75-41-M/01,,SOŠ,4,ano,25,14,6,0,0,8,0.24,
Olomoucký kraj,Šumperk,Zábřeh,VOŠ a Střední škola automobilní,600018091,Karosář,23-55-H/02,,SOU s výuč. listem,3,ne,3,6,1,0,1,4,0.33,
Olomoucký kraj,Šumperk,Zábřeh,VOŠ a Střední škola automobilní,600018091,Autolakýrník,23-61-H/01,,SOU s výuč. listem,3,ne,2,7,1,0,2,4,0.5,
Olomoucký kraj,Šumperk,Zábřeh,VOŠ a Střední škola automobilní,600018091,Autoelektrikář,26-57-H/01,,SOU s výuč. listem,3,ne,5,5,3,0,1,1,0.6,
Olomoucký kraj,Šumperk,Zábřeh,VOŠ a Střední škola automobilní,600018091,Autotronik,39-41-L/01,,SOU s maturitou,4,ano,15,2,0,0,1,1,0.0,
Olomoucký kraj,Olomouc,Šternberk,SOŠ lesnická a strojírenská,600016994,Ekologie a životní prostředí,16-01-M/01,,SOŠ,4,ano,10,17,2,0,1,13,0.2,
Olomoucký kraj,Olomouc,Šternberk,SOŠ lesnická a strojírenská,600016994,Obráběč kovů,23-56-H/01,,SOU s výuč. listem,3,ne,3,3,2,0,1,0,0.67,
Olomoucký kraj,Olomouc,Šternberk,SOŠ lesnická a strojírenská,600016994,Mechanik opravář motorových vozidel,23-68-H/01,Mechanik vojenské techniky,SOU s výuč. listem,3,ne,2,6,2,1,1,2,1.0,
Olomoucký kraj,Olomouc,Šternberk,SOŠ lesnická a strojírenská,600016994,Zahradník,41-52-H/01,,SOU s výuč. listem,3,ne,3,5,3,1,0,1,1.0,
Olomoucký kraj,Olomouc,Šternberk,SOŠ lesnická a strojírenská,600016994,Rybář,41-53-H/01,,SOU s výuč. listem,3,ne,5,2,1,0,0,1,0.2,
Olomoucký kraj,Olomouc,Šternberk,SOŠ lesnická a strojírenská,600016994,Lesní mechanizátor,41-56-H/01,,SOU s výuč. listem,3,ne,10,4,1,0,2,1,0.1,
Olomoucký kraj,Olomouc,Šternberk,SOŠ lesnická a strojírenská,600016994,Opravář lesnických strojů,41-56-H/02,,SOU s výuč. listem,3,ne,4,2,1,0,0,1,0.25,
Olomoucký kraj,Šumperk,Šumperk,Střední škola řemesel,600171388,Strojírenství,23-41-M/01,Strojírenství– programování CNC strojů a grafické systémy,SOŠ,4,ano,6,3,1,0,0,2,0.17,
Olomoucký kraj,Šumperk,Šumperk,Střední škola řemesel,600171388,Mechanik strojů a zařízení,23-44-L/01,v kombinaci s oborem 23-51-H/01 Strojní mechanik,SOU s maturitou,4,ano,8,1,1,0,0,0,0.12,
Olomoucký kraj,Šumperk,Šumperk,Střední škola řemesel,600171388,Strojní mechanik,23-51-H/01,,SOU s výuč. listem,3,ne,7,2,1,0,0,1,0.14,
Olomoucký kraj,Šumperk,Šumperk,Střední škola řemesel,600171388,Obráběč kovů,23-56-H/01,,SOU s výuč. listem,3,ne,8,1,0,0,0,1,0.0,
Olomoucký kraj,Šumperk,Šumperk,Střední škola řemesel,600171388,Elektrikář - silnoproud,26-51-H/02,,SOU s výuč. listem,3,ne,4,5,2,0,0,3,0.5,
Olomoucký kraj,Šumperk,Šumperk,Střední škola řemesel,600171388,Elektromechanik pro zařízení a přístroje,26-52-H/01,,SOU s výuč. listem,3,ne,7,2,1,0,0,1,0.14,
Olomoucký kraj,Šumperk,Šumperk,Střední škola řemesel,600171388,Nábytkářská a dřevařská výroba,33-42-M/01,Nábytkářství,SOŠ,4,ano,5,1,1,0,0,0,0.2,
Olomoucký kraj,Šumperk,Šumperk,Střední škola řemesel,600171388,Stavebnictví,36-47-M/01,Stavitelství,SOŠ,4,ano,4,2,0,0,0,2,0.0,
Olomoucký kraj,Šumperk,Šumperk,Střední škola řemesel,600171388,Tesař,36-64-H/01,,SOU s výuč. listem,3,ne,8,4,3,0,0,1,0.38,
Olomoucký kraj,Šumperk,Šumperk,Střední škola řemesel,600171388,Obchodník,66-41-L/01,v kombinaci s oborem 66-51-H/01 Prodavač,SOU s maturitou,4,ano,3,6,3,2,0,1,1.0,
Olomoucký kraj,Šumperk,Šumperk,Střední škola řemesel,600171388,Operátor skladování,66-53-H/01,,SOU s výuč. listem,3,ne,4,4,3,0,0,0,0.75,
Olomoucký kraj,Šumperk,Šumperk,Vyšší odborná škola a Stř.průmysl.škola,600018083,Informační technologie,18-20-M/01,,SOŠ,4,ano,8,5,2,0,0,3,0.25,
Olomoucký kraj,Šumperk,Šumperk,Vyšší odborná škola a Stř.průmysl.škola,600018083,Strojírenství,23-41-M/01,,SOŠ,4,ano,5,2,1,0,0,1,0.2,
Olomoucký kraj,Šumperk,Šumperk,Vyšší odborná škola a Stř.průmysl.škola,600018083,Průmyslový design,82-41-M/04,,SOŠ,4,ne,6,0,0,0,0,0,0.0,
Pardubický kraj,Ústí nad Orlicí,Choceň,Obchodní akademie a SOŠ cestovního ruchu,600013031,Kuchař - číšník,65-51-H/01,,SOU s výuč. listem,3,ne,10,26,10,2,0,14,1.0,
Pardubický kraj,Chrudim,Chrudim,SOŠ a SOU obchodu a služeb,600170772,Gastronomie,65-41-L/01,,SOU s maturitou,4,ano,7,25,6,3,4,11,0.86,
Pardubický kraj,Chrudim,Chrudim,SOŠ a SOU obchodu a služeb,600170772,Kuchař - číšník,65-51-H/01,Kuchař,SOU s výuč. listem,3,ne,10,24,10,7,0,7,1.0,
Pardubický kraj,Chrudim,Chrudim,SOŠ a SOU obchodu a služeb,600170772,Kuchař - číšník,65-51-H/01,Kuchař-číšník,SOU s výuč. listem,3,ne,4,10,4,1,0,5,1.0,
Pardubický kraj,Chrudim,Chrudim,SOŠ a SOU obchodu a služeb,600170772,Kuchař - číšník,65-51-H/01,Číšník,SOU s výuč. listem,3,ne,8,28,7,5,0,15,0.88,
Pardubický kraj,Chrudim,Chrudim,Speciální ZŠ a praktická škola Chrudim,691002223,Praktická škola dvouletá,78-62-C/02,,SOU bez výuč. listu,2,ne,10,2,2,0,0,0,0.2,
Pardubický kraj,Chrudim,Chrudim,Střední průmyslová škola Chrudim,600011984,Strojírenství,23-41-M/01,,SOŠ,4,ano,17,12,3,0,2,7,0.18,
Pardubický kraj,Chrudim,Chrudim,Střední průmyslová škola Chrudim,600011984,Mechanik strojů a zařízení,23-44-L/01,,SOU s maturitou,4,ano,8,8,2,0,3,3,0.25,
Pardubický kraj,Chrudim,Chrudim,Střední průmyslová škola Chrudim,600011984,Strojní mechanik,23-51-H/01,Zámečník,SOU s výuč. listem,3,ne,6,20,5,4,0,10,0.83,
Pardubický kraj,Chrudim,Chrudim,Střední průmyslová škola Chrudim,600011984,Obráběč kovů,23-56-H/01,,SOU s výuč. listem,3,ne,13,16,8,0,0,8,0.62,
Pardubický kraj,Chrudim,Chrudim,SŠ zdravotnická a sociální Chrudim,600019781,Sociální činnost,75-41-M/01,,SOŠ,4,ano,2,16,1,4,0,10,0.5,
Pardubický kraj,Chrudim,Chrudim,SŠ zemědělská a VOŠ,651033772,Ekologie a životní prostředí,16-01-M/01,,SOŠ,4,ano,2,4,2,0,0,2,1.0,
Pardubický kraj,Chrudim,Chrudim,SŠ zemědělská a VOŠ,651033772,Agropodnikání,41-41-M/01,,SOŠ,4,ano,6,12,1,0,3,8,0.17,
Pardubický kraj,Chrudim,Chrudim,SŠ zemědělská a VOŠ,651033772,Zemědělec - farmář,41-51-H/01,,SOU s výuč. listem,3,ne,9,21,7,3,0,9,0.78,
Pardubický kraj,Pardubice,Chvaletice,Střední odborné učiliště zemědělské,600012450,Mechanizace a služby,41-45-M/01,Mechanizace a služby,SOŠ,4,ano,16,9,2,0,1,6,0.12,
Pardubický kraj,Chrudim,Hlinsko,Gymnázium K. V. Raise a SOU,600011852,Výrobce potravin,29-51-H/01,,SOU s výuč. listem,3,ne,4,2,2,0,0,0,0.5,
Pardubický kraj,Chrudim,Hlinsko,Gymnázium K. V. Raise a SOU,600011852,Truhlář,33-56-H/01,,SOU s výuč. listem,3,ne,4,2,1,0,0,1,0.25,
Pardubický kraj,Chrudim,Hlinsko,Gymnázium K. V. Raise a SOU,600011852,Gymnázium,79-41-K/41,,Gymnázia 4letá,4,ano,4,2,2,0,0,0,0.5,
Pardubický kraj,Chrudim,Hlinsko,Gymnázium K. V. Raise a SOU,600011852,Gymnázium,79-41-K/81,,Gymnázia 8letá,8,ano,9,29,9,1,2,17,1.0,
Pardubický kraj,Svitavy,Jevíčko,"Gymnázium, Jevíčko, A. K. Vitáka 452",600012751,Kombinované lyceum,78-42-M/06,,Lycea,4,ano,10,3,1,0,0,2,0.1,
Pardubický kraj,Svitavy,Jevíčko,"Gymnázium, Jevíčko, A. K. Vitáka 452",600012751,Gymnázium,79-41-K/41,humanitní,Gymnázia 4letá,4,ano,6,8,3,0,0,5,0.5,
Pardubický kraj,Ústí nad Orlicí,Králíky,Střední škola technická a sociální Králíky,600013090,Opravář zemědělských strojů,41-55-H/01,,SOU s výuč. listem,3,ne,20,8,7,0,0,1,0.35,
Pardubický kraj,Ústí nad Orlicí,Králíky,Střední škola technická a sociální Králíky,600013090,Sociální činnost,75-41-M/01,,SOŠ,4,ano,25,5,2,0,2,1,0.08,
Pardubický kraj,Ústí nad Orlicí,Lanškroun,SOŠ a SOU Lanškroun,600171833,Nástrojař,23-52-H/01,,SOU s výuč. listem,3,ne,15,5,2,0,0,3,0.13,
Pardubický kraj,Ústí nad Orlicí,Lanškroun,SOŠ a SOU Lanškroun,600171833,Mechanik elektrotechnik,26-41-L/01,Elektrikář,SOU s maturitou,4,ano,12,6,3,0,0,3,0.25,
Pardubický kraj,Ústí nad Orlicí,Lanškroun,SOŠ a SOU Lanškroun,600171833,Knihař,34-57-H/01,,SOU s výuč. listem,3,ne,10,10,5,0,0,5,0.5,
Pardubický kraj,Ústí nad Orlicí,Letohrad,Průmyslová střední škola Letohrad,600013201,Strojírenství,23-41-M/01,,SOŠ,4,ano,5,1,0,0,0,1,0.0,
Pardubický kraj,Ústí nad Orlicí,Letohrad,Průmyslová střední škola Letohrad,600013201,Strojní mechanik,23-51-H/01,,SOU s výuč. listem,3,ne,4,3,0,0,0,3,0.0,
Pardubický kraj,Ústí nad Orlicí,Letohrad,Průmyslová střední škola Letohrad,600013201,Nástrojař,23-52-H/01,,SOU s výuč. listem,3,ne,4,3,1,0,0,2,0.25,
Pardubický kraj,Ústí nad Orlicí,Letohrad,Průmyslová střední škola Letohrad,600013201,Elektrikář,26-51-H/01,,SOU s výuč. listem,3,ne,4,8,4,1,1,2,1.0,
Pardubický kraj,Ústí nad Orlicí,Letohrad,Průmyslová střední škola Letohrad,600013201,Stavebnictví,36-47-M/01,,SOŠ,4,ano,6,5,1,0,0,4,0.17,
Pardubický kraj,Svitavy,Litomyšl,Střední škola zahradnická a technická,691002797,Chovatel cizokrajných zvířat,41-43-L/01,,SOU s maturitou,4,ano,3,13,2,1,8,1,0.67,
Pardubický kraj,Svitavy,Litomyšl,Střední škola zahradnická a technická,691002797,Zahradnictví,41-44-M/01,floristika/ zahradní architektura,SOŠ,4,ano,6,11,4,0,6,1,0.67,
Pardubický kraj,Svitavy,Litomyšl,Střední škola zahradnická a technická,691002797,Zahradnické práce,41-52-E/01," Zahradnické práce; Sadovnické, květinářské a vazačské práce; Sadovnické, květinářské a opravářské práce; Sadovnické, květinářské a chovatelské práce",SOU s výuč. listem,3,ne,6,9,4,0,0,5,0.67,
Pardubický kraj,Svitavy,Litomyšl,Střední škola zahradnická a technická,691002797,Scénická a výstavní tvorba,82-41-M/03,zahradní/ floristický design,SOŠ,4,ne,8,3,3,0,0,0,0.38,
Pardubický kraj,Svitavy,Moravská Třebová,Gymnázium a Letecká SOŠ,600012760,Gymnázium,79-41-K/81,,Gymnázia 8letá,8,ano,18,18,16,0,0,1,0.89,13.0
Pardubický kraj,Svitavy,Moravská Třebová,Integrovaná střední škola,600012816,Klempíř,23-55-H/01,Klempíř,SOU s výuč. listem,3,ne,9,2,0,0,0,2,0.0,
Pardubický kraj,Svitavy,Moravská Třebová,Integrovaná střední škola,600012816,Zedník,36-67-H/01,Zedník,SOU s výuč. listem,3,ne,6,6,6,0,0,0,1.0,
Pardubický kraj,Svitavy,Moravská Třebová,Integrovaná střední škola,600012816,Hotelnictví,65-42-M/01,Hotelnictví,SOŠ,4,ano,12,15,4,0,2,9,0.33,
Pardubický kraj,Svitavy,Moravská Třebová,Integrovaná střední škola,600012816,Kuchař - číšník,65-51-H/01,Kuchař - číšník,SOU s výuč. listem,3,ne,8,6,4,0,0,2,0.5,
Pardubický kraj,Svitavy,Moravská Třebová,Integrovaná střední škola,600012816,Sociální činnost,75-41-M/01,Sociální činnost,SOŠ,4,ano,13,14,5,0,4,5,0.38,
Pardubický kraj,Svitavy,Moravská Třebová,"Speciální ZŠ, MŠ a praktická škola",600024474,Praktická škola dvouletá,78-62-C/02,,SOU bez výuč. listu,2,ne,8,0,0,0,0,0,0.0,
Pardubický kraj,Svitavy,Moravská Třebová,Vojenská SŠ a VOŠ Ministerstva obrany,690000014,Strojírenství,23-41-M/01,specialista vzdušných sil - pobočka Sokolov,SOŠ,4,ano,12,11,8,0,1,2,0.67,
Pardubický kraj,Pardubice,Pardubice,"DELTA- SŠ informatiky a ekonomie, s.r.o.",600012417,Informační technologie,18-20-M/01,,SOŠ,4,ano,10,6,1,0,5,0,0.1,
Pardubický kraj,Pardubice,Pardubice,Gymnázium,600012310,Gymnázium,79-41-K/81,,Gymnázia 8letá,8,ano,5,28,5,20,0,3,1.0,
Pardubický kraj,Pardubice,Pardubice,SPŠ elektrotechnická a VOŠ,691005559,Telekomunikace,26-45-M/01,Internet věcí,SOŠ,4,ano,6,9,5,0,3,1,0.83,
Pardubický kraj,Pardubice,Pardubice,"Speciální MŠ, ZŠ a praktická škola",600024296,Praktická škola dvouletá,78-62-C/02,,SOU bez výuč. listu,2,ne,3,1,1,0,0,0,0.33,
Pardubický kraj,Pardubice,Pardubice,Střední průmyslová škola chemická,600012433,Aplikovaná chemie,28-44-M/01,,SOŠ,4,ano,8,12,2,0,6,4,0.25,
Pardubický kraj,Pardubice,Pardubice,Střední průmyslová škola chemická,600012433,Bezpečnostní služby,68-42-L/51,,Nástavby,2,ano,9,16,4,0,12,0,0.44,
Pardubický kraj,Pardubice,Pardubice,Střední průmyslová škola chemická,600012433,Vlasová kosmetika,69-41-L/52,,Nástavby,2,ano,6,13,3,0,10,0,0.5,
Pardubický kraj,Pardubice,Pardubice,Střední průmyslová škola chemická,600012433,Lyceum (režim pokusného ověřování),78-42-M/08,,Lycea,4,ano,8,14,3,0,5,6,0.38,
Pardubický kraj,Pardubice,Pardubice,Střední zdravotnická škola Pardubice,600019799,Lyceum (režim pokusného ověřování),78-42-M/08,,Lycea,4,ano,16,47,16,1,15,15,1.0,39.0
Pardubický kraj,Pardubice,Pardubice,"SŠ cestovního ruchu a grafického designu, s.r.o.",600012468,Grafický design,82-41-M/05,,SOŠ,4,ne,13,22,7,0,13,2,0.54,
Pardubický kraj,Pardubice,Pardubice,"SŠ řemesel a služeb Pardubice, s.r.o.",600012379,Tesař,36-64-H/01,,SOU s výuč. listem,3,ne,5,18,3,0,10,5,0.6,
Pardubický kraj,Pardubice,Pardubice,"SŠ řemesel a služeb Pardubice, s.r.o.",600012379,Zedník,36-67-H/01,,SOU s výuč. listem,3,ne,6,17,6,1,7,3,1.0,
Pardubický kraj,Pardubice,Pardubice,"SŠ řemesel a služeb Pardubice, s.r.o.",600012379,Manipulant poštovního provozu a přepravy,37-51-H/01,,SOU s výuč. listem,3,ne,6,15,6,0,6,3,1.0,
Pardubický kraj,Svitavy,Polička,"SOŠ a SOU, Polička, Čs. armády 485",600012735,Řezník - uzenář,29-56-H/01,,SOU s výuč. listem,3,ne,10,1,0,0,0,1,0.0,
Pardubický kraj,Svitavy,Polička,"SOŠ a SOU, Polička, Čs. armády 485",600012735,Gastronomie,65-41-L/01,,SOU s maturitou,4,ano,6,6,4,0,0,2,0.67,
Pardubický kraj,Svitavy,Polička,"SOŠ a SOU, Polička, Čs. armády 485",600012735,Kuchař - číšník,65-51-H/01,,SOU s výuč. listem,3,ne,12,9,3,0,0,6,0.25,
Pardubický kraj,Svitavy,Polička,"SŠ obch. a služeb SČMSD, Polička, s.r.o.",600012808,Obchodník,66-41-L/01,Grafika v marketingu,SOU s maturitou,4,ano,6,6,0,0,2,4,0.0,
Pardubický kraj,Svitavy,Polička,"SŠ obch. a služeb SČMSD, Polička, s.r.o.",600012808,Veřejnosprávní činnost,68-43-M/01,Personalistika a mzdy,SOŠ,4,ano,5,4,0,0,0,4,0.0,
Pardubický kraj,Svitavy,Polička,"SŠ obch. a služeb SČMSD, Polička, s.r.o.",600012808,Rekondiční a sportovní masér,69-53-H/01,,SOU s výuč. listem,3,ne,6,24,5,9,0,9,0.83,
Pardubický kraj,Pardubice,Přelouč,Gymnázium a grafická SOŠ Přelouč,691003009,Reprodukční grafik pro média,34-53-L/01,Multimediální design pro reklamu a propagaci,SOU s maturitou,4,ano,16,33,9,0,10,14,0.56,
Pardubický kraj,Pardubice,Přelouč,Gymnázium a grafická SOŠ Přelouč,691003009,Fotograf,34-56-L/01,Reklamní fotografie,SOU s maturitou,4,ano,5,7,4,0,2,1,0.8,
Pardubický kraj,Pardubice,Rybitví,"EDUCA Pardubice - SOŠ, s.r.o.",600012522,Informační technologie,18-20-M/01,,SOŠ,4,ano,16,27,16,0,1,10,1.0,22.0
Pardubický kraj,Pardubice,Rybitví,SPŠ stavební Pardubice,600170853,"Umělecký kovář a zámečník, pasíř",82-51-H/01,Umělecký kovář a zámečník,SOU s výuč. listem,3,ne,1,5,1,0,1,3,1.0,
Pardubický kraj,Chrudim,Skuteč,Gymnázium Suverénního řádu maltéz.rytířů,691000719,Bezpečnostně právní činnost,68-42-M/01,,SOŠ,4,ano,7,17,7,1,3,6,1.0,
Pardubický kraj,Chrudim,Skuteč,Gymnázium Suverénního řádu maltéz.rytířů,691000719,Gymnázium,79-41-K/41,,Gymnázia 4letá,4,ano,10,4,0,0,1,3,0.0,
Pardubický kraj,Chrudim,Skuteč,Gymnázium Suverénního řádu maltéz.rytířů,691000719,Gymnázium,79-41-K/81,,Gymnázia 8letá,8,ano,8,31,8,14,0,9,1.0,
Pardubický kraj,Chrudim,Skuteč,"Speciální ZŠ, MŠ a praktická škola",691001421,Praktická škola dvouletá,78-62-C/02,,SOU bez výuč. listu,2,ne,3,0,0,0,0,0,0.0,
Pardubický kraj,Svitavy,Svitavy,Střední škola technická Svitavy,600012824,Mechanik strojů a zařízení,23-44-L/01,23-51-H/01 Strojní mechanik ,SOU s maturitou,4,ano,29,3,0,0,1,2,0.0,
Pardubický kraj,Svitavy,Svitavy,Střední škola technická Svitavy,600012824,Mechanik seřizovač,23-45-L/01,23-56-H/01 Obráběč kovů,SOU s maturitou,4,ano,26,1,0,0,1,0,0.0,
Pardubický kraj,Svitavy,Svitavy,Střední škola technická Svitavy,600012824,Strojní mechanik,23-51-H/01,,SOU s výuč. listem,3,ne,5,2,2,0,0,0,0.4,
Pardubický kraj,Svitavy,Svitavy,Střední škola technická Svitavy,600012824,Strojní mechanik,23-51-H/01,Letecký mechanik,SOU s výuč. listem,3,ne,7,1,1,0,0,0,0.14,
Pardubický kraj,Svitavy,Svitavy,Střední škola technická Svitavy,600012824,Nástrojař,23-52-H/01,,SOU s výuč. listem,3,ne,23,4,0,0,0,4,0.0,
Pardubický kraj,Svitavy,Svitavy,Střední škola technická Svitavy,600012824,Obráběč kovů,23-56-H/01,,SOU s výuč. listem,3,ne,18,1,0,0,0,1,0.0,
Pardubický kraj,Svitavy,Svitavy,Střední škola technická Svitavy,600012824,Instalatér,36-52-H/01,,SOU s výuč. listem,3,ne,1,4,1,2,0,1,1.0,
Pardubický kraj,Chrudim,Třemošnice,"SOŠ a SOU technické, Třemošnice, Sportovní 322",600011941,Mechanik strojů a zařízení,23-44-L/01,"Servis, údržba a montáž strojírenských zařízení v kombinaci s oborem 23-51-H/01 Strojní mechanik (L0+H maturita + výuční list ve 3. ročníku)",SOU s maturitou,4,ano,8,1,0,0,0,1,0.0,
Pardubický kraj,Chrudim,Třemošnice,"SOŠ a SOU technické, Třemošnice, Sportovní 322",600011941,Mechanik seřizovač,23-45-L/01,Programování a údržba CNC strojů v kombinaci s oborem 23-56-H/01 Obráběč kovů (L0+H maturita + výuční list ve 3. ročníku),SOU s maturitou,4,ano,8,3,3,0,0,0,0.38,
Pardubický kraj,Chrudim,Třemošnice,"SOŠ a SOU technické, Třemošnice, Sportovní 322",600011941,Strojní mechanik,23-51-H/01,Zámečník,SOU s výuč. listem,3,ne,8,3,0,0,0,3,0.0,
Pardubický kraj,Chrudim,Třemošnice,"SOŠ a SOU technické, Třemošnice, Sportovní 322",600011941,Nástrojař,23-52-H/01,Nástrojař,SOU s výuč. listem,3,ne,8,5,1,0,0,4,0.12,
Pardubický kraj,Chrudim,Třemošnice,"SOŠ a SOU technické, Třemošnice, Sportovní 322",600011941,Klempíř,23-55-H/01,Klempíř,SOU s výuč. listem,3,ne,6,2,0,0,0,2,0.0,
Pardubický kraj,Chrudim,Třemošnice,"SOŠ a SOU technické, Třemošnice, Sportovní 322",600011941,Obráběč kovů,23-56-H/01,Obráběč kovů,SOU s výuč. listem,3,ne,7,1,0,0,0,1,0.0,
Pardubický kraj,Chrudim,Třemošnice,"SOŠ a SOU technické, Třemošnice, Sportovní 322",600011941,Operátor dřevařské a nábytkářské výroby,33-41-L/01,Truhlář a návrhář konstrukcí v kombinaci s oborem 33-56-H/01 Truhlář (L0+H maturita + výuční list ve 3. ročníku),SOU s maturitou,4,ano,10,5,2,0,0,2,0.2,
Pardubický kraj,Chrudim,Třemošnice,"SOŠ a SOU technické, Třemošnice, Sportovní 322",600011941,Truhlář,33-56-H/01,Truhlář,SOU s výuč. listem,3,ne,4,7,3,0,0,4,0.75,
Pardubický kraj,Chrudim,Třemošnice,"SOŠ a SOU technické, Třemošnice, Sportovní 322",600011941,Lyceum (režim pokusného ověřování),78-42-M/08,Operátor bezpilotních systémů,Lycea,4,ano,10,10,8,0,0,2,0.8,
Pardubický kraj,Ústí nad Orlicí,Vysoké Mýto,Střední škola technická Vysoké Mýto,600170993,Strojírenství,23-41-M/01,Počítačová grafika ve strojírenství,SOŠ,4,ano,18,6,1,0,0,5,0.06,
Pardubický kraj,Ústí nad Orlicí,Vysoké Mýto,Střední škola technická Vysoké Mýto,600170993,Mechanik strojů a zařízení,23-44-L/01,Mechanik strojů a zařízení L+H,SOU s maturitou,4,ano,20,3,1,0,1,1,0.05,
Pardubický kraj,Ústí nad Orlicí,Vysoké Mýto,Střední škola technická Vysoké Mýto,600170993,Strojní mechanik,23-51-H/01,,SOU s výuč. listem,3,ne,10,3,0,0,0,3,0.0,
Pardubický kraj,Ústí nad Orlicí,Vysoké Mýto,Střední škola technická Vysoké Mýto,600170993,Nástrojař,23-52-H/01,,SOU s výuč. listem,3,ne,10,0,0,0,0,0,0.0,
Pardubický kraj,Ústí nad Orlicí,Vysoké Mýto,Střední škola technická Vysoké Mýto,600170993,Karosář,23-55-H/02,,SOU s výuč. listem,3,ne,20,8,1,0,0,7,0.05,
Pardubický kraj,Ústí nad Orlicí,Vysoké Mýto,Střední škola technická Vysoké Mýto,600170993,Autolakýrník,23-61-H/01,,SOU s výuč. listem,3,ne,12,12,4,0,0,8,0.33,
Pardubický kraj,Ústí nad Orlicí,Vysoké Mýto,Střední škola technická Vysoké Mýto,600170993,Mechanik opravář motorových vozidel,23-68-H/01,,SOU s výuč. listem,3,ne,24,26,14,0,0,12,0.58,
Pardubický kraj,Ústí nad Orlicí,Vysoké Mýto,Střední škola technická Vysoké Mýto,600170993,Čalouník,33-59-H/01,,SOU s výuč. listem,3,ne,8,5,2,0,0,2,0.25,
Pardubický kraj,Ústí nad Orlicí,Vysoké Mýto,Střední škola technická Vysoké Mýto,600170993,Opravář zemědělských strojů,41-55-H/01,,SOU s výuč. listem,3,ne,10,6,3,0,0,3,0.3,
Pardubický kraj,Ústí nad Orlicí,Ústí nad Orlicí,Gymnázium,600013065,Gymnázium,79-41-K/81,,Gymnázia 8letá,8,ano,1,8,1,7,0,0,1.0,
Pardubický kraj,Ústí nad Orlicí,Ústí nad Orlicí,"Speciální ZŠ, MŠ a praktická škola",600024814,Praktická škola dvouletá,78-62-C/02,všeobecné,SOU bez výuč. listu,2,ne,5,1,1,0,0,0,0.2,
Pardubický kraj,Ústí nad Orlicí,Ústí nad Orlicí,Střední škola uměleckoprůmyslová,600013138,Obalová technika,34-42-M/01,Reklama a propagace,SOŠ,4,ano,22,20,8,0,2,10,0.36,
Pardubický kraj,Ústí nad Orlicí,Ústí nad Orlicí,Střední škola uměleckoprůmyslová,600013138,Užitá fotografie a média,82-41-M/02,Video a multimédia,SOŠ,4,ne,4,3,1,0,2,0,0.25,
Pardubický kraj,Ústí nad Orlicí,Ústí nad Orlicí,Střední škola uměleckoprůmyslová,600013138,Průmyslový design,82-41-M/04,Design produktů a obalů,SOŠ,4,ne,9,3,0,0,3,0,0.0,
Pardubický kraj,Ústí nad Orlicí,Ústí nad Orlicí,Střední škola uměleckoprůmyslová,600013138,Grafický design,82-41-M/05,Grafický design tiskovin,SOŠ,4,ne,5,5,1,0,3,1,0.2,
Pardubický kraj,Ústí nad Orlicí,Ústí nad Orlicí,Střední škola uměleckoprůmyslová,600013138,Textilní výtvarnictví,82-41-M/14,Textilní a interiérový design,SOŠ,4,ne,7,3,0,0,3,0,0.0,
Pardubický kraj,Ústí nad Orlicí,Ústí nad Orlicí,SŠ automobilní Ústí nad Orlicí,600013197,Průmyslová ekologie,16-02-M/01,,SOŠ,4,ano,10,20,9,0,1,10,0.9,
Pardubický kraj,Ústí nad Orlicí,Ústí nad Orlicí,SŠ automobilní Ústí nad Orlicí,600013197,Dopravní prostředky,23-45-M/01,,SOŠ,4,ano,7,18,7,3,1,7,1.0,
Pardubický kraj,Ústí nad Orlicí,Ústí nad Orlicí,SŠ automobilní Ústí nad Orlicí,600013197,Karosář,23-55-H/02,,SOU s výuč. listem,3,ne,3,8,3,0,0,5,1.0,
Pardubický kraj,Ústí nad Orlicí,Ústí nad Orlicí,SŠ automobilní Ústí nad Orlicí,600013197,Autotronik,39-41-L/01,Autoelektrikář (AU+AEL),SOU s maturitou,4,ano,3,13,3,5,3,2,1.0,
Pardubický kraj,Ústí nad Orlicí,Česká Třebová,Střední škola technická a dopravní,600013162,Informační technologie,18-20-M/01,,SOŠ,4,ano,5,8,4,0,2,2,0.8,
Pardubický kraj,Ústí nad Orlicí,Česká Třebová,Střední škola technická a dopravní,600013162,Strojní mechanik,23-51-H/01,,SOU s výuč. listem,3,ne,5,2,1,0,0,1,0.2,
Pardubický kraj,Ústí nad Orlicí,Česká Třebová,Střední škola technická a dopravní,600013162,Mechanik elektrotechnik,26-41-L/01,,SOU s maturitou,4,ano,3,4,0,0,2,2,0.0,
Pardubický kraj,Ústí nad Orlicí,Česká Třebová,Střední škola technická a dopravní,600013162,Elektrikář,26-51-H/01,,SOU s výuč. listem,3,ne,2,12,2,8,0,2,1.0,
Pardubický kraj,Ústí nad Orlicí,Česká Třebová,Střední škola technická a dopravní,600013162,Operátor dřevařské a nábytkářské výroby,33-41-L/01,,SOU s maturitou,4,ano,4,2,0,0,2,0,0.0,
Pardubický kraj,Ústí nad Orlicí,Česká Třebová,Střední škola technická a dopravní,600013162,Truhlář,33-56-H/01,,SOU s výuč. listem,3,ne,7,7,4,0,0,3,0.57,
Pardubický kraj,Ústí nad Orlicí,Žamberk,Gymnázium Žamberk,600013081,Gymnázium,79-41-K/41,,Gymnázia 4letá,4,ano,13,13,7,0,1,5,0.54,
Pardubický kraj,Ústí nad Orlicí,Žamberk,Střední škola a základní škola Žamberk,600024792,Potravinářská výroba,29-51-E/01,Cukrář,SOU s výuč. listem,3,ne,4,3,2,0,0,1,0.5,
Pardubický kraj,Ústí nad Orlicí,Žamberk,Střední škola a základní škola Žamberk,600024792,Potravinářská výroba,29-51-E/01,Řezník a uzenář,SOU s výuč. listem,3,ne,5,0,0,0,0,0,0.0,
Pardubický kraj,Ústí nad Orlicí,Žamberk,Střední škola a základní škola Žamberk,600024792,Stravovací a ubytovací služby,65-51-E/01,Kuchař,SOU s výuč. listem,3,ne,7,3,2,0,0,1,0.29,
Pardubický kraj,Ústí nad Orlicí,Žamberk,Střední škola a základní škola Žamberk,600024792,Práce ve stravování,65-51-E/02,Provoz cukráren,SOU s výuč. listem,2,ne,5,0,0,0,0,0,0.0,
Pardubický kraj,Ústí nad Orlicí,Žamberk,Střední škola a základní škola Žamberk,600024792,Práce ve stravování,65-51-E/02,Provoz společného stravování,SOU s výuč. listem,2,ne,5,0,0,0,0,0,0.0,
Pardubický kraj,Ústí nad Orlicí,Žamberk,Střední škola a základní škola Žamberk,600024792,Provozní služby,69-54-E/01,Provoz prádelen,SOU s výuč. listem,2,ne,5,0,0,0,0,0,0.0,
Pardubický kraj,Ústí nad Orlicí,Žamberk,Střední škola a základní škola Žamberk,600024792,Provozní služby,69-54-E/01,Restaurační a hotelový provoz,SOU s výuč. listem,2,ne,5,4,3,0,0,1,0.6,
Pardubický kraj,Ústí nad Orlicí,Žamberk,Střední škola a základní škola Žamberk,600024792,Pečovatelské služby,75-41-E/01,Pečovatelka,SOU s výuč. listem,3,ne,5,2,2,0,0,0,0.4,
Pardubický kraj,Ústí nad Orlicí,Žamberk,SŠ gastronomická a technická Žamberk,600013171,Obráběč kovů,23-56-H/01,,SOU s výuč. listem,3,ne,6,3,3,0,0,0,0.5,
Pardubický kraj,Ústí nad Orlicí,Žamberk,SŠ gastronomická a technická Žamberk,600013171,Cukrář,29-54-H/01,,SOU s výuč. listem,3,ne,1,5,1,0,1,3,1.0,
Pardubický kraj,Ústí nad Orlicí,Žamberk,SŠ gastronomická a technická Žamberk,600013171,Truhlář,33-56-H/01,,SOU s výuč. listem,3,ne,6,5,1,0,0,4,0.17,
Pardubický kraj,Ústí nad Orlicí,Žamberk,SŠ gastronomická a technická Žamberk,600013171,Instalatér,36-52-H/01,,SOU s výuč. listem,3,ne,6,7,1,0,1,5,0.17,
Pardubický kraj,Ústí nad Orlicí,Žamberk,SŠ gastronomická a technická Žamberk,600013171,Gastronomie,65-41-L/01,Kuchař-číšník,SOU s maturitou,4,ano,7,4,2,0,0,2,0.29,
Pardubický kraj,Ústí nad Orlicí,Žamberk,SŠ gastronomická a technická Žamberk,600013171,Kuchař - číšník,65-51-H/01,Kuchař,SOU s výuč. listem,3,ne,7,4,1,0,0,3,0.14,
Pardubický kraj,Ústí nad Orlicí,Žamberk,SŠ gastronomická a technická Žamberk,600013171,Kuchař - číšník,65-51-H/01,"Číšník, servírka",SOU s výuč. listem,3,ne,8,5,2,0,0,3,0.25,
Pardubický kraj,Ústí nad Orlicí,Žamberk,SŠ gastronomická a technická Žamberk,600013171,Obchodník,66-41-L/01,Prodavač,SOU s maturitou,4,ano,8,3,1,0,0,2,0.12,
Pardubický kraj,Ústí nad Orlicí,Žamberk,SŠ gastronomická a technická Žamberk,600013171,Prodavač,66-51-H/01,,SOU s výuč. listem,3,ne,9,1,0,0,0,1,0.0,
Plzeňský kraj,Tachov,Bor,Střední škola,600009963,Opravář zemědělských strojů,41-55-H/01,,SOU s výuč. listem,3,ne,9,3,1,0,1,1,0.11,
Plzeňský kraj,Tachov,Bor,Střední škola,600009963,Gastronomie,65-41-L/01,,SOU s maturitou,4,ano,22,3,2,0,1,0,0.09,
Plzeňský kraj,Tachov,Bor,Střední škola,600009963,Kuchař - číšník,65-51-H/01,,SOU s výuč. listem,3,ne,11,12,6,0,2,4,0.55,
Plzeňský kraj,Domažlice,Domažlice,Střední odborné učiliště,600008941,Strojní mechanik,23-51-H/01,,SOU s výuč. listem,3,ne,14,7,3,0,1,3,0.21,
Plzeňský kraj,Domažlice,Domažlice,Střední odborné učiliště,600008941,Kuchař - číšník,65-51-H/01,,SOU s výuč. listem,3,ne,9,10,6,0,0,4,0.67,
Plzeňský kraj,Domažlice,Domažlice,Střední odborné učiliště,600008941,Prodavač,66-51-H/01,,SOU s výuč. listem,3,ne,7,3,2,0,0,1,0.29,
Plzeňský kraj,Domažlice,Domažlice,"VOŠ, Obch.akademie a Střed.zdravot.škola",600008932,Praktická sestra,53-41-M/03,,SOŠ,4,ano,6,21,6,8,4,3,1.0,
Plzeňský kraj,Domažlice,Domažlice,"VOŠ, Obch.akademie a Střed.zdravot.škola",600008932,Obchodní akademie,63-41-M/02,,SOŠ,4,ano,4,7,1,0,2,4,0.25,
Plzeňský kraj,Klatovy,Horažďovice,Střední škola,600009408,Opravář zemědělských strojů,41-55-H/01,,SOU s výuč. listem,3,ne,4,2,1,0,0,1,0.25,
Plzeňský kraj,Klatovy,Horažďovice,Střední škola,600009408,Ekonomika a podnikání,63-41-M/01,Marketingové a reklamní strategie,SOŠ,4,ano,8,6,1,0,0,5,0.12,
Plzeňský kraj,Klatovy,Horažďovice,Střední škola,600009408,Gastronomie,65-41-L/01,Food design,SOU s maturitou,4,ano,6,3,1,0,0,2,0.17,
Plzeňský kraj,Klatovy,Horažďovice,Střední škola,600009408,Kuchař - číšník,65-51-H/01,,SOU s výuč. listem,3,ne,9,2,1,0,0,1,0.11,
Plzeňský kraj,Domažlice,Horšovský Týn,SOŠ a SOU,600170454,Agropodnikání,41-41-M/01,,SOŠ,4,ano,3,2,1,0,0,1,0.33,
Plzeňský kraj,Domažlice,Horšovský Týn,SOŠ a SOU,600170454,Opravář zemědělských strojů,41-55-H/01,,SOU s výuč. listem,3,ne,8,6,6,0,0,0,0.75,
Plzeňský kraj,Domažlice,Horšovský Týn,SOŠ a SOU,600170454,Kuchař - číšník,65-51-H/01,,SOU s výuč. listem,3,ne,12,14,11,0,0,3,0.92,
Plzeňský kraj,Domažlice,Horšovský Týn,Základní škola a Odborná škola,600022765,Malířské a natěračské práce,36-57-E/01,,SOU s výuč. listem,3,ne,6,0,0,0,0,0,0.0,
Plzeňský kraj,Domažlice,Horšovský Týn,Základní škola a Odborná škola,600022765,Zahradnické práce,41-52-E/01,,SOU s výuč. listem,3,ne,3,2,2,0,0,0,0.67,
Plzeňský kraj,Domažlice,Horšovský Týn,Základní škola a Odborná škola,600022765,Prodavačské práce,66-51-E/01,,SOU s výuč. listem,3,ne,3,1,0,0,0,1,0.0,
Plzeňský kraj,Domažlice,Horšovský Týn,Základní škola a Odborná škola,600022765,Pečovatelské služby,75-41-E/01,,SOU s výuč. listem,3,ne,6,1,1,0,0,0,0.17,
Plzeňský kraj,Domažlice,Horšovský Týn,Základní škola a Odborná škola,600022765,Praktická škola jednoletá,78-62-C/01,,SOU bez výuč. listu,1,ne,3,1,1,0,0,0,0.33,
Plzeňský kraj,Klatovy,Klatovy,Střední škola zemědělská a potravinářská,600009424,Pekař,29-53-H/01,,SOU s výuč. listem,3,ne,8,9,2,0,0,7,0.25,
Plzeňský kraj,Klatovy,Klatovy,Střední škola zemědělská a potravinářská,600009424,Cukrář,29-54-H/01,Cukrář-výroba,SOU s výuč. listem,3,ne,2,11,2,2,0,7,1.0,
Plzeňský kraj,Klatovy,Klatovy,Střední škola zemědělská a potravinářská,600009424,Agropodnikání,41-41-M/01,,SOŠ,4,ano,17,9,4,0,0,5,0.24,
Plzeňský kraj,Klatovy,Klatovy,Střední škola zemědělská a potravinářská,600009424,Ekonomika a podnikání,63-41-M/01,Informatika a ekonomika v podnikání,SOŠ,4,ano,21,18,9,0,0,9,0.43,
Plzeňský kraj,Klatovy,Klatovy,Střední škola zemědělská a potravinářská,600009424,Kuchař - číšník,65-51-H/01,Kuchař-číšník pro pohostinství,SOU s výuč. listem,3,ne,3,9,3,0,0,6,1.0,
Plzeňský kraj,Klatovy,Klatovy,Střední škola zemědělská a potravinářská,600009424,Veřejnosprávní činnost,68-43-M/01,,SOŠ,4,ano,10,18,6,0,0,12,0.6,
Plzeňský kraj,Plzeň-sever,Kralovice,Střední škola,600009815,Mechanik opravář motorových vozidel,23-68-H/01,Automechanik,SOU s výuč. listem,3,ne,6,18,6,3,2,7,1.0,
Plzeňský kraj,Plzeň-sever,Kralovice,Střední škola,600009815,Opravář zemědělských strojů,41-55-H/01,,SOU s výuč. listem,3,ne,16,5,2,0,1,2,0.12,
Plzeňský kraj,Plzeň-sever,Kralovice,Střední škola,600009815,Sociální činnost,75-41-M/01,,SOŠ,4,ano,12,12,5,0,1,6,0.42,
Plzeňský kraj,Plzeň-jih,Merklín,ZŠ spec. a Praktická škola Diakonie ČCE,600022994,Praktická škola jednoletá,78-62-C/01,,SOU bez výuč. listu,1,ne,2,0,0,0,0,0,0.0,
Plzeňský kraj,Plzeň-jih,Merklín,ZŠ spec. a Praktická škola Diakonie ČCE,600022994,Praktická škola dvouletá,78-62-C/02,,SOU bez výuč. listu,2,ne,2,0,0,0,0,0,0.0,
Plzeňský kraj,Plzeň-jih,Oselce,Střední škola a Základní škola,600009769,Mechanik opravář motorových vozidel,23-68-H/01,Mechanik opravář motorových vozidel,SOU s výuč. listem,3,ne,19,10,8,0,0,2,0.42,
Plzeňský kraj,Plzeň-jih,Oselce,Střední škola a Základní škola,600009769,Potravinářská výroba,29-51-E/01,Potravinářská výroba,SOU s výuč. listem,3,ne,10,1,0,0,0,1,0.0,
Plzeňský kraj,Plzeň-jih,Oselce,Střední škola a Základní škola,600009769,Truhlář,33-56-H/01,Truhlář,SOU s výuč. listem,3,ne,16,3,1,0,0,2,0.06,
Plzeňský kraj,Plzeň-jih,Oselce,Střední škola a Základní škola,600009769,Opravářské práce,41-55-E/01,Opravářské práce,SOU s výuč. listem,3,ne,7,1,0,0,0,1,0.0,
Plzeňský kraj,Plzeň-jih,Oselce,Střední škola a Základní škola,600009769,Opravář zemědělských strojů,41-55-H/01,Opravář zemědělských strojů,SOU s výuč. listem,3,ne,20,2,0,0,0,2,0.0,
Plzeňský kraj,Plzeň-jih,Oselce,Střední škola a Základní škola,600009769,Stravovací a ubytovací služby,65-51-E/01,Stravovací a ubytovací služby,SOU s výuč. listem,3,ne,8,0,0,0,0,0,0.0,
Plzeňský kraj,Plzeň-jih,Oselce,Střední škola a Základní škola,600009769,Prodavačské práce,66-51-E/01,Prodavačské práce,SOU s výuč. listem,3,ne,12,1,0,0,0,1,0.0,
Plzeňský kraj,Plzeň-jih,Oselce,Střední škola a Základní škola,600009769,Pečovatelské služby,75-41-E/01,Pečovatelské služby,SOU s výuč. listem,3,ne,9,1,1,0,0,0,0.11,
Plzeňský kraj,Plzeň-jih,Oselce,Střední škola a Základní škola,600009769,"Umělecký kovář a zámečník, pasíř",82-51-H/01,"Umělecký kovář a zámečník, pasíř",SOU s výuč. listem,3,ne,23,0,0,0,0,0,0.0,
Plzeňský kraj,Plzeň-jih,Oselce,Střední škola a Základní škola,600009769,Uměleckořemeslné zpracování kovů,82-51-L/01,Uměleckořemeslné zpracování kovů,SOU s maturitou,4,ne,10,0,0,0,0,0,0.0,
Plzeňský kraj,Plzeň-jih,Oselce,Střední škola a Základní škola,600009769,Uměleckořemeslné zpracování dřeva,82-51-L/02,Uměleckořemeslné zpracování dřeva,SOU s maturitou,4,ne,9,0,0,0,0,0,0.0,
Plzeňský kraj,Plzeň-sever,Plasy,"Gymnázium a Střední odborná škola, Plasy",600009793,Obchodní akademie,63-41-M/02,,SOŠ,4,ano,5,12,5,2,1,4,1.0,
Plzeňský kraj,Plzeň-město,Plzeň,"Akademie hotelnictví a cest. ruchu - SŠ, s.r.o.",600009696,Podnikání,64-41-L/51,,Nástavby,2,ano,15,32,14,3,7,7,0.93,14.0
Plzeňský kraj,Plzeň-město,Plzeň,"Akademie hotelnictví a cest. ruchu - SŠ, s.r.o.",600009696,Hotelnictví,65-42-M/01,,SOŠ,4,ano,15,47,13,5,5,22,0.87,12.0
Plzeňský kraj,Plzeň-město,Plzeň,"Akademie hotelnictví a cest. ruchu - SŠ, s.r.o.",600009696,Lyceum (režim pokusného ověřování),78-42-M/08,,Lycea,4,ano,24,21,7,0,0,13,0.29,
Plzeňský kraj,Plzeň-město,Plzeň,"Bezp.práv.akad.Plzeň,s.r.o,střední škola",600009564,Bezpečnostně právní činnost,68-42-M/01,Bezpečnostně právní činnost,SOŠ,4,ano,10,19,10,1,5,3,1.0,35.0
Plzeňský kraj,Plzeň-město,Plzeň,"Bezp.práv.akad.Plzeň,s.r.o,střední škola",600009564,Veřejnosprávní činnost,68-43-M/01,Veřejnosprávní činnost,SOŠ,4,ano,4,22,1,0,13,8,0.25,
Plzeňský kraj,Plzeň-město,Plzeň,Hotelová škola,600009700,Kuchař - číšník,65-51-H/01,Kuchař,SOU s výuč. listem,3,ne,23,108,23,37,0,48,1.0,
Plzeňský kraj,Plzeň-město,Plzeň,Odborná škola výroby a služeb,600022986,Prodavačské práce,66-51-E/01,,SOU s výuč. listem,3,ne,10,44,10,17,3,14,1.0,
Plzeňský kraj,Plzeň-město,Plzeň,Odborná škola výroby a služeb,600022986,Pečovatelské služby,75-41-E/01,,SOU s výuč. listem,3,ne,4,26,4,6,1,15,1.0,
Plzeňský kraj,Plzeň-město,Plzeň,PLZEŇSKÁ OBCHODNÍ AKADEMIE s.r.o.,600009661,Obchodní akademie,63-41-M/02,,SOŠ,4,ano,36,87,36,19,0,32,1.0,15.0
Plzeňský kraj,Plzeň-město,Plzeň,SUPŠ a ZUŠ Zámeček s.r.o.,600009670,Užitá malba,82-41-M/01,"Malba v umění, designu a architektuře",SOŠ,4,ne,2,7,2,1,4,0,1.0,
Plzeňský kraj,Plzeň-město,Plzeň,SUPŠ a ZUŠ Zámeček s.r.o.,600009670,Užitá fotografie a média,82-41-M/02,Užitá fotografie a audiovizuální tvorba,SOŠ,4,ne,5,10,4,0,4,2,0.8,
Plzeňský kraj,Plzeň-město,Plzeň,SUPŠ a ZUŠ Zámeček s.r.o.,600009670,Kamenosochařství,82-41-M/16,,SOŠ,4,ne,5,2,2,0,0,0,0.4,
Plzeňský kraj,Plzeň-město,Plzeň,Střední odborné učiliště stavební,600009718,Strojní mechanik,23-51-H/01,,SOU s výuč. listem,3,ne,4,22,4,7,1,10,1.0,
Plzeňský kraj,Plzeň-město,Plzeň,Střední odborné učiliště stavební,600009718,Klempíř,23-55-H/01,,SOU s výuč. listem,3,ne,3,11,3,2,0,6,1.0,
Plzeňský kraj,Plzeň-město,Plzeň,Střední odborné učiliště stavební,600009718,Výrobce a dekoratér keramiky,28-57-H/01,,SOU s výuč. listem,3,ne,13,22,11,0,1,10,0.85,
Plzeňský kraj,Plzeň-město,Plzeň,Střední odborné učiliště stavební,600009718,Tesař,36-64-H/01,,SOU s výuč. listem,3,ne,6,21,6,8,0,7,1.0,
Plzeňský kraj,Plzeň-město,Plzeň,Střední odborné učiliště stavební,600009718,Zedník,36-67-H/01,Obkladač,SOU s výuč. listem,3,ne,4,14,4,5,0,5,1.0,
Plzeňský kraj,Plzeň-město,Plzeň,Střední odborné učiliště stavební,600009718,Kamnář,36-67-H/02,,SOU s výuč. listem,3,ne,8,2,1,0,0,1,0.12,
Plzeňský kraj,Plzeň-město,Plzeň,Střední odborné učiliště stavební,600009718,Pokrývač,36-69-H/01,,SOU s výuč. listem,3,ne,4,15,4,3,1,7,1.0,
Plzeňský kraj,Plzeň-město,Plzeň,Střední odborné učiliště stavební,600009718,Výtvarné zpracování keramiky a porcelánu,82-41-M/12,Kamnářství,SOŠ,4,ne,9,3,1,0,0,2,0.11,
Plzeňský kraj,Plzeň-město,Plzeň,Střední odborné učiliště stavební,600009718,Uměleckořemeslné zpracování kamene a keramiky,82-51-L/04,Keramika,SOU s maturitou,4,ne,15,5,4,0,0,1,0.27,
Plzeňský kraj,Plzeň-město,Plzeň,Střední průmyslová škola dopravní,610100530,Dopravní prostředky,23-45-M/01,Diagnostika a servis silničních vozidel,SOŠ,4,ano,6,12,6,1,5,0,1.0,
Plzeňský kraj,Plzeň-město,Plzeň,Střední průmyslová škola dopravní,610100530,Provoz a ekonomika dopravy,37-41-M/01,Komplexní logistika,SOŠ,4,ano,20,62,20,2,7,33,1.0,23.0
Plzeňský kraj,Plzeň-město,Plzeň,Střední průmyslová škola dopravní,610100530,Provoz a ekonomika dopravy,37-41-M/01,Manažer dopravy,SOŠ,4,ano,18,60,18,2,8,32,1.0,26.0
Plzeňský kraj,Plzeň-město,Plzeň,Střední průmyslová škola dopravní,610100530,Provoz a ekonomika dopravy,37-41-M/01,Vnitrostátní a mezinárodní autodoprava,SOŠ,4,ano,17,33,6,0,3,24,0.35,
Plzeňský kraj,Plzeň-město,Plzeň,Střední průmyslová škola stavební,600009734,Geodézie a katastr nemovitostí,36-46-M/01,,SOŠ,4,ano,4,11,2,0,7,2,0.5,
Plzeňský kraj,Plzeň-město,Plzeň,Střední průmyslová škola stavební,600009734,Stavebnictví,36-47-M/01,,SOŠ,4,ano,8,16,3,0,9,4,0.38,
Plzeňský kraj,Plzeň-město,Plzeň,Střední škola Montessori Plzeň,691018197,Přírodovědné lyceum,78-42-M/05,Přírodovědné,Lycea,4,ano,15,7,1,0,4,2,0.07,
Plzeňský kraj,Plzeň-město,Plzeň,SŠ informatiky a finančních služeb,600009467,Operátor skladování,66-53-H/01,Operátor skladování,SOU s výuč. listem,3,ne,7,29,7,10,5,7,1.0,
Plzeňský kraj,Plzeň-město,Plzeň,SŠ informatiky a finančních služeb,600009467,Technické lyceum,78-42-M/01,,Lycea,4,ano,18,30,10,0,10,10,0.56,21.0
Plzeňský kraj,Plzeň-město,Plzeň,VOŠ a SPŠ elektrotechnická,600009491,Informační technologie,18-20-M/01,"Datová analýza, vývoj aplikací, správa systémů",SOŠ,4,ano,13,23,3,0,12,8,0.23,
Plzeňský kraj,Plzeň-město,Plzeň,VOŠ a SPŠ elektrotechnická,600009491,Technické lyceum,78-42-M/01,Technické lyceum,Lycea,4,ano,44,14,1,0,7,6,0.02,
Plzeňský kraj,Plzeň-město,Plzeň,Waldorfská ZŠ a SŠ Dobromysl z.ú.,691005648,Kombinované lyceum,78-42-M/06,,Lycea,4,ano,13,7,2,0,4,1,0.15,
Plzeňský kraj,Rokycany,Rokycany,Gymnázium a Střední odborná škola,600009831,Informační technologie,18-20-M/01,,SOŠ,4,ano,4,9,3,0,0,6,0.75,
Plzeňský kraj,Rokycany,Rokycany,Střední škola,600009858,Provozní technika,23-43-L/51,,Nástavby,2,ano,17,14,9,0,3,2,0.53,
Plzeňský kraj,Rokycany,Rokycany,Střední škola,600009858,Mechanik seřizovač,23-45-L/01,Obráběč kovů 23-56-H/01,SOU s maturitou,4,ano,35,14,7,0,0,7,0.2,
Plzeňský kraj,Rokycany,Rokycany,Střední škola,600009858,Strojní mechanik,23-51-H/01,,SOU s výuč. listem,3,ne,23,19,4,0,0,15,0.17,
Plzeňský kraj,Rokycany,Rokycany,Střední škola,600009858,Obráběč kovů,23-56-H/01,,SOU s výuč. listem,3,ne,27,13,5,0,0,8,0.19,
Plzeňský kraj,Rokycany,Rokycany,Střední škola,600009858,Lesní mechanizátor,41-56-H/01,,SOU s výuč. listem,3,ne,12,5,0,0,0,5,0.0,
Plzeňský kraj,Rokycany,Rokycany,Střední škola,600009858,Gastronomie,65-41-L/01,,SOU s maturitou,4,ano,19,42,14,0,0,28,0.74,14.0
Plzeňský kraj,Rokycany,Rokycany,Střední škola,600009858,Kuchař - číšník,65-51-H/01,,SOU s výuč. listem,3,ne,24,22,10,0,0,12,0.42,
Plzeňský kraj,Rokycany,Rokycany,Střední škola,600009858,Obchodník,66-41-L/01,,SOU s maturitou,4,ano,10,30,10,0,0,20,1.0,
Plzeňský kraj,Rokycany,Rokycany,Střední škola,600009858,Prodavač,66-51-H/01,,SOU s výuč. listem,3,ne,10,16,7,0,0,9,0.7,
Plzeňský kraj,Domažlice,Staňkov,"Soukromá SOŠ a Gymnázium BEAN, s.r.o.",600008924,Obchodní akademie,63-41-M/02,,SOŠ,4,ano,8,1,1,0,0,0,0.12,
Plzeňský kraj,Domažlice,Staňkov,"Soukromá SOŠ a Gymnázium BEAN, s.r.o.",600008924,Podnikání,64-41-L/51,,Nástavby,2,ano,8,11,6,0,3,2,0.75,
Plzeňský kraj,Domažlice,Staňkov,"Soukromá SOŠ a Gymnázium BEAN, s.r.o.",600008924,Gymnázium,79-41-K/41,,Gymnázia 4letá,4,ano,8,1,0,0,0,1,0.0,
Plzeňský kraj,Tachov,Stříbro,Gymnázium,600009947,Gymnázium,79-41-K/41,Škola pro 21. století,Gymnázia 4letá,4,ano,10,8,5,0,1,2,0.5,
Plzeňský kraj,Tachov,Stříbro,Střední odborná škola,600009980,Informační technologie,18-20-M/01,,SOŠ,4,ano,12,7,0,0,2,5,0.0,
Plzeňský kraj,Tachov,Stříbro,Střední odborná škola,600009980,Agropodnikání,41-41-M/01,,SOŠ,4,ano,4,6,2,0,1,3,0.5,
Plzeňský kraj,Tachov,Stříbro,Střední odborná škola,600009980,Veřejnosprávní činnost,68-43-M/01,,SOŠ,4,ano,14,19,8,0,2,9,0.57,
Plzeňský kraj,Tachov,Stříbro,Střední odborná škola,600009980,Přírodovědné lyceum,78-42-M/05,,Lycea,4,ano,6,11,3,0,0,8,0.5,
Plzeňský kraj,Klatovy,Sušice,Gymnázium,600009360,Gymnázium,79-41-K/41,ŠKOLNÍ VZDĚLÁVACÍ PROGRAM zpracovaný podle RVP ZV a RVP G,Gymnázia 4letá,4,ano,10,6,3,0,0,3,0.3,
Plzeňský kraj,Klatovy,Sušice,Gymnázium,600009360,Gymnázium,79-41-K/81,ŠKOLNÍ VZDĚLÁVACÍ PROGRAM zpracovaný podle RVP ZV a RVP G,Gymnázia 8letá,8,ano,2,16,2,11,0,3,1.0,
Plzeňský kraj,Klatovy,Sušice,Střední odborná škola a SOU,600009416,Elektrotechnika,26-41-M/01,,SOŠ,4,ano,6,2,1,0,0,1,0.17,
Plzeňský kraj,Klatovy,Sušice,Střední odborná škola a SOU,600009416,Elektrikář,26-51-H/01,,SOU s výuč. listem,3,ne,2,7,2,1,0,4,1.0,
Plzeňský kraj,Klatovy,Sušice,Střední odborná škola a SOU,600009416,Truhlář,33-56-H/01,,SOU s výuč. listem,3,ne,6,1,1,0,0,0,0.17,
Plzeňský kraj,Klatovy,Sušice,Střední odborná škola a SOU,600009416,Instalatér,36-52-H/01,,SOU s výuč. listem,3,ne,5,6,3,0,0,3,0.6,
Plzeňský kraj,Klatovy,Sušice,Střední odborná škola a SOU,600009416,Autotronik,39-41-L/01,,SOU s maturitou,4,ano,6,5,2,0,0,3,0.33,
Plzeňský kraj,Klatovy,Sušice,Střední odborná škola a SOU,600009416,Opravář zemědělských strojů,41-55-H/01,,SOU s výuč. listem,3,ne,2,2,0,0,0,2,0.0,
Plzeňský kraj,Klatovy,Sušice,Střední odborná škola a SOU,600009416,Kuchař - číšník,65-51-H/01,,SOU s výuč. listem,3,ne,3,3,2,0,0,1,0.67,
Plzeňský kraj,Tachov,Tachov,Střední průmyslová škola,600170535,Informační technologie,18-20-M/01,Aplikované informační technologie,SOŠ,4,ano,18,3,2,0,0,1,0.11,
Plzeňský kraj,Tachov,Tachov,Střední průmyslová škola,600170535,Strojírenství,23-41-M/01,,SOŠ,4,ano,13,0,0,0,0,0,0.0,
Plzeňský kraj,Tachov,Tachov,Střední průmyslová škola,600170535,Mechanik seřizovač,23-45-L/01,Programování CNC strojů,SOU s maturitou,4,ano,7,2,1,0,0,1,0.14,
Plzeňský kraj,Tachov,Tachov,Střední průmyslová škola,600170535,Strojní mechanik,23-51-H/01,,SOU s výuč. listem,3,ne,21,2,1,0,0,1,0.05,
Plzeňský kraj,Tachov,Tachov,Střední průmyslová škola,600170535,Obráběč kovů,23-56-H/01,,SOU s výuč. listem,3,ne,21,1,0,0,0,1,0.0,
Plzeňský kraj,Tachov,Tachov,Střední průmyslová škola,600170535,Mechanik elektrotechnik,26-41-L/01,,SOU s maturitou,4,ano,3,1,0,0,0,1,0.0,
Plzeňský kraj,Tachov,Tachov,Střední průmyslová škola,600170535,Elektromechanik pro zařízení a přístroje,26-52-H/01,,SOU s výuč. listem,3,ne,13,5,2,0,0,3,0.15,
Plzeňský kraj,Tachov,Tachov,Střední průmyslová škola,600170535,Truhlář,33-56-H/01,,SOU s výuč. listem,3,ne,15,2,0,0,0,2,0.0,
Plzeňský kraj,Tachov,Tachov,Střední průmyslová škola,600170535,Technická zařízení budov,36-45-M/01,,SOŠ,4,ano,9,0,0,0,0,0,0.0,
Plzeňský kraj,Tachov,Tachov,Střední průmyslová škola,600170535,Zedník,36-67-H/01,,SOU s výuč. listem,3,ne,10,1,0,0,0,1,0.0,
Plzeňský kraj,Tachov,Tachov,Střední průmyslová škola,600170535,Ekonomika a podnikání,63-41-M/01,,SOŠ,4,ano,4,4,3,0,0,1,0.75,
Středočeský kraj,Benešov,Benešov,Integrovaná střední škola technická,600170098,Strojní mechanik,23-51-H/01,zámečník,SOU s výuč. listem,3,ne,4,16,4,3,0,9,1.0,
Středočeský kraj,Benešov,Benešov,Integrovaná střední škola technická,600170098,Mechanik elektrotechnik,26-41-L/01,mechanik elektronik,SOU s maturitou,4,ano,7,11,5,0,1,5,0.71,
Středočeský kraj,Benešov,Benešov,Střední odborné učiliště stavební,600006735,Zedník,36-67-H/01,,SOU s výuč. listem,3,ne,5,15,5,2,1,7,1.0,
Středočeský kraj,Benešov,Benešov,Vyšší odborná škola a Střední zem. škola,600006689,Agropodnikání,41-41-M/01,Mechanizace v precizním zemědělství,SOŠ,4,ano,2,0,0,0,0,0,0.0,
Středočeský kraj,Benešov,Benešov,Vyšší odborná škola a Střední zem. škola,600006689,Zahradnictví,41-44-M/01,Design městské zeleně,SOŠ,4,ano,7,11,6,0,0,5,0.86,
Středočeský kraj,Benešov,Benešov,Vyšší odborná škola a Střední zem. škola,600006689,Zahradnictví,41-44-M/01,Tvorba a údržba zeleně,SOŠ,4,ano,2,4,1,0,0,3,0.5,
Středočeský kraj,Benešov,Benešov,Vyšší odborná škola a Střední zem. škola,600006689,Přírodovědné lyceum,78-42-M/05,Věda a výzkum,Lycea,4,ano,5,12,4,0,0,8,0.8,
Středočeský kraj,Benešov,Benešov,Vyšší odborná škola a Střední zem. škola,600006689,Lyceum (režim pokusného ověřování),78-42-M/08,"Humánní a veterinární medicína, AI v zemědělství",Lycea,4,ano,3,16,3,8,0,5,1.0,
Středočeský kraj,Mladá Boleslav,Benátky nad Jizerou,"Základní škola a Střední škola Otevřeno, z. ú.",691009724,Kombinované lyceum,78-42-M/06,,Lycea,4,ano,20,13,2,0,6,5,0.1,
Středočeský kraj,Beroun,Beroun,"MŠ, ZŠ a gymnázium VIA BEROUN",691014566,Gymnázium,79-41-K/41,,Gymnázia 4letá,4,ano,10,3,2,0,0,1,0.2,
Středočeský kraj,Beroun,Beroun,"OA, SPgŠ a JŠ s právem SJZ",600006832,Předškolní a mimoškolní pedagogika,75-31-M/01,,SOŠ,4,ano,4,10,3,0,4,3,0.75,
Středočeský kraj,Beroun,Beroun,"OA, SPgŠ a JŠ s právem SJZ",600006832,Lyceum (režim pokusného ověřování),78-42-M/08,,Lycea,4,ano,10,22,10,1,3,8,1.0,36.0
Středočeský kraj,Beroun,Beroun,SOŠ a SOU,600006859,Strojírenské práce,23-51-E/01,,SOU s výuč. listem,3,ne,5,8,4,0,1,3,0.8,
Středočeský kraj,Beroun,Beroun,SOŠ a SOU,600006859,Karosář,23-55-H/02,,SOU s výuč. listem,3,ne,9,14,5,0,6,3,0.56,
Středočeský kraj,Beroun,Beroun,SOŠ a SOU,600006859,Mechanik opravář motorových vozidel,23-68-H/01,,SOU s výuč. listem,3,ne,2,23,2,7,11,3,1.0,
Středočeský kraj,Beroun,Beroun,SOŠ a SOU,600006859,Truhlář,33-56-H/01,,SOU s výuč. listem,3,ne,13,13,5,0,5,3,0.38,
Středočeský kraj,Beroun,Beroun,SOŠ a SOU,600006859,Instalatér,36-52-H/01,,SOU s výuč. listem,3,ne,13,28,10,0,12,6,0.77,
Středočeský kraj,Beroun,Beroun,SOŠ a SOU,600006859,Cestovní ruch,65-42-M/02,,SOŠ,4,ano,3,33,2,0,16,15,0.67,
Středočeský kraj,Beroun,Beroun,SOŠ a SOU,600006859,Stravovací a ubytovací služby,65-51-E/01,,SOU s výuč. listem,3,ne,3,8,1,0,3,4,0.33,
Středočeský kraj,Beroun,Beroun,SOŠ a SOU,600006859,Kuchař - číšník,65-51-H/01,,SOU s výuč. listem,3,ne,9,38,9,0,15,14,1.0,
Středočeský kraj,Beroun,Beroun,SOŠ a SOU,600006859,Lyceum (režim pokusného ověřování),78-42-M/08,,Lycea,4,ano,35,66,20,0,15,31,0.57,28.0
Středočeský kraj,Beroun,Beroun,Střední škola Baltimore z. ú.,691020094,Kombinované lyceum,78-42-M/06,,Lycea,4,ano,40,5,2,0,0,2,0.05,
Středočeský kraj,Praha-východ,Brandýs nad Labem-Stará Boleslav,Gymnázium J. S. Machara,600007774,Technické lyceum,78-42-M/01,,Lycea,4,ano,7,13,2,0,2,9,0.29,
Středočeský kraj,Příbram,Březnice,VOŠ a SOŠ,600007871,Informační technologie,18-20-M/01,,SOŠ,4,ano,14,14,5,0,1,8,0.36,
Středočeský kraj,Příbram,Březnice,VOŠ a SOŠ,600007871,Agropodnikání,41-41-M/01,,SOŠ,4,ano,23,8,3,0,1,4,0.13,
Středočeský kraj,Příbram,Březnice,VOŠ a SOŠ,600007871,Sociální činnost,75-41-M/01,,SOŠ,4,ano,1,7,1,2,1,3,1.0,
Středočeský kraj,Příbram,Dubno,SOŠ a SOU,600007928,Strojní mechanik,23-51-H/01,,SOU s výuč. listem,3,ne,1,3,1,1,0,1,1.0,
Středočeský kraj,Příbram,Dubno,SOŠ a SOU,600007928,Mechanik elektrotechnik,26-41-L/01,,SOU s maturitou,4,ano,3,7,3,0,1,3,1.0,
Středočeský kraj,Příbram,Hluboš,Střední odborné učiliště,600007880,Mechanik opravář motorových vozidel,23-68-H/01,,SOU s výuč. listem,3,ne,5,20,5,5,4,6,1.0,
Středočeský kraj,Příbram,Hluboš,Střední odborné učiliště,600007880,Operátor dřevařské a nábytkářské výroby,33-41-L/01,,SOU s maturitou,4,ano,20,6,2,0,0,3,0.1,
Středočeský kraj,Příbram,Hluboš,Střední odborné učiliště,600007880,Truhlář,33-56-H/01,,SOU s výuč. listem,3,ne,4,13,2,0,4,7,0.5,
Středočeský kraj,Příbram,Hluboš,Střední odborné učiliště,600007880,Opravář zemědělských strojů,41-55-H/01,,SOU s výuč. listem,3,ne,14,13,8,0,0,5,0.57,
Středočeský kraj,Příbram,Hluboš,Střední odborné učiliště,600007880,Kosmetické služby,69-41-L/01,,SOU s maturitou,4,ano,1,8,1,1,6,0,1.0,
Středočeský kraj,Beroun,Hořovice,SOŠ a SOU,600006841,Informační technologie,18-20-M/01,Informatika v ekonomice,SOŠ,4,ano,1,3,0,0,2,1,0.0,
Středočeský kraj,Beroun,Hořovice,SOŠ a SOU,600006841,Strojírenství,23-41-M/01,Technologie a konstrukce,SOŠ,4,ano,16,4,0,0,4,0,0.0,
Středočeský kraj,Beroun,Hořovice,SOŠ a SOU,600006841,Strojní mechanik,23-51-H/01,Zámečník,SOU s výuč. listem,3,ne,16,6,3,0,1,2,0.19,
Středočeský kraj,Beroun,Hořovice,SOŠ a SOU,600006841,Nástrojař,23-52-H/01,Nástrojař,SOU s výuč. listem,3,ne,11,6,4,0,1,1,0.36,
Středočeský kraj,Beroun,Hořovice,SOŠ a SOU,600006841,Mechanik elektrotechnik,26-41-L/01,Průmyslová elektronika a elektrotechnika,SOU s maturitou,4,ano,1,1,0,0,0,1,0.0,
Středočeský kraj,Beroun,Hořovice,SOŠ a SOU,600006841,Veterinářství,43-41-M/01,Technik veterinárních služeb,SOŠ,4,ano,1,10,1,1,8,0,1.0,
Středočeský kraj,Beroun,Hořovice,SOŠ a SOU,600006841,Ekonomika a podnikání,63-41-M/01,Ekonomika a informatika v podnikání,SOŠ,4,ano,9,14,3,0,9,2,0.33,
Středočeský kraj,Beroun,Hořovice,SOŠ a SOU,600006841,Lyceum (režim pokusného ověřování),78-42-M/08,1) Přírodní a potravinové zdroje  2) Udržitelný rozvoj společnosti,Lycea,4,ano,16,19,6,0,7,6,0.38,
Středočeský kraj,Rakovník,Jesenice,Střední škola a Základní škola,600171469,Potravinářská výroba,29-51-E/01,"Obor pro absolventy škol zřízených podle §16, ods. 9, ŠZ (mentální postižení). Žáci se v průběhu studia seznamují se základními postupy zpracování základních surovin, přísad a výroby různých druhů cukrářských těst, hmot, náplní, krémů a polev.",SOU s výuč. listem,3,ne,4,1,1,0,0,0,0.25,
Středočeský kraj,Rakovník,Jesenice,Střední škola a Základní škola,600171469,Cukrář,29-54-H/01,"Během studia si žáci osvojují základní technologické postupy při přípravě a zpracování základních surovin a přísad na cukrářská těsta, hmoty, náplně, krémy, pasty a polevy, učí se zhotovovat cukrářské polotovary, hotové výrobky, zmrzliny.",SOU s výuč. listem,3,ne,3,9,3,2,0,4,1.0,
Středočeský kraj,Rakovník,Jesenice,Střední škola a Základní škola,600171469,Zemědělské práce,41-51-E/01,"Obor pro absolventy škol zřízených podle §16, ods. 9, ŠZ (mentální postižení). Žáci se během studia připravují pro práce spojené s provozem zemědělské farmy, a to v rostlinné i živočišné oblasti a pro práce s mechanizačními prostředky.",SOU s výuč. listem,3,ne,3,2,1,0,0,1,0.33,
Středočeský kraj,Rakovník,Jesenice,Střední škola a Základní škola,600171469,Zemědělec - farmář,41-51-H/01,"Žáci oboru se seznamují s technologickými postupy jak v rostlinné, tak v živočišné výrobě. Učí se rozumět zvířatům i rostlinám tak, aby jim dokázali zajistit co nejlepší životní podmínky a tím dosáhli co nejlepších hospodářských výsledků.",SOU s výuč. listem,3,ne,10,6,2,0,0,4,0.2,
Středočeský kraj,Rakovník,Jesenice,Střední škola a Základní škola,600171469,Zahradnické práce,41-52-E/01,"Obor pro absolventy škol zřízených podle §16, ods. 9, ŠZ (mentální postižení). Základem studia je zvládnutí pěstování všech druhů rostlin, od květin přes ovoce, zeleninu až po okrasné dřeviny.",SOU s výuč. listem,3,ne,5,1,0,0,0,1,0.0,
Středočeský kraj,Rakovník,Jesenice,Střední škola a Základní škola,600171469,Zahradník,41-52-H/01,Obor vychází z osvojení základních poznatků oboru Zahradník s důrazem na zvládnutí floristických činností. Obsahuje odborné zahradnické práce při ošetřování rostlin a další speciální činnosti.,SOU s výuč. listem,3,ne,9,9,2,0,0,7,0.22,
Středočeský kraj,Rakovník,Jesenice,Střední škola a Základní škola,600171469,Ošetřovatel,53-41-H/01,"Studium oboru Ošetřovatel je alternativou oboru Sociální činnost, a to s výučním listem. Připravuje žáky pro činnosti spojené s poskytováním přímé ošetřovatelské péče v oblasti zdravotnictvích a sociálních služeb.",SOU s výuč. listem,3,ne,11,7,3,0,0,4,0.27,
Středočeský kraj,Rakovník,Jesenice,Střední škola a Základní škola,600171469,Pečovatelské služby,75-41-E/01,"Obor pro absolventy škol zřízených podle §16, ods. 9, ŠZ (mentální postižení). Absolvent se uplatní jako pracovník sociálních služeb v ambulantních nebo pobytových zařízeních a v terénních službách.",SOU s výuč. listem,3,ne,3,0,0,0,0,0,0.0,
Středočeský kraj,Rakovník,Jesenice,Střední škola a Základní škola,600171469,Praktická škola jednoletá,78-62-C/01,"Obor pro absolventy škol zřízených podle §16, ods. 9, ŠZ (mentální postižení). Po absolvování se žáci mohou dle svých možností a individuálních schopností uplatnit při pomocných pracích v různých profesních oblastech.",SOU bez výuč. listu,1,ne,1,1,1,0,0,0,1.0,
Středočeský kraj,Rakovník,Jesenice,Střední škola a Základní škola,600171469,Praktická škola dvouletá,78-62-C/02,"Obor pro absolventy škol zřízených podle §16, ods. 9, ŠZ (mentální postižení). Po absolvování se žáci mohou dle svých možností a individuálních schopností uplatnit při pomocných pracích v různých profesních oblastech.",SOU bez výuč. listu,2,ne,5,1,1,0,0,0,0.2,
Středočeský kraj,Praha-západ,Jílové u Prahy,SOŠ a SOU,600007791,Ekologie a životní prostředí,16-01-M/01,,SOŠ,4,ano,16,26,10,0,2,14,0.62,16.0
Středočeský kraj,Praha-západ,Jílové u Prahy,SOŠ a SOU,600007791,Cukrář,29-54-H/01,cukrář-cukrovinkář,SOU s výuč. listem,3,ne,11,24,10,0,0,14,0.91,
Středočeský kraj,Praha-západ,Jílové u Prahy,SOŠ a SOU,600007791,Kuchař - číšník,65-51-H/01,"kuchař, kuchař-číšník",SOU s výuč. listem,3,ne,22,32,19,0,1,12,0.86,
Středočeský kraj,Praha-západ,Jílové u Prahy,SOŠ a SOU,600007791,Veřejnosprávní činnost,68-43-M/01,,SOŠ,4,ano,20,62,20,9,4,29,1.0,30.0
Středočeský kraj,Kladno,Kladno,"1. klad. soukr. SŠ a ZŠ (1.KŠPA), s.r.o.",600006930,Informační technologie,18-20-M/01,,SOŠ,4,ano,22,41,20,0,2,18,0.91,12.0
Středočeský kraj,Kladno,Kladno,"1. klad. soukr. SŠ a ZŠ (1.KŠPA), s.r.o.",600006930,Gymnázium,79-41-K/41,,Gymnázia 4letá,4,ano,17,46,14,0,7,25,0.82,25.0
Středočeský kraj,Kladno,Kladno,"1. klad. soukr. SŠ a ZŠ (1.KŠPA), s.r.o.",600006930,Průmyslový design,82-41-M/04,,SOŠ,4,ne,25,16,5,0,7,4,0.2,
Středočeský kraj,Kladno,Kladno,"1. klad. soukr. SŠ a ZŠ (1.KŠPA), s.r.o.",600006930,Grafický design,82-41-M/05,,SOŠ,4,ne,4,19,4,0,13,2,1.0,
Středočeský kraj,Kladno,Kladno,SOŠ a SOU,600170128,Strojní mechanik,23-51-H/01,Zámečník - Obráběč kovů,SOU s výuč. listem,3,ne,10,26,10,5,1,10,1.0,
Středočeský kraj,Kladno,Kladno,SOŠ a SOU,600170128,Technické lyceum,78-42-M/01,Elektrotechnika a Strojírenství,Lycea,4,ano,23,16,5,0,4,7,0.22,
Středočeský kraj,Kladno,Kladno,SPgŠ a SOŠ,600007065,Kuchař - číšník,65-51-H/01,,SOU s výuč. listem,3,ne,7,32,7,6,5,14,1.0,
Středočeský kraj,Kladno,Kladno,SPgŠ a SOŠ,600007065,Sociální činnost,75-41-M/01,,SOŠ,4,ano,9,27,4,0,10,13,0.44,
Středočeský kraj,Kladno,Kladno,SPŠ a VOŠ,600006905,Informační technologie,18-20-M/01,Informační technologie a podnikání,SOŠ,4,ano,20,66,19,13,10,23,0.95,24.0
Středočeský kraj,Kladno,Kladno,SPŠ a VOŠ,600006905,Strojírenství,23-41-M/01,3D modelování a technologie,SOŠ,4,ano,12,18,9,0,4,5,0.75,
Středočeský kraj,Kladno,Kladno,SPŠ a VOŠ,600006905,Elektrotechnika,26-41-M/01,Elektronické počítačové systémy,SOŠ,4,ano,7,20,6,4,2,7,0.86,
Středočeský kraj,Kladno,Kladno,Střední odb. učiliště a Praktická škola,600021661,Elektrotechnické a strojně montážní práce,26-51-E/01,Elektrikář,SOU s výuč. listem,3,ne,4,11,4,2,0,5,1.0,
Středočeský kraj,Kladno,Kladno,Střední odb. učiliště a Praktická škola,600021661,Potravinářská výroba,29-51-E/01,Cukrář,SOU s výuč. listem,3,ne,8,18,6,0,5,7,0.75,
Středočeský kraj,Kladno,Kladno,Střední odb. učiliště a Praktická škola,600021661,Potravinářské práce,29-51-E/02,Základní pracovní dovednosti se zaměřením pekařské a kuchařské práce,SOU s výuč. listem,2,ne,14,4,1,0,2,1,0.07,
Středočeský kraj,Kladno,Kladno,Střední odb. učiliště a Praktická škola,600021661,Truhlářská a čalounická výroba,33-56-E/01,Truhlář,SOU s výuč. listem,3,ne,7,9,3,0,1,5,0.43,
Středočeský kraj,Kladno,Kladno,Střední odb. učiliště a Praktická škola,600021661,Malířské a natěračské práce,36-57-E/01,Malíř,SOU s výuč. listem,3,ne,8,11,7,0,1,3,0.88,
Středočeský kraj,Kladno,Kladno,Střední odb. učiliště a Praktická škola,600021661,Stavební práce,36-67-E/02,Základní pracovní dovednosti ve stavebnictví,SOU s výuč. listem,2,ne,14,0,0,0,0,0,0.0,
Středočeský kraj,Kladno,Kladno,Střední odb. učiliště a Praktická škola,600021661,Zahradnické práce,41-52-E/01,Zahradník,SOU s výuč. listem,3,ne,17,13,8,0,0,5,0.47,
Středočeský kraj,Kladno,Kladno,Střední odb. učiliště a Praktická škola,600021661,Zahradnická výroba,41-52-E/02,základní pracovní dovednosti v zahradnictví,SOU s výuč. listem,2,ne,5,2,1,0,0,1,0.2,
Středočeský kraj,Kladno,Kladno,Střední odb. učiliště a Praktická škola,600021661,Stravovací a ubytovací služby,65-51-E/01,Kuchař,SOU s výuč. listem,3,ne,23,15,4,0,3,8,0.17,
Středočeský kraj,Kladno,Kladno,Střední odb. učiliště a Praktická škola,600021661,Práce ve stravování,65-51-E/02,Základní pracovní dovednosti v oboru gastronomie,SOU s výuč. listem,2,ne,9,1,0,0,0,1,0.0,
Středočeský kraj,Kladno,Kladno,Střední odb. učiliště a Praktická škola,600021661,Prodavačské práce,66-51-E/01,Prodavač,SOU s výuč. listem,3,ne,4,7,2,0,2,3,0.5,
Středočeský kraj,Kladno,Kladno,Střední odb. učiliště a Praktická škola,600021661,Pečovatelské služby,75-41-E/01,Pečovatel,SOU s výuč. listem,3,ne,2,3,1,0,2,0,0.5,
Středočeský kraj,Kladno,Kladno,Střední odb. učiliště a Praktická škola,600021661,Praktická škola dvouletá,78-62-C/02,Péče o rodinu a vedení domácnosti,SOU bez výuč. listu,2,ne,23,1,0,0,1,0,0.0,
Středočeský kraj,Kladno,Kladno,Střední zdrav. škola a VOŠ zdravotnická,600019519,Ošetřovatel,53-41-H/01,,SOU s výuč. listem,3,ne,3,18,3,10,2,3,1.0,
Středočeský kraj,Kladno,Kladno,Střední škola designu a řemesel,600007073,Pekař,29-53-H/01,,SOU s výuč. listem,3,ne,5,14,5,0,4,5,1.0,
Středočeský kraj,Kladno,Kladno,Střední škola designu a řemesel,600007073,Nábytkářská a dřevařská výroba,33-42-L/51,,Nástavby,2,ano,6,6,1,0,4,1,0.17,
Středočeský kraj,Kladno,Kladno,Střední škola designu a řemesel,600007073,Nábytkářská a dřevařská výroba,33-42-M/01,,SOŠ,4,ano,7,6,1,0,2,3,0.14,
Středočeský kraj,Kladno,Kladno,Střední škola designu a řemesel,600007073,Tesař,36-64-H/01,,SOU s výuč. listem,3,ne,2,10,2,4,0,4,1.0,
Středočeský kraj,Kolín,Kolín,"Akademie ped., soc. a hot. - SOŠ, s.r.o.",610450671,Hotelnictví,65-42-M/01,Brno,SOŠ,4,ano,20,10,4,0,3,3,0.2,
Středočeský kraj,Kolín,Kolín,"Akademie ped., soc. a hot. - SOŠ, s.r.o.",610450671,Práce ve stravování,65-51-E/02,Brno,SOU s výuč. listem,2,ne,30,1,1,0,0,0,0.03,
Středočeský kraj,Kolín,Kolín,"Akademie ped., soc. a hot. - SOŠ, s.r.o.",610450671,Předškolní a mimoškolní pedagogika,75-31-M/01,Brno,SOŠ,4,ano,12,8,2,0,2,4,0.17,
Středočeský kraj,Kolín,Kolín,"Akademie ped., soc. a hot. - SOŠ, s.r.o.",610450671,Předškolní a mimoškolní pedagogika,75-31-M/01,Karviná,SOŠ,4,ano,30,6,4,0,0,2,0.13,
Středočeský kraj,Kolín,Kolín,"Akademie ped., soc. a hot. - SOŠ, s.r.o.",610450671,Sociální činnost,75-41-M/01,Brno,SOŠ,4,ano,20,13,4,0,5,4,0.2,
Středočeský kraj,Kolín,Kolín,Dvouletá katolická SŠ a MŠ,600007154,Pečovatelské služby,75-41-J/01,,SOU bez výuč. listu,2,ne,3,8,3,5,0,0,1.0,
Středočeský kraj,Kolín,Kolín,Dvouletá katolická SŠ a MŠ,600007154,Praktická škola dvouletá,78-62-C/02,,SOU bez výuč. listu,2,ne,10,0,0,0,0,0,0.0,
Středočeský kraj,Kolín,Kolín,OSŠ podnikání a med. tvorby Kolín s.r.o.,600007146,Obalová technika,34-42-M/01,produktový design,SOŠ,4,ano,2,2,0,0,2,0,0.0,
Středočeský kraj,Kolín,Kolín,OSŠ podnikání a med. tvorby Kolín s.r.o.,600007146,Užitá fotografie a média,82-41-M/02,Digitální tvorba,SOŠ,4,ne,3,8,1,0,7,0,0.33,
Středočeský kraj,Kolín,Kolín,OSŠ podnikání a med. tvorby Kolín s.r.o.,600007146,Užitá fotografie a média,82-41-M/02,Grafický design,SOŠ,4,ne,3,3,0,0,3,0,0.0,
Středočeský kraj,Kolín,Kolín,SOŠ informatiky a spojů a SOU,600007189,Informační technologie,18-20-M/01,Webové technologie a systémy,SOŠ,4,ano,1,10,1,1,6,2,1.0,
Středočeský kraj,Kolín,Kolín,SOŠ informatiky a spojů a SOU,600007189,Ekonomika a podnikání,63-41-M/01,Bankovnictví a pojišťovnictví,SOŠ,4,ano,2,21,1,0,13,7,0.5,
Středočeský kraj,Kolín,Kolín,SOŠ stavební a SOU stavební,600170136,Klempíř,23-55-H/01,,SOU s výuč. listem,3,ne,7,27,7,0,20,0,1.0,
Středočeský kraj,Kolín,Kolín,SOŠ stavební a SOU stavební,600170136,Technické lyceum,78-42-M/01,,Lycea,4,ano,24,25,14,0,2,9,0.58,19.0
Středočeský kraj,Kolín,Kolín,SPŠ strojírenská a JŠ s právem SJZ,600007171,Strojírenství,23-41-M/01,,SOŠ,4,ano,17,22,7,0,3,12,0.41,
Středočeský kraj,Kolín,Kolín,SPŠ strojírenská a JŠ s právem SJZ,600007171,Strojní mechanik,23-51-H/01,,SOU s výuč. listem,3,ne,11,25,5,0,8,12,0.45,
Středočeský kraj,Kolín,Kolín,SPŠ strojírenská a JŠ s právem SJZ,600007171,Pekař,29-53-H/01,,SOU s výuč. listem,3,ne,2,20,2,4,11,3,1.0,
Středočeský kraj,Kolín,Kolín,SPŠ strojírenská a JŠ s právem SJZ,600007171,Zahradník,41-52-H/01,,SOU s výuč. listem,3,ne,3,14,3,0,10,1,1.0,
Středočeský kraj,Kolín,Kolín,SPŠ strojírenská a JŠ s právem SJZ,600007171,Prodavač,66-51-H/01,,SOU s výuč. listem,3,ne,16,33,10,0,18,5,0.62,
Středočeský kraj,Kolín,Kolín,SPŠ strojírenská a JŠ s právem SJZ,600007171,Aranžér,66-52-H/01,,SOU s výuč. listem,3,ne,1,17,1,4,7,5,1.0,
Středočeský kraj,Kolín,Kolín,SPŠ strojírenská a JŠ s právem SJZ,600007171,Technické lyceum,78-42-M/01,,Lycea,4,ano,5,16,5,3,1,7,1.0,
Středočeský kraj,Kolín,Kolín,"ZŠ, MŠ a PrŠ",600021742,Praktická škola dvouletá,78-62-C/02,Praktická činnost v běžném životě,SOU bez výuč. listu,2,ne,3,0,0,0,0,0,0.0,
Středočeský kraj,Praha-východ,Kostelec nad Černými lesy,Základní škola a Praktická škola,600021696,Praktická škola dvouletá,78-62-C/02,,SOU bez výuč. listu,2,ne,3,4,3,0,0,1,1.0,
Středočeský kraj,Beroun,Králův Dvůr,"MŠ Montessori Beroun, ZŠ a SŠ s.r.o.",691005265,Technické lyceum,78-42-M/01,Lyceum 21. století - Informační a digitální technologie,Lycea,4,ano,5,3,1,0,0,1,0.2,
Středočeský kraj,Beroun,Králův Dvůr,"MŠ Montessori Beroun, ZŠ a SŠ s.r.o.",691005265,Přírodovědné lyceum,78-42-M/05,Lyceum 21. století - Propojujeme přírodní a digitální svět,Lycea,4,ano,15,3,2,0,0,2,0.13,
Středočeský kraj,Praha-východ,Kunice,Střední škola řemesel,600022064,Prodavačské práce,66-51-E/01,Prodavač,SOU s výuč. listem,3,ne,3,6,1,0,2,3,0.33,
Středočeský kraj,Praha-východ,Kunice,Střední škola řemesel,600022064,Pečovatelské služby,75-41-E/01,Pečovatel,SOU s výuč. listem,3,ne,3,5,2,0,2,1,0.67,
Středočeský kraj,Kutná Hora,Kutná Hora,Církevní gymnázium,691006199,Gymnázium,79-41-K/81,,Gymnázia 8letá,8,ano,4,21,4,13,0,4,1.0,
Středočeský kraj,Kutná Hora,Kutná Hora,"Digital Academy - Obch. akademie, s.r.o.",691016640,Obchodní akademie,63-41-M/02,,SOŠ,4,ano,19,22,9,0,1,12,0.47,
Středočeský kraj,Kutná Hora,Kutná Hora,"Digital Academy - Obch. akademie, s.r.o.",691016640,Lyceum (režim pokusného ověřování),78-42-M/08,,Lycea,4,ano,9,8,2,0,1,5,0.22,
Středočeský kraj,Kutná Hora,Kutná Hora,SOŠ a SOU řemesel,600007294,Strojní mechanik,23-51-H/01,,SOU s výuč. listem,3,ne,8,11,4,0,7,0,0.5,
Středočeský kraj,Kutná Hora,Kutná Hora,SOŠ a SOU řemesel,600007294,Elektrikář,26-51-H/01,,SOU s výuč. listem,3,ne,7,20,3,0,15,2,0.43,
Středočeský kraj,Kutná Hora,Kutná Hora,SOŠ a SOU řemesel,600007294,Elektromechanik pro zařízení a přístroje,26-52-H/01,,SOU s výuč. listem,3,ne,2,4,0,0,1,3,0.0,
Středočeský kraj,Kutná Hora,Kutná Hora,SOŠ a SOU řemesel,600007294,Kuchař - číšník,65-51-H/01,,SOU s výuč. listem,3,ne,5,18,4,0,11,2,0.8,
Středočeský kraj,Kutná Hora,Kutná Hora,"VOŠ, SPŠ a JŠ s právem SJZ",600007286,Elektrotechnika,26-41-M/01,,SOŠ,4,ano,22,9,4,0,1,4,0.18,
Středočeský kraj,Kutná Hora,Kutná Hora,"VOŠ, SPŠ a JŠ s právem SJZ",600007286,Technické lyceum,78-42-M/01,,Lycea,4,ano,18,3,0,0,2,1,0.0,
Středočeský kraj,Mělník,Liběchov,Střední odborné učiliště,600007391,Zahradnické práce,41-52-E/01,zahradnické práce,SOU s výuč. listem,3,ne,4,6,1,0,5,0,0.25,
Středočeský kraj,Mělník,Liběchov,Střední odborné učiliště,600007391,Zahradník,41-52-H/01,zahradník,SOU s výuč. listem,3,ne,8,13,4,0,9,0,0.5,
Středočeský kraj,Mělník,Liběchov,Střední odborné učiliště,600007391,Opravářské práce,41-55-E/01,opravářské práce,SOU s výuč. listem,3,ne,7,10,5,0,5,0,0.71,
Středočeský kraj,Mělník,Liběchov,Střední odborné učiliště,600007391,Opravář zemědělských strojů,41-55-H/01,opravář zemědělských strojů,SOU s výuč. listem,3,ne,4,9,2,0,7,0,0.5,
Středočeský kraj,Mělník,Liběchov,Střední odborné učiliště,600007391,Stravovací a ubytovací služby,65-51-E/01,stravovací a ubytovací služby,SOU s výuč. listem,3,ne,5,6,4,0,2,0,0.8,
Středočeský kraj,Mělník,Liběchov,Střední odborné učiliště,600007391,Prodavač,66-51-H/01,prodavač květin,SOU s výuč. listem,3,ne,7,7,3,0,4,0,0.43,
Středočeský kraj,Mělník,Liběchov,Střední odborné učiliště,600007391,Praktická škola dvouletá,78-62-C/02,praktická škola dvouletá,SOU bez výuč. listu,2,ne,1,2,1,0,1,0,1.0,
Středočeský kraj,Mladá Boleslav,Loukovec,Střední odborné učiliště,600007537,Instalatér,36-52-H/01,,SOU s výuč. listem,3,ne,6,21,7,3,7,5,1.17,
Středočeský kraj,Mladá Boleslav,Loukovec,Střední odborné učiliště,600007537,Mechanik instalatérských a elektrotechnických zařízení,39-41-L/02,,SOU s maturitou,4,ano,25,15,3,0,6,5,0.12,
Středočeský kraj,Mladá Boleslav,Loukovec,Střední odborné učiliště,600007537,Opravář zemědělských strojů,41-55-H/01,,SOU s výuč. listem,3,ne,11,19,9,0,2,8,0.82,
Středočeský kraj,Nymburk,Lysá nad Labem,Střední škola designu,600007651,Textilní výtvarnictví,82-41-M/14,Design interiéru a bytových doplňků,SOŠ,4,ne,8,12,5,0,7,0,0.62,
Středočeský kraj,Mladá Boleslav,Mladá Boleslav,"Boleslav. soukr. SOŠ a Gymnázium, s.r.o.",600007464,Gymnázium,79-41-K/41,,Gymnázia 4letá,4,ano,23,44,22,9,1,11,0.96,28.0
Středočeský kraj,Mladá Boleslav,Mladá Boleslav,SOŠ a SOU,610451049,Mechanik opravář motorových vozidel,23-68-H/01,,SOU s výuč. listem,3,ne,1,52,1,11,33,7,1.0,
Středočeský kraj,Mladá Boleslav,Mladá Boleslav,SOŠ a SOU,610451049,Truhlář,33-56-H/01,,SOU s výuč. listem,3,ne,1,21,1,2,17,1,1.0,
Středočeský kraj,Mladá Boleslav,Mladá Boleslav,SPgŠ a SOŠ služeb,600170179,Pekař,29-53-H/01,Pekař,SOU s výuč. listem,3,ne,2,39,2,2,30,5,1.0,
Středočeský kraj,Mladá Boleslav,Mladá Boleslav,Střední zdrav. škola a VOŠ zdravotnická,600019543,Ošetřovatel,53-41-H/01,,SOU s výuč. listem,3,ne,4,46,4,26,6,10,1.0,
Středočeský kraj,Mladá Boleslav,Mladá Boleslav,SŠ tradičních řemesel HERMÉS MB s.r.o.,600007481,Truhlář,33-56-H/01,,SOU s výuč. listem,3,ne,5,23,5,8,5,5,1.0,
Středočeský kraj,Mladá Boleslav,Mladá Boleslav,SŠ tradičních řemesel HERMÉS MB s.r.o.,600007481,Gastronomie,65-41-L/01,,SOU s maturitou,4,ano,15,38,15,6,0,17,1.0,22.0
Středočeský kraj,Mladá Boleslav,Mladá Boleslav,SŠ tradičních řemesel HERMÉS MB s.r.o.,600007481,Kuchař - číšník,65-51-H/01,,SOU s výuč. listem,3,ne,8,59,8,4,40,7,1.0,
Středočeský kraj,Mladá Boleslav,Mnichovo Hradiště,Gymnázium,600007421,Gymnázium,79-41-K/81,,Gymnázia 8letá,8,ano,3,24,3,18,0,3,1.0,
Středočeský kraj,Mělník,Mělník,Integrovaná střední škola technická,600170161,Provozní technika,23-43-L/51,,Nástavby,2,ano,10,21,10,6,5,0,1.0,23.0
Středočeský kraj,Mělník,Mělník,Integrovaná střední škola technická,600170161,Mechanik strojů a zařízení,23-44-L/01,"Robotika, automatizace, strojírenství",SOU s maturitou,4,ano,19,17,9,0,1,7,0.47,
Středočeský kraj,Mělník,Mělník,Integrovaná střední škola technická,600170161,Strojní mechanik,23-51-H/01,,SOU s výuč. listem,3,ne,4,21,4,7,1,9,1.0,
Středočeský kraj,Mělník,Mělník,Integrovaná střední škola technická,600170161,Lyceum (režim pokusného ověřování),78-42-M/08,Management bezpečnosti a sportu,Lycea,4,ano,15,32,15,4,4,9,1.0,24.0
Středočeský kraj,Mělník,Mělník,Česká zahrad. akademie Mělník - SŠ a VOŠ,600007383,Zahradnictví,41-44-M/01,,SOŠ,4,ano,12,20,12,1,0,7,1.0,
Středočeský kraj,Mělník,Mělník,Česká zahrad. akademie Mělník - SŠ a VOŠ,600007383,Zahradník,41-52-H/01,,SOU s výuč. listem,3,ne,6,30,6,13,0,11,1.0,
Středočeský kraj,Mělník,Mělník,Česká zahrad. akademie Mělník - SŠ a VOŠ,600007383,Lyceum (režim pokusného ověřování),78-42-M/08,,Lycea,4,ano,20,19,8,0,0,11,0.4,
Středočeský kraj,Nymburk,Městec Králové,SOŠ a SOU,600007642,Cukrář,29-54-H/01,,SOU s výuč. listem,3,ne,3,11,3,2,2,4,1.0,
Středočeský kraj,Nymburk,Městec Králové,SOŠ a SOU,600007642,Zahradník,41-52-H/01,,SOU s výuč. listem,3,ne,5,5,1,0,2,2,0.2,
Středočeský kraj,Nymburk,Městec Králové,SOŠ a SOU,600007642,Opravářské práce,41-55-E/01,,SOU s výuč. listem,3,ne,4,1,1,0,0,0,0.25,
Středočeský kraj,Nymburk,Městec Králové,SOŠ a SOU,600007642,Nutriční asistent,53-41-M/02,,SOŠ,4,ano,13,18,10,0,5,3,0.77,24.0
Středočeský kraj,Nymburk,Městec Králové,SOŠ a SOU,600007642,Stravovací a ubytovací služby,65-51-E/01,,SOU s výuč. listem,3,ne,6,5,2,0,3,0,0.33,
Středočeský kraj,Nymburk,Městec Králové,SOŠ a SOU,600007642,Kuchař - číšník,65-51-H/01,,SOU s výuč. listem,3,ne,3,7,1,0,3,3,0.33,
Středočeský kraj,Mělník,Neratovice,SOŠ a SOU,610450620,Informační technologie,18-20-M/01,,SOŠ,4,ano,11,19,7,0,11,1,0.64,
Středočeský kraj,Mělník,Neratovice,SOŠ a SOU,610450620,Karosář,23-55-H/02,,SOU s výuč. listem,3,ne,9,24,8,0,4,12,0.89,
Středočeský kraj,Mělník,Neratovice,SOŠ a SOU,610450620,Chemik operátor,28-42-L/01,,SOU s maturitou,4,ano,7,5,1,0,4,0,0.14,
Středočeský kraj,Mělník,Neratovice,SOŠ a SOU,610450620,Analýza potravin,29-42-M/01,,SOŠ,4,ano,9,3,0,0,1,2,0.0,
Středočeský kraj,Mělník,Neratovice,SOŠ a SOU,610450620,Instalatér,36-52-H/01,,SOU s výuč. listem,3,ne,12,38,11,3,8,15,0.92,
Středočeský kraj,Mělník,Neratovice,SOŠ a SOU,610450620,Zedník,36-67-H/01,,SOU s výuč. listem,3,ne,10,4,1,0,1,2,0.1,
Středočeský kraj,Mělník,Neratovice,SOŠ a SOU,610450620,Hotelnictví,65-42-M/01,,SOŠ,4,ano,24,34,4,0,18,12,0.17,
Středočeský kraj,Mělník,Neratovice,SOŠ a SOU,610450620,Kuchař - číšník,65-51-H/01,,SOU s výuč. listem,3,ne,15,35,13,1,12,7,0.87,
Středočeský kraj,Mělník,Neratovice,SOŠ a SOU,610450620,Prodavač,66-51-H/01,,SOU s výuč. listem,3,ne,12,9,4,0,3,2,0.33,
Středočeský kraj,Mělník,Neratovice,SOŠ a SOU,610450620,Operátor skladování,66-53-H/01,,SOU s výuč. listem,3,ne,7,7,1,0,4,1,0.14,
Středočeský kraj,Mělník,Neratovice,SOŠ a SOU,610450620,Kadeřník,69-51-H/01,,SOU s výuč. listem,3,ne,6,67,5,34,13,14,0.83,
Středočeský kraj,Mělník,Neratovice,SOŠ a SOU,610450620,Ekonomické lyceum,78-42-M/02,,Lycea,4,ano,13,35,12,1,10,11,0.92,37.0
Středočeský kraj,Rakovník,Nové Strašecí,Gymnázium J. A. Komenského,600007961,Gymnázium,79-41-K/41,,Gymnázia 4letá,4,ano,7,31,7,2,5,17,1.0,
Středočeský kraj,Rakovník,Nové Strašecí,Střední odborné učiliště,600007944,Opravář zemědělských strojů,41-55-H/01,,SOU s výuč. listem,3,ne,9,8,6,0,0,2,0.67,
Středočeský kraj,Nymburk,Nymburk,SOŠ a SOU,600170195,Strojírenské práce,23-51-E/01,,SOU s výuč. listem,3,ne,4,20,4,4,11,1,1.0,
Středočeský kraj,Nymburk,Nymburk,SOŠ a SOU,600170195,Elektrotechnika,26-41-M/01,,SOŠ,4,ano,10,13,6,0,3,4,0.6,
Středočeský kraj,Nymburk,Nymburk,SOŠ a SOU,600170195,Stravovací a ubytovací služby,65-51-E/01,Kuchařské práce,SOU s výuč. listem,3,ne,9,2,2,0,0,0,0.22,
Středočeský kraj,Nymburk,Nymburk,SOŠ a SOU,600170195,Operátor skladování,66-53-H/01,,SOU s výuč. listem,3,ne,2,21,2,10,5,4,1.0,
Středočeský kraj,Nymburk,Nymburk,Střední zdrav. škola a VOŠ zdravotnická,600019551,Praktická sestra,53-41-M/03,,SOŠ,4,ano,3,54,3,31,1,19,1.0,
Středočeský kraj,Nymburk,Poděbrady,EKO Gymnázium a SOŠ Multimediál. studií,600007570,Scénická a výstavní tvorba,82-41-M/03,Design a nová média,SOŠ,4,ne,10,11,9,0,1,2,0.9,
Středočeský kraj,Nymburk,Poděbrady,Hotelová škola,600007561,Lyceum (režim pokusného ověřování),78-42-M/08,Moderní ekonomika a udržitelný rozvoj,Lycea,4,ano,17,64,17,19,6,22,1.0,27.0
Středočeský kraj,Nymburk,Poděbrady,SOU společného stravování,600007685,Kuchař - číšník,65-51-H/01,kuchař,SOU s výuč. listem,3,ne,21,41,21,3,2,15,1.0,
Středočeský kraj,Nymburk,Poděbrady,SOU společného stravování,600007685,Kuchař - číšník,65-51-H/01,číšník,SOU s výuč. listem,3,ne,12,41,11,10,3,16,0.92,
Středočeský kraj,Nymburk,Poděbrady,SZeŠ a SOŠ,600007600,Přírodovědné lyceum,78-42-M/05,,Lycea,4,ano,12,34,11,3,0,19,0.92,26.0
Středočeský kraj,Příbram,Příbram,Obchodní akademie a Vyšší odborná škola,600007839,Ekonomické lyceum,78-42-M/02,,Lycea,4,ano,10,25,10,5,0,10,1.0,24.0
Středočeský kraj,Příbram,Příbram,"Odborné učiliště, Praktická škola a Základní škola",600170225,Zahradnické práce,41-52-E/01,Zahradník,SOU s výuč. listem,3,ne,2,7,2,0,2,3,1.0,
Středočeský kraj,Příbram,Příbram,"Odborné učiliště, Praktická škola a Základní škola",600170225,Ošetřovatel,53-41-H/01,Ošetřovatel,SOU s výuč. listem,3,ne,14,9,3,0,1,5,0.21,
Středočeský kraj,Příbram,Příbram,"Odborné učiliště, Praktická škola a Základní škola",600170225,Stravovací a ubytovací služby,65-51-E/01,Kuchař,SOU s výuč. listem,3,ne,12,10,6,0,2,2,0.5,
Středočeský kraj,Příbram,Příbram,"Odborné učiliště, Praktická škola a Základní škola",600170225,Pečovatelské služby,75-41-E/01,Pečovatel,SOU s výuč. listem,3,ne,9,5,2,0,0,3,0.22,
Středočeský kraj,Příbram,Příbram,"Odborné učiliště, Praktická škola a Základní škola",600170225,Praktická škola jednoletá,78-62-C/01,Praktická škola jednoletá - Péče o zeleň,SOU bez výuč. listu,1,ne,1,0,0,0,0,0,0.0,
Středočeský kraj,Příbram,Příbram,"Odborné učiliště, Praktická škola a Základní škola",600170225,Praktická škola jednoletá,78-62-C/01,Praktická škola jednoletá - Rodinná výchova,SOU bez výuč. listu,1,ne,3,0,0,0,0,0,0.0,
Středočeský kraj,Příbram,Příbram,"Odborné učiliště, Praktická škola a Základní škola",600170225,Praktická škola dvouletá,78-62-C/02,Praktická škola dvouletá,SOU bez výuč. listu,2,ne,6,0,0,0,0,0,0.0,
Středočeský kraj,Příbram,Příbram,"Waldorfská škola Příbram - MŠ, ZŠ a SŠ",610451251,Kombinované lyceum,78-42-M/06,,Lycea,4,ano,15,12,3,0,7,2,0.2,
Středočeský kraj,Příbram,Příbram,"Waldorfská škola Příbram - MŠ, ZŠ a SŠ",610451251,"Umělecký kovář a zámečník, pasíř",82-51-H/01,,SOU s výuč. listem,3,ne,3,2,0,0,2,0,0.0,
Středočeský kraj,Příbram,Příbram,"Waldorfská škola Příbram - MŠ, ZŠ a SŠ",610451251,Umělecký truhlář a řezbář,82-51-H/02,,SOU s výuč. listem,3,ne,3,2,0,0,2,0,0.0,
Středočeský kraj,Rakovník,Rakovník,Gymnázium Zikmunda Wintra,600007952,Gymnázium,79-41-K/41,,Gymnázia 4letá,4,ano,13,7,5,0,2,0,0.38,
Středočeský kraj,Rakovník,Rakovník,"Masarykova obch. a zeměděl. akademie Rakovník, SOŠ",600007987,Agropodnikání,41-41-M/01,,SOŠ,4,ano,19,12,4,0,2,6,0.21,
Středočeský kraj,Rakovník,Rakovník,"Masarykova obch. a zeměděl. akademie Rakovník, SOŠ",600007987,Chovatelství,41-43-M/02,,SOŠ,4,ano,3,15,3,4,3,5,1.0,
Středočeský kraj,Rakovník,Rakovník,"Masarykova obch. a zeměděl. akademie Rakovník, SOŠ",600007987,Obchodní akademie,63-41-M/02,,SOŠ,4,ano,8,8,5,0,1,2,0.62,
Středočeský kraj,Rakovník,Rakovník,Střední průmyslová škola Emila Kolbena,600170241,Informační technologie,18-20-M/01,ŠKOLA MATRIXU,SOŠ,4,ano,3,2,0,0,1,1,0.0,
Středočeský kraj,Rakovník,Rakovník,Střední průmyslová škola Emila Kolbena,600170241,Strojírenství,23-41-M/01,Robotika,SOŠ,4,ano,42,7,0,0,2,5,0.0,
Středočeský kraj,Rakovník,Rakovník,Střední průmyslová škola Emila Kolbena,600170241,Strojní mechanik,23-51-H/01,Strojní mechanik,SOU s výuč. listem,3,ne,6,6,4,0,1,1,0.67,
Středočeský kraj,Rakovník,Rakovník,Střední průmyslová škola Emila Kolbena,600170241,Elektrotechnika,26-41-M/01,Automatizace a systémy řízení,SOŠ,4,ano,8,5,0,0,1,4,0.0,
Středočeský kraj,Rakovník,Rakovník,Střední průmyslová škola Emila Kolbena,600170241,Truhlář,33-56-H/01,Truhlář,SOU s výuč. listem,3,ne,2,4,1,0,2,1,0.5,
Středočeský kraj,Rakovník,Rakovník,Střední průmyslová škola Emila Kolbena,600170241,Kominík,36-56-H/01,Kominík,SOU s výuč. listem,3,ne,7,5,1,0,1,3,0.14,
Středočeský kraj,Rakovník,Rakovník,Střední průmyslová škola Emila Kolbena,600170241,Kuchař - číšník,65-51-H/01,Gastronomie,SOU s výuč. listem,3,ne,10,16,9,0,3,4,0.9,
Středočeský kraj,Rakovník,Rakovník,Střední průmyslová škola Emila Kolbena,600170241,Lyceum (režim pokusného ověřování),78-42-M/08,Lyceum,Lycea,4,ano,5,11,4,0,2,5,0.8,
Středočeský kraj,Příbram,Sedlčany,Střední odborné učiliště,600007901,Potravinářská výroba,29-51-E/01,,SOU s výuč. listem,3,ne,3,4,1,0,0,3,0.33,
Středočeský kraj,Příbram,Sedlčany,Střední odborné učiliště,600007901,Instalatér,36-52-H/01,,SOU s výuč. listem,3,ne,4,5,3,0,2,0,0.75,
Středočeský kraj,Příbram,Sedlčany,Střední odborné učiliště,600007901,Zahradnické práce,41-52-E/01,,SOU s výuč. listem,3,ne,3,6,3,0,2,1,1.0,
Středočeský kraj,Příbram,Sedlčany,Střední odborné učiliště,600007901,Zahradník,41-52-H/01,,SOU s výuč. listem,3,ne,12,15,8,0,1,6,0.67,
Středočeský kraj,Příbram,Sedlčany,Střední odborné učiliště,600007901,Opravář zemědělských strojů,41-55-H/01,,SOU s výuč. listem,3,ne,5,5,1,0,4,0,0.2,
Středočeský kraj,Příbram,Sedlčany,Střední odborné učiliště,600007901,Podnikání,64-41-L/51,,Nástavby,2,ano,19,16,6,0,10,0,0.32,
Středočeský kraj,Příbram,Sedlčany,Střední odborné učiliště,600007901,Kuchař - číšník,65-51-H/01,,SOU s výuč. listem,3,ne,14,14,4,0,0,9,0.29,
Středočeský kraj,Kladno,Slaný,Obchodní akademie Dr. Edvarda Beneše,600006921,Obchodní akademie,63-41-M/02,,SOŠ,4,ano,1,8,1,2,4,1,1.0,
Středočeský kraj,Kladno,Slaný,Obchodní akademie Dr. Edvarda Beneše,600006921,Ekonomické lyceum,78-42-M/02,,Lycea,4,ano,17,24,13,0,5,6,0.76,40.0
Středočeský kraj,Kladno,Slaný,Střední odborná škola a Střední odborné učiliště,600170110,Strojní mechanik,23-51-H/01,,SOU s výuč. listem,3,ne,5,14,5,1,5,3,1.0,
Středočeský kraj,Kladno,Slaný,Střední odborná škola a Střední odborné učiliště,600170110,Mechanik opravář motorových vozidel,23-68-H/01,,SOU s výuč. listem,3,ne,1,9,1,4,3,1,1.0,
Středočeský kraj,Kladno,Slaný,Střední odborná škola a Střední odborné učiliště,600170110,Truhlář,33-56-H/01,,SOU s výuč. listem,3,ne,2,15,2,2,8,3,1.0,
Středočeský kraj,Kladno,Slaný,Střední odborná škola a Střední odborné učiliště,600170110,Technická zařízení budov,36-45-M/01,,SOŠ,4,ano,18,16,10,0,3,3,0.56,19.0
Středočeský kraj,Kladno,Slaný,Střední odborná škola a Střední odborné učiliště,600170110,Kuchař - číšník,65-51-H/01,,SOU s výuč. listem,3,ne,10,36,10,6,13,7,1.0,
Středočeský kraj,Kladno,Slaný,Střední odborná škola a Střední odborné učiliště,600170110,Prodavač,66-51-H/01,,SOU s výuč. listem,3,ne,6,20,6,4,4,6,1.0,
Středočeský kraj,Kladno,Slaný,Základní škola a Praktická škola,600021572,Praktická škola dvouletá,78-62-C/02," Navazuje na vzdělávací program ZŠ speciální. Je zaměřeno na další rozvoj žáků. Důraz klade na praktické činnosti v předmětech: příprava pokrmů, ruční a dílenské práce, rodinná výchova a pěstitelské práce. Ukončení závěrečnou zkouškou.",SOU bez výuč. listu,2,ne,3,2,2,0,0,0,0.67,
Středočeský kraj,Kladno,Stochov,Střední škola služeb a řemesel,600007022,Klempíř,23-55-H/01,,SOU s výuč. listem,3,ne,10,4,1,0,0,3,0.1,
Středočeský kraj,Kladno,Stochov,Střední škola služeb a řemesel,600007022,Instalatér,36-52-H/01,,SOU s výuč. listem,3,ne,6,12,4,0,0,8,0.67,
Středočeský kraj,Kladno,Stochov,Střední škola služeb a řemesel,600007022,Logistické a finanční služby,37-42-M/01,,SOŠ,4,ano,23,55,23,2,6,24,1.0,24.0
Středočeský kraj,Kladno,Stochov,Střední škola služeb a řemesel,600007022,Hotelnictví,65-42-M/01,,SOŠ,4,ano,15,48,15,7,6,20,1.0,28.0
Středočeský kraj,Kladno,Stochov,Střední škola služeb a řemesel,600007022,Kuchař - číšník,65-51-H/01,,SOU s výuč. listem,3,ne,21,31,11,0,1,19,0.52,
Středočeský kraj,Kladno,Stochov,Střední škola služeb a řemesel,600007022,Operátor skladování,66-53-H/01,,SOU s výuč. listem,3,ne,15,11,2,0,0,9,0.13,
Středočeský kraj,Kladno,Stochov,Střední škola služeb a řemesel,600007022,Kosmetické služby,69-41-L/01,,SOU s maturitou,4,ano,3,16,3,3,7,3,1.0,
Středočeský kraj,Benešov,Vlašim,Obchodní akademie,600006701,Obchodní akademie,63-41-M/02,"Cestovní ruch, Ekonomika a podnikání, Informatika v ekonomice, Zahraniční obchod a mediální komunikace",SOŠ,4,ano,8,21,8,0,2,11,1.0,
Středočeský kraj,Benešov,Vlašim,SOŠ a SOU,600006760,Potravinářská výroba,29-51-E/01,Cukrářská výroba,SOU s výuč. listem,3,ne,9,6,0,0,1,4,0.0,
Středočeský kraj,Benešov,Vlašim,SOŠ a SOU,600006760,Opravář zemědělských strojů,41-55-H/01,Opravář zemědělských strojů,SOU s výuč. listem,3,ne,8,12,7,0,1,4,0.88,
Středočeský kraj,Benešov,Vlašim,SOŠ a SOU,600006760,Hotelnictví,65-42-M/01,Hotelnictví,SOŠ,4,ano,6,16,6,0,0,10,1.0,
Středočeský kraj,Benešov,Vlašim,SOŠ a SOU,600006760,Kuchař - číšník,65-51-H/01,Kuchař - číšník,SOU s výuč. listem,3,ne,9,15,8,0,0,7,0.89,
Středočeský kraj,Benešov,Vlašim,Střední průmyslová škola,600006697,Strojírenství,23-41-M/01,,SOŠ,4,ano,6,6,1,0,1,4,0.17,
Středočeský kraj,Benešov,Vlašim,Střední průmyslová škola,600006697,Mechanik seřizovač,23-45-L/01,Programování CNC / Mechatronik - od 2. ročníku,SOU s maturitou,4,ano,8,4,1,0,0,3,0.12,
Středočeský kraj,Benešov,Vlašim,Střední průmyslová škola,600006697,Obráběč kovů,23-56-H/01,Univerzální obráběč kovů,SOU s výuč. listem,3,ne,5,10,4,0,3,3,0.8,
Středočeský kraj,Benešov,Vlašim,Střední průmyslová škola,600006697,Nábytkářská a dřevařská výroba,33-42-M/01,Návrhář nábytku a interiérů,SOŠ,4,ano,4,6,2,0,0,4,0.5,
Středočeský kraj,Benešov,Vlašim,Střední průmyslová škola,600006697,Lyceum (režim pokusného ověřování),78-42-M/08," Oborová orientace Přírodovědná studia a udržitelná budoucnost, Mediální studia a digitální komunikace – žáci si vyberou během 1. ročníku",Lycea,4,ano,23,17,8,0,0,9,0.35,
Středočeský kraj,Praha-východ,Čelákovice,Střední odborná škola Čelákovice s.r.o.,600007782,Obráběč kovů,23-56-H/01,,SOU s výuč. listem,3,ne,10,10,7,0,1,2,0.7,
Středočeský kraj,Praha-východ,Čelákovice,Střední odborná škola Čelákovice s.r.o.,600007782,Truhlář,33-56-H/01,,SOU s výuč. listem,3,ne,2,18,2,7,2,7,1.0,
Středočeský kraj,Praha-východ,Čelákovice,Střední odborná škola Čelákovice s.r.o.,600007782,Sociální činnost,75-41-M/01,,SOŠ,4,ano,29,39,24,0,1,13,0.83,16.0
Středočeský kraj,Kolín,Český Brod,Střední škola managementu a grafiky,691015601,Informační technologie,18-20-M/01,počítačová grafika,SOŠ,4,ano,11,20,6,0,6,8,0.55,
Středočeský kraj,Kolín,Český Brod,Střední škola managementu a grafiky,691015601,Ekonomika a podnikání,63-41-M/01,management a řízení lidských zdrojů,SOŠ,4,ano,16,34,15,0,9,10,0.94,27.0
Středočeský kraj,Kolín,Český Brod,Základní škola a Praktická škola,600021670,Praktická škola jednoletá,78-62-C/01,Praktická škola jednoletá,SOU bez výuč. listu,1,ne,1,2,1,0,1,0,1.0,
Středočeský kraj,Kolín,Český Brod,Základní škola a Praktická škola,600021670,Praktická škola dvouletá,78-62-C/02,Praktická škola dvouletá,SOU bez výuč. listu,2,ne,1,3,0,0,2,1,0.0,
Středočeský kraj,Kutná Hora,Čáslav,"MŠ speciální, ZŠ a PrŠ Diakonie ČCE",600021807,Praktická škola jednoletá,78-62-C/01,,SOU bez výuč. listu,1,ne,2,0,0,0,0,0,0.0,
Středočeský kraj,Kutná Hora,Čáslav,"MŠ speciální, ZŠ a PrŠ Diakonie ČCE",600021807,Praktická škola dvouletá,78-62-C/02,,SOU bez výuč. listu,2,ne,2,0,0,0,0,0,0.0,
Středočeský kraj,Kutná Hora,Čáslav,SOŠ a SOU dopravní,600007260,Dopravní prostředky,23-45-M/01,,SOŠ,4,ano,16,9,6,0,1,2,0.38,
Středočeský kraj,Kutná Hora,Čáslav,SOŠ a SOU dopravní,600007260,Karosář,23-55-H/02,,SOU s výuč. listem,3,ne,10,7,1,0,2,4,0.1,
Středočeský kraj,Kutná Hora,Čáslav,SOŠ a SOU dopravní,600007260,Mechanik opravář motorových vozidel,23-68-H/01,,SOU s výuč. listem,3,ne,5,14,4,0,5,5,0.8,
Středočeský kraj,Kutná Hora,Čáslav,SOŠ a SOU dopravní,600007260,Autoelektrikář,26-57-H/01,,SOU s výuč. listem,3,ne,5,13,4,0,5,4,0.8,
Středočeský kraj,Kutná Hora,Čáslav,Střední zemědělská škola a Střední odbor. učiliště,600007278,Potravinářská výroba,29-51-E/01,Cukrářské práce,SOU s výuč. listem,3,ne,3,4,2,0,1,1,0.67,
Středočeský kraj,Kutná Hora,Čáslav,Střední zemědělská škola a Střední odbor. učiliště,600007278,Cukrář,29-54-H/01,,SOU s výuč. listem,3,ne,5,18,5,3,1,9,1.0,
Středočeský kraj,Kutná Hora,Čáslav,Střední zemědělská škola a Střední odbor. učiliště,600007278,Řezník - uzenář,29-56-H/01,,SOU s výuč. listem,3,ne,11,4,4,0,0,0,0.36,
Středočeský kraj,Kutná Hora,Čáslav,Střední zemědělská škola a Střední odbor. učiliště,600007278,Agropodnikání,41-41-M/01,Chovatelství,SOŠ,4,ano,5,10,4,0,2,3,0.8,
Středočeský kraj,Kutná Hora,Čáslav,Střední zemědělská škola a Střední odbor. učiliště,600007278,Agropodnikání,41-41-M/01,Moderní zemědělství a nové technologie,SOŠ,4,ano,12,5,3,0,1,1,0.25,
Středočeský kraj,Kutná Hora,Čáslav,Střední zemědělská škola a Střední odbor. učiliště,600007278,Zemědělec - farmář,41-51-H/01,,SOU s výuč. listem,3,ne,10,10,2,0,3,5,0.2,
Středočeský kraj,Kutná Hora,Čáslav,Střední zemědělská škola a Střední odbor. učiliště,600007278,Zahradnické práce,41-52-E/01,,SOU s výuč. listem,3,ne,1,1,1,0,0,0,1.0,
Středočeský kraj,Kutná Hora,Čáslav,Střední zemědělská škola a Střední odbor. učiliště,600007278,Zahradník,41-52-H/01,,SOU s výuč. listem,3,ne,14,11,4,0,0,7,0.29,
Středočeský kraj,Kutná Hora,Čáslav,Střední zemědělská škola a Střední odbor. učiliště,600007278,Opravářské práce,41-55-E/01,,SOU s výuč. listem,3,ne,4,2,0,0,1,1,0.0,
Středočeský kraj,Kutná Hora,Čáslav,Střední zemědělská škola a Střední odbor. učiliště,600007278,Opravář zemědělských strojů,41-55-H/01,,SOU s výuč. listem,3,ne,1,4,1,1,0,2,1.0,
Středočeský kraj,Kutná Hora,Čáslav,Střední zemědělská škola a Střední odbor. učiliště,600007278,Ekonomika a podnikání,63-41-M/01,Cestovní ruch,SOŠ,4,ano,18,42,17,4,6,14,0.94,23.0
Středočeský kraj,Kutná Hora,Čáslav,Střední zemědělská škola a Střední odbor. učiliště,600007278,Stravovací a ubytovací služby,65-51-E/01,Kuchařské práce,SOU s výuč. listem,3,ne,4,1,0,0,0,1,0.0,
Středočeský kraj,Kutná Hora,Čáslav,Střední zemědělská škola a Střední odbor. učiliště,600007278,Prodavač,66-51-H/01,,SOU s výuč. listem,3,ne,13,7,3,0,0,4,0.23,
Středočeský kraj,Kutná Hora,Čáslav,"VOŠ, SPŠ a OA",600007251,Strojírenství,23-41-M/01,,SOŠ,4,ano,11,4,2,0,0,2,0.18,
Středočeský kraj,Kutná Hora,Čáslav,"VOŠ, SPŠ a OA",600007251,Obchodní akademie,63-41-M/02,,SOŠ,4,ano,8,19,3,0,2,14,0.38,
Středočeský kraj,Kutná Hora,Čáslav,"VOŠ, SPŠ a OA",600007251,Lyceum (režim pokusného ověřování),78-42-M/08,,Lycea,4,ano,21,12,4,0,2,6,0.19,
Středočeský kraj,Praha-východ,Říčany,Střední odborná škola Říčany s.r.o.,691003921,Výrobce potravin,29-51-H/01,,SOU s výuč. listem,3,ne,9,3,0,0,0,3,0.0,
Středočeský kraj,Praha-východ,Říčany,Střední odborná škola Říčany s.r.o.,691003921,Řezník - uzenář,29-56-H/01,,SOU s výuč. listem,3,ne,5,1,1,0,0,0,0.2,
Středočeský kraj,Praha-východ,Říčany,Střední odborná škola Říčany s.r.o.,691003921,Kuchař - číšník,65-51-H/01,,SOU s výuč. listem,3,ne,8,27,6,5,2,12,0.75,
Středočeský kraj,Praha-východ,Říčany,Střední odborná škola Říčany s.r.o.,691003921,Ekonomické lyceum,78-42-M/02,,Lycea,4,ano,15,40,14,5,2,18,0.93,27.0
Zlínský kraj,Kroměříž,Bystřice pod Hostýnem,SŠ nábytk.a obch. Bystřice pod Hostýnem,600015068,Nábytkářská a dřevařská výroba,33-42-M/01,Výroba a tvorba nábytku pomocí CNC technologii,SOŠ,4,ano,1,0,0,0,0,0,0.0,
Zlínský kraj,Kroměříž,Bystřice pod Hostýnem,SŠ nábytk.a obch. Bystřice pod Hostýnem,600015068,Truhlář,33-56-H/01,truhlář,SOU s výuč. listem,3,ne,2,2,0,0,0,2,0.0,
Zlínský kraj,Kroměříž,Bystřice pod Hostýnem,SŠ nábytk.a obch. Bystřice pod Hostýnem,600015068,Umělecký truhlář a řezbář,82-51-H/02,umělecký truhlář a řezbář,SOU s výuč. listem,3,ne,1,0,0,0,0,0,0.0,
Zlínský kraj,Kroměříž,Bystřice pod Hostýnem,SŠ nábytk.a obch. Bystřice pod Hostýnem,600015068,Uměleckořemeslné zpracování dřeva,82-51-L/02,práce truhlářské,SOU s maturitou,4,ne,4,1,0,0,1,0,0.0,
Zlínský kraj,Kroměříž,Holešov,OU a ZŠ Holešov,600025624,Zahradnické práce,41-52-E/01,,SOU s výuč. listem,3,ne,5,0,0,0,0,0,0.0,
Zlínský kraj,Kroměříž,Holešov,OU a ZŠ Holešov,600025624,Stravovací a ubytovací služby,65-51-E/01,Kuchařské práce,SOU s výuč. listem,3,ne,13,1,1,0,0,0,0.08,
Zlínský kraj,Kroměříž,Holešov,OU a ZŠ Holešov,600025624,Prodavačské práce,66-51-E/01,,SOU s výuč. listem,3,ne,10,1,1,0,0,0,0.1,
Zlínský kraj,Kroměříž,Holešov,OU a ZŠ Holešov,600025624,Pečovatelské služby,75-41-E/01,,SOU s výuč. listem,3,ne,7,0,0,0,0,0,0.0,
Zlínský kraj,Vsetín,Kelč,Odborné učiliště Kelč,600027236,Strojírenské práce,23-51-E/01,Zámečnické práce,SOU s výuč. listem,3,ne,2,0,0,0,0,0,0.0,
Zlínský kraj,Vsetín,Kelč,Odborné učiliště Kelč,600027236,Zednické práce,36-67-E/01,,SOU s výuč. listem,3,ne,3,1,1,0,0,0,0.33,
Zlínský kraj,Vsetín,Kelč,Odborné učiliště Kelč,600027236,Zahradnické práce,41-52-E/01,,SOU s výuč. listem,3,ne,3,3,3,0,0,0,1.0,
Zlínský kraj,Vsetín,Kelč,Odborné učiliště Kelč,600027236,Prodavačské práce,66-51-E/01,,SOU s výuč. listem,3,ne,2,2,1,0,0,1,0.5,
Zlínský kraj,Vsetín,Kelč,Odborné učiliště Kelč,600027236,Pečovatelské služby,75-41-E/01,,SOU s výuč. listem,3,ne,2,1,1,0,0,0,0.5,
Zlínský kraj,Vsetín,Kelč,Odborné učiliště Kelč,600027236,Praktická škola dvouletá,78-62-C/02,,SOU bez výuč. listu,2,ne,4,1,0,0,0,1,0.0,
Zlínský kraj,Kroměříž,Kroměříž,Konzervatoř  P.  J. Vejvanovského,600014967,Hudba,82-44-P/01,Klasická hudba 82-44-P/01 (82-44-M/01),Konzervatoře,6,ne,3,3,3,0,0,0,1.0,
Zlínský kraj,Kroměříž,Kroměříž,SZŠ a VOŠ Kroměříž,600019942,Sociální činnost,75-41-M/01,,SOŠ,4,ano,10,9,3,0,0,6,0.3,
Zlínský kraj,Kroměříž,Kroměříž,Střední odborná škola sv. Jana Boska,691012105,Zahradnictví,41-44-L/51,,Nástavby,2,ano,3,0,0,0,0,0,0.0,
Zlínský kraj,Kroměříž,Kroměříž,Střední odborná škola sv. Jana Boska,691012105,Zemědělec - farmář,41-51-H/01,,SOU s výuč. listem,3,ne,4,11,4,0,2,5,1.0,
Zlínský kraj,Kroměříž,Kroměříž,Střední odborná škola sv. Jana Boska,691012105,Zahradník,41-52-H/01,,SOU s výuč. listem,3,ne,4,4,3,0,0,1,0.75,
Zlínský kraj,Kroměříž,Kroměříž,Střední odborná škola sv. Jana Boska,691012105,Lesní mechanizátor,41-56-H/01,,SOU s výuč. listem,3,ne,2,6,0,0,1,5,0.0,
Zlínský kraj,Kroměříž,Kroměříž,Střední odborná škola sv. Jana Boska,691012105,Opravář lesnických strojů,41-56-H/02,,SOU s výuč. listem,3,ne,3,5,3,0,0,2,1.0,
Zlínský kraj,Kroměříž,Kroměříž,Střední škola - COP technické Kroměříž,600171124,Provozní technika,23-43-L/51,,Nástavby,2,ano,2,3,0,0,3,0,0.0,
Zlínský kraj,Kroměříž,Kroměříž,Střední škola - COP technické Kroměříž,600171124,Mechanik seřizovač,23-45-L/01,23-56-H/01 Obráběč kovů,SOU s maturitou,4,ano,10,4,1,0,1,2,0.1,
Zlínský kraj,Kroměříž,Kroměříž,Střední škola - COP technické Kroměříž,600171124,Strojní mechanik,23-51-H/01,,SOU s výuč. listem,3,ne,2,7,2,0,0,5,1.0,
Zlínský kraj,Kroměříž,Kroměříž,Střední škola - COP technické Kroměříž,600171124,Karosář,23-55-H/02,,SOU s výuč. listem,3,ne,1,8,1,2,2,3,1.0,
Zlínský kraj,Kroměříž,Kroměříž,Střední škola - COP technické Kroměříž,600171124,Obráběč kovů,23-56-H/01,,SOU s výuč. listem,3,ne,5,6,3,0,0,3,0.6,
Zlínský kraj,Kroměříž,Kroměříž,Střední škola - COP technické Kroměříž,600171124,Mechanik elektrotechnik,26-41-L/01,26-51-H/01 Elektrikář,SOU s maturitou,4,ano,3,8,3,0,1,4,1.0,
Zlínský kraj,Kroměříž,Kroměříž,Střední škola - COP technické Kroměříž,600171124,Provozní elektrotechnika,26-41-L/52,,Nástavby,2,ano,1,1,1,0,0,0,1.0,
Zlínský kraj,Kroměříž,Kroměříž,Střední škola - COP technické Kroměříž,600171124,Opravář zemědělských strojů,41-55-H/01,,SOU s výuč. listem,3,ne,3,12,3,3,1,5,1.0,
Zlínský kraj,Kroměříž,Kroměříž,SŠ hotelová a služeb Kroměříž,600015092,Strojírenské práce,23-51-E/01,ŠVP zámečnické práce a údržba,SOU s výuč. listem,3,ne,13,0,0,0,0,0,0.0,
Zlínský kraj,Kroměříž,Kroměříž,SŠ hotelová a služeb Kroměříž,600015092,Potravinářská výroba,29-51-E/01,ŠVP cukrářské práce,SOU s výuč. listem,3,ne,14,3,2,0,0,1,0.14,
Zlínský kraj,Kroměříž,Kroměříž,SŠ hotelová a služeb Kroměříž,600015092,Pekař,29-53-H/01,,SOU s výuč. listem,3,ne,11,3,2,0,0,1,0.18,
Zlínský kraj,Kroměříž,Kroměříž,SŠ hotelová a služeb Kroměříž,600015092,Cukrář,29-54-H/01,,SOU s výuč. listem,3,ne,7,7,2,0,0,5,0.29,
Zlínský kraj,Kroměříž,Kroměříž,SŠ hotelová a služeb Kroměříž,600015092,Jezdec a chovatel koní,41-53-H/02,,SOU s výuč. listem,3,ne,12,8,3,0,2,3,0.25,
Zlínský kraj,Kroměříž,Kroměříž,SŠ hotelová a služeb Kroměříž,600015092,Podnikání,64-41-L/51,,Nástavby,2,ano,3,10,1,0,9,0,0.33,
Zlínský kraj,Kroměříž,Kroměříž,SŠ hotelová a služeb Kroměříž,600015092,Hotelnictví,65-42-M/01,ŠVP hotelnictví a cestovní ruch,SOŠ,4,ano,14,16,3,0,7,6,0.21,
Zlínský kraj,Kroměříž,Kroměříž,SŠ hotelová a služeb Kroměříž,600015092,Hotelnictví,65-42-M/01,ŠVP hotelnictví a rekreologie,SOŠ,4,ano,3,8,1,0,1,5,0.33,
Zlínský kraj,Kroměříž,Kroměříž,SŠ hotelová a služeb Kroměříž,600015092,Stravovací a ubytovací služby,65-51-E/01,ŠVP kuchařské práce,SOU s výuč. listem,3,ne,6,0,0,0,0,0,0.0,
Zlínský kraj,Kroměříž,Kroměříž,SŠ hotelová a služeb Kroměříž,600015092,Stravovací a ubytovací služby,65-51-E/01,ŠVP ubytovací služby,SOU s výuč. listem,3,ne,1,0,0,0,0,0,0.0,
Zlínský kraj,Kroměříž,Kroměříž,SŠ hotelová a služeb Kroměříž,600015092,Kuchař - číšník,65-51-H/01,ŠVP kuchař,SOU s výuč. listem,3,ne,9,2,1,0,0,1,0.11,
Zlínský kraj,Kroměříž,Kroměříž,SŠ hotelová a služeb Kroměříž,600015092,Kuchař - číšník,65-51-H/01,ŠVP kuchař-číšník,SOU s výuč. listem,3,ne,26,6,0,0,1,5,0.0,
Zlínský kraj,Kroměříž,Kroměříž,SŠ hotelová a služeb Kroměříž,600015092,Kuchař - číšník,65-51-H/01,ŠVP číšník,SOU s výuč. listem,3,ne,8,6,1,0,2,3,0.12,
Zlínský kraj,Kroměříž,Kroměříž,SŠ hotelová a služeb Kroměříž,600015092,Prodavač,66-51-H/01,ŠVP prodavač,SOU s výuč. listem,3,ne,9,8,4,0,1,3,0.44,
Zlínský kraj,Kroměříž,Kroměříž,SŠ hotelová a služeb Kroměříž,600015092,Prodavač,66-51-H/01,ŠVP prodavač-florista,SOU s výuč. listem,3,ne,8,2,0,0,1,1,0.0,
Zlínský kraj,Kroměříž,Kroměříž,SŠ hotelová a služeb Kroměříž,600015092,Masér sportovní a rekondiční,69-41-L/02,,SOU s maturitou,4,ano,11,18,5,0,4,9,0.45,
Zlínský kraj,Kroměříž,Kroměříž,VOŠ potrav. a SPŠ mlékár. Kroměříž,600015106,Technologie potravin,29-41-M/01,,SOŠ,4,ano,22,6,0,0,0,6,0.0,
Zlínský kraj,Kroměříž,Kroměříž,VOŠ potrav. a SPŠ mlékár. Kroměříž,600015106,Analýza potravin,29-42-M/01,"Chemická, mikrobiální a senzorická analýza potravin",SOŠ,4,ano,16,4,2,0,0,2,0.12,
Zlínský kraj,Uherské Hradiště,Kunovice,"Soukr.gymnázium, SOŠ a JŠ se SJZ, s.r.o.",600015572,Informační technologie,18-20-M/01,Informatika a kyberbezpečnost,SOŠ,4,ano,35,3,2,0,0,1,0.06,
Zlínský kraj,Uherské Hradiště,Kunovice,"Soukr.gymnázium, SOŠ a JŠ se SJZ, s.r.o.",600015572,Informační technologie,18-20-M/01,Informační technologie,SOŠ,4,ano,35,2,1,0,0,1,0.03,
Zlínský kraj,Uherské Hradiště,Kunovice,"Soukr.gymnázium, SOŠ a JŠ se SJZ, s.r.o.",600015572,Ekonomika a podnikání,63-41-M/01,Ekonomika a bezpečnost podniku,SOŠ,4,ano,45,13,5,0,0,8,0.11,
Zlínský kraj,Uherské Hradiště,Kunovice,"Soukr.gymnázium, SOŠ a JŠ se SJZ, s.r.o.",600015572,Ekonomika a podnikání,63-41-M/01,Komerční právo,SOŠ,4,ano,45,7,1,0,0,6,0.02,
Zlínský kraj,Uherské Hradiště,Kunovice,"Soukr.gymnázium, SOŠ a JŠ se SJZ, s.r.o.",600015572,Ekonomika a podnikání,63-41-M/01,Podnikání v kynologii,SOŠ,4,ano,25,0,0,0,0,0,0.0,
Zlínský kraj,Uherské Hradiště,Kunovice,"Soukr.gymnázium, SOŠ a JŠ se SJZ, s.r.o.",600015572,Gymnázium,79-41-K/41,Gymnázium - živé jazyky,Gymnázia 4letá,4,ano,25,8,2,0,0,6,0.08,
Zlínský kraj,Zlín,Luhačovice,Střední odborná škola,600171078,Kuchař - číšník,65-51-H/01,Kuchař - kuchařka,SOU s výuč. listem,3,ne,3,1,0,0,0,1,0.0,
Zlínský kraj,Zlín,Luhačovice,Střední odborná škola,600171078,Kuchař - číšník,65-51-H/01,Kuchař - číšník,SOU s výuč. listem,3,ne,3,3,1,0,2,0,0.33,
Zlínský kraj,Zlín,Luhačovice,Střední odborná škola,600171078,Kuchař - číšník,65-51-H/01,Číšník - servírka,SOU s výuč. listem,3,ne,3,3,2,0,1,0,0.67,
Zlínský kraj,Zlín,Luhačovice,Střední odborná škola,600171078,Informační služby,72-41-M/01,Specialista informačních procesů,SOŠ,4,ano,4,4,1,0,0,3,0.25,
Zlínský kraj,Zlín,Luhačovice,Střední odborná škola,600171078,Informační služby,72-41-M/01,Specialista v oblasti knižní kultury,SOŠ,4,ano,3,4,1,0,0,3,0.33,
Zlínský kraj,Zlín,Luhačovice,Střední odborná škola,600171078,Uměleckořemeslné zpracování kovů,82-51-L/01,Design a zpracování kovů,SOU s maturitou,4,ne,2,1,0,0,0,1,0.0,
Zlínský kraj,Zlín,Luhačovice,Střední odborná škola,600171078,Uměleckořemeslné zpracování dřeva,82-51-L/02,Design a zpracování dřeva,SOU s maturitou,4,ne,3,0,0,0,0,0,0.0,
Zlínský kraj,Zlín,Luhačovice,Střední odborná škola,600171078,Uměleckořemeslné zpracování kamene a keramiky,82-51-L/04,Design a tvorba keramiky,SOU s maturitou,4,ne,3,2,2,0,0,0,0.67,
Zlínský kraj,Zlín,Otrokovice,Střední průmyslová škola Otrokovice,600014495,Kuchař - číšník,65-51-H/01,,SOU s výuč. listem,3,ne,11,11,4,0,1,6,0.36,
Zlínský kraj,Zlín,Otrokovice,Střední průmyslová škola Otrokovice,600014495,Přírodovědné lyceum,78-42-M/05,,Lycea,4,ano,8,20,6,0,0,13,0.75,
Zlínský kraj,Vsetín,Rožnov pod Radhoštěm,Gymnázium Rožnov pod Radhoštěm,600018211,Gymnázium,79-41-K/81,,Gymnázia 8letá,8,ano,6,30,6,13,0,11,1.0,
Zlínský kraj,Vsetín,Rožnov pod Radhoštěm,Střední škola zemědělská a přírodovědná,600018202,Ekologie a životní prostředí,16-01-M/01,,SOŠ,4,ano,15,6,0,0,0,5,0.0,
Zlínský kraj,Vsetín,Rožnov pod Radhoštěm,Střední škola zemědělská a přírodovědná,600018202,Agropodnikání,41-41-M/01,,SOŠ,4,ano,10,4,2,0,0,2,0.2,
Zlínský kraj,Vsetín,Rožnov pod Radhoštěm,"SŠ informatiky,elektrotechniky a řemesel",600018156,Obráběč kovů,23-56-H/01,,SOU s výuč. listem,3,ne,2,3,1,0,1,1,0.5,
Zlínský kraj,Vsetín,Rožnov pod Radhoštěm,"SŠ informatiky,elektrotechniky a řemesel",600018156,Elektrikář,26-51-H/01,Elektrikář slaboproud,SOU s výuč. listem,3,ne,3,7,2,0,0,5,0.67,
Zlínský kraj,Vsetín,Rožnov pod Radhoštěm,"SŠ informatiky,elektrotechniky a řemesel",600018156,Prodavač,66-51-H/01,,SOU s výuč. listem,3,ne,5,4,3,0,0,1,0.6,
Zlínský kraj,Vsetín,Rožnov pod Radhoštěm,"SŠ informatiky,elektrotechniky a řemesel",600018156,Technické lyceum,78-42-M/01,,Lycea,4,ano,10,2,1,0,0,1,0.1,
Zlínský kraj,Zlín,Slavičín,Gymnázium Jana Pivečky a SOŠ,600014321,Informační technologie,18-20-M/01,,SOŠ,4,ano,7,6,3,0,0,3,0.43,
Zlínský kraj,Zlín,Slavičín,Gymnázium Jana Pivečky a SOŠ,600014321,Mechanik seřizovač,23-45-L/01,,SOU s maturitou,4,ano,8,0,0,0,0,0,0.0,
Zlínský kraj,Uherské Hradiště,Staré Město,Střední odborná škola a Gymnázium,600015556,Mechanik seřizovač,23-45-L/01,,SOU s maturitou,4,ano,18,4,2,0,0,2,0.11,
Zlínský kraj,Uherské Hradiště,Staré Město,Střední odborná škola a Gymnázium,600015556,Obráběč kovů,23-56-H/01,,SOU s výuč. listem,3,ne,19,5,1,0,0,4,0.05,
Zlínský kraj,Uherské Hradiště,Staré Město,Střední odborná škola a Gymnázium,600015556,Agropodnikání,41-41-M/01,Precizní zemědělství,SOŠ,4,ano,15,11,7,0,1,3,0.47,
Zlínský kraj,Uherské Hradiště,Uherské Hradiště,"Academic School, Gymnázium, SOŠ, ZŠ a MŠ, s.r.o.",600001661,Gymnázium,79-41-K/41,Gymnázium,Gymnázia 4letá,4,ano,8,5,3,0,1,1,0.38,
Zlínský kraj,Uherské Hradiště,Uherské Hradiště,"MESIT střední škola, o.p.s.",600015611,Mechanik strojů a zařízení,23-44-L/01,,SOU s maturitou,4,ano,6,5,3,0,0,2,0.5,
Zlínský kraj,Uherské Hradiště,Uherské Hradiště,"MESIT střední škola, o.p.s.",600015611,Obráběč kovů,23-56-H/01,,SOU s výuč. listem,3,ne,4,6,3,0,0,3,0.75,
Zlínský kraj,Uherské Hradiště,Uherské Hradiště,Střední uměleckoprůmyslová škola,600015475,Průmyslový design,82-41-M/04,,SOŠ,4,ne,3,3,1,0,2,0,0.33,
Zlínský kraj,Uherské Hradiště,Uherské Hradiště,Střední škola služeb s.r.o.,600015581,Podnikání,64-41-L/51,,Nástavby,2,ano,4,18,4,14,0,0,1.0,
Zlínský kraj,Uherské Hradiště,Uherské Hradiště,"SŠ prům., hotelová, zdravotnická a VOŠ",600015459,Kuchař - číšník,65-51-H/01,Kuchař,SOU s výuč. listem,3,ne,1,5,1,0,0,4,1.0,
Zlínský kraj,Uherské Hradiště,Uherské Hradiště,"SŠ prům., hotelová, zdravotnická a VOŠ",600015459,Kuchař - číšník,65-51-H/01,Kuchař - číšník pro pohostinství,SOU s výuč. listem,3,ne,11,5,0,0,0,5,0.0,
Zlínský kraj,Uherské Hradiště,Uherské Hradiště,"SŠ prům., hotelová, zdravotnická a VOŠ",600015459,Kuchař - číšník,65-51-H/01,"Číšník - barman, servírka - barmanka",SOU s výuč. listem,3,ne,9,18,9,2,0,7,1.0,
Zlínský kraj,Uherské Hradiště,Uherské Hradiště,"SŠ prům., hotelová, zdravotnická a VOŠ",600015459,Technické lyceum,78-42-M/01,,Lycea,4,ano,7,6,0,0,4,2,0.0,
Zlínský kraj,Uherské Hradiště,Uherský Brod,Střední odborné učiliště Uherský Brod,600015483,Potravinářské práce,29-51-E/02,,SOU s výuč. listem,2,ne,3,0,0,0,0,0,0.0,
Zlínský kraj,Uherské Hradiště,Uherský Brod,Střední odborné učiliště Uherský Brod,600015483,Pekař,29-53-H/01,,SOU s výuč. listem,3,ne,4,2,0,0,0,2,0.0,
Zlínský kraj,Uherské Hradiště,Uherský Brod,Střední odborné učiliště Uherský Brod,600015483,Podlahář,36-59-H/01,,SOU s výuč. listem,3,ne,1,7,1,3,0,3,1.0,
Zlínský kraj,Uherské Hradiště,Uherský Brod,Střední odborné učiliště Uherský Brod,600015483,Tesař,36-64-H/01,,SOU s výuč. listem,3,ne,3,6,1,0,0,4,0.33,
Zlínský kraj,Uherské Hradiště,Uherský Brod,Střední odborné učiliště Uherský Brod,600015483,Zedník,36-67-H/01,,SOU s výuč. listem,3,ne,9,2,2,0,0,0,0.22,
Zlínský kraj,Uherské Hradiště,Uherský Brod,Střední odborné učiliště Uherský Brod,600015483,Malíř a lakýrník,39-41-H/01,,SOU s výuč. listem,3,ne,5,8,5,0,0,3,1.0,
Zlínský kraj,Uherské Hradiště,Uherský Brod,Střední odborné učiliště Uherský Brod,600015483,Zemědělec - farmář,41-51-H/01,,SOU s výuč. listem,3,ne,9,3,1,0,0,2,0.11,
Zlínský kraj,Uherské Hradiště,Uherský Brod,Střední odborné učiliště Uherský Brod,600015483,Zahradník,41-52-H/01,,SOU s výuč. listem,3,ne,4,3,1,0,0,2,0.25,
Zlínský kraj,Uherské Hradiště,Uherský Brod,Střední odborné učiliště Uherský Brod,600015483,Opravářské práce,41-55-E/01,,SOU s výuč. listem,3,ne,4,0,0,0,0,0,0.0,
Zlínský kraj,Uherské Hradiště,Uherský Brod,Střední odborné učiliště Uherský Brod,600015483,Opravář zemědělských strojů,41-55-H/01,,SOU s výuč. listem,3,ne,5,11,5,0,0,6,1.0,
Zlínský kraj,Uherské Hradiště,Uherský Brod,Střední prům. škola a Obchodní akademie,600015548,Strojírenství,23-41-M/01,,SOŠ,4,ano,4,2,0,0,0,2,0.0,
Zlínský kraj,Uherské Hradiště,Uherský Brod,Střední prům. škola a Obchodní akademie,600015548,Strojní mechanik,23-51-H/01,,SOU s výuč. listem,3,ne,6,1,0,0,0,1,0.0,
Zlínský kraj,Uherské Hradiště,Uherský Brod,Střední prům. škola a Obchodní akademie,600015548,Karosář,23-55-H/02,,SOU s výuč. listem,3,ne,4,8,3,0,1,4,0.75,
Zlínský kraj,Uherské Hradiště,Uherský Brod,Střední prům. škola a Obchodní akademie,600015548,Operátor skladování,66-53-H/01,,SOU s výuč. listem,3,ne,5,2,0,0,0,2,0.0,
Zlínský kraj,Uherské Hradiště,Uherský Brod,Střední škola - COP technické,600171132,Informační technologie,18-20-M/01,Automatizace a robotika,SOŠ,4,ano,12,6,2,0,0,4,0.17,
Zlínský kraj,Uherské Hradiště,Uherský Brod,Střední škola - COP technické,600171132,Mechanik seřizovač,23-45-L/01,Programátor CNC strojů (L0+H Obráběč kovů),SOU s maturitou,4,ano,5,1,0,0,0,1,0.0,
Zlínský kraj,Uherské Hradiště,Uherský Brod,Střední škola - COP technické,600171132,Obráběč kovů,23-56-H/01,Operátor CNC strojů,SOU s výuč. listem,3,ne,5,3,2,0,0,1,0.4,
Zlínský kraj,Uherské Hradiště,Uherský Brod,Střední škola - COP technické,600171132,Puškař,23-69-H/01,,SOU s výuč. listem,3,ne,5,6,3,0,0,3,0.6,
Zlínský kraj,Uherské Hradiště,Uherský Brod,Střední škola - COP technické,600171132,Technik - puškař,23-69-L/01,(L0+H Puškař),SOU s maturitou,4,ano,10,5,5,0,0,0,0.5,
Zlínský kraj,Uherské Hradiště,Uherský Brod,Střední škola - COP technické,600171132,Uměleckořemeslné zpracování kovů,82-51-L/01,práce rytecké,SOU s maturitou,4,ne,6,0,0,0,0,0,0.0,
Zlínský kraj,Zlín,Valašské Klobouky,Střední odborné učiliště,600014517,Strojírenské práce,23-51-E/01,,SOU s výuč. listem,3,ne,5,1,1,0,0,0,0.2,
Zlínský kraj,Zlín,Valašské Klobouky,Střední odborné učiliště,600014517,Mechanik opravář motorových vozidel,23-68-H/01,,SOU s výuč. listem,3,ne,8,10,7,0,0,2,0.88,
Zlínský kraj,Zlín,Valašské Klobouky,Střední odborné učiliště,600014517,Zedník,36-67-H/01,,SOU s výuč. listem,3,ne,1,0,0,0,0,0,0.0,
Zlínský kraj,Zlín,Valašské Klobouky,Střední odborné učiliště,600014517,Opravář zemědělských strojů,41-55-H/01,,SOU s výuč. listem,3,ne,5,5,4,0,0,1,0.8,
Zlínský kraj,Zlín,Valašské Klobouky,Střední odborné učiliště,600014517,Stravovací a ubytovací služby,65-51-E/01,,SOU s výuč. listem,3,ne,1,1,1,0,0,0,1.0,
Zlínský kraj,Zlín,Valašské Klobouky,Střední odborné učiliště,600014517,Kuchař - číšník,65-51-H/01,,SOU s výuč. listem,3,ne,5,3,1,0,0,2,0.2,
Zlínský kraj,Zlín,Valašské Klobouky,Střední odborné učiliště,600014517,Veřejnosprávní činnost,68-43-M/01,,SOŠ,4,ano,12,9,6,0,0,3,0.5,
Zlínský kraj,Zlín,Valašské Klobouky,Střední odborné učiliště,600014517,Pečovatelské služby,75-41-E/01,,SOU s výuč. listem,3,ne,1,0,0,0,0,0,0.0,
Zlínský kraj,Vsetín,Valašské Meziříčí,Gymnázium Františka Palackého,600018148,Gymnázium,79-41-K/61,,Gymnázia 6letá,6,ano,4,33,4,17,0,12,1.0,
Zlínský kraj,Vsetín,Valašské Meziříčí,ISŠ Valašské Meziříčí,600171400,Strojní mechanik,23-51-H/01,,SOU s výuč. listem,3,ne,18,4,1,0,0,3,0.06,
Zlínský kraj,Vsetín,Valašské Meziříčí,ISŠ Valašské Meziříčí,600171400,Elektrikář,26-51-H/01,,SOU s výuč. listem,3,ne,6,10,5,0,0,5,0.83,
Zlínský kraj,Vsetín,Valašské Meziříčí,ISŠ Valašské Meziříčí,600171400,Pekař,29-53-H/01,,SOU s výuč. listem,3,ne,6,2,0,0,0,2,0.0,
Zlínský kraj,Vsetín,Valašské Meziříčí,ISŠ Valašské Meziříčí,600171400,Cukrář,29-54-H/01,,SOU s výuč. listem,3,ne,7,14,6,0,0,8,0.86,
Zlínský kraj,Vsetín,Valašské Meziříčí,ISŠ Valašské Meziříčí,600171400,Řezník - uzenář,29-56-H/01,,SOU s výuč. listem,3,ne,14,3,2,0,0,1,0.14,
Zlínský kraj,Vsetín,Valašské Meziříčí,ISŠ Valašské Meziříčí,600171400,Kuchař - číšník,65-51-H/01,,SOU s výuč. listem,3,ne,45,11,4,0,0,7,0.09,
Zlínský kraj,Vsetín,Valašské Meziříčí,ISŠ Valašské Meziříčí,600171400,Přírodovědné lyceum,78-42-M/05,,Lycea,4,ano,15,7,4,0,0,3,0.27,
Zlínský kraj,Vsetín,Valašské Meziříčí,SUPŠ sklářská Valašské Meziříčí,600018296,Užitá malba,82-41-M/01,Volná malba,SOŠ,4,ne,6,0,0,0,0,0,0.0,
Zlínský kraj,Vsetín,Valašské Meziříčí,SUPŠ sklářská Valašské Meziříčí,600018296,Výtvarné zpracování skla a světelných objektů,82-41-M/13,Design skla,SOŠ,4,ne,7,2,0,0,0,2,0.0,
Zlínský kraj,Vsetín,Valašské Meziříčí,SUPŠ sklářská Valašské Meziříčí,600018296,Uměleckořemeslné zpracování skla,82-51-L/05,Sklář - výrobce a zušlechťovatel skla,SOU s maturitou,4,ne,9,4,3,0,0,1,0.33,
Zlínský kraj,Vsetín,Valašské Meziříčí,Střední průmyslová škola stavební,600018164,Truhlář,33-56-H/01,truhlářka,SOU s výuč. listem,3,ne,2,1,0,0,0,1,0.0,
Zlínský kraj,Vsetín,Valašské Meziříčí,Střední průmyslová škola stavební,600018164,Tesař,36-64-H/01,,SOU s výuč. listem,3,ne,4,3,1,0,0,2,0.25,
Zlínský kraj,Vsetín,Valašské Meziříčí,Střední průmyslová škola stavební,600018164,Malíř a lakýrník,39-41-H/01,,SOU s výuč. listem,3,ne,2,0,0,0,0,0,0.0,
Zlínský kraj,Vsetín,Valašské Meziříčí,"ZŠ, MŠ a Praktická škola",600171647,Praktická škola dvouletá,78-62-C/02,Zaměřeno na praktický život,SOU bez výuč. listu,2,ne,5,5,5,0,0,0,1.0,
Zlínský kraj,Vsetín,Vsetín,"Masarykovo gymnázium, SZdrŠ a VOŠ zdr.",600018113,Ošetřovatel,53-41-H/01,,SOU s výuč. listem,3,ne,17,9,5,0,0,4,0.29,
Zlínský kraj,Vsetín,Vsetín,SOŠ Josefa Sousedíka Vsetín,600018253,Mechanik seřizovač,23-45-L/01,,SOU s maturitou,4,ano,6,8,4,0,0,4,0.67,
Zlínský kraj,Vsetín,Vsetín,SOŠ Josefa Sousedíka Vsetín,600018253,Obráběč kovů,23-56-H/01,,SOU s výuč. listem,3,ne,6,6,2,0,0,4,0.33,
Zlínský kraj,Vsetín,Vsetín,SOŠ Josefa Sousedíka Vsetín,600018253,Truhlář,33-56-H/01,,SOU s výuč. listem,3,ne,3,4,1,0,0,3,0.33,
Zlínský kraj,Vsetín,Vsetín,SOŠ Josefa Sousedíka Vsetín,600018253,Zedník,36-67-H/01,,SOU s výuč. listem,3,ne,4,1,0,0,0,1,0.0,
Zlínský kraj,Vsetín,Vsetín,SOŠ Josefa Sousedíka Vsetín,600018253,Opravář zemědělských strojů,41-55-H/01,,SOU s výuč. listem,3,ne,2,5,1,0,0,4,0.5,
Zlínský kraj,Vsetín,Vsetín,SOŠ Josefa Sousedíka Vsetín,600018253,Gastronomie,65-41-L/01,,SOU s maturitou,4,ano,5,7,4,0,0,3,0.8,
Zlínský kraj,Vsetín,Vsetín,SOŠ Josefa Sousedíka Vsetín,600018253,Stravovací a ubytovací služby,65-51-E/01,,SOU s výuč. listem,3,ne,2,5,1,0,0,4,0.5,
Zlínský kraj,Vsetín,Vsetín,Střední průmyslová škola strojnická,600018245,Strojírenství,23-41-M/01,výpočetní technika,SOŠ,4,ano,10,5,4,0,0,1,0.4,
Zlínský kraj,Vsetín,Vsetín,Střední průmyslová škola strojnická,600018245,Ekonomika a podnikání,63-41-M/01,management kvality,SOŠ,4,ano,1,7,0,0,2,5,0.0,
Zlínský kraj,Vsetín,Vsetín,Střední průmyslová škola strojnická,600018245,Technické lyceum,78-42-M/01,,Lycea,4,ano,8,4,2,0,1,1,0.25,
Zlínský kraj,Vsetín,Vsetín,Střední škola Kostka s.r.o,600018199,Ekonomika a podnikání,63-41-M/01,,SOŠ,4,ano,16,14,4,0,0,10,0.25,
Zlínský kraj,Vsetín,Vsetín,Střední škola Kostka s.r.o,600018199,Předškolní a mimoškolní pedagogika,75-31-M/01,,SOŠ,4,ano,6,4,1,0,2,1,0.17,
Zlínský kraj,Vsetín,Vsetín,Střední škola Kostka s.r.o,600018199,Pedagogické lyceum,78-42-M/03,,Lycea,4,ano,8,18,6,0,0,11,0.75,
Zlínský kraj,Vsetín,Vsetín,Střední škola Kostka s.r.o,600018199,Gymnázium,79-41-K/41,,Gymnázia 4letá,4,ano,4,7,1,0,0,5,0.25,
Zlínský kraj,Vsetín,Vsetín,Střední škola Kostka s.r.o,600018199,Gymnázium,79-41-K/61,,Gymnázia 6letá,6,ano,4,5,2,0,0,3,0.5,
Zlínský kraj,Zlín,Zlín,"DD, MŠ, ZŠ a PrŠ Zlín",600025314,Praktická škola jednoletá,78-62-C/01,,SOU bez výuč. listu,1,ne,1,1,1,0,0,0,1.0,
Zlínský kraj,Zlín,Zlín,"ORBIS, MŠ, ZŠ a Střední škola, s.r.o.",600014479,Informační technologie,18-20-M/01,,SOŠ,4,ano,15,8,3,0,0,5,0.2,
Zlínský kraj,Zlín,Zlín,"ORBIS, MŠ, ZŠ a Střední škola, s.r.o.",600014479,Ekonomika a podnikání,63-41-M/01,,SOŠ,4,ano,3,15,3,5,3,4,1.0,
Zlínský kraj,Zlín,Zlín,"ORBIS, MŠ, ZŠ a Střední škola, s.r.o.",600014479,Gymnázium,79-41-K/41,,Gymnázia 4letá,4,ano,4,12,4,1,3,4,1.0,
Zlínský kraj,Zlín,Zlín,SPŠ polytechnická - COP Zlín,600171051,Mechanik seřizovač,23-45-L/01,Obráběč kovů (možnost získat výuční list ve 3. r.),SOU s maturitou,4,ano,6,11,4,0,1,6,0.67,
Zlínský kraj,Zlín,Zlín,SPŠ polytechnická - COP Zlín,600171051,Strojní mechanik,23-51-H/01,,SOU s výuč. listem,3,ne,7,31,7,9,1,14,1.0,
Zlínský kraj,Zlín,Zlín,SPŠ polytechnická - COP Zlín,600171051,Obráběč kovů,23-56-H/01,Operátor CNC a konvenčních obráběcích strojů,SOU s výuč. listem,3,ne,4,24,4,5,1,14,1.0,
Zlínský kraj,Zlín,Zlín,SPŠ polytechnická - COP Zlín,600171051,Technické lyceum,78-42-M/01,Design a technologie výrobků,Lycea,4,ano,10,17,5,0,1,11,0.5,
Zlínský kraj,Zlín,Zlín,Střední průmyslová škola Zlín,600014355,Strojírenství,23-41-M/01,3D technologie,SOŠ,4,ano,4,11,2,0,0,8,0.5,
Zlínský kraj,Zlín,Zlín,Střední průmyslová škola Zlín,600014355,Technické lyceum,78-42-M/01,,Lycea,4,ano,14,14,10,0,0,4,0.71,
Zlínský kraj,Zlín,Zlín,Střední škola Baltaci s.r.o.,600014452,Informační technologie,18-20-M/01,,SOŠ,4,ano,11,11,2,0,3,7,0.18,
Zlínský kraj,Zlín,Zlín,Střední škola Baltaci s.r.o.,600014452,Kuchař - číšník,65-51-H/01,,SOU s výuč. listem,3,ne,17,24,13,0,0,10,0.76,
Zlínský kraj,Zlín,Zlín,Střední škola Baltaci s.r.o.,600014452,Lyceum (režim pokusného ověřování),78-42-M/08,,Lycea,4,ano,18,20,18,0,0,3,1.0,17.0
Zlínský kraj,Zlín,Zlín,Střední škola gastronomie a obchodu,600014461,Stravovací a ubytovací služby,65-51-E/01,,SOU s výuč. listem,3,ne,3,0,0,0,0,0,0.0,
Zlínský kraj,Zlín,Zlín,Střední škola gastronomie a obchodu,600014461,Kuchař - číšník,65-51-H/01,"kuchař(ka) - číšník, servírka",SOU s výuč. listem,3,ne,9,29,7,0,1,19,0.78,
Zlínský kraj,Zlín,Zlín,Střední škola gastronomie a obchodu,600014461,Prodavačské práce,66-51-E/01,,SOU s výuč. listem,3,ne,5,1,0,0,1,0,0.0,
Zlínský kraj,Zlín,Zlín,Střední škola gastronomie a obchodu,600014461,Praktická škola dvouletá,78-62-C/02,,SOU bez výuč. listu,2,ne,4,1,1,0,0,0,0.25,
Zlínský kraj,Zlín,Zlín,"SŠ pedagogická a sociální,s.r.o.",600014436,Sociální činnost,75-41-M/01,Sociální činnost,SOŠ,4,ano,7,12,6,0,2,4,0.86,
Ústecký kraj,Teplice,Bílina,Základní škola a Střední škola,600084868,Zahradnická výroba,41-52-E/02,,SOU s výuč. listem,2,ne,20,12,8,0,0,4,0.4,
Ústecký kraj,Chomutov,Chomutov,Gymnázium,600010287,Gymnázium,79-41-K/61,všeobecné,Gymnázia 6letá,6,ano,5,36,5,20,0,11,1.0,
Ústecký kraj,Chomutov,Chomutov,"SOŠ energetická a stavební, OA a SZŠ",600170586,Strojní mechanik,23-51-H/01,,SOU s výuč. listem,3,ne,4,9,4,0,0,5,1.0,
Ústecký kraj,Chomutov,Chomutov,"SOŠ energetická a stavební, OA a SZŠ",600170586,Elektrotechnika,26-41-M/01,,SOŠ,4,ano,16,4,0,0,1,3,0.0,
Ústecký kraj,Chomutov,Chomutov,"SOŠ energetická a stavební, OA a SZŠ",600170586,Elektrikář - silnoproud,26-51-H/02,,SOU s výuč. listem,3,ne,10,17,9,0,1,6,0.9,
Ústecký kraj,Chomutov,Chomutov,"SOŠ energetická a stavební, OA a SZŠ",600170586,Tesař,36-64-H/01,,SOU s výuč. listem,3,ne,6,4,1,0,0,3,0.17,
Ústecký kraj,Chomutov,Chomutov,"SOŠ energetická a stavební, OA a SZŠ",600170586,Zedník,36-67-H/01,,SOU s výuč. listem,3,ne,3,5,3,0,0,2,1.0,
Ústecký kraj,Chomutov,Chomutov,"SOŠ energetická a stavební, OA a SZŠ",600170586,Požární ochrana,39-08-M/01,Technik požární ochrany,SOŠ,4,ano,6,12,7,1,1,4,1.17,
Ústecký kraj,Chomutov,Chomutov,"SOŠ energetická a stavební, OA a SZŠ",600170586,Obchodní akademie,63-41-M/02,Sportovní management,SOŠ,4,ano,6,15,6,4,1,4,1.0,
Ústecký kraj,Chomutov,Chomutov,"SŠ technická, gastronom. a automobilní",600010368,Mechanik seřizovač,23-45-L/01,,SOU s maturitou,4,ano,17,5,2,0,3,0,0.12,
Ústecký kraj,Chomutov,Chomutov,"SŠ technická, gastronom. a automobilní",600010368,Strojní mechanik,23-51-H/01,Chomutov,SOU s výuč. listem,3,ne,8,8,4,0,0,4,0.5,
Ústecký kraj,Chomutov,Chomutov,"SŠ technická, gastronom. a automobilní",600010368,Strojní mechanik,23-51-H/01,Kadaň,SOU s výuč. listem,3,ne,16,5,4,0,0,1,0.25,
Ústecký kraj,Chomutov,Chomutov,"SŠ technická, gastronom. a automobilní",600010368,Obráběč kovů,23-56-H/01,,SOU s výuč. listem,3,ne,6,5,1,0,0,4,0.17,
Ústecký kraj,Chomutov,Chomutov,"SŠ technická, gastronom. a automobilní",600010368,Pekař,29-53-H/01,,SOU s výuč. listem,3,ne,6,7,0,0,1,6,0.0,
Ústecký kraj,Chomutov,Chomutov,"SŠ technická, gastronom. a automobilní",600010368,Cukrář,29-54-H/01,,SOU s výuč. listem,3,ne,6,21,6,2,2,11,1.0,
Ústecký kraj,Chomutov,Chomutov,"SŠ technická, gastronom. a automobilní",600010368,Řezník - uzenář,29-56-H/01,,SOU s výuč. listem,3,ne,3,1,0,0,1,0,0.0,
Ústecký kraj,Chomutov,Chomutov,"SŠ technická, gastronom. a automobilní",600010368,Šití oděvů,31-59-E/01,běžná třída,SOU s výuč. listem,3,ne,5,4,1,0,1,2,0.2,
Ústecký kraj,Chomutov,Chomutov,"SŠ technická, gastronom. a automobilní",600010368,Zednické práce,36-67-E/01,,SOU s výuč. listem,3,ne,6,8,5,0,0,3,0.83,
Ústecký kraj,Chomutov,Chomutov,"SŠ technická, gastronom. a automobilní",600010368,Zemědělec - farmář,41-51-H/01,,SOU s výuč. listem,3,ne,5,8,3,0,0,5,0.6,
Ústecký kraj,Chomutov,Chomutov,"SŠ technická, gastronom. a automobilní",600010368,Zahradnické práce,41-52-E/01,běžná třída Kadaň,SOU s výuč. listem,3,ne,4,4,1,0,0,3,0.25,
Ústecký kraj,Chomutov,Chomutov,"SŠ technická, gastronom. a automobilní",600010368,Zahradnické práce,41-52-E/01,speciální třída Jirkov,SOU s výuč. listem,3,ne,5,0,0,0,0,0,0.0,
Ústecký kraj,Chomutov,Chomutov,"SŠ technická, gastronom. a automobilní",600010368,Zahradník,41-52-H/01,,SOU s výuč. listem,3,ne,2,6,1,0,1,4,0.5,
Ústecký kraj,Chomutov,Chomutov,"SŠ technická, gastronom. a automobilní",600010368,Opravářské práce,41-55-E/01,běžná třída ,SOU s výuč. listem,3,ne,1,5,1,2,0,2,1.0,
Ústecký kraj,Chomutov,Chomutov,"SŠ technická, gastronom. a automobilní",600010368,Stravovací a ubytovací služby,65-51-E/01,běžná třída,SOU s výuč. listem,3,ne,1,4,1,1,0,2,1.0,
Ústecký kraj,Chomutov,Chomutov,"SŠ technická, gastronom. a automobilní",600010368,Stravovací a ubytovací služby,65-51-E/01,speciální třída,SOU s výuč. listem,3,ne,3,2,2,0,0,0,0.67,
Ústecký kraj,Chomutov,Chomutov,"SŠ technická, gastronom. a automobilní",600010368,Kuchař - číšník,65-51-H/01,Kadaň,SOU s výuč. listem,3,ne,10,12,7,0,2,3,0.7,
Ústecký kraj,Chomutov,Chomutov,"SŠ technická, gastronom. a automobilní",600010368,Prodavačské práce,66-51-E/01,,SOU s výuč. listem,3,ne,1,4,1,0,0,3,1.0,
Ústecký kraj,Chomutov,Chomutov,"SŠ technická, gastronom. a automobilní",600010368,Prodavač,66-51-H/01,,SOU s výuč. listem,3,ne,15,10,2,0,0,8,0.13,
Ústecký kraj,Chomutov,Chomutov,"SŠ technická, gastronom. a automobilní",600010368,Operátor skladování,66-53-H/01,,SOU s výuč. listem,3,ne,10,16,8,0,0,8,0.8,
Ústecký kraj,Chomutov,Chomutov,"SŠ technická, gastronom. a automobilní",600010368,Kadeřník,69-51-H/01,,SOU s výuč. listem,3,ne,10,26,10,1,4,11,1.0,
Ústecký kraj,Chomutov,Chomutov,"SŠ technická, gastronom. a automobilní",600010368,Pečovatelské služby,75-41-E/01,,SOU s výuč. listem,3,ne,5,5,2,0,0,3,0.4,
Ústecký kraj,Chomutov,Chomutov,"SŠ technická, gastronom. a automobilní",600010368,Praktická škola dvouletá,78-62-C/02,,SOU bez výuč. listu,2,ne,2,0,0,0,0,0,0.0,
Ústecký kraj,Děčín,Dolní Poustevna,ZŠ a PrŠ Gabriely Pelechové,600023206,Praktická škola dvouletá,78-62-C/02,,SOU bez výuč. listu,2,ne,1,1,1,0,0,0,1.0,
Ústecký kraj,Teplice,Dubí,GYMNÁZIUM J.A.Komenského s.r.o.,600011232,Gymnázium,79-41-K/81,osmileté gymnázium všeobecné,Gymnázia 8letá,8,ano,11,15,11,1,0,3,1.0,17.0
Ústecký kraj,Teplice,Duchcov,"DD, ZŠ a SŠ",600023711,Praktická škola dvouletá,78-62-C/02,,SOU bez výuč. listu,2,ne,4,1,1,0,0,0,0.25,
Ústecký kraj,Děčín,Děčín,Evropská obchodní akademie,600010171,Obchodní akademie,63-41-M/02,Obchodní akademie - Evropský hospodářský asistent,SOŠ,4,ano,11,21,8,0,1,12,0.73,
Ústecký kraj,Děčín,Děčín,Gymnázium,600010198,Gymnázium,79-41-K/41,79-41-K/41 Humanitní,Gymnázia 4letá,4,ano,13,5,1,0,0,4,0.08,
Ústecký kraj,Děčín,Děčín,Střední škola řemesel a služeb,600170560,Truhlář,33-56-H/01,,SOU s výuč. listem,3,ne,12,10,4,0,3,3,0.33,
Ústecký kraj,Děčín,Děčín,Střední škola řemesel a služeb,600170560,Fotograf,34-56-L/01,,SOU s maturitou,4,ano,5,9,4,0,2,3,0.8,
Ústecký kraj,Děčín,Děčín,Střední škola řemesel a služeb,600170560,Kuchař - číšník,65-51-H/01,Kuchař,SOU s výuč. listem,3,ne,8,21,8,3,2,8,1.0,
Ústecký kraj,Děčín,Děčín,Střední škola řemesel a služeb,600170560,Kuchař - číšník,65-51-H/01,Číšník - servírka,SOU s výuč. listem,3,ne,8,20,8,1,2,9,1.0,
Ústecký kraj,Děčín,Děčín,Střední škola řemesel a služeb,600170560,Prodavač,66-51-H/01,,SOU s výuč. listem,3,ne,2,18,2,5,3,8,1.0,
Ústecký kraj,Děčín,Děčín,SŠ lodní dopravy a technických řemesel,600170551,Strojní mechanik,23-51-H/01,,SOU s výuč. listem,3,ne,13,7,4,0,0,3,0.31,
Ústecký kraj,Děčín,Děčín,SŠ lodní dopravy a technických řemesel,600170551,Obráběč kovů,23-56-H/01,,SOU s výuč. listem,3,ne,7,3,1,0,0,2,0.14,
Ústecký kraj,Děčín,Děčín,SŠ lodní dopravy a technických řemesel,600170551,Lodník,23-65-H/02,,SOU s výuč. listem,3,ne,5,8,5,1,2,0,1.0,
Ústecký kraj,Děčín,Děčín,SŠ lodní dopravy a technických řemesel,600170551,Stravovací a ubytovací služby,65-51-E/01,,SOU s výuč. listem,3,ne,7,7,7,0,0,0,1.0,
Ústecký kraj,Děčín,Děčín,SŠ zahradnická a zeměděl. A. E. Komerse,600010228,Ekologie a životní prostředí,16-01-M/01,,SOŠ,4,ano,10,14,4,0,0,10,0.4,
Ústecký kraj,Děčín,Děčín,SŠ zahradnická a zeměděl. A. E. Komerse,600010228,Zahradnictví,41-44-M/01,,SOŠ,4,ano,8,5,2,0,1,2,0.25,
Ústecký kraj,Děčín,Děčín,"VOŠ a SPŠ strojní, stavební a dopravní",600020355,Strojírenství,23-41-M/01,,SOŠ,4,ano,15,1,1,0,0,0,0.07,
Ústecký kraj,Děčín,Děčín,"VOŠ a SPŠ strojní, stavební a dopravní",600020355,Elektrotechnika,26-41-M/01,,SOŠ,4,ano,15,7,2,0,1,4,0.13,
Ústecký kraj,Děčín,Děčín,"VOŠ a SPŠ strojní, stavební a dopravní",600020355,Stavebnictví,36-47-M/01,,SOŠ,4,ano,20,1,0,0,1,0,0.0,
Ústecký kraj,Děčín,Děčín,"VOŠ a SPŠ strojní, stavební a dopravní",600020355,Provoz a ekonomika dopravy,37-41-M/01,,SOŠ,4,ano,20,6,2,0,2,2,0.1,
Ústecký kraj,Děčín,Děčín,"VOŠ a SPŠ strojní, stavební a dopravní",600020355,Technické lyceum,78-42-M/01,,Lycea,4,ano,15,2,0,0,0,2,0.0,
Ústecký kraj,Chomutov,Kadaň,SPŠ stavební a OA Kadaň,600010309,Technická zařízení budov,36-45-M/01,,SOŠ,4,ano,15,1,0,0,0,1,0.0,
Ústecký kraj,Chomutov,Kadaň,SPŠ stavební a OA Kadaň,600010309,Stavebnictví,36-47-M/01,,SOŠ,4,ano,5,1,0,0,1,0,0.0,
Ústecký kraj,Chomutov,Kadaň,SPŠ stavební a OA Kadaň,600010309,Obchodní akademie,63-41-M/02,,SOŠ,4,ano,10,10,0,0,1,9,0.0,
Ústecký kraj,Chomutov,Klášterec nad Ohří,Gymnázium a Střední odborná škola,600010325,Gymnázium,79-41-K/41,,Gymnázia 4letá,4,ano,12,7,5,0,0,2,0.42,
Ústecký kraj,Teplice,Kostomlaty pod Milešovkou,"VÚ, DD se školou, SVP, ZŠ a SŠ",600029441,Práce ve stravování,65-51-E/02,,SOU s výuč. listem,2,ne,1,1,1,0,0,0,1.0,
Ústecký kraj,Teplice,Kostomlaty pod Milešovkou,"VÚ, DD se školou, SVP, ZŠ a SŠ",600029441,Provozní služby,69-54-E/01,,SOU s výuč. listem,2,ne,2,2,1,0,1,0,0.5,
Ústecký kraj,Teplice,Krupka,Základní škola a Střední škola,600084795,Keramická výroba,28-57-E/01,,SOU s výuč. listem,3,ne,9,6,1,0,0,5,0.11,
Ústecký kraj,Teplice,Krupka,Základní škola a Střední škola,600084795,Stravovací a ubytovací služby,65-51-E/01,KUCHAŘSKÉ PRÁCE,SOU s výuč. listem,3,ne,6,10,4,0,4,2,0.67,
Ústecký kraj,Teplice,Krupka,Základní škola a Střední škola,600084795,Stravovací a ubytovací služby,65-51-E/01,UBYTOVACÍ SLUŽBY,SOU s výuč. listem,3,ne,3,2,0,0,1,1,0.0,
Ústecký kraj,Teplice,Krupka,Základní škola a Střední škola,600084795,Pečovatelské služby,75-41-E/01,,SOU s výuč. listem,3,ne,6,4,1,0,1,2,0.17,
Ústecký kraj,Litoměřice,Litoměřice,"LITEGRA - SŠ a MŠ, o.p.s.",600010805,Truhlář,33-56-H/01,,SOU s výuč. listem,3,ne,3,3,3,0,0,0,1.0,
Ústecký kraj,Litoměřice,Litoměřice,"LITEGRA - SŠ a MŠ, o.p.s.",600010805,Dřevařská výroba,33-57-E/01,,SOU s výuč. listem,3,ne,3,0,0,0,0,0,0.0,
Ústecký kraj,Litoměřice,Litoměřice,"LITEGRA - SŠ a MŠ, o.p.s.",600010805,Aranžér,66-52-H/01,,SOU s výuč. listem,3,ne,6,11,5,0,5,1,0.83,
Ústecký kraj,Litoměřice,Litoměřice,"LITEGRA - SŠ a MŠ, o.p.s.",600010805,Kadeřník,69-51-H/01,,SOU s výuč. listem,3,ne,3,14,3,2,4,5,1.0,
Ústecký kraj,Litoměřice,Litoměřice,"LITEGRA - SŠ a MŠ, o.p.s.",600010805,Grafický design,82-41-M/05,,SOŠ,4,ne,14,5,2,0,2,1,0.14,
Ústecký kraj,Litoměřice,Litoměřice,"Soukromá SOŠ (1. KŠPA), s.r.o.",600010783,Informační technologie,18-20-M/01,,SOŠ,4,ano,7,12,5,0,0,7,0.71,
Ústecký kraj,Litoměřice,Litoměřice,"Soukromá SOŠ (1. KŠPA), s.r.o.",600010783,Veřejnosprávní činnost,68-43-M/01,,SOŠ,4,ano,4,25,4,6,1,14,1.0,
Ústecký kraj,Litoměřice,Litoměřice,Soukromé SOU INDUSTRIA spol. s r.o.,600010864,Kadeřník,69-51-H/01,Kadeřník,SOU s výuč. listem,3,ne,19,21,7,0,0,14,0.37,
Ústecký kraj,Litoměřice,Litoměřice,Střední škola Pohoda s.r.o.,600010902,Potravinářská výroba,29-51-E/01,Cukrářské práce,SOU s výuč. listem,3,ne,5,0,0,0,0,0,0.0,
Ústecký kraj,Litoměřice,Litoměřice,Střední škola Pohoda s.r.o.,600010902,Cukrář,29-54-H/01,,SOU s výuč. listem,3,ne,19,9,5,0,1,2,0.26,
Ústecký kraj,Litoměřice,Litoměřice,Střední škola Pohoda s.r.o.,600010902,Ošetřovatel,53-41-H/01,,SOU s výuč. listem,3,ne,12,16,7,0,3,6,0.58,
Ústecký kraj,Litoměřice,Litoměřice,Střední škola Pohoda s.r.o.,600010902,Masér ve zdravotnictví,53-41-M/04,,SOŠ,4,ano,2,4,2,0,1,1,1.0,
Ústecký kraj,Litoměřice,Litoměřice,Střední škola Pohoda s.r.o.,600010902,Stravovací a ubytovací služby,65-51-E/01,Kuchařské práce,SOU s výuč. listem,3,ne,2,1,1,0,0,0,0.5,
Ústecký kraj,Litoměřice,Litoměřice,Střední škola Pohoda s.r.o.,600010902,Kuchař - číšník,65-51-H/01,,SOU s výuč. listem,3,ne,24,7,2,0,2,3,0.08,
Ústecký kraj,Litoměřice,Litoměřice,Střední škola Pohoda s.r.o.,600010902,Kosmetické služby,69-41-L/01,,SOU s maturitou,4,ano,5,7,1,0,3,3,0.2,
Ústecký kraj,Litoměřice,Litoměřice,Střední škola Pohoda s.r.o.,600010902,Kadeřník,69-51-H/01,,SOU s výuč. listem,3,ne,13,23,10,0,2,11,0.77,
Ústecký kraj,Litoměřice,Litoměřice,Střední škola Pohoda s.r.o.,600010902,Pečovatelské služby,75-41-E/01,,SOU s výuč. listem,3,ne,3,1,1,0,0,0,0.33,
Ústecký kraj,Litoměřice,Litoměřice,"SŠ pedagogická, hotelnictví a služeb",600010759,Klempíř,23-55-H/01,,SOU s výuč. listem,3,ne,10,5,1,0,0,3,0.1,
Ústecký kraj,Litoměřice,Litoměřice,"SŠ pedagogická, hotelnictví a služeb",600010759,Elektrikář,26-51-H/01,,SOU s výuč. listem,3,ne,6,10,0,0,5,5,0.0,
Ústecký kraj,Litoměřice,Litoměřice,"SŠ pedagogická, hotelnictví a služeb",600010759,Zedník,36-67-H/01,,SOU s výuč. listem,3,ne,6,8,3,0,0,5,0.5,
Ústecký kraj,Litoměřice,Litoměřice,"SŠ pedagogická, hotelnictví a služeb",600010759,Kuchař - číšník,65-51-H/01,,SOU s výuč. listem,3,ne,12,7,2,0,1,4,0.17,
Ústecký kraj,Litoměřice,Litoměřice,"SŠ pedagogická, hotelnictví a služeb",600010759,Sociální činnost,75-41-M/01,Aktivizační pracovník,SOŠ,4,ano,13,25,13,3,1,8,1.0,17.0
Ústecký kraj,Litoměřice,Litoměřice,"VOŠ,OA,SOŠ a JŠ s pr. SJZ EKONOM, o.p.s.",600010767,Obchodní akademie,63-41-M/02,,SOŠ,4,ano,7,8,1,0,5,2,0.14,
Ústecký kraj,Most,Litvínov,Střední odborná škola,600170667,Krejčí,31-58-H/01,,SOU s výuč. listem,3,ne,4,4,4,0,0,0,1.0,
Ústecký kraj,Most,Litvínov,Střední odborná škola,600170667,Čalouník,33-59-H/01,,SOU s výuč. listem,3,ne,6,5,2,0,1,2,0.33,
Ústecký kraj,Most,Litvínov,Střední odborná škola,600170667,Prodavač,66-51-H/01,,SOU s výuč. listem,3,ne,5,10,5,1,3,1,1.0,
Ústecký kraj,Louny,Louny,OA a SOŠ generála Františka Fajtla,600170632,Strojírenství,23-41-M/01,automatizace a robotika,SOŠ,4,ano,17,2,0,0,0,2,0.0,
Ústecký kraj,Louny,Louny,OA a SOŠ generála Františka Fajtla,600170632,Strojní mechanik,23-51-H/01,,SOU s výuč. listem,3,ne,5,8,5,0,0,3,1.0,
Ústecký kraj,Louny,Louny,OA a SOŠ generála Františka Fajtla,600170632,Zedník,36-67-H/01,,SOU s výuč. listem,3,ne,5,11,5,3,0,3,1.0,
Ústecký kraj,Louny,Louny,OA a SOŠ generála Františka Fajtla,600170632,Obchodní akademie,63-41-M/02,cestovní ruch,SOŠ,4,ano,2,8,1,0,0,7,0.5,
Ústecký kraj,Louny,Louny,OA a SOŠ generála Františka Fajtla,600170632,Veřejnosprávní činnost,68-43-M/01,,SOŠ,4,ano,13,15,8,0,0,6,0.62,
Ústecký kraj,Louny,Louny,OA a SOŠ generála Františka Fajtla,600170632,Ekonomické lyceum,78-42-M/02,,Lycea,4,ano,13,11,1,0,0,10,0.08,
Ústecký kraj,Litoměřice,Lovosice,SOŠ technická a zahradnická,600010813,Mechanik opravář motorových vozidel,23-68-H/01,Automechanik,SOU s výuč. listem,3,ne,5,17,5,5,0,7,1.0,
Ústecký kraj,Litoměřice,Lovosice,SOŠ technická a zahradnická,600010813,Aplikovaná chemie,28-44-M/01,,SOŠ,4,ano,20,4,3,0,0,1,0.15,
Ústecký kraj,Litoměřice,Lovosice,SOŠ technická a zahradnická,600010813,Truhlář,33-56-H/01,,SOU s výuč. listem,3,ne,2,6,1,0,0,5,0.5,
Ústecký kraj,Litoměřice,Lovosice,SOŠ technická a zahradnická,600010813,Autotronik,39-41-L/01,,SOU s maturitou,4,ano,5,4,2,0,1,1,0.4,
Ústecký kraj,Litoměřice,Lovosice,SOŠ technická a zahradnická,600010813,Zahradník,41-52-H/01,,SOU s výuč. listem,3,ne,10,3,2,0,0,1,0.2,
Ústecký kraj,Litoměřice,Lovosice,SOŠ technická a zahradnická,600010813,Opravářské práce,41-55-E/01,,SOU s výuč. listem,3,ne,10,4,2,0,0,2,0.2,
Ústecký kraj,Litoměřice,Lovosice,SOŠ technická a zahradnická,600010813,Opravář zemědělských strojů,41-55-H/01,,SOU s výuč. listem,3,ne,6,4,2,0,0,2,0.33,
Ústecký kraj,Litoměřice,Lovosice,SOŠ technická a zahradnická,600010813,Stravovací a ubytovací služby,65-51-E/01,Kuchařské práce,SOU s výuč. listem,3,ne,10,2,1,0,0,1,0.1,
Ústecký kraj,Litoměřice,Lovosice,SOŠ technická a zahradnická,600010813,Operátor skladování,66-53-H/01,,SOU s výuč. listem,3,ne,5,6,3,0,0,3,0.6,
Ústecký kraj,Most,Meziboří,"Střední škola EDUCHEM, a.s.",600011119,Elektromechanik pro zařízení a přístroje,26-52-H/01,Elektromechanik pro zařízení a přístroje,SOU s výuč. listem,3,ne,7,5,4,0,0,1,0.57,
Ústecký kraj,Most,Meziboří,"Střední škola EDUCHEM, a.s.",600011119,Aplikovaná chemie,28-44-M/01,Aplikovaná chemie,SOŠ,4,ano,7,1,1,0,0,0,0.14,
Ústecký kraj,Most,Meziboří,"Střední škola EDUCHEM, a.s.",600011119,Ošetřovatel,53-41-H/01,0šetřévatel,SOU s výuč. listem,3,ne,12,5,2,0,0,3,0.17,
Ústecký kraj,Most,Most,SPŠ a SOŠ gastronomie a služeb,600011143,Strojírenství,23-41-M/01,Robotika a automatizace,SOŠ,4,ano,17,3,2,0,0,1,0.12,
Ústecký kraj,Most,Most,SPŠ a SOŠ gastronomie a služeb,600011143,Strojírenství,23-41-M/01,Strojírenství s využitím výpočetní techniky,SOŠ,4,ano,16,1,0,0,0,1,0.0,
Ústecký kraj,Most,Most,SPŠ a SOŠ gastronomie a služeb,600011143,Gastronomie,65-41-L/01,Management v gastronomii,SOU s maturitou,4,ano,26,31,23,0,3,5,0.88,16.0
Ústecký kraj,Most,Most,SPŠ a SOŠ gastronomie a služeb,600011143,Stravovací a ubytovací služby,65-51-E/01,Kuchařské práce,SOU s výuč. listem,3,ne,15,11,7,0,1,3,0.47,
Ústecký kraj,Most,Most,SPŠ a SOŠ gastronomie a služeb,600011143,Kuchař - číšník,65-51-H/01,Kuchař,SOU s výuč. listem,3,ne,3,34,3,12,7,12,1.0,
Ústecký kraj,Most,Most,SPŠ a SOŠ gastronomie a služeb,600011143,Prodavačské práce,66-51-E/01,Prodavačské práce,SOU s výuč. listem,3,ne,12,9,3,0,1,5,0.25,
Ústecký kraj,Most,Most,SPŠ a SOŠ gastronomie a služeb,600011143,Prodavač,66-51-H/01,Prodavač,SOU s výuč. listem,3,ne,9,19,9,1,4,5,1.0,
Ústecký kraj,Most,Most,Soukr. hotelová škola Bukaschool s.r.o,600011178,Hotelnictví,65-42-M/01,,SOŠ,4,ano,40,20,9,0,0,10,0.23,
Ústecký kraj,Most,Most,Střední odborná škola InterDACT s.r.o.,600011127,Veřejnosprávní činnost,68-43-M/01,Právní specializace,SOŠ,4,ano,6,28,3,9,0,13,0.5,
Ústecký kraj,Most,Most,Střední škola technická,600170641,Mechanik seřizovač,23-45-L/01,,SOU s maturitou,4,ano,10,5,3,0,0,2,0.3,
Ústecký kraj,Most,Most,Střední škola technická,600170641,Strojní mechanik,23-51-H/01,,SOU s výuč. listem,3,ne,11,14,4,0,0,10,0.36,
Ústecký kraj,Most,Most,Střední škola technická,600170641,Obráběč kovů,23-56-H/01,,SOU s výuč. listem,3,ne,8,7,4,0,0,3,0.5,
Ústecký kraj,Most,Most,Střední škola technická,600170641,Elektrotechnika,26-41-M/01,,SOŠ,4,ano,17,11,5,0,0,6,0.29,
Ústecký kraj,Most,Most,Střední škola technická,600170641,Truhlář,33-56-H/01,,SOU s výuč. listem,3,ne,3,11,3,5,1,2,1.0,
Ústecký kraj,Most,Most,Střední škola technická,600170641,Instalatér,36-52-H/01,,SOU s výuč. listem,3,ne,3,15,3,5,1,6,1.0,
Ústecký kraj,Most,Most,Střední škola technická,600170641,Malířské a natěračské práce,36-57-E/01,,SOU s výuč. listem,3,ne,3,5,1,0,2,2,0.33,
Ústecký kraj,Most,Most,Střední škola technická,600170641,Zedník,36-67-H/01,,SOU s výuč. listem,3,ne,3,8,3,1,3,1,1.0,
Ústecký kraj,Most,Most,Střední škola technická,600170641,Zahradnické práce,41-52-E/01,,SOU s výuč. listem,3,ne,9,11,4,0,2,5,0.44,
Ústecký kraj,Most,Most,Střední škola technická,600170641,Jezdec a chovatel koní,41-53-H/02,,SOU s výuč. listem,3,ne,8,9,5,0,1,3,0.62,
Ústecký kraj,Most,Most,Střední škola technická,600170641,Operátor skladování,66-53-H/01,,SOU s výuč. listem,3,ne,4,5,0,0,0,5,0.0,
Ústecký kraj,Louny,Podbořany,Gymnázium a Střední odborná škola,600011003,Elektrotechnika,26-41-M/01,Mechatronika,SOŠ,4,ano,6,1,1,0,0,0,0.17,
Ústecký kraj,Louny,Podbořany,Gymnázium a Střední odborná škola,600011003,Opravář zemědělských strojů,41-55-H/01,Opravář zemědělských strojů,SOU s výuč. listem,3,ne,4,4,1,0,3,0,0.25,
Ústecký kraj,Louny,Podbořany,Gymnázium a Střední odborná škola,600011003,Ekonomika a podnikání,63-41-M/01,Cestovní ruch,SOŠ,4,ano,6,6,2,0,2,2,0.33,
Ústecký kraj,Louny,Podbořany,Gymnázium a Střední odborná škola,600011003,Podnikání,64-41-L/51,Podnikání,Nástavby,2,ano,7,15,7,0,6,2,1.0,
Ústecký kraj,Louny,Podbořany,Gymnázium a Střední odborná škola,600011003,Gymnázium,79-41-K/81,Gymnázium,Gymnázia 8letá,8,ano,7,26,7,7,0,12,1.0,
Ústecký kraj,Litoměřice,Roudnice nad Labem,SOŠ a SOU,610150375,Karosář,23-55-H/02,,SOU s výuč. listem,3,ne,7,14,7,2,2,3,1.0,
Ústecký kraj,Litoměřice,Roudnice nad Labem,SOŠ a SOU,610150375,Zedník,36-67-H/01,,SOU s výuč. listem,3,ne,7,7,3,0,2,2,0.43,
Ústecký kraj,Litoměřice,Roudnice nad Labem,SOŠ a SOU,610150375,Kuchař - číšník,65-51-H/01,,SOU s výuč. listem,3,ne,5,12,5,4,3,0,1.0,
Ústecký kraj,Litoměřice,Roudnice nad Labem,SOŠ a SOU,610150375,Pečovatelské služby,75-41-E/01,,SOU s výuč. listem,3,ne,3,4,3,0,0,1,1.0,
Ústecký kraj,Litoměřice,Roudnice nad Labem,Soukromá podřipská SOŠ a SOU o.p.s.,600010856,Kombinované lyceum,78-42-M/06,,Lycea,4,ano,6,15,4,0,7,4,0.67,
Ústecký kraj,Děčín,Rumburk,SOŠ mediální grafiky a polygrafie,600010180,Tiskař na polygrafických strojích,34-52-L/01,,SOU s maturitou,4,ano,7,2,0,0,2,0,0.0,
Ústecký kraj,Děčín,Rumburk,SOŠ mediální grafiky a polygrafie,600010180,Reprodukční grafik pro média,34-53-L/01,,SOU s maturitou,4,ano,4,7,2,0,2,3,0.5,
Ústecký kraj,Děčín,Rumburk,Střední zdrav. škola a Obchodní akademie,600019691,Ošetřovatel,53-41-H/01,,SOU s výuč. listem,3,ne,4,4,1,0,0,3,0.25,
Ústecký kraj,Děčín,Rumburk,Střední zdrav. škola a Obchodní akademie,600019691,Praktická sestra,53-41-M/03,,SOŠ,4,ano,3,7,3,3,0,1,1.0,
Ústecký kraj,Děčín,Rumburk,Střední zdrav. škola a Obchodní akademie,600019691,Obchodní akademie,63-41-M/02,,SOŠ,4,ano,5,8,4,0,0,4,0.8,
Ústecký kraj,Teplice,Teplice,"Hotelová škola, Obchodní akademie a SPŠ",600170675,Strojírenství,23-41-M/01,strojírenství v 21. století-CAD-CAM-CAQ,SOŠ,4,ano,7,12,3,0,4,4,0.43,
Ústecký kraj,Teplice,Teplice,"Hotelová škola, Obchodní akademie a SPŠ",600170675,Ekonomické lyceum,78-42-M/02,se zaměřením na cizí jazyky,Lycea,4,ano,5,33,5,1,22,5,1.0,
Ústecký kraj,Teplice,Teplice,Střední škola obchodu a služeb,600011291,Šití oděvů,31-59-E/01,,SOU s výuč. listem,3,ne,3,11,3,0,1,7,1.0,
Ústecký kraj,Teplice,Teplice,Střední škola obchodu a služeb,600011291,Obchodník,66-41-L/01,66-51-H/01 Prodavač,SOU s maturitou,4,ano,15,28,13,0,1,13,0.87,
Ústecký kraj,Teplice,Teplice,Střední škola obchodu a služeb,600011291,Prodavač,66-51-H/01,,SOU s výuč. listem,3,ne,16,40,15,3,5,16,0.94,
Ústecký kraj,Teplice,Teplice,Střední škola obchodu a služeb,600011291,Grafický design,82-41-M/05,,SOŠ,4,ne,8,20,6,0,9,5,0.75,
Ústecký kraj,Teplice,Teplice,Střední škola stavební a strojní,600011283,Strojírenské práce,23-51-E/01,,SOU s výuč. listem,3,ne,4,3,2,0,0,1,0.5,
Ústecký kraj,Teplice,Teplice,Střední škola stavební a strojní,600011283,Strojní mechanik,23-51-H/01,,SOU s výuč. listem,3,ne,9,14,6,0,0,8,0.67,
Ústecký kraj,Teplice,Teplice,Střední škola stavební a strojní,600011283,Karosář,23-55-H/02,,SOU s výuč. listem,3,ne,4,7,3,0,0,4,0.75,
Ústecký kraj,Teplice,Teplice,Střední škola stavební a strojní,600011283,Obráběč kovů,23-56-H/01,,SOU s výuč. listem,3,ne,12,6,3,0,0,3,0.25,
Ústecký kraj,Teplice,Teplice,Střední škola stavební a strojní,600011283,Mechanik opravář motorových vozidel,23-68-H/01,,SOU s výuč. listem,3,ne,7,14,4,0,9,1,0.57,
Ústecký kraj,Teplice,Teplice,Střední škola stavební a strojní,600011283,Elektrotechnika,26-41-M/01,,SOŠ,4,ano,5,12,3,0,6,3,0.6,
Ústecký kraj,Teplice,Teplice,Střední škola stavební a strojní,600011283,Autoelektrikář,26-57-H/01,,SOU s výuč. listem,3,ne,9,17,5,0,11,1,0.56,
Ústecký kraj,Teplice,Teplice,Střední škola stavební a strojní,600011283,Truhlářská a čalounická výroba,33-56-E/01,,SOU s výuč. listem,3,ne,7,5,2,0,0,3,0.29,
Ústecký kraj,Teplice,Teplice,Střední škola stavební a strojní,600011283,Truhlář,33-56-H/01,,SOU s výuč. listem,3,ne,5,15,2,0,10,3,0.4,
Ústecký kraj,Teplice,Teplice,Střední škola stavební a strojní,600011283,Malířské a natěračské práce,36-57-E/01,,SOU s výuč. listem,3,ne,4,1,0,0,0,1,0.0,
Ústecký kraj,Teplice,Teplice,Střední škola stavební a strojní,600011283,Zednické práce,36-67-E/01,,SOU s výuč. listem,3,ne,4,3,1,0,0,2,0.25,
Ústecký kraj,Teplice,Teplice,Střední škola stavební a strojní,600011283,Zedník,36-67-H/01,,SOU s výuč. listem,3,ne,4,9,4,4,0,1,1.0,
Ústecký kraj,Teplice,Teplice,Střední škola stavební a strojní,600011283,Malíř a lakýrník,39-41-H/01,,SOU s výuč. listem,3,ne,7,7,4,0,0,3,0.57,
Ústecký kraj,Teplice,Teplice,Střední škola stavební a strojní,600011283,Zahradnické práce,41-52-E/01,,SOU s výuč. listem,3,ne,7,9,7,2,0,0,1.0,
Ústecký kraj,Děčín,Varnsdorf,Gymnázium Varnsdorf,600010163,Gymnázium,79-41-K/81,,Gymnázia 8letá,8,ano,4,8,4,1,0,3,1.0,
Ústecký kraj,Děčín,Varnsdorf,Střední prům. škola TOS VARNSDORF s.r.o.,691008914,Strojírenství,23-41-M/01,"Mechatronika, CAD/CAM systémy",SOŠ,4,ano,2,1,1,0,0,0,0.5,
Ústecký kraj,Děčín,Varnsdorf,Střední prům. škola TOS VARNSDORF s.r.o.,691008914,Strojní mechanik,23-51-H/01,montér,SOU s výuč. listem,3,ne,2,3,1,0,0,2,0.5,
Ústecký kraj,Děčín,Varnsdorf,Střední prům. škola TOS VARNSDORF s.r.o.,691008914,Obráběč kovů,23-56-H/01,operátor CNC strojů,SOU s výuč. listem,3,ne,3,2,1,0,0,1,0.33,
Ústecký kraj,Děčín,Varnsdorf,"VOŠ, SPŠ a SOŠ",600010210,Informační technologie,18-20-M/01,,SOŠ,4,ano,5,2,1,0,1,0,0.2,
Ústecký kraj,Děčín,Varnsdorf,"VOŠ, SPŠ a SOŠ",600010210,Mechanik seřizovač,23-45-L/01,"L0+H, spolu s 23-56-H/01 Obráběč kovů",SOU s maturitou,4,ano,4,1,0,0,1,0,0.0,
Ústecký kraj,Děčín,Varnsdorf,"VOŠ, SPŠ a SOŠ",600010210,Strojní mechanik,23-51-H/01,,SOU s výuč. listem,3,ne,8,17,7,0,1,8,0.88,
Ústecký kraj,Děčín,Varnsdorf,"VOŠ, SPŠ a SOŠ",600010210,Obráběč kovů,23-56-H/01,,SOU s výuč. listem,3,ne,3,9,2,1,1,4,0.67,
Ústecký kraj,Děčín,Varnsdorf,"VOŠ, SPŠ a SOŠ",600010210,Zednické práce,36-67-E/01,,SOU s výuč. listem,3,ne,4,7,4,1,1,1,1.0,
Ústecký kraj,Děčín,Varnsdorf,"VOŠ, SPŠ a SOŠ",600010210,Zahradnické práce,41-52-E/01,,SOU s výuč. listem,3,ne,10,14,7,0,2,5,0.7,
Ústecký kraj,Děčín,Varnsdorf,"VOŠ, SPŠ a SOŠ",600010210,Masér sportovní a rekondiční,69-41-L/02,"L0+H, spolu s 69-53-H/01 Rekondiční a sportovní masér",SOU s maturitou,4,ano,10,9,1,0,1,7,0.1,
Ústecký kraj,Děčín,Varnsdorf,"VOŠ, SPŠ a SOŠ",600010210,Rekondiční a sportovní masér,69-53-H/01,,SOU s výuč. listem,3,ne,10,22,10,4,1,7,1.0,
Ústecký kraj,Děčín,Varnsdorf,"VOŠ, SPŠ a SOŠ",600010210,Předškolní a mimoškolní pedagogika,75-31-M/01,,SOŠ,4,ano,7,9,3,0,2,4,0.43,
Ústecký kraj,Děčín,Varnsdorf,"VOŠ, SPŠ a SOŠ",600010210,Pečovatelské služby,75-41-E/01,,SOU s výuč. listem,3,ne,6,5,2,0,1,2,0.33,
Ústecký kraj,Děčín,Varnsdorf,"VOŠ, SPŠ a SOŠ",600010210,Grafický design,82-41-M/05,,SOŠ,4,ne,3,1,0,0,0,1,0.0,
Ústecký kraj,Děčín,Varnsdorf,"VOŠ, SPŠ a SOŠ",600010210,Modelářství a návrhářství oděvů,82-41-M/07,,SOŠ,4,ne,10,1,0,0,1,0,0.0,
Ústecký kraj,Ústí nad Labem,Ústí nad Labem,SPŠ stavební a SOŠ stavební a technická,600170691,Mechanik seřizovač,23-45-L/01,,SOU s maturitou,4,ano,21,7,4,0,0,3,0.19,
Ústecký kraj,Ústí nad Labem,Ústí nad Labem,SPŠ stavební a SOŠ stavební a technická,600170691,Strojní mechanik,23-51-H/01,,SOU s výuč. listem,3,ne,22,10,2,0,0,8,0.09,
Ústecký kraj,Ústí nad Labem,Ústí nad Labem,SPŠ stavební a SOŠ stavební a technická,600170691,Karosář,23-55-H/02,Autoklempíř,SOU s výuč. listem,3,ne,2,4,2,0,0,2,1.0,
Ústecký kraj,Ústí nad Labem,Ústí nad Labem,SPŠ stavební a SOŠ stavební a technická,600170691,Obráběč kovů,23-56-H/01,Obráběč kovů a obsluha CNC strojů,SOU s výuč. listem,3,ne,22,4,1,0,0,3,0.05,
Ústecký kraj,Ústí nad Labem,Ústí nad Labem,SPŠ stavební a SOŠ stavební a technická,600170691,Elektrikář,26-51-H/01,,SOU s výuč. listem,3,ne,1,11,1,4,0,6,1.0,
Ústecký kraj,Ústí nad Labem,Ústí nad Labem,SPŠ stavební a SOŠ stavební a technická,600170691,Truhlářská a čalounická výroba,33-56-E/01,Truhlářská výroba,SOU s výuč. listem,3,ne,6,1,0,0,0,1,0.0,
Ústecký kraj,Ústí nad Labem,Ústí nad Labem,SPŠ stavební a SOŠ stavební a technická,600170691,Truhlář,33-56-H/01,,SOU s výuč. listem,3,ne,8,7,5,0,0,2,0.62,
Ústecký kraj,Ústí nad Labem,Ústí nad Labem,SPŠ stavební a SOŠ stavební a technická,600170691,Stavebnictví,36-47-M/01,Pozemní stavitelství,SOŠ,4,ano,11,8,5,0,0,3,0.45,
Ústecký kraj,Ústí nad Labem,Ústí nad Labem,SPŠ stavební a SOŠ stavební a technická,600170691,Instalatér,36-52-H/01,,SOU s výuč. listem,3,ne,1,7,1,4,0,2,1.0,
Ústecký kraj,Ústí nad Labem,Ústí nad Labem,SPŠ stavební a SOŠ stavební a technická,600170691,Malířské a natěračské práce,36-57-E/01,"Malíř, natěrač",SOU s výuč. listem,3,ne,8,5,3,0,0,2,0.38,
Ústecký kraj,Ústí nad Labem,Ústí nad Labem,SPŠ stavební a SOŠ stavební a technická,600170691,Tesař,36-64-H/01,,SOU s výuč. listem,3,ne,10,4,1,0,0,3,0.1,
Ústecký kraj,Ústí nad Labem,Ústí nad Labem,SPŠ stavební a SOŠ stavební a technická,600170691,Zednické práce,36-67-E/01,,SOU s výuč. listem,3,ne,2,3,2,1,0,0,1.0,
Ústecký kraj,Ústí nad Labem,Ústí nad Labem,SPŠ stavební a SOŠ stavební a technická,600170691,Zedník,36-67-H/01,"Zedník, obkladač",SOU s výuč. listem,3,ne,5,5,3,0,0,2,0.6,
Ústecký kraj,Ústí nad Labem,Ústí nad Labem,Střední škola obchodu a služeb s.r.o.,600011399,Práce ve stravování,65-51-E/02,,SOU s výuč. listem,2,ne,8,4,0,0,4,0,0.0,
Ústecký kraj,Ústí nad Labem,Ústí nad Labem,Střední škola obchodu a služeb s.r.o.,600011399,Kuchař - číšník,65-51-H/01,,SOU s výuč. listem,3,ne,18,20,9,0,10,1,0.5,
Ústecký kraj,Ústí nad Labem,Ústí nad Labem,Střední škola obchodu a služeb s.r.o.,600011399,Prodavačské práce,66-51-E/01,,SOU s výuč. listem,3,ne,20,16,6,0,7,3,0.3,
Ústecký kraj,Ústí nad Labem,Ústí nad Labem,"SŠ obchodu, řemesel, služeb a ZŠ",600011429,Řezník - uzenář,29-56-H/01,,SOU s výuč. listem,3,ne,7,0,0,0,0,0,0.0,
Ústecký kraj,Ústí nad Labem,Ústí nad Labem,"SŠ obchodu, řemesel, služeb a ZŠ",600011429,Stravovací a ubytovací služby,65-51-E/01,Kuchařské práce,SOU s výuč. listem,3,ne,6,6,3,0,0,3,0.5,
Ústecký kraj,Ústí nad Labem,Ústí nad Labem,"SŠ obchodu, řemesel, služeb a ZŠ",600011429,Kuchař - číšník,65-51-H/01,Kuchař,SOU s výuč. listem,3,ne,9,14,3,0,0,11,0.33,
Ústecký kraj,Ústí nad Labem,Ústí nad Labem,"SŠ obchodu, řemesel, služeb a ZŠ",600011429,Kuchař - číšník,65-51-H/01,Číšník-servírka,SOU s výuč. listem,3,ne,9,19,9,1,0,9,1.0,
Ústecký kraj,Ústí nad Labem,Ústí nad Labem,"SŠ obchodu, řemesel, služeb a ZŠ",600011429,Operátor skladování,66-53-H/01,,SOU s výuč. listem,3,ne,6,11,5,0,0,6,0.83,
Ústecký kraj,Ústí nad Labem,Ústí nad Labem,"SŠ obchodu, řemesel, služeb a ZŠ",600011429,Pečovatelské služby,75-41-E/01,,SOU s výuč. listem,3,ne,5,8,4,0,0,4,0.8,
Ústecký kraj,Ústí nad Labem,Ústí nad Labem,"SŠ obchodu, řemesel, služeb a ZŠ",600011429,Sociální činnost,75-41-M/01,,SOŠ,4,ano,18,41,18,5,1,17,1.0,12.0
Ústecký kraj,Ústí nad Labem,Ústí nad Labem,"SŠ obchodu, řemesel, služeb a ZŠ",600011429,Praktická škola dvouletá,78-62-C/02,,SOU bez výuč. listu,2,ne,3,2,2,0,0,0,0.67,
Ústecký kraj,Děčín,Česká Kamenice,Spec. základní škola a Praktická škola,600023231,Praktická škola jednoletá,78-62-C/01,Jednoduché praktické činnosti,SOU bez výuč. listu,1,ne,2,1,1,0,0,0,0.5,
Ústecký kraj,Děčín,Česká Kamenice,Spec. základní škola a Praktická škola,600023231,Praktická škola dvouletá,78-62-C/02,Základy ručních prací,SOU bez výuč. listu,2,ne,2,1,0,0,0,1,0.0,
Ústecký kraj,Děčín,Šluknov,Střední les. škola a Střední odb. škola,600010155,Lesnictví,41-46-M/01,,SOŠ,4,ano,2,3,2,0,0,1,1.0,
Ústecký kraj,Děčín,Šluknov,Střední les. škola a Střední odb. škola,600010155,Lesnické práce,41-56-E/01,,SOU s výuč. listem,2,ne,8,6,3,0,0,3,0.38,
Ústecký kraj,Děčín,Šluknov,Střední les. škola a Střední odb. škola,600010155,Lesní mechanizátor,41-56-H/01,,SOU s výuč. listem,3,ne,8,5,3,0,0,2,0.38,
Ústecký kraj,Děčín,Šluknov,Střední les. škola a Střední odb. škola,600010155,Práce ve stravování,65-51-E/02,,SOU s výuč. listem,2,ne,4,0,0,0,0,0,0.0,
Ústecký kraj,Děčín,Šluknov,Střední les. škola a Střední odb. škola,600010155,Pečovatelské služby,75-41-E/01,,SOU s výuč. listem,3,ne,15,3,0,0,0,3,0.0,
Ústecký kraj,Litoměřice,Štětí,VOŠ obalové techniky a SŠ,600020410,Informační technologie,18-20-M/01,Internet věcí,SOŠ,4,ano,8,0,0,0,0,0,0.0,
Ústecký kraj,Litoměřice,Štětí,VOŠ obalové techniky a SŠ,600020410,Informační technologie,18-20-M/01,"Počítačové sítě, virtualizace a cloud computing",SOŠ,4,ano,8,0,0,0,0,0,0.0,
Ústecký kraj,Litoměřice,Štětí,VOŠ obalové techniky a SŠ,600020410,Informační technologie,18-20-M/01,Webdesign,SOŠ,4,ano,4,2,1,0,0,1,0.25,
Ústecký kraj,Litoměřice,Štětí,VOŠ obalové techniky a SŠ,600020410,Strojní mechanik,23-51-H/01,,SOU s výuč. listem,3,ne,2,3,2,0,0,1,1.0,
Ústecký kraj,Litoměřice,Štětí,VOŠ obalové techniky a SŠ,600020410,Obalová technika,34-42-M/01,,SOŠ,4,ano,7,3,1,0,0,2,0.14,
Ústecký kraj,Litoměřice,Štětí,VOŠ obalové techniky a SŠ,600020410,Design interiéru,82-41-M/11,,SOŠ,4,ne,10,2,2,0,0,0,0.2,
Ústecký kraj,Louny,Žatec,"DD, ZŠ a SŠ",600023583,Provozní služby,69-54-E/01,,SOU s výuč. listem,2,ne,15,7,7,0,0,0,0.47,
Ústecký kraj,Louny,Žatec,"DD, ZŠ a SŠ",600023583,Praktická škola dvouletá,78-62-C/02,,SOU bez výuč. listu,2,ne,10,0,0,0,0,0,0.0,
Ústecký kraj,Louny,Žatec,"SOU a SOŠ SČMSD, Žatec, s.r.o.",600010996,Výrobce potravin,29-51-H/01,Sladovník - pivovarník,SOU s výuč. listem,3,ne,5,1,1,0,0,0,0.2,
Ústecký kraj,Louny,Žatec,"SOU a SOŠ SČMSD, Žatec, s.r.o.",600010996,Ekonomika a podnikání,63-41-M/01,,SOŠ,4,ano,15,8,3,0,1,3,0.2,
Ústecký kraj,Louny,Žatec,"SOU a SOŠ SČMSD, Žatec, s.r.o.",600010996,Podnikání,64-41-L/51,,Nástavby,2,ano,10,22,10,4,0,8,1.0,17.0
Ústecký kraj,Louny,Žatec,"SOU a SOŠ SČMSD, Žatec, s.r.o.",600010996,Hotelnictví,65-42-M/01,,SOŠ,4,ano,14,4,2,0,0,2,0.14,
Ústecký kraj,Louny,Žatec,"SOU a SOŠ SČMSD, Žatec, s.r.o.",600010996,Kuchař - číšník,65-51-H/01,,SOU s výuč. listem,3,ne,25,11,2,0,3,6,0.08,
Ústecký kraj,Louny,Žatec,"SOU a SOŠ SČMSD, Žatec, s.r.o.",600010996,Kombinované lyceum,78-42-M/06,,Lycea,4,ano,8,4,3,0,0,1,0.38,
Ústecký kraj,Louny,Žatec,"SPŠ elektrotech. a zař. pro DVPP, s.r.o.",600011038,Informační technologie,18-20-M/01,,SOŠ,4,ano,10,3,2,0,1,0,0.2,
Ústecký kraj,Louny,Žatec,"SPŠ elektrotech. a zař. pro DVPP, s.r.o.",600011038,Elektrotechnika,26-41-M/01,,SOŠ,4,ano,15,0,0,0,0,0,0.0,
Ústecký kraj,Louny,Žatec,"Soukromá obchodní akademie, spol. s r.o.",600011020,Provoz a ekonomika dopravy,37-41-M/01,,SOŠ,4,ano,25,2,1,0,0,1,0.04,
Ústecký kraj,Louny,Žatec,"Soukromá obchodní akademie, spol. s r.o.",600011020,Obchodní akademie,63-41-M/02,,SOŠ,4,ano,20,6,3,0,0,3,0.15,
