kraj,okres,obec,skola,redizo,obor,kkov,zamereni,typ_skoly,delka_studia,mista,prihlasky,prihlasky_jako_1_volba,prihlasky_na_misto,tlak_prvnich_voleb,prijati,nevesli_se_kvuli_kapacite,nedosahli_pozadavku_skoly,prijati_na_obor_vys_na_prihlasce,podil_prijatych_ze_soutezicich,obtiznost_prijeti,prumer_bodu_prijatych,nejnizsi_vysledek_prijatych,2_kolo,2_kolo_mista,2_kolo_prihlasky,2_kolo_prijati
Hlavní město Praha,Praha,Praha,"1. IT Gymnázium, s.r.o.",691013489,Gymnázium,79-41-K/41,,Gymnázia 4letá,4,40,45,22,1.125,0.55,19,0,14,12,1.0,"místo bylo pro všechny, kdo splnili požadavky školy",73.22,51.0,"nevypsáno, i když obor nebyl naplněn",,,
Hlavní město Praha,Praha,Praha,1. Slovanské gymnázium a jazyková škola,651028922,Gymnázium,79-41-K/41,všeobecné - vybrané předměty v anglickém jazyce,Gymnázia 4letá,4,60,24,1,0.4,0.017,4,0,1,18,1.0,"místo bylo pro všechny, kdo splnili požadavky školy",68.75,,"nevypsáno, i když obor nebyl naplněn",,,
Hlavní město Praha,Praha,Praha,1. Slovanské gymnázium a jazyková škola,651028922,Gymnázium,79-41-K/41,všeobecné - český program,Gymnázia 4letá,4,60,40,12,0.667,0.2,16,0,4,18,1.0,"místo bylo pro všechny, kdo splnili požadavky školy",46.31,24.0,vypsáno,45,15,4
Hlavní město Praha,Praha,Praha,"ART ECON - Gymnázium a SOŠ Praha, s.r.o.",600006042,Obchodní akademie,63-41-M/02,Sportovní management,SOŠ,4,54,281,121,5.204,2.241,53,114,1,112,0.317,velmi těžké,65.43,51.0,"nevypsáno, i když obor nebyl naplněn",,,
Hlavní město Praha,Praha,Praha,"ART ECON - Gymnázium a SOŠ Praha, s.r.o.",600006042,Gymnázium,79-41-K/41,,Gymnázia 4letá,4,26,47,5,1.808,0.192,16,0,0,31,1.0,"místo bylo pro všechny, kdo splnili požadavky školy",52.0,26.0,vypsáno,14,21,7
Hlavní město Praha,Praha,Praha,"ART ECON - Gymnázium a SOŠ Praha, s.r.o.",600006042,Gymnázium se sportovní přípravou,79-42-K/41,,Gymnázia 4letá,4,50,125,24,2.5,0.48,50,0,3,72,1.0,"místo bylo pro všechny, kdo splnili požadavky školy",54.94,29.0,nevypsáno,,,
Hlavní město Praha,Praha,Praha,Akad.gymnázium a jazyk.šk. s právem SJZ,600004708,Gymnázium,79-41-K/41,všeobecné,Gymnázia 4letá,4,120,295,128,2.458,1.067,120,68,0,107,0.638,středně těžké,83.78,72.0,nevypsáno,,,
Hlavní město Praha,Praha,Praha,Akademie řemesel Praha - SŠ technická,600005381,Provozní technika,23-43-L/51,,Nástavby,2,16,46,29,2.875,1.812,16,10,11,9,0.615,středně těžké,43.19,32.0,nevypsáno,,,
Hlavní město Praha,Praha,Praha,Akademie řemesel Praha - SŠ technická,600005381,Mechanik seřizovač,23-45-L/01,Obráběč kovů 23-56-H/01,SOU s maturitou,4,8,14,6,1.75,0.75,5,0,4,5,1.0,"místo bylo pro všechny, kdo splnili požadavky školy",57.6,,"nevypsáno, i když obor nebyl naplněn",,,
Hlavní město Praha,Praha,Praha,Akademie řemesel Praha - SŠ technická,600005381,Provozní elektrotechnika,26-41-L/52,,Nástavby,2,14,106,70,7.571,5.0,14,56,12,24,0.2,velmi těžké,58.5,48.0,nevypsáno,,,
Hlavní město Praha,Praha,Praha,Akademie řemesel Praha - SŠ technická,600005381,Nábytkářská a dřevařská výroba,33-42-L/51,,Nástavby,2,15,38,23,2.533,1.533,15,10,5,8,0.6,středně těžké,47.93,35.0,nevypsáno,,,
Hlavní město Praha,Praha,Praha,Akademie řemesel Praha - SŠ technická,600005381,Stavební provoz,36-44-L/51,,Nástavby,2,15,32,24,2.133,1.6,15,2,12,3,0.882,dostala se většina soutěžících uchazečů,34.2,20.0,nevypsáno,,,
Hlavní město Praha,Praha,Praha,Akademie řemesel Praha - SŠ technická,600005381,Stavebnictví,36-47-M/01,Příprava a realizace staveb,SOŠ,4,30,87,11,2.9,0.367,25,0,24,38,1.0,"místo bylo pro všechny, kdo splnili požadavky školy",46.04,30.0,"nevypsáno, i když obor nebyl naplněn",,,
Hlavní město Praha,Praha,Praha,Akademie řemesel Praha - SŠ technická,600005381,Autotronik,39-41-L/01,Autoelektrikář 26-57-H/01,SOU s maturitou,4,6,51,20,8.5,3.333,4,12,20,13,0.25,velmi těžké,57.75,,"nevypsáno, i když obor nebyl naplněn",,,
Hlavní město Praha,Praha,Praha,Akademie řemesel Praha - SŠ technická,600005381,Autotronik,39-41-L/01,Mechanik opravář motorových vozidel 23-68-H/01,SOU s maturitou,4,16,66,18,4.125,1.125,12,0,23,32,1.0,"místo bylo pro všechny, kdo splnili požadavky školy",47.33,28.0,"nevypsáno, i když obor nebyl naplněn",,,
Hlavní město Praha,Praha,Praha,Akademie řemesel Praha - SŠ technická,600005381,Mechanik instalatérských a elektrotechnických zařízení,39-41-L/02,Instalatér 36-52-H/01,SOU s maturitou,4,20,81,38,4.05,1.9,20,15,24,22,0.571,středně těžké,54.1,42.0,nevypsáno,,,
Hlavní město Praha,Praha,Praha,Anglicko-české gymnázium AMAZON s.r.o.,651037026,Gymnázium,79-41-K/41,Worldwide education,Gymnázia 4letá,4,120,159,58,1.325,0.483,52,0,57,49,1.0,"místo bylo pro všechny, kdo splnili požadavky školy",69.96,52.0,"nevypsáno, i když obor nebyl naplněn",,,
Hlavní město Praha,Praha,Praha,Anglo - německá obchodní akademie a.s.,691001111,Ekonomika a podnikání,63-41-M/01,specializace jazyková a odborná,SOŠ,4,50,104,32,2.08,0.64,50,1,18,35,0.98,dostala se většina soutěžících uchazečů,52.41,37.0,nevypsáno,,,
Hlavní město Praha,Praha,Praha,Anglo - německá obchodní akademie a.s.,691001111,Ekonomika a podnikání,63-41-M/01,specializace sportovní,SOŠ,4,25,33,23,1.32,0.92,22,0,2,9,1.0,"místo bylo pro všechny, kdo splnili požadavky školy",52.41,34.0,"nevypsáno, i když obor nebyl naplněn",,,
Hlavní město Praha,Praha,Praha,Arcibiskupské gymnázium,600004791,Gymnázium,79-41-K/81,,Gymnázia 8letá,8,64,484,157,7.562,2.453,65,223,92,105,0.226,velmi těžké,77.73,68.0,nevypsáno,,,
Hlavní město Praha,Praha,Praha,Církevní střední zdravotnická škola,600019454,Praktická sestra,53-41-M/03,,SOŠ,4,60,225,69,3.75,1.15,60,24,67,74,0.714,dostala se většina soutěžících uchazečů,49.36,34.0,nevypsáno,,,
Hlavní město Praha,Praha,Praha,Církevní střední škola Jana Boska,600006077,Sociální činnost,75-41-L/51,,Nástavby,2,18,52,31,2.889,1.722,17,0,29,6,1.0,"místo bylo pro všechny, kdo splnili požadavky školy",39.06,23.0,vypsáno,2,13,2
Hlavní město Praha,Praha,Praha,"EDUCAnet-gymn., SOŠ a ZŠ Praha, s.r.o.",600005305,Gymnázium,79-41-K/41,NextGen Leaders: Výuka s jasným cílem,Gymnázia 4letá,4,66,167,60,2.53,0.909,65,17,16,68,0.793,dostala se většina soutěžících uchazečů,72.74,54.0,"nevypsáno, i když obor nebyl naplněn",,,
Hlavní město Praha,Praha,Praha,"EDUCAnet-gymn., SOŠ a ZŠ Praha, s.r.o.",600005305,Gymnázium,79-41-K/41,NextGen Professionals: AP Diploma,Gymnázia 4letá,4,22,98,34,4.455,1.545,20,13,20,43,0.606,středně těžké,77.8,60.0,"nevypsáno, i když obor nebyl naplněn",,,
Hlavní město Praha,Praha,Praha,EDUSO,651015995,Ekonomika a podnikání,63-41-M/01,Art management a produkce,SOŠ,4,16,77,15,4.812,0.938,16,10,0,51,0.615,středně těžké,54.38,32.0,nevypsáno,,,
Hlavní město Praha,Praha,Praha,EDUSO,651015995,Ekonomika a podnikání,63-41-M/01,Počítačová grafika a animace,SOŠ,4,16,39,8,2.438,0.5,11,0,1,27,1.0,"místo bylo pro všechny, kdo splnili požadavky školy",50.9,25.0,"nevypsáno, i když obor nebyl naplněn",,,
Hlavní město Praha,Praha,Praha,"ERUNI, univerzitní gymnázium a SOŠ Praha, z.ú.",691019258,Předškolní a mimoškolní pedagogika,75-31-M/01,"Univerzitní příprava v pedagogice, psychologii a moderních metodách učení",SOŠ,4,20,5,1,0.25,0.05,4,0,0,1,1.0,"místo bylo pro všechny, kdo splnili požadavky školy",40.25,,vypsáno,16,4,2
Hlavní město Praha,Praha,Praha,"ERUNI, univerzitní gymnázium a SOŠ Praha, z.ú.",691019258,Gymnázium,79-41-K/41,Univerzitní akademické výzkumné gymnázium,Gymnázia 4letá,4,20,2,0,0.1,0.0,1,0,0,1,1.0,"místo bylo pro všechny, kdo splnili požadavky školy",31.0,,vypsáno,19,5,2
Hlavní město Praha,Praha,Praha,Euroškola Praha SOŠ s.r.o.,600006409,Ekonomika a podnikání,63-41-M/01,,SOŠ,4,23,19,5,0.826,0.217,4,0,11,3,1.0,"místo bylo pro všechny, kdo splnili požadavky školy",54.75,,vypsáno,18,76,17
Hlavní město Praha,Praha,Praha,Evangelická akademie - pedagogické lyceum a SOŠ,600005429,Sociální činnost,75-41-M/01,,SOŠ,4,24,54,10,2.25,0.417,15,0,13,26,1.0,"místo bylo pro všechny, kdo splnili požadavky školy",38.07,22.0,vypsáno,9,37,9
Hlavní město Praha,Praha,Praha,Evangelická akademie - pedagogické lyceum a SOŠ,600005429,Pedagogické lyceum,78-42-M/03,,Lycea,4,28,112,23,4.0,0.821,28,8,23,53,0.778,dostala se většina soutěžících uchazečů,60.36,44.0,nevypsáno,,,
Hlavní město Praha,Praha,Praha,GAELY,691017981,Ekonomické lyceum,78-42-M/02,,Lycea,4,30,23,3,0.767,0.1,8,0,0,15,1.0,"místo bylo pro všechny, kdo splnili požadavky školy",41.0,,"nevypsáno, i když obor nebyl naplněn",,,
Hlavní město Praha,Praha,Praha,GAELY,691017981,Gymnázium,79-41-K/41,,Gymnázia 4letá,4,60,55,5,0.917,0.083,16,0,2,37,1.0,"místo bylo pro všechny, kdo splnili požadavky školy",55.62,34.0,"nevypsáno, i když obor nebyl naplněn",,,
Hlavní město Praha,Praha,Praha,"GYMNÁZIUM JANA PALACHA PRAHA 1, s.r.o.",600004635,Gymnázium,79-41-K/41,"ŠVP GYMNÁZIA JANA PALACHA PRAHA 1, s.r.o.",Gymnázia 4letá,4,40,176,62,4.4,1.55,37,54,19,63,0.407,těžké,80.05,70.0,"nevypsáno, i když obor nebyl naplněn",,,
Hlavní město Praha,Praha,Praha,Gymn. bří Čapků a První české soukr. SOU,600006531,Podnikání,64-41-L/51,Podnikání,Nástavby,2,20,56,31,2.8,1.55,12,0,36,8,1.0,"místo bylo pro všechny, kdo splnili požadavky školy",40.33,31.0,vypsáno,8,104,8
Hlavní město Praha,Praha,Praha,Gymn. bří Čapků a První české soukr. SOU,600006531,Gymnázium,79-41-K/41,Studia humaniora,Gymnázia 4letá,4,23,31,5,1.348,0.217,7,0,7,17,1.0,"místo bylo pro všechny, kdo splnili požadavky školy",69.0,,vypsáno,16,24,10
Hlavní město Praha,Praha,Praha,"Gymn., SOŠ, ZŠ a MŠ pro sluch. postižené",600020797,Gymnázium,79-41-K/41,,Gymnázia 4letá,4,10,24,14,2.4,1.4,10,4,7,3,0.714,dostala se většina soutěžících uchazečů,55.3,41.0,nevypsáno,,,
Hlavní město Praha,Praha,Praha,Gymn.a Sport.gymn.se zaměř.na esporty,691017972,Gymnázium,79-41-K/41,,Gymnázia 4letá,4,50,13,0,0.26,0.0,2,0,0,11,1.0,"místo bylo pro všechny, kdo splnili požadavky školy",54.0,,vypsáno,48,8,2
Hlavní město Praha,Praha,Praha,Gymn.a Sport.gymn.se zaměř.na esporty,691017972,Gymnázium se sportovní přípravou,79-42-K/41,se zaměřením na esporty,Gymnázia 4letá,4,60,24,7,0.4,0.117,13,0,2,7,1.0,"místo bylo pro všechny, kdo splnili požadavky školy",43.69,19.0,"nevypsáno, i když obor nebyl naplněn",,,
Hlavní město Praha,Praha,Praha,Gymnázium,600005046,Gymnázium,79-41-K/41,,Gymnázia 4letá,4,30,187,42,6.233,1.4,29,40,17,100,0.42,těžké,78.21,71.0,"nevypsáno, i když obor nebyl naplněn",,,
Hlavní město Praha,Praha,Praha,Gymnázium,600005089,Gymnázium,79-41-K/41,,Gymnázia 4letá,4,60,230,79,3.833,1.317,60,59,4,107,0.504,středně těžké,84.08,74.0,nevypsáno,,,
Hlavní město Praha,Praha,Praha,Gymnázium,600005143,Gymnázium,79-41-K/41,,Gymnázia 4letá,4,60,169,112,2.817,1.867,60,51,36,22,0.541,středně těžké,90.43,86.0,nevypsáno,,,
Hlavní město Praha,Praha,Praha,Gymnázium,600005771,Gymnázium,79-41-K/41,,Gymnázia 4letá,4,32,148,58,4.625,1.812,32,63,3,50,0.337,těžké,84.66,76.0,nevypsáno,,,
Hlavní město Praha,Praha,Praha,Gymnázium,600006115,Gymnázium,79-41-K/41,,Gymnázia 4letá,4,60,334,73,5.567,1.217,61,84,6,184,0.421,těžké,79.25,68.0,nevypsáno,,,
Hlavní město Praha,Praha,Praha,Gymnázium,600006352,Gymnázium,79-41-K/41,,Gymnázia 4letá,4,30,114,43,3.8,1.433,30,37,0,47,0.448,těžké,85.63,76.0,nevypsáno,,,
Hlavní město Praha,Praha,Praha,Gymnázium,600006603,Gymnázium,79-41-K/41,,Gymnázia 4letá,4,30,126,56,4.2,1.867,28,41,11,44,0.406,těžké,86.14,80.0,"nevypsáno, i když obor nebyl naplněn",,,
Hlavní město Praha,Praha,Praha,Gymnázium,600006646,Gymnázium,79-41-K/41,,Gymnázia 4letá,4,60,266,61,4.433,1.017,60,54,6,146,0.526,středně těžké,79.92,72.0,nevypsáno,,,
Hlavní město Praha,Praha,Praha,Gymnázium,600171710,Gymnázium,79-41-K/41,,Gymnázia 4letá,4,120,308,137,2.567,1.142,120,70,1,117,0.632,středně těžké,83.01,72.0,nevypsáno,,,
Hlavní město Praha,Praha,Praha,Gymnázium,600005496,Gymnázium,79-41-K/41,ALT,Gymnázia 4letá,4,30,96,65,3.2,2.167,30,45,3,18,0.4,těžké,87.93,73.0,nevypsáno,,,
Hlavní město Praha,Praha,Praha,Gymnázium,600005682,Gymnázium,79-41-K/41,Humanitní vědy,Gymnázia 4letá,4,60,233,117,3.883,1.95,60,99,0,74,0.377,těžké,87.45,78.0,nevypsáno,,,
Hlavní město Praha,Praha,Praha,Gymnázium,600005682,Gymnázium,79-41-K/41,Programování,Gymnázia 4letá,4,30,58,39,1.933,1.3,30,15,1,12,0.667,dostala se většina soutěžících uchazečů,87.71,79.0,nevypsáno,,,
Hlavní město Praha,Praha,Praha,Gymnázium,600005682,Gymnázium,79-41-K/41,Přírodní vědy,Gymnázia 4letá,4,60,185,120,3.083,2.0,60,78,2,45,0.435,těžké,89.85,82.0,nevypsáno,,,
Hlavní město Praha,Praha,Praha,Gymnázium,600004724,Gymnázium,79-41-K/41,Společně s přírodou,Gymnázia 4letá,4,93,210,151,2.258,1.624,93,74,8,35,0.557,středně těžké,86.83,76.0,nevypsáno,,,
Hlavní město Praha,Praha,Praha,Gymnázium,600005496,Gymnázium,79-41-K/41,VIA,Gymnázia 4letá,4,90,425,216,4.722,2.4,90,188,17,130,0.324,velmi těžké,88.26,78.0,nevypsáno,,,
Hlavní město Praha,Praha,Praha,Gymnázium,600005933,Gymnázium,79-41-K/41,Vzdělání pro budoucnost - všeobecné,Gymnázia 4letá,4,120,427,193,3.558,1.608,120,153,2,152,0.44,těžké,84.72,77.0,nevypsáno,,,
Hlavní město Praha,Praha,Praha,Gymnázium,600006247,Gymnázium,79-41-K/41,všeobecné - Naše škola v Evropě,Gymnázia 4letá,4,60,161,77,2.683,1.283,60,50,0,51,0.545,středně těžké,84.0,76.0,nevypsáno,,,
Hlavní město Praha,Praha,Praha,Gymnázium,600171701,Gymnázium,79-41-K/41,všeobecné studium,Gymnázia 4letá,4,60,153,71,2.55,1.183,59,24,19,50,0.711,dostala se většina soutěžících uchazečů,85.74,78.0,"nevypsáno, i když obor nebyl naplněn",,,
Hlavní město Praha,Praha,Praha,Gymnázium,600005089,Gymnázium,79-41-K/61,,Gymnázia 6letá,6,60,740,261,12.333,4.35,59,312,277,91,0.159,velmi těžké,72.85,68.0,"nevypsáno, i když obor nebyl naplněn",,,
Hlavní město Praha,Praha,Praha,Gymnázium,600006603,Gymnázium,79-41-K/61,,Gymnázia 6letá,6,30,651,197,21.7,6.567,30,147,388,86,0.169,velmi těžké,77.33,72.0,nevypsáno,,,
Hlavní město Praha,Praha,Praha,Gymnázium,600005143,Gymnázium,79-41-K/61,s posílenou výukou němčiny,Gymnázia 6letá,6,30,581,198,19.367,6.6,30,476,10,65,0.059,velmi těžké,82.67,77.0,nevypsáno,,,
Hlavní město Praha,Praha,Praha,Gymnázium,600005143,Gymnázium,79-41-K/61,s výukou francouzštiny,Gymnázia 6letá,6,30,391,129,13.033,4.3,29,287,3,71,0.092,velmi těžké,81.34,76.0,"nevypsáno, i když obor nebyl naplněn",,,
Hlavní město Praha,Praha,Praha,Gymnázium,600171701,Gymnázium,79-41-K/61,všeobecné studium,Gymnázia 6letá,6,30,719,285,23.967,9.5,30,154,473,62,0.163,velmi těžké,80.73,75.0,nevypsáno,,,
Hlavní město Praha,Praha,Praha,Gymnázium,600005046,Gymnázium,79-41-K/81,,Gymnázia 8letá,8,30,367,144,12.233,4.8,29,137,150,50,0.175,velmi těžké,79.17,71.0,"nevypsáno, i když obor nebyl naplněn",,,
Hlavní město Praha,Praha,Praha,Gymnázium,600005348,Gymnázium,79-41-K/81,,Gymnázia 8letá,8,60,629,241,10.483,4.017,60,139,328,102,0.302,velmi těžké,81.23,74.0,nevypsáno,,,
Hlavní město Praha,Praha,Praha,Gymnázium,600005623,Gymnázium,79-41-K/81,,Gymnázia 8letá,8,60,643,190,10.717,3.167,59,444,10,129,0.117,velmi těžké,78.76,72.0,"nevypsáno, i když obor nebyl naplněn",,,
Hlavní město Praha,Praha,Praha,Gymnázium,600005771,Gymnázium,79-41-K/81,,Gymnázia 8letá,8,60,488,217,8.133,3.617,60,354,3,71,0.145,velmi těžké,85.3,78.0,nevypsáno,,,
Hlavní město Praha,Praha,Praha,Gymnázium,600006115,Gymnázium,79-41-K/81,,Gymnázia 8letá,8,60,611,194,10.183,3.233,60,376,63,112,0.138,velmi těžké,79.73,74.0,nevypsáno,,,
Hlavní město Praha,Praha,Praha,Gymnázium,600006166,Gymnázium,79-41-K/81,,Gymnázia 8letá,8,60,353,115,5.883,1.917,60,207,5,81,0.225,velmi těžké,73.25,64.0,nevypsáno,,,
Hlavní město Praha,Praha,Praha,Gymnázium,600006352,Gymnázium,79-41-K/81,,Gymnázia 8letá,8,30,385,160,12.833,5.333,30,293,0,62,0.093,velmi těžké,89.24,84.0,nevypsáno,,,
Hlavní město Praha,Praha,Praha,Gymnázium,600006603,Gymnázium,79-41-K/81,,Gymnázia 8letá,8,60,530,236,8.833,3.933,60,133,252,85,0.311,velmi těžké,81.87,74.0,nevypsáno,,,
Hlavní město Praha,Praha,Praha,Gymnázium,600006646,Gymnázium,79-41-K/81,,Gymnázia 8letá,8,30,447,95,14.9,3.167,30,303,24,90,0.09,velmi těžké,72.41,69.0,nevypsáno,,,
Hlavní město Praha,Praha,Praha,Gymnázium,600005992,Gymnázium,79-41-K/81,79-41-K/81 Gymnázium,Gymnázia 8letá,8,60,384,116,6.4,1.933,59,253,1,70,0.189,velmi těžké,74.9,68.0,"nevypsáno, i když obor nebyl naplněn",,,
Hlavní město Praha,Praha,Praha,Gymnázium,600006247,Gymnázium,79-41-K/81,"všeobecné - Moje, tvoje, naše škola",Gymnázia 8letá,8,30,462,168,15.4,5.6,30,362,0,70,0.077,velmi těžké,85.87,80.0,nevypsáno,,,
Hlavní město Praha,Praha,Praha,Gymnázium,600171701,Gymnázium,79-41-K/81,všeobecné studium,Gymnázia 8letá,8,60,535,193,8.917,3.217,60,127,271,77,0.321,velmi těžké,79.93,73.0,nevypsáno,,,
Hlavní město Praha,Praha,Praha,Gymnázium,600171710,Gymnázium se sportovní přípravou,79-42-K/41,Atletika,Gymnázia 4letá,4,7,41,10,5.857,1.429,7,0,16,18,1.0,"místo bylo pro všechny, kdo splnili požadavky školy",65.0,,nevypsáno,,,
Hlavní město Praha,Praha,Praha,Gymnázium,600171710,Gymnázium se sportovní přípravou,79-42-K/41,Basketbal,Gymnázia 4letá,4,11,46,28,4.182,2.545,11,4,31,0,0.733,dostala se většina soutěžících uchazečů,70.09,49.0,nevypsáno,,,
Hlavní město Praha,Praha,Praha,Gymnázium,600171710,Gymnázium se sportovní přípravou,79-42-K/41,Házená - dívky,Gymnázia 4letá,4,4,10,3,2.5,0.75,3,0,1,6,1.0,"místo bylo pro všechny, kdo splnili požadavky školy",70.33,,"nevypsáno, i když obor nebyl naplněn",,,
Hlavní město Praha,Praha,Praha,Gymnázium,600171710,Gymnázium se sportovní přípravou,79-42-K/41,Volejbal,Gymnázia 4letá,4,8,39,21,4.875,2.625,8,5,23,3,0.615,středně těžké,86.12,,nevypsáno,,,
Hlavní město Praha,Praha,Praha,Gymnázium,600005348,Dvojjazyčné gymnázium,79-43-K/61,,Gymnázia 6letá,6,32,533,169,16.656,5.281,30,108,326,67,0.217,velmi těžké,77.63,71.0,"nevypsáno, i když obor nebyl naplněn",,,
Hlavní město Praha,Praha,Praha,Gymnázium,600005992,Dvojjazyčné gymnázium,79-43-K/61,79-43-K/61 Dvojjazyčné gymnázium,Gymnázia 6letá,6,30,237,76,7.9,2.533,29,182,0,25,0.137,velmi těžké,69.0,62.0,"nevypsáno, i když obor nebyl naplněn",,,
Hlavní město Praha,Praha,Praha,Gymnázium ALTIS s.r.o.,600005160,Gymnázium,79-41-K/81,Všeobecné,Gymnázia 8letá,8,29,123,26,4.241,0.897,28,37,16,41,0.431,těžké,56.61,41.0,"nevypsáno, i když obor nebyl naplněn",,,
Hlavní město Praha,Praha,Praha,Gymnázium ARTION,691015881,Gymnázium,79-41-K/41,,Gymnázia 4letá,4,25,43,13,1.72,0.52,15,0,9,17,1.0,"místo bylo pro všechny, kdo splnili požadavky školy",59.8,34.0,vypsáno,8,1,1
Hlavní město Praha,Praha,Praha,Gymnázium Christiana Dopplera,600005518,Gymnázium,79-41-K/41,Per partes ad astra,Gymnázia 4letá,4,30,135,62,4.5,2.067,30,51,5,49,0.37,těžké,91.57,85.0,nevypsáno,,,
Hlavní město Praha,Praha,Praha,Gymnázium Christiana Dopplera,600005518,Gymnázium,79-41-K/81,Cizí jazyky – brána do světa,Gymnázia 8letá,8,30,367,90,12.233,3.0,30,217,29,91,0.121,velmi těžké,77.43,71.0,nevypsáno,,,
Hlavní město Praha,Praha,Praha,Gymnázium Christiana Dopplera,600005518,Gymnázium,79-41-K/81,"Myslím, tedy jsem",Gymnázia 8letá,8,30,274,123,9.133,4.1,30,187,12,45,0.138,velmi těžké,85.24,79.0,nevypsáno,,,
Hlavní město Praha,Praha,Praha,Gymnázium Duhovka s.r.o.,600004821,Gymnázium,79-41-K/81,,Gymnázia 8letá,8,46,155,73,3.37,1.587,46,72,0,37,0.39,těžké,66.0,55.0,nevypsáno,,,
Hlavní město Praha,Praha,Praha,Gymnázium Elišky Krásnohorské,600005054,Gymnázium,79-41-K/41,,Gymnázia 4letá,4,30,227,52,7.567,1.733,30,69,3,125,0.303,velmi těžké,84.5,76.0,nevypsáno,,,
Hlavní město Praha,Praha,Praha,Gymnázium Elišky Krásnohorské,600005054,Gymnázium,79-41-K/81,,Gymnázia 8letá,8,30,508,140,16.933,4.667,30,297,87,94,0.092,velmi těžké,79.48,74.0,nevypsáno,,,
Hlavní město Praha,Praha,Praha,"Gymnázium Evolution, s.r.o.",600005178,Gymnázium,79-41-K/41,všeobecné gymnázium,Gymnázia 4letá,4,27,60,32,2.222,1.185,24,4,7,22,0.857,dostala se většina soutěžících uchazečů,79.91,66.0,"nevypsáno, i když obor nebyl naplněn",,,
Hlavní město Praha,Praha,Praha,"Gymnázium Evolution, s.r.o.",600005178,Gymnázium,79-41-K/61,Všeobecné gymnázium,Gymnázia 6letá,6,50,241,113,4.82,2.26,44,83,79,29,0.346,těžké,68.66,57.0,"nevypsáno, i když obor nebyl naplněn",,,
Hlavní město Praha,Praha,Praha,"Gymnázium Evolution, s.r.o.",600005178,Gymnázium,79-41-K/81,Všeobecné gymnázium,Gymnázia 8letá,8,26,229,114,8.808,4.385,25,113,41,49,0.181,velmi těžké,85.46,72.0,"nevypsáno, i když obor nebyl naplněn",,,
Hlavní město Praha,Praha,Praha,Gymnázium FOSTRA International s.r.o.,600005950,Gymnázium,79-41-K/41,Aspira - Rozvíjíme a podporujeme,Gymnázia 4letá,4,84,128,21,1.524,0.25,27,0,27,70,1.0,"místo bylo pro všechny, kdo splnili požadavky školy",54.8,26.0,vypsáno,72,70,24
Hlavní město Praha,Praha,Praha,Gymnázium FOSTRA International s.r.o.,600005950,Gymnázium,79-41-K/41,International - Rozvíjíme v globálních souvislostech Praha 3,Gymnázia 4letá,4,52,46,17,0.885,0.327,15,0,4,21,1.0,"místo bylo pro všechny, kdo splnili požadavky školy",60.07,35.0,vypsáno,52,17,7
Hlavní město Praha,Praha,Praha,Gymnázium FOSTRA International s.r.o.,600005950,Gymnázium,79-41-K/41,International - Rozvíjíme v globálních souvislostech Praha 5,Gymnázia 4letá,4,52,33,11,0.635,0.212,8,0,7,16,1.0,"místo bylo pro všechny, kdo splnili požadavky školy",47.62,,vypsáno,52,23,8
Hlavní město Praha,Praha,Praha,Gymnázium FOSTRA International s.r.o.,600005950,Gymnázium,79-41-K/41,Meda - Pro budoucí lékaře,Gymnázia 4letá,4,26,22,8,0.846,0.308,6,0,7,8,1.0,"místo bylo pro všechny, kdo splnili požadavky školy",57.17,,"nevypsáno, i když obor nebyl naplněn",,,
Hlavní město Praha,Praha,Praha,Gymnázium FOSTRA International s.r.o.,600005950,Gymnázium,79-41-K/41,Meda - Pro budoucí psychology,Gymnázia 4letá,4,26,19,8,0.731,0.308,6,0,4,8,1.0,"místo bylo pro všechny, kdo splnili požadavky školy",48.67,,"nevypsáno, i když obor nebyl naplněn",,,
Hlavní město Praha,Praha,Praha,"Gymnázium International a SOŠ, s.r.o.",691007080,Gymnázium,79-41-K/41,všeobecné,Gymnázia 4letá,4,75,44,2,0.587,0.027,9,0,2,32,1.0,"místo bylo pro všechny, kdo splnili požadavky školy",45.75,,vypsáno,65,126,34
Hlavní město Praha,Praha,Praha,Gymnázium J. Seiferta o.p.s.,600006107,Gymnázium,79-41-K/81,všeobecné,Gymnázia 8letá,8,24,125,42,5.208,1.75,25,48,23,30,0.342,těžké,79.72,61.0,nevypsáno,,,
Hlavní město Praha,Praha,Praha,Gymnázium J.G.Jarkovského,600004546,Gymnázium,79-41-K/81,,Gymnázia 8letá,8,60,578,98,9.633,1.633,60,368,0,150,0.14,velmi těžké,72.85,67.0,nevypsáno,,,
Hlavní město Praha,Praha,Praha,Gymnázium Jana Keplera,600005691,Gymnázium,79-41-K/41,,Gymnázia 4letá,4,90,286,184,3.178,2.044,88,114,24,58,0.436,těžké,91.87,84.0,"nevypsáno, i když obor nebyl naplněn",,,
Hlavní město Praha,Praha,Praha,Gymnázium Jana Keplera,600005691,Gymnázium,79-41-K/81,,Gymnázia 8letá,8,30,253,141,8.433,4.7,30,66,138,19,0.312,velmi těžké,89.55,81.0,nevypsáno,,,
Hlavní město Praha,Praha,Praha,"Gymnázium Jana Nerudy, škola hl.m. Prahy",600004589,Gymnázium,79-41-K/41,,Gymnázia 4letá,4,30,78,49,2.6,1.633,30,33,3,12,0.476,těžké,87.67,81.0,nevypsáno,,,
Hlavní město Praha,Praha,Praha,"Gymnázium Jana Nerudy, škola hl.m. Prahy",600004589,Gymnázium,79-41-K/61,,Gymnázia 6letá,6,60,833,332,13.883,5.533,60,654,11,108,0.084,velmi těžké,81.58,75.0,nevypsáno,,,
Hlavní město Praha,Praha,Praha,"Gymnázium Jana Nerudy, škola hl.m. Prahy",600004589,Dvojjazyčné gymnázium,79-43-K/61,,Gymnázia 6letá,6,30,349,153,11.633,5.1,30,275,8,36,0.098,velmi těžké,79.77,74.0,nevypsáno,,,
Hlavní město Praha,Praha,Praha,Gymnázium Jaroslava Heyrovského,600005534,Gymnázium,79-41-K/81,všeobecné,Gymnázia 8letá,8,90,704,231,7.822,2.567,89,459,7,148,0.162,velmi těžké,75.02,69.0,"nevypsáno, i když obor nebyl naplněn",,,
Hlavní město Praha,Praha,Praha,Gymnázium KUDYKAMPUS International s.r.o.,691019088,Gymnázium,79-41-K/41,,Gymnázia 4letá,4,104,191,69,1.837,0.663,68,0,38,80,1.0,"místo bylo pro všechny, kdo splnili požadavky školy",69.09,48.0,vypsáno,36,62,29
Hlavní město Praha,Praha,Praha,Gymnázium Karla Sladkovského,600004911,Gymnázium,79-41-K/41,,Gymnázia 4letá,4,60,137,57,2.283,0.95,60,20,0,57,0.75,dostala se většina soutěžících uchazečů,79.92,65.0,nevypsáno,,,
Hlavní město Praha,Praha,Praha,Gymnázium Karla Sladkovského,600004911,Gymnázium,79-41-K/81,,Gymnázia 8letá,8,30,299,81,9.967,2.7,30,86,128,55,0.259,velmi těžké,74.97,70.0,nevypsáno,,,
Hlavní město Praha,Praha,Praha,"Gymnázium Kodaňská a SOŠ, a.s.",691009619,Gymnázium,79-41-K/41,,Gymnázia 4letá,4,30,63,4,2.1,0.133,16,0,4,42,1.0,"místo bylo pro všechny, kdo splnili požadavky školy",57.94,40.0,vypsáno,13,53,13
Hlavní město Praha,Praha,Praha,"Gymnázium Kodaňská a SOŠ, a.s.",691009619,Gymnázium,79-41-K/81,,Gymnázia 8letá,8,30,119,16,3.967,0.533,26,0,64,26,1.0,"místo bylo pro všechny, kdo splnili požadavky školy",62.62,49.0,"nevypsáno, i když obor nebyl naplněn",,,
Hlavní město Praha,Praha,Praha,Gymnázium Laury Bassi s.r.o.,691019193,Gymnázium,79-41-K/41,,Gymnázia 4letá,4,40,19,11,0.475,0.275,9,0,3,7,1.0,"místo bylo pro všechny, kdo splnili požadavky školy",56.11,,vypsáno,31,11,2
Hlavní město Praha,Praha,Praha,Gymnázium Milady Horákové,691000468,Gymnázium,79-41-K/41,,Gymnázia 4letá,4,60,188,53,3.133,0.883,60,21,0,107,0.741,dostala se většina soutěžících uchazečů,76.23,60.0,nevypsáno,,,
Hlavní město Praha,Praha,Praha,Gymnázium Na Pražačce,600004961,Gymnázium,79-41-K/61,Německý jazyk,Gymnázia 6letá,6,30,326,80,10.867,2.667,30,197,47,52,0.132,velmi těžké,71.07,65.0,nevypsáno,,,
Hlavní město Praha,Praha,Praha,Gymnázium Na Pražačce,600004961,Gymnázium,79-41-K/61,Výtvarná výchova,Gymnázia 6letá,6,30,188,119,6.267,3.967,30,53,98,7,0.361,těžké,65.5,31.0,nevypsáno,,,
Hlavní město Praha,Praha,Praha,Gymnázium Na Pražačce,600004961,Gymnázium,79-41-K/61,Všeobecné,Gymnázia 6letá,6,30,716,164,23.867,5.467,30,484,101,101,0.058,velmi těžké,78.23,73.0,nevypsáno,,,
Hlavní město Praha,Praha,Praha,Gymnázium Opatov,600005208,Gymnázium,79-41-K/41,,Gymnázia 4letá,4,30,157,34,5.233,1.133,30,46,0,81,0.395,těžké,80.79,77.0,nevypsáno,,,
Hlavní město Praha,Praha,Praha,Gymnázium Opatov,600005208,Gymnázium,79-41-K/81,,Gymnázia 8letá,8,60,600,240,10.0,4.0,60,342,95,103,0.149,velmi těžké,77.95,69.0,nevypsáno,,,
Hlavní město Praha,Praha,Praha,Gymnázium Oty Pavla,600005500,Gymnázium,79-41-K/41,ŠVP GOP všeobecné,Gymnázia 4letá,4,30,103,40,3.433,1.333,30,18,6,49,0.625,středně těžké,84.47,66.0,nevypsáno,,,
Hlavní město Praha,Praha,Praha,Gymnázium Oty Pavla,600005500,Gymnázium,79-41-K/61,ŠVP GOP všeobecné s rozšířenou výukou AJ,Gymnázia 6letá,6,30,388,205,12.933,6.833,30,149,165,44,0.168,velmi těžké,78.23,68.0,nevypsáno,,,
Hlavní město Praha,Praha,Praha,"Gymnázium Paměti národa, s.r.o.",691014604,Gymnázium,79-41-K/41,,Gymnázia 4letá,4,26,44,13,1.692,0.5,18,0,5,21,1.0,"místo bylo pro všechny, kdo splnili požadavky školy",72.78,56.0,"nevypsáno, i když obor nebyl naplněn",,,
Hlavní město Praha,Praha,Praha,"Gymnázium Thomase Manna, z. ú.",691015554,Gymnázium,79-41-K/41,,Gymnázia 4letá,4,24,34,8,1.417,0.333,16,0,1,17,1.0,"místo bylo pro všechny, kdo splnili požadavky školy",62.07,42.0,vypsáno,9,7,5
Hlavní město Praha,Praha,Praha,"Gymnázium Thomase Manna, z. ú.",691015554,Gymnázium,79-41-K/81,,Gymnázia 8letá,8,27,54,27,2.0,1.0,27,15,4,8,0.643,středně těžké,61.48,43.0,nevypsáno,,,
Hlavní město Praha,Praha,Praha,"Gymnázium VICTORIA HIGH SCHOOL, s.r.o.",691017271,Gymnázium,79-41-K/41,,Gymnázia 4letá,4,60,36,5,0.6,0.083,10,0,0,26,1.0,"místo bylo pro všechny, kdo splnili požadavky školy",45.44,,vypsáno,45,8,2
Hlavní město Praha,Praha,Praha,"Gymnázium a Hudební škola hl.m.Prahy,ZUŠ",600001873,Gymnázium,79-41-K/81,,Gymnázia 8letá,8,36,121,80,3.361,2.222,36,64,3,18,0.36,těžké,71.47,46.0,nevypsáno,,,
Hlavní město Praha,Praha,Praha,Gymnázium a SOŠ pro zrakově postižené,600171418,Obchodní akademie,63-41-M/02,,SOŠ,4,14,19,2,1.357,0.143,2,0,3,14,1.0,"místo bylo pro všechny, kdo splnili požadavky školy",52.5,,vypsáno,10,2,2
Hlavní město Praha,Praha,Praha,Gymnázium a SOŠ pro zrakově postižené,600171418,Sociální činnost,75-41-M/01,,SOŠ,4,14,22,7,1.571,0.5,7,0,5,10,1.0,"místo bylo pro všechny, kdo splnili požadavky školy",48.43,,"nevypsáno, i když obor nebyl naplněn",,,
Hlavní město Praha,Praha,Praha,Gymnázium a SOŠ pro zrakově postižené,600171418,Gymnázium,79-41-K/41,,Gymnázia 4letá,4,14,20,11,1.429,0.786,9,0,4,6,1.0,"místo bylo pro všechny, kdo splnili požadavky školy",65.22,,"nevypsáno, i když obor nebyl naplněn",,,
Hlavní město Praha,Praha,Praha,"Gymnázium bezpečnostně právní, s.r.o.",691018774,Gymnázium,79-41-K/41,se zaměřením na právo a bezpečnost,Gymnázia 4letá,4,60,103,39,1.717,0.65,58,0,5,40,1.0,"místo bylo pro všechny, kdo splnili požadavky školy",54.84,22.0,"nevypsáno, i když obor nebyl naplněn",,,
Hlavní město Praha,Praha,Praha,Gymnázium mez.a veř. vztahů Praha s.r.o,691000212,Gymnázium,79-41-K/61,,Gymnázia 6letá,6,56,173,43,3.089,0.768,47,0,92,27,1.0,"místo bylo pro všechny, kdo splnili požadavky školy",59.13,45.0,"nevypsáno, i když obor nebyl naplněn",,,
Hlavní město Praha,Praha,Praha,Gymnázium mez.a veř. vztahů Praha s.r.o,691000212,Gymnázium,79-41-K/81,,Gymnázia 8letá,8,28,106,29,3.786,1.036,28,20,34,24,0.583,středně těžké,62.0,47.0,nevypsáno,,,
Hlavní město Praha,Praha,Praha,Gymnázium prof. Jana Patočky,600004694,Gymnázium,79-41-K/41,Vzdělání - cesta ke svobodě,Gymnázia 4letá,4,60,266,152,4.433,2.533,60,132,4,70,0.312,velmi těžké,89.4,77.0,nevypsáno,,,
Hlavní město Praha,Praha,Praha,Gymnázium prof. Jana Patočky,600004694,Gymnázium,79-41-K/81,Vzdělání - cesta ke svobodě,Gymnázia 8letá,8,30,399,142,13.3,4.733,30,243,52,74,0.11,velmi těžké,85.7,79.0,nevypsáno,,,
Hlavní město Praha,Praha,Praha,Gymnázium se sportovní přípravou Šeberov,691018707,Gymnázium se sportovní přípravou,79-42-K/41,atletika 79-42-K/41 ,Gymnázia 4letá,4,7,32,12,4.571,1.714,7,1,14,10,0.875,dostala se většina soutěžících uchazečů,59.0,,nevypsáno,,,
Hlavní město Praha,Praha,Praha,Gymnázium se sportovní přípravou Šeberov,691018707,Gymnázium se sportovní přípravou,79-42-K/41,basketbal 79-42-K/41 ,Gymnázia 4letá,4,10,29,10,2.9,1.0,9,0,15,5,1.0,"místo bylo pro všechny, kdo splnili požadavky školy",66.75,,"nevypsáno, i když obor nebyl naplněn",,,
Hlavní město Praha,Praha,Praha,Gymnázium se sportovní přípravou Šeberov,691018707,Gymnázium se sportovní přípravou,79-42-K/41,fotbal 79-42-K/41 ,Gymnázia 4letá,4,16,103,54,6.438,3.375,16,8,69,10,0.667,dostala se většina soutěžících uchazečů,62.19,48.0,nevypsáno,,,
Hlavní město Praha,Praha,Praha,Gymnázium se sportovní přípravou Šeberov,691018707,Gymnázium se sportovní přípravou,79-42-K/41,hokej 79-42-K/41 ,Gymnázia 4letá,4,8,35,11,4.375,1.375,7,0,21,7,1.0,"místo bylo pro všechny, kdo splnili požadavky školy",53.0,,"nevypsáno, i když obor nebyl naplněn",,,
Hlavní město Praha,Praha,Praha,Gymnázium se sportovní přípravou Šeberov,691018707,Gymnázium se sportovní přípravou,79-42-K/41,házená 79-42-K/41 ,Gymnázia 4letá,4,8,18,9,2.25,1.125,7,0,4,7,1.0,"místo bylo pro všechny, kdo splnili požadavky školy",56.0,,"nevypsáno, i když obor nebyl naplněn",,,
Hlavní město Praha,Praha,Praha,Gymnázium se sportovní přípravou Šeberov,691018707,Gymnázium se sportovní přípravou,79-42-K/41,plavání  79-42-K/41 ,Gymnázia 4letá,4,4,9,5,2.25,1.25,3,0,5,1,1.0,"místo bylo pro všechny, kdo splnili požadavky školy",68.0,,"nevypsáno, i když obor nebyl naplněn",,,
Hlavní město Praha,Praha,Praha,Gymnázium se sportovní přípravou Šeberov,691018707,Gymnázium se sportovní přípravou,79-42-K/41,rugby  79-42-K/41 ,Gymnázia 4letá,4,8,25,14,3.125,1.75,8,5,11,1,0.615,středně těžké,70.38,,nevypsáno,,,
Hlavní město Praha,Praha,Praha,Gymnázium se sportovní přípravou Šeberov,691018707,Gymnázium se sportovní přípravou,79-42-K/41,triatlon  79-42-K/41 ,Gymnázia 4letá,4,4,4,2,1.0,0.5,2,0,2,0,1.0,"místo bylo pro všechny, kdo splnili požadavky školy",63.5,,"nevypsáno, i když obor nebyl naplněn",,,
Hlavní město Praha,Praha,Praha,Gymnázium Čakovice,600006131,Gymnázium,79-41-K/41,KOMPAS,Gymnázia 4letá,4,30,67,34,2.233,1.133,29,14,5,18,0.674,dostala se většina soutěžících uchazečů,76.41,60.0,"nevypsáno, i když obor nebyl naplněn",,,
Hlavní město Praha,Praha,Praha,Gymnázium Čakovice,600006131,Gymnázium,79-41-K/41,KOTVA,Gymnázia 4letá,4,30,128,32,4.267,1.067,30,29,5,64,0.508,středně těžké,77.6,65.0,nevypsáno,,,
Hlavní město Praha,Praha,Praha,Gymnázium Čakovice,600006131,Gymnázium,79-41-K/61,,Gymnázia 6letá,6,30,452,235,15.067,7.833,30,283,105,34,0.096,velmi těžké,76.5,67.0,nevypsáno,,,
Hlavní město Praha,Praha,Praha,"Gymnázium, SOŠ a Pr. taneční konzervatoř",600005666,Obchodní akademie,63-41-M/02,obchodní akademie,SOŠ,4,23,40,6,1.739,0.261,9,0,6,24,1.0,"místo bylo pro všechny, kdo splnili požadavky školy",48.44,,"nevypsáno, i když obor nebyl naplněn",,,
Hlavní město Praha,Praha,Praha,"Gymnázium, SOŠ a Pr. taneční konzervatoř",600005666,Obchodní akademie,63-41-M/02,sportovní management,SOŠ,4,46,29,7,0.63,0.152,11,0,5,13,1.0,"místo bylo pro všechny, kdo splnili požadavky školy",44.18,35.0,"nevypsáno, i když obor nebyl naplněn",,,
Hlavní město Praha,Praha,Praha,"Gymnázium, SOŠ a Pr. taneční konzervatoř",600005666,Hotelnictví,65-42-M/01,Hotelnictví,SOŠ,4,30,21,9,0.7,0.3,7,0,8,6,1.0,"místo bylo pro všechny, kdo splnili požadavky školy",42.29,,vypsáno,23,68,20
Hlavní město Praha,Praha,Praha,"Gymnázium, SOŠ a Pr. taneční konzervatoř",600005666,Kosmetické služby,69-41-L/01,Kosmetické služby,SOU s maturitou,4,69,90,33,1.304,0.478,33,0,35,22,1.0,"místo bylo pro všechny, kdo splnili požadavky školy",40.81,30.0,vypsáno,36,125,30
Hlavní město Praha,Praha,Praha,"Gymnázium, ZŠ a MŠ Parentes",691000549,Gymnázium,79-41-K/41,všeobecné s rozvojem charakteru,Gymnázia 4letá,4,20,5,0,0.25,0.0,1,0,0,4,1.0,"místo bylo pro všechny, kdo splnili požadavky školy",56.0,,"nevypsáno, i když obor nebyl naplněn",,,
Hlavní město Praha,Praha,Praha,"Heřmánek Praha, ZŠ, gymnázium a střední ped. škola",691008426,Pedagogické lyceum,78-42-M/03,,Lycea,4,30,22,2,0.733,0.067,4,0,7,10,1.0,"místo bylo pro všechny, kdo splnili požadavky školy",50.25,,vypsáno,10,6,1
Hlavní město Praha,Praha,Praha,"Heřmánek Praha, ZŠ, gymnázium a střední ped. škola",691008426,Gymnázium,79-41-K/41,,Gymnázia 4letá,4,30,17,3,0.567,0.1,3,0,8,6,1.0,"místo bylo pro všechny, kdo splnili požadavky školy",63.33,,"nevypsáno, i když obor nebyl naplněn",,,
Hlavní město Praha,Praha,Praha,Hotelová škola,600004741,Hotelnictví,65-42-M/01,,SOŠ,4,150,521,116,3.473,0.773,148,50,132,189,0.747,dostala se většina soutěžících uchazečů,48.52,29.0,"nevypsáno, i když obor nebyl naplněn",,,
Hlavní město Praha,Praha,Praha,"Jedličkův ústav a MŠ, ZŠ a Střední škola",600027341,Sociální činnost,75-41-M/01,"ŠVP ""Práce v sociálních službách"" připravuje odborné pracovníky pro činnosti spojené s poskytováním sociálních služeb pro různé cílové skupiny. Studium je zakončeno maturitní zkouškou.",SOŠ,4,8,11,4,1.375,0.5,4,0,7,0,1.0,"místo bylo pro všechny, kdo splnili požadavky školy",48.5,,"nevypsáno, i když obor nebyl naplněn",,,
Hlavní město Praha,Praha,Praha,Karlínská obchodní akademie,600005976,Obchodní akademie,63-41-M/02,Aplikovaná ekonomie a podnikání,SOŠ,4,60,437,212,7.283,3.533,60,234,6,137,0.204,velmi těžké,79.77,67.0,nevypsáno,,,
Hlavní město Praha,Praha,Praha,Karlínská obchodní akademie,600005976,Obchodní akademie,63-41-M/02,Cestovní ruch,SOŠ,4,60,209,90,3.483,1.5,60,64,1,84,0.484,těžké,70.22,53.0,nevypsáno,,,
Hlavní město Praha,Praha,Praha,Karlínské gymnázium,600005968,Gymnázium,79-41-K/41,Naše škola,Gymnázia 4letá,4,64,349,85,5.453,1.328,61,107,0,178,0.363,těžké,81.54,71.0,"nevypsáno, i když obor nebyl naplněn",,,
Hlavní město Praha,Praha,Praha,Klasické gymnázium Modřany a ZŠ,600005267,Gymnázium,79-41-K/41,Škola je dílna lidskosti,Gymnázia 4letá,4,24,61,9,2.542,0.375,11,0,9,41,1.0,"místo bylo pro všechny, kdo splnili požadavky školy",63.09,42.0,"nevypsáno, i když obor nebyl naplněn",,,
Hlavní město Praha,Praha,Praha,Klasické gymnázium Modřany a ZŠ,600005267,Gymnázium,79-41-K/61,Škola je dílna lidskosti.,Gymnázia 6letá,6,44,240,57,5.455,1.295,39,58,99,39,0.402,těžké,62.46,52.0,"nevypsáno, i když obor nebyl naplněn",,,
Hlavní město Praha,Praha,Praha,Klasické gymnázium Modřany a ZŠ,600005267,Gymnázium,79-41-K/81,Škola je dílnou lidskosti,Gymnázia 8letá,8,44,187,43,4.25,0.977,44,38,69,36,0.537,středně těžké,62.49,50.0,nevypsáno,,,
Hlavní město Praha,Praha,Praha,"Klinická univerzitní škola EduVia, gymnázium a SŠP",691020035,Předškolní a mimoškolní pedagogika,75-31-M/01,,SOŠ,4,32,90,40,2.812,1.25,32,4,25,29,0.889,dostala se většina soutěžících uchazečů,58.97,37.0,nevypsáno,,,
Hlavní město Praha,Praha,Praha,"Klinická univerzitní škola EduVia, gymnázium a SŠP",691020035,Gymnázium,79-41-K/41,,Gymnázia 4letá,4,64,202,42,3.156,0.656,64,5,21,112,0.928,dostala se většina soutěžících uchazečů,70.25,51.0,nevypsáno,,,
Hlavní město Praha,Praha,Praha,"Královská střední škola, s.r.o.",600006026,Obchodní akademie,63-41-M/02,Business Academy (ČJ/AJ),SOŠ,4,22,11,1,0.5,0.045,3,0,2,5,1.0,"místo bylo pro všechny, kdo splnili požadavky školy",49.67,,"nevypsáno, i když obor nebyl naplněn",,,
Hlavní město Praha,Praha,Praha,"Královská střední škola, s.r.o.",600006026,Obchodní akademie,63-41-M/02,Obchodní akademie (ČJ),SOŠ,4,22,22,9,1.0,0.409,12,0,4,5,1.0,"místo bylo pro všechny, kdo splnili požadavky školy",47.33,33.0,"nevypsáno, i když obor nebyl naplněn",,,
Hlavní město Praha,Praha,Praha,"Královská střední škola, s.r.o.",600006026,Veřejnosprávní činnost,68-43-M/01,,SOŠ,4,22,20,5,0.909,0.227,6,0,7,7,1.0,"místo bylo pro všechny, kdo splnili požadavky školy",40.0,,"nevypsáno, i když obor nebyl naplněn",,,
Hlavní město Praha,Praha,Praha,"Královská střední škola, s.r.o.",600006026,Gymnázium,79-41-K/41,,Gymnázia 4letá,4,22,8,0,0.364,0.0,1,0,1,6,1.0,"místo bylo pro všechny, kdo splnili požadavky školy",72.0,,vypsáno,21,7,1
Hlavní město Praha,Praha,Praha,Královské gymnázium Petrovice s.r.o.,651040370,Gymnázium,79-41-K/41,,Gymnázia 4letá,4,16,42,8,2.625,0.5,15,0,0,27,1.0,"místo bylo pro všechny, kdo splnili požadavky školy",59.27,37.0,"nevypsáno, i když obor nebyl naplněn",,,
Hlavní město Praha,Praha,Praha,Královské gymnázium Petrovice s.r.o.,651040370,Gymnázium,79-41-K/81,,Gymnázia 8letá,8,18,72,23,4.0,1.278,18,13,22,19,0.581,středně těžké,70.0,60.0,nevypsáno,,,
Hlavní město Praha,Praha,Praha,"Křesťanská SŠ, ZŠ a MŠ Elijáš",651040001,Kombinované lyceum,78-42-M/06,,Lycea,4,19,81,29,4.263,1.526,19,17,11,34,0.528,středně těžké,73.53,57.0,nevypsáno,,,
Hlavní město Praha,Praha,Praha,Křesťanské gymnázium,600006476,Gymnázium,79-41-K/81,,Gymnázia 8letá,8,66,370,104,5.606,1.576,66,183,47,74,0.265,velmi těžké,69.85,56.0,nevypsáno,,,
Hlavní město Praha,Praha,Praha,"Lauderova MŠ,ZŠ a gymnázium při Žid.obci",610380061,Gymnázium,79-41-K/81,Le-chajim maskilim,Gymnázia 8letá,8,20,69,37,3.45,1.85,20,29,14,6,0.408,těžké,69.1,56.0,nevypsáno,,,
Hlavní město Praha,Praha,Praha,"MICHAEL - SŠ, Gymnázium a VOŠ, s.r.o.",600005364,Ekonomika a podnikání,63-41-M/01,Management a produkce,SOŠ,4,28,84,28,3.0,1.0,28,12,8,36,0.7,dostala se většina soutěžících uchazečů,45.36,24.0,nevypsáno,,,
Hlavní město Praha,Praha,Praha,"MICHAEL - SŠ, Gymnázium a VOŠ, s.r.o.",600005364,Gymnázium,79-41-K/41,Učíme se pro budoucnost,Gymnázia 4letá,4,48,95,27,1.979,0.562,33,0,13,47,1.0,"místo bylo pro všechny, kdo splnili požadavky školy",61.24,33.0,vypsáno,16,16,3
Hlavní město Praha,Praha,Praha,Malostranské gymnázium,600004597,Gymnázium,79-41-K/81,,Gymnázia 8letá,8,60,609,251,10.15,4.183,59,446,8,95,0.117,velmi těžké,83.66,78.0,"nevypsáno, i když obor nebyl naplněn",,,
Hlavní město Praha,Praha,Praha,Masarykova střední škola chemická,600004678,Aplikovaná chemie,28-44-M/01,,SOŠ,4,96,274,134,2.854,1.396,96,65,8,105,0.596,středně těžké,76.85,56.0,nevypsáno,,,
Hlavní město Praha,Praha,Praha,"Mensa gymnázium, o.p.s.",600005593,Gymnázium,79-41-K/81,,Gymnázia 8letá,8,24,70,51,2.917,2.125,24,37,0,9,0.393,těžké,85.46,79.0,nevypsáno,,,
Hlavní město Praha,Praha,Praha,Metropolitní odbor. umělec. SŠ,600005321,Podnikání,64-41-L/51,,Nástavby,2,15,90,19,6.0,1.267,15,28,20,27,0.349,těžké,36.2,19.0,nevypsáno,,,
Hlavní město Praha,Praha,Praha,Metropolitní odbor. umělec. SŠ,600005321,Kosmetické služby,69-41-L/01,,SOU s maturitou,4,15,113,40,7.533,2.667,15,58,12,28,0.205,velmi těžké,45.6,20.0,nevypsáno,,,
Hlavní město Praha,Praha,Praha,Metropolitní odbor. umělec. SŠ,600005321,Vlasová kosmetika,69-41-L/52,,Nástavby,2,15,63,43,4.2,2.867,15,30,11,7,0.333,těžké,37.6,29.0,nevypsáno,,,
Hlavní město Praha,Praha,Praha,Metropolitní odbor. umělec. SŠ,600005321,Umělecké řemeslné práce,82-51-L/51,,Nástavby,2,13,22,6,1.692,0.462,10,0,4,8,1.0,"místo bylo pro všechny, kdo splnili požadavky školy",23.9,12.0,"nevypsáno, i když obor nebyl naplněn",,,
Hlavní město Praha,Praha,Praha,"MŠ, ZŠ a gymnázium sv. Augustina",691003050,Gymnázium,79-41-K/41,,Gymnázia 4letá,4,24,43,13,1.792,0.542,12,0,16,15,1.0,"místo bylo pro všechny, kdo splnili požadavky školy",67.83,57.0,vypsáno,12,19,12
Hlavní město Praha,Praha,Praha,Naše lyceum - střední škola s.r.o.,691013560,Kombinované lyceum,78-42-M/06,,Lycea,4,22,64,13,2.909,0.591,19,0,8,35,1.0,"místo bylo pro všechny, kdo splnili požadavky školy",64.47,42.0,"nevypsáno, i když obor nebyl naplněn",,,
Hlavní město Praha,Praha,Praha,"Německá škola v Praze s.r.o.-zahr.šk.,ZŠ a gymnáz.",650004639,Gymnázium,79-41-K/81,,Gymnázia 8letá,8,25,31,16,1.24,0.64,18,0,5,8,1.0,"místo bylo pro všechny, kdo splnili požadavky školy",57.89,40.0,vypsáno,8,10,3
Hlavní město Praha,Praha,Praha,"Obch. akademie Praha, s.r.o.",600005836,Obchodní akademie,63-41-M/02,Business - Satalice,SOŠ,4,26,111,43,4.269,1.654,26,45,0,40,0.366,těžké,57.42,43.0,nevypsáno,,,
Hlavní město Praha,Praha,Praha,"Obch. akademie Praha, s.r.o.",600005836,Obchodní akademie,63-41-M/02,Business - Vinohrady,SOŠ,4,26,44,12,1.692,0.462,25,0,0,19,1.0,"místo bylo pro všechny, kdo splnili požadavky školy",43.92,25.0,"nevypsáno, i když obor nebyl naplněn",,,
Hlavní město Praha,Praha,Praha,"Obch. akademie Praha, s.r.o.",600005836,Lyceum (režim pokusného ověřování),78-42-M/08,Business - Satalice,Lycea,4,26,25,6,0.962,0.231,11,0,0,14,1.0,"místo bylo pro všechny, kdo splnili požadavky školy",45.45,20.0,"nevypsáno, i když obor nebyl naplněn",,,
Hlavní město Praha,Praha,Praha,"Obch. akademie Praha, s.r.o.",600005836,Lyceum (režim pokusného ověřování),78-42-M/08,Business - Vinohrady,Lycea,4,26,24,5,0.923,0.192,8,0,0,16,1.0,"místo bylo pro všechny, kdo splnili požadavky školy",40.25,,"nevypsáno, i když obor nebyl naplněn",,,
Hlavní město Praha,Praha,Praha,Obchodní akademie,600005941,Obchodní akademie,63-41-M/02,,SOŠ,4,30,199,33,6.633,1.1,30,71,9,89,0.297,velmi těžké,66.38,57.0,nevypsáno,,,
Hlavní město Praha,Praha,Praha,Obchodní akademie,600006573,Obchodní akademie,63-41-M/02,,SOŠ,4,30,282,86,9.4,2.867,30,120,6,126,0.2,velmi těžké,74.76,64.0,nevypsáno,,,
Hlavní město Praha,Praha,Praha,Obchodní akademie,600004929,Obchodní akademie,63-41-M/02,Obchodní akademie,SOŠ,4,30,289,84,9.633,2.8,30,101,58,100,0.229,velmi těžké,74.47,68.0,nevypsáno,,,
Hlavní město Praha,Praha,Praha,Obchodní akademie,600004929,Obchodní akademie,63-41-M/02,Sportovní management,SOŠ,4,60,388,144,6.467,2.4,60,128,53,147,0.319,velmi těžké,73.18,61.0,nevypsáno,,,
Hlavní město Praha,Praha,Praha,Obchodní akademie,600005941,Cestovní ruch,65-42-M/02,,SOŠ,4,120,453,119,3.775,0.992,120,89,43,201,0.574,středně těžké,59.55,44.0,nevypsáno,,,
Hlavní město Praha,Praha,Praha,Obchodní akademie,600006573,Ekonomické lyceum,78-42-M/02,,Lycea,4,60,251,88,4.183,1.467,60,87,1,103,0.408,těžké,81.0,66.0,nevypsáno,,,
Hlavní město Praha,Praha,Praha,Obchodní akademie,600004929,Ekonomické lyceum,78-42-M/02,Sportovněmanažerské lyceum,Lycea,4,30,144,48,4.8,1.6,30,30,22,62,0.5,středně těžké,78.47,66.0,nevypsáno,,,
Hlavní město Praha,Praha,Praha,Obchodní akademie,600006573,Lyceum (režim pokusného ověřování),78-42-M/08,,Lycea,4,30,106,44,3.533,1.467,30,29,0,47,0.508,středně těžké,73.63,62.0,nevypsáno,,,
Hlavní město Praha,Praha,Praha,Obchodní akademie,600004929,Lyceum (režim pokusného ověřování),78-42-M/08,Lyceum OA Kubelíkova,Lycea,4,30,114,32,3.8,1.067,30,23,9,52,0.566,středně těžké,70.3,62.0,nevypsáno,,,
Hlavní město Praha,Praha,Praha,Obchodní akademie Dušní,600004520,Informační technologie,18-20-M/01,Informatika v ekonomice,SOŠ,4,30,54,15,1.8,0.5,26,0,2,26,1.0,"místo bylo pro všechny, kdo splnili požadavky školy",59.19,36.0,vypsáno,4,106,4
Hlavní město Praha,Praha,Praha,Obchodní akademie Dušní,600004520,Obchodní akademie,63-41-M/02,,SOŠ,4,60,324,111,5.4,1.85,60,143,2,119,0.296,velmi těžké,70.5,57.0,nevypsáno,,,
Hlavní město Praha,Praha,Praha,Obchodní akademie Dušní,600004520,Ekonomické lyceum,78-42-M/02,,Lycea,4,60,239,63,3.983,1.05,60,59,4,116,0.504,středně těžké,73.23,57.0,nevypsáno,,,
Hlavní město Praha,Praha,Praha,Obchodní akademie Holešovice,600170012,Ekonomika a podnikání,63-41-M/01,Management sportovních zařízení,SOŠ,4,30,199,55,6.633,1.833,32,35,63,71,0.478,těžké,66.16,58.0,nevypsáno,,,
Hlavní město Praha,Praha,Praha,Obchodní akademie Holešovice,600170012,Obchodní akademie,63-41-M/02,Obchodní akademie,SOŠ,4,90,430,126,4.778,1.4,89,81,104,155,0.524,středně těžké,66.22,55.0,"nevypsáno, i když obor nebyl naplněn",,,
Hlavní město Praha,Praha,Praha,Obchodní akademie Vinohradská,600004775,Obchodní akademie,63-41-M/02,OA-cestovní ruch,SOŠ,4,60,270,46,4.5,0.767,59,52,21,137,0.532,středně těžké,54.41,39.0,"nevypsáno, i když obor nebyl naplněn",,,
Hlavní město Praha,Praha,Praha,Obchodní akademie Vinohradská,600004775,Obchodní akademie,63-41-M/02,OA-ekonomika a podnikání v Evropské unii,SOŠ,4,60,406,70,6.767,1.167,60,141,17,188,0.299,velmi těžké,61.42,46.0,nevypsáno,,,
Hlavní město Praha,Praha,Praha,Obchodní akademie Vinohradská,600004775,Ekonomické lyceum,78-42-M/02,,Lycea,4,30,223,18,7.433,0.6,30,53,13,127,0.361,těžké,62.31,48.0,nevypsáno,,,
Hlavní město Praha,Praha,Praha,Obchodní akademie a Gymnázium Bubeneč,600005721,Obchodní akademie,63-41-M/02,,SOŠ,4,56,337,77,6.018,1.375,56,125,3,153,0.309,velmi těžké,64.77,51.0,nevypsáno,,,
Hlavní město Praha,Praha,Praha,Obchodní akademie a Gymnázium Bubeneč,600005721,Ekonomické lyceum,78-42-M/02,,Lycea,4,30,140,26,4.667,0.867,30,26,10,74,0.536,středně těžké,69.8,57.0,nevypsáno,,,
Hlavní město Praha,Praha,Praha,Obchodní akademie a Gymnázium Bubeneč,600005721,Gymnázium,79-41-K/41,Humanitní gymnázium,Gymnázia 4letá,4,30,108,28,3.6,0.933,30,17,4,57,0.638,středně těžké,77.07,68.0,nevypsáno,,,
Hlavní město Praha,Praha,Praha,"PED Academy gymnázium, s.r.o.",691018791,Gymnázium,79-41-K/41,,Gymnázia 4letá,4,26,9,5,0.346,0.192,6,0,2,1,1.0,"místo bylo pro všechny, kdo splnili požadavky školy",57.83,,"nevypsáno, i když obor nebyl naplněn",,,
Hlavní město Praha,Praha,Praha,"PORG - gymnázium, ZŠ a MŠ, o.p.s.",600006018,Gymnázium,79-41-K/41,4leté Nový PORG Praha 4,Gymnázia 4letá,4,26,76,64,2.923,2.462,26,34,11,5,0.433,těžké,91.92,83.0,nevypsáno,,,
Hlavní město Praha,Brno-město,Praha,"PORG - gymnázium, ZŠ a MŠ, o.p.s.",600006018,Gymnázium,79-41-K/81,8leté Nový PORG Praha 4,Gymnázia 8letá,8,52,162,119,3.115,2.288,52,72,18,20,0.419,těžké,85.67,73.0,nevypsáno,,,
Hlavní město Praha,Brno-město,Praha,"PORG - gymnázium, ZŠ a MŠ, o.p.s.",600006018,Gymnázium,79-41-K/81,8leté PORG Libeň Praha 8,Gymnázia 8letá,8,26,87,72,3.346,2.769,26,49,8,4,0.347,těžké,86.42,72.0,nevypsáno,,,
Hlavní město Praha,Praha,Praha,"Perrott Hill MŠ, ZŠ a gymnázium s.r.o.",691015856,Gymnázium,79-41-K/41,,Gymnázia 4letá,4,36,13,12,0.361,0.333,10,0,3,0,1.0,"místo bylo pro všechny, kdo splnili požadavky školy",35.5,17.0,"nevypsáno, i když obor nebyl naplněn",,,
Hlavní město Praha,Praha,Praha,Pražské humanitní gymnázium,600006549,Gymnázium,79-41-K/41,,Gymnázia 4letá,4,20,15,2,0.75,0.1,6,0,2,6,1.0,"místo bylo pro všechny, kdo splnili požadavky školy",66.0,,vypsáno,20,15,4
Hlavní město Praha,Praha,Praha,Pražské humanitní gymnázium,600006549,Gymnázium,79-41-K/81,,Gymnázia 8letá,8,40,52,8,1.3,0.2,34,0,9,9,1.0,"místo bylo pro všechny, kdo splnili požadavky školy",47.38,28.0,vypsáno,40,57,25
Hlavní město Praha,Praha,Praha,Rakouské gymnázium v Praze o.p.s.,600005551,Dvojjazyčné gymnázium,79-43-K/61,,Gymnázia 6letá,6,50,267,109,5.34,2.18,49,177,3,37,0.217,velmi těžké,67.55,60.0,"nevypsáno, i když obor nebyl naplněn",,,
Hlavní město Praha,Praha,Praha,SKOLAEUPRAHA,600170047,Ekonomika a podnikání,63-41-M/01,Bankovnictví,SOŠ,4,30,98,64,3.267,2.133,31,31,19,18,0.5,středně těžké,78.87,68.0,nevypsáno,,,
Hlavní město Praha,Praha,Praha,SKOLAEUPRAHA,600170047,Ekonomika a podnikání,63-41-M/01,Personální management,SOŠ,4,30,101,75,3.367,2.5,30,40,16,15,0.429,těžké,79.81,73.0,nevypsáno,,,
Hlavní město Praha,Praha,Praha,SKOLAEUPRAHA,600170047,Veřejnosprávní činnost,68-43-M/01,Diplomatické služby,SOŠ,4,60,215,142,3.583,2.367,60,81,38,36,0.426,těžké,81.52,73.0,nevypsáno,,,
Hlavní město Praha,Praha,Praha,SKOLAEUPRAHA,600170047,Veřejnosprávní činnost,68-43-M/01,Právo,SOŠ,4,30,147,103,4.9,3.433,30,69,27,21,0.303,velmi těžké,84.23,76.0,nevypsáno,,,
Hlavní město Praha,Praha,Praha,SKOLAEUPRAHA,600170047,Informační služby,72-41-M/01,Mediální komunikace,SOŠ,4,30,101,52,3.367,1.733,30,24,24,23,0.556,středně těžké,78.77,70.0,nevypsáno,,,
Hlavní město Praha,Praha,Praha,SKOLAEUPRAHA,600170047,Gymnázium,79-41-K/41,Gymnázium,Gymnázia 4letá,4,30,93,65,3.1,2.167,30,38,5,20,0.441,těžké,86.3,82.0,nevypsáno,,,
Hlavní město Praha,Praha,Praha,SOS logistiky a podnikání,600170071,Provoz a ekonomika dopravy,37-41-M/01,Provoz a ekonomika dopravy,SOŠ,4,30,85,29,2.833,0.967,30,2,16,37,0.938,dostala se většina soutěžících uchazečů,57.87,37.0,nevypsáno,,,
Hlavní město Praha,Praha,Praha,SOS logistiky a podnikání,600170071,Logistické a finanční služby,37-42-M/01,Logistické a finanční služby,SOŠ,4,30,93,29,3.1,0.967,30,5,23,35,0.857,dostala se většina soutěžících uchazečů,54.07,38.0,nevypsáno,,,
Hlavní město Praha,Praha,Praha,SOS logistiky a podnikání,600170071,Ekonomika a podnikání,63-41-M/01,Ekonomika a podnikání,SOŠ,4,30,160,52,5.333,1.733,30,21,50,59,0.588,středně těžké,69.73,55.0,nevypsáno,,,
Hlavní město Praha,Praha,Praha,SOS logistiky a podnikání,600170071,Lyceum (režim pokusného ověřování),78-42-M/08,Lyceum,Lycea,4,30,79,10,2.633,0.333,25,0,15,40,1.0,"místo bylo pro všechny, kdo splnili požadavky školy",54.5,42.0,"nevypsáno, i když obor nebyl naplněn",,,
Hlavní město Praha,Praha,Praha,"SOŠ a SOU, Praha - Čakovice",600006433,Chovatel cizokrajných zvířat,41-43-L/01,,SOU s maturitou,4,30,140,57,4.667,1.9,28,63,1,46,0.308,velmi těžké,66.93,52.0,"nevypsáno, i když obor nebyl naplněn",,,
Hlavní město Praha,Praha,Praha,"SOŠ a SOU, Praha - Čakovice",600006433,Podnikání,64-41-L/51,,Nástavby,2,52,178,50,3.423,0.962,52,70,1,55,0.426,těžké,35.77,24.0,nevypsáno,,,
Hlavní město Praha,Praha,Praha,"SOŠ a SOU, Praha - Čakovice",600006433,Gastronomie,65-41-L/01,Kuchař,SOU s maturitou,4,15,40,6,2.667,0.4,15,0,6,19,1.0,"místo bylo pro všechny, kdo splnili požadavky školy",32.0,15.0,nevypsáno,,,
Hlavní město Praha,Praha,Praha,"SOŠ a SOU, Praha - Čakovice",600006433,Gastronomie,65-41-L/01,Číšník,SOU s maturitou,4,15,19,3,1.267,0.2,6,0,2,11,1.0,"místo bylo pro všechny, kdo splnili požadavky školy",28.5,,"nevypsáno, i když obor nebyl naplněn",,,
Hlavní město Praha,Praha,Praha,"SOŠ automobilní, informatiky a gymnázium",600170080,Informační technologie,18-20-M/01,,SOŠ,4,60,167,58,2.783,0.967,47,0,64,56,1.0,"místo bylo pro všechny, kdo splnili požadavky školy",64.45,42.0,vypsáno,13,51,13
Hlavní město Praha,Praha,Praha,"SOŠ automobilní, informatiky a gymnázium",600170080,Informační technologie,18-20-M/01,Multimediální komunikace,SOŠ,4,30,86,26,2.867,0.867,29,0,29,28,1.0,"místo bylo pro všechny, kdo splnili požadavky školy",57.32,42.0,"nevypsáno, i když obor nebyl naplněn",,,
Hlavní město Praha,Praha,Praha,"SOŠ automobilní, informatiky a gymnázium",600170080,Autotronik,39-41-L/01,Mechanik opravář motorových vozidel,SOU s maturitou,4,60,228,144,3.8,2.4,60,15,111,42,0.8,dostala se většina soutěžících uchazečů,62.5,49.0,nevypsáno,,,
Hlavní město Praha,Praha,Praha,"SOŠ automobilní, informatiky a gymnázium",600170080,Podnikání,64-41-L/51,,Nástavby,2,30,195,57,6.5,1.9,30,26,64,75,0.536,středně těžké,44.1,37.0,nevypsáno,,,
Hlavní město Praha,Praha,Praha,"SOŠ automobilní, informatiky a gymnázium",600170080,Gymnázium,79-41-K/41,Elektromobility,Gymnázia 4letá,4,30,32,6,1.067,0.2,8,0,9,15,1.0,"místo bylo pro všechny, kdo splnili požadavky školy",65.0,,vypsáno,22,49,22
Hlavní město Praha,Praha,Praha,"SOŠ automobilní, informatiky a gymnázium",600170080,Gymnázium,79-41-K/41,Multimédií,Gymnázia 4letá,4,30,100,24,3.333,0.8,30,4,19,47,0.882,dostala se většina soutěžících uchazečů,67.0,55.0,nevypsáno,,,
Hlavní město Praha,Praha,Praha,"SOŠ civilního letectví, Praha - Ruzyně",600005810,Letecký mechanik,23-45-L/02,,SOU s maturitou,4,26,139,71,5.346,2.731,26,61,5,47,0.299,velmi těžké,68.56,58.0,nevypsáno,,,
Hlavní město Praha,Praha,Praha,"SOŠ civilního letectví, Praha - Ruzyně",600005810,Mechanik elektrotechnik,26-41-L/01,Avionik ,SOU s maturitou,4,20,65,35,3.25,1.75,20,26,2,17,0.435,těžké,75.1,64.0,nevypsáno,,,
Hlavní město Praha,Praha,Praha,"SOŠ civilního letectví, Praha - Ruzyně",600005810,Ekonomika a podnikání,63-41-M/01,Obchodně provozní pracovník civilního letectví ,SOŠ,4,50,247,153,4.94,3.06,51,132,2,63,0.279,velmi těžké,68.43,48.0,nevypsáno,,,
Hlavní město Praha,Praha,Praha,"SOŠ podnikatelská PROFIT, s.r.o.",600006425,Ekonomika a podnikání,63-41-M/01,Management obchodu a služeb,SOŠ,4,24,84,16,3.5,0.667,17,0,27,38,1.0,"místo bylo pro všechny, kdo splnili požadavky školy",47.56,36.0,"nevypsáno, i když obor nebyl naplněn",,,
Hlavní město Praha,Praha,Praha,"SOŠ podnikatelská PROFIT, s.r.o.",600006425,Ekonomika a podnikání,63-41-M/01,Management sportu,SOŠ,4,24,76,14,3.167,0.583,24,6,9,37,0.8,dostala se většina soutěžících uchazečů,49.92,38.0,nevypsáno,,,
Hlavní město Praha,Praha,Praha,SOŠ sociální svaté Zdislavy,600004902,Veřejnosprávní činnost,68-43-M/01,,SOŠ,4,60,101,20,1.683,0.333,50,0,4,47,1.0,"místo bylo pro všechny, kdo splnili požadavky školy",41.18,21.0,vypsáno,10,146,10
Hlavní město Praha,Praha,Praha,SOŠ sociální svaté Zdislavy,600004902,Sociální činnost,75-41-M/01,,SOŠ,4,60,128,35,2.133,0.583,60,0,11,57,1.0,"místo bylo pro všechny, kdo splnili požadavky školy",38.1,19.0,nevypsáno,,,
Hlavní město Praha,Praha,Praha,"SOŠ sociální, o.p.s.",600006000,Sociální činnost,75-41-M/01,,SOŠ,4,14,25,4,1.786,0.286,5,0,7,13,1.0,"místo bylo pro všechny, kdo splnili požadavky školy",36.4,,vypsáno,6,70,6
Hlavní město Praha,Praha,Praha,SOŠ uměleckořemeslná s.r.o.,600006379,Kombinované lyceum,78-42-M/06,,Lycea,4,25,33,2,1.32,0.08,5,0,7,21,1.0,"místo bylo pro všechny, kdo splnili požadavky školy",58.6,,vypsáno,18,20,9
Hlavní město Praha,Praha,Praha,SOŠ uměleckořemeslná s.r.o.,600006379,Umělecké řemeslné práce,82-51-L/51,,Nástavby,2,24,48,39,2.0,1.625,24,0,20,4,1.0,"místo bylo pro všechny, kdo splnili požadavky školy",44.62,22.0,vypsáno,4,4,2
Hlavní město Praha,Praha,Praha,SPŠ a Gymnázium Na Třebešíně,600006565,Informační technologie,18-20-M/01,,SOŠ,4,60,168,32,2.8,0.533,48,0,18,101,1.0,"místo bylo pro všechny, kdo splnili požadavky školy",54.74,35.0,vypsáno,7,88,7
Hlavní město Praha,Praha,Praha,SPŠ a Gymnázium Na Třebešíně,600006565,Strojírenství,23-41-M/01,,SOŠ,4,60,136,27,2.267,0.45,50,0,3,83,1.0,"místo bylo pro všechny, kdo splnili požadavky školy",53.54,26.0,vypsáno,4,22,4
Hlavní město Praha,Praha,Praha,SPŠ a Gymnázium Na Třebešíně,600006565,Technické lyceum,78-42-M/01,,Lycea,4,30,81,12,2.7,0.4,27,0,3,51,1.0,"místo bylo pro všechny, kdo splnili požadavky školy",54.96,30.0,"nevypsáno, i když obor nebyl naplněn",,,
Hlavní město Praha,Praha,Praha,SPŠ a Gymnázium Na Třebešíně,600006565,Gymnázium,79-41-K/41,,Gymnázia 4letá,4,30,84,13,2.8,0.433,21,0,7,55,1.0,"místo bylo pro všechny, kdo splnili požadavky školy",61.5,29.0,vypsáno,4,50,4
Hlavní město Praha,Praha,Praha,SPŠ elektrotechnická,600004783,Informační technologie,18-20-M/01,Programování a digitální technologie,SOŠ,4,96,394,132,4.104,1.375,95,117,3,178,0.448,těžké,71.33,52.0,"nevypsáno, i když obor nebyl naplněn",,,
Hlavní město Praha,Praha,Praha,SPŠ elektrotechnická,600004783,Elektrotechnika,26-41-M/01, Automatizace a robotika,SOŠ,4,96,433,130,4.51,1.354,96,122,1,214,0.44,těžké,68.81,44.0,nevypsáno,,,
Hlavní město Praha,Praha,Praha,SPŠ elektrotechnická a gymnázium,600006514,Informační technologie,18-20-M/01,Informační technologie,SOŠ,4,64,214,78,3.344,1.219,64,31,24,95,0.674,dostala se většina soutěžících uchazečů,71.0,46.0,nevypsáno,,,
Hlavní město Praha,Praha,Praha,SPŠ elektrotechnická a gymnázium,600006514,Elektrotechnika,26-41-M/01,Aplikovaná elektronika,SOŠ,4,64,209,65,3.266,1.016,64,31,17,97,0.674,dostala se většina soutěžících uchazečů,65.27,48.0,nevypsáno,,,
Hlavní město Praha,Praha,Praha,SPŠ elektrotechnická a gymnázium,600006514,Gymnázium,79-41-K/41,Gymnázium,Gymnázia 4letá,4,32,70,18,2.188,0.562,29,0,1,40,1.0,"místo bylo pro všechny, kdo splnili požadavky školy",68.03,42.0,vypsáno,3,31,3
Hlavní město Praha,Praha,Praha,SPŠ sdělovací techniky,600004554,Telekomunikace,26-45-M/01,Audiovizuální technika,SOŠ,4,30,122,52,4.067,1.733,30,13,41,38,0.698,dostala se většina soutěžících uchazečů,77.2,62.0,nevypsáno,,,
Hlavní město Praha,Praha,Praha,SPŠ sdělovací techniky,600004554,Technické lyceum,78-42-M/01,,Lycea,4,90,250,61,2.778,0.678,88,0,23,139,1.0,"místo bylo pro všechny, kdo splnili požadavky školy",73.05,51.0,"nevypsáno, i když obor nebyl naplněn",,,
Hlavní město Praha,Praha,Praha,SPŠ stavební Josefa Gočára,600005071,Stavebnictví,36-47-M/01,Architektura a interiérový design,SOŠ,4,60,217,105,3.617,1.75,60,82,1,74,0.423,těžké,74.88,65.0,nevypsáno,,,
Hlavní město Praha,Praha,Praha,SPŠ stavební Josefa Gočára,600005071,Stavebnictví,36-47-M/01,Pozemní stavitelství,SOŠ,4,60,180,77,3.0,1.283,60,40,2,78,0.6,středně těžké,71.67,61.0,nevypsáno,,,
Hlavní město Praha,Praha,Praha,SPŠ stavební Josefa Gočára,600005071,Stavebnictví,36-47-M/01,Stavitelství a architektura,SOŠ,4,60,200,98,3.333,1.633,60,69,1,70,0.465,těžké,78.6,69.0,nevypsáno,,,
Hlavní město Praha,Praha,Praha,"SPŠ strojnická, škola hl.m. Prahy",600004686,Informační technologie,18-20-M/01,,SOŠ,4,30,162,36,5.4,1.2,30,9,46,77,0.769,dostala se většina soutěžících uchazečů,68.55,49.0,nevypsáno,,,
Hlavní město Praha,Praha,Praha,"SPŠ strojnická, škola hl.m. Prahy",600004686,Strojírenství,23-41-M/01,,SOŠ,4,90,247,55,2.744,0.611,78,0,37,132,1.0,"místo bylo pro všechny, kdo splnili požadavky školy",63.65,42.0,vypsáno,16,20,7
Hlavní město Praha,Praha,Praha,"SPŠ strojnická, škola hl.m. Prahy",600004686,Technické lyceum,78-42-M/01,,Lycea,4,30,123,48,4.1,1.6,33,28,9,56,0.541,středně těžké,80.21,62.0,nevypsáno,,,
Hlavní město Praha,Praha,Praha,SPŠ zeměměřická a Geogr. gymnázium Praha,600006123,Geodézie a katastr nemovitostí,36-46-M/01,,SOŠ,4,60,149,49,2.483,0.817,60,0,25,64,1.0,"místo bylo pro všechny, kdo splnili požadavky školy",61.8,43.0,nevypsáno,,,
Hlavní město Praha,Praha,Praha,SPŠ zeměměřická a Geogr. gymnázium Praha,600006123,Gymnázium,79-41-K/41,geografie,Gymnázia 4letá,4,30,75,22,2.5,0.733,23,0,11,41,1.0,"místo bylo pro všechny, kdo splnili požadavky školy",71.57,54.0,"nevypsáno, i když obor nebyl naplněn",,,
Hlavní město Praha,Praha,Praha,"SPŠ, SOŠ a G, Praha 2, Podskalská 10",600004856,Ekologie a životní prostředí,16-01-M/01,Ekologie a ochrana životního prostředí,SOŠ,4,45,161,45,3.578,1.0,45,33,5,78,0.577,středně těžké,63.96,46.0,nevypsáno,,,
Hlavní město Praha,Praha,Praha,"SPŠ, SOŠ a G, Praha 2, Podskalská 10",600004856,Technologie potravin,29-41-M/01,"Technologie piva, vína, lihu a nealkoholických nápojů",SOŠ,4,30,47,16,1.567,0.533,24,0,6,17,1.0,"místo bylo pro všechny, kdo splnili požadavky školy",52.46,25.0,vypsáno,6,45,6
Hlavní město Praha,Praha,Praha,"SPŠ, SOŠ a G, Praha 2, Podskalská 10",600004856,Technologie potravin,29-41-M/01,Technologie zpracování masa a masných výrobků,SOŠ,4,7,11,1,1.571,0.143,2,0,1,8,1.0,"místo bylo pro všechny, kdo splnili požadavky školy",37.5,,vypsáno,5,9,2
Hlavní město Praha,Praha,Praha,"SPŠ, SOŠ a G, Praha 2, Podskalská 10",600004856,Technologie potravin,29-41-M/01,"Zpracování mouky, technologie pekařských a cukrářských výrobků",SOŠ,4,9,24,7,2.667,0.778,9,0,1,14,1.0,"místo bylo pro všechny, kdo splnili požadavky školy",57.89,,nevypsáno,,,
Hlavní město Praha,Praha,Praha,"SPŠ, SOŠ a G, Praha 2, Podskalská 10",600004856,Analýza potravin,29-42-M/01,Analýza potravin,SOŠ,4,30,109,12,3.633,0.4,30,3,3,73,0.909,dostala se většina soutěžících uchazečů,53.87,35.0,nevypsáno,,,
Hlavní město Praha,Praha,Praha,"SPŠ, SOŠ a G, Praha 2, Podskalská 10",600004856,Veterinářství,43-41-M/01,Veterinářství,SOŠ,4,30,186,110,6.2,3.667,30,88,20,48,0.254,velmi těžké,79.07,69.0,nevypsáno,,,
Hlavní město Praha,Praha,Praha,"SPŠ, SOŠ a G, Praha 2, Podskalská 10",600004856,Přírodovědné lyceum,78-42-M/05,Přírodovědné lyceum,Lycea,4,30,153,39,5.1,1.3,30,42,4,77,0.417,těžké,76.53,62.0,nevypsáno,,,
Hlavní město Praha,Praha,Praha,"SPŠ, SOŠ a G, Praha 2, Podskalská 10",600004856,Gymnázium,79-41-K/41,Gymnázium (s ekonomickým zaměřením),Gymnázia 4letá,4,30,218,33,7.267,1.1,29,47,3,138,0.382,těžké,72.86,59.0,"nevypsáno, i když obor nebyl naplněn",,,
Hlavní město Praha,Praha,Praha,School for Future – gymnázium s.r.o.,691017832,Gymnázium,79-41-K/41,všeobecné zaměření,Gymnázia 4letá,4,81,35,5,0.432,0.062,3,0,3,26,1.0,"místo bylo pro všechny, kdo splnili požadavky školy",53.33,,"nevypsáno, i když obor nebyl naplněn",,,
Hlavní město Praha,Praha,Praha,"ScioŠkola Praha Holešovice - SŠ, s.r.o.",691016976,Gymnázium,79-41-K/41,,Gymnázia 4letá,4,80,101,37,1.262,0.463,21,0,57,22,1.0,"místo bylo pro všechny, kdo splnili požadavky školy",62.29,44.0,vypsáno,15,17,4
Hlavní město Praha,Praha,Praha,"ScioŠkola Žižkov - střední škola, s.r.o.",691012342,Pedagogické lyceum,78-42-M/03,Škola kterou tvoří studenti,Lycea,4,38,116,36,3.053,0.947,34,0,34,48,1.0,"místo bylo pro všechny, kdo splnili požadavky školy",56.38,32.0,"nevypsáno, i když obor nebyl naplněn",,,
Hlavní město Praha,Praha,Praha,"ScioŠkola Žižkov - střední škola, s.r.o.",691012342,Gymnázium,79-41-K/41,pouze online výuka a expedice,Gymnázia 4letá,4,26,47,29,1.808,1.115,26,4,12,5,0.867,dostala se většina soutěžících uchazečů,59.27,30.0,nevypsáno,,,
Hlavní město Praha,Praha,Praha,"Smíchovská SPŠ, gymnázium a hotelová škola",600005542,Informační technologie,18-20-M/01,Informační technologie,SOŠ,4,96,343,257,3.573,2.677,98,174,33,40,0.36,těžké,85.38,70.0,nevypsáno,,,
Hlavní město Praha,Praha,Praha,"Smíchovská SPŠ, gymnázium a hotelová škola",600005542,Informační technologie,18-20-M/01,Kybernetická bezpečnost,SOŠ,4,32,151,102,4.719,3.188,31,78,21,20,0.284,velmi těžké,85.26,74.0,"nevypsáno, i když obor nebyl naplněn",,,
Hlavní město Praha,Praha,Praha,"Smíchovská SPŠ, gymnázium a hotelová škola",600005542,Hotelnictví,65-42-M/01,,SOŠ,4,64,183,51,2.859,0.797,48,0,73,61,1.0,"místo bylo pro všechny, kdo splnili požadavky školy",45.87,30.0,"nevypsáno, i když obor nebyl naplněn",,,
Hlavní město Praha,Praha,Praha,"Smíchovská SPŠ, gymnázium a hotelová škola",600005542,Cestovní ruch,65-42-M/02,,SOŠ,4,32,232,51,7.25,1.594,31,36,78,86,0.463,těžké,58.77,52.0,"nevypsáno, i když obor nebyl naplněn",,,
Hlavní město Praha,Praha,Praha,"Smíchovská SPŠ, gymnázium a hotelová škola",600005542,Lyceum (režim pokusného ověřování),78-42-M/08,,Lycea,4,32,157,71,4.906,2.219,32,66,14,45,0.327,velmi těžké,74.91,58.0,vypsáno,16,100,16
Hlavní město Praha,Praha,Praha,"Smíchovská SPŠ, gymnázium a hotelová škola",600005542,Gymnázium,79-41-K/41,,Gymnázia 4letá,4,128,331,196,2.586,1.531,127,110,11,82,0.536,středně těžké,83.31,72.0,"nevypsáno, i když obor nebyl naplněn",,,
Hlavní město Praha,Praha,Praha,"Soukr. SOŠ a Soukr. SOU BEAN, s.r.o.",600006328,Obchodní akademie,63-41-M/02,,SOŠ,4,20,26,5,1.3,0.25,11,0,5,10,1.0,"místo bylo pro všechny, kdo splnili požadavky školy",40.2,13.0,vypsáno,19,140,19
Hlavní město Praha,Praha,Praha,"Soukr. SOŠ a Soukr. SOU BEAN, s.r.o.",600006328,Ekonomické lyceum,78-42-M/02,sportovní management,Lycea,4,20,80,10,4.0,0.5,20,17,11,32,0.541,středně těžké,41.5,29.0,nevypsáno,,,
Hlavní město Praha,Praha,Praha,Soukr. SŠ výpočetní techniky s.r.o.,600006239,Informační technologie,18-20-M/01,,SOŠ,4,100,270,116,2.7,1.16,100,31,63,76,0.763,dostala se většina soutěžících uchazečů,67.67,51.0,nevypsáno,,,
Hlavní město Praha,Praha,Praha,Soukr. střední škola gastronomie s.r.o.,600006034,Podnikání,64-41-L/51,,Nástavby,2,15,47,18,3.133,1.2,9,0,27,11,1.0,"místo bylo pro všechny, kdo splnili požadavky školy",35.67,,vypsáno,11,96,11
Hlavní město Praha,Praha,Praha,Soukr. střední škola gastronomie s.r.o.,600006034,Gastronomie,65-41-L/01,,SOU s maturitou,4,23,43,15,1.87,0.652,6,0,24,13,1.0,"místo bylo pro všechny, kdo splnili požadavky školy",45.17,,vypsáno,15,32,7
Hlavní město Praha,Praha,Praha,Soukromá SOŠ  START s.r.o.,600006301,Cestovní ruch,65-42-M/02,,SOŠ,4,24,117,34,4.875,1.417,24,11,44,38,0.686,dostala se většina soutěžících uchazečů,55.5,39.0,nevypsáno,,,
Hlavní město Praha,Praha,Praha,Soukromá SŠ a ZŠ (1. KŠPA) Praha s.r.o.,600006310,Informační technologie,18-20-M/01,,SOŠ,4,29,80,11,2.759,0.379,28,15,0,36,0.651,středně těžké,44.29,32.0,"nevypsáno, i když obor nebyl naplněn",,,
Hlavní město Praha,Praha,Praha,Soukromá SŠ a ZŠ (1. KŠPA) Praha s.r.o.,600006310,Ekonomika a podnikání,63-41-M/01,Podnikání,SOŠ,4,25,87,15,3.48,0.6,25,19,1,42,0.568,středně těžké,45.96,34.0,nevypsáno,,,
Hlavní město Praha,Praha,Praha,Soukromá SŠ a ZŠ (1. KŠPA) Praha s.r.o.,600006310,Ekonomika a podnikání,63-41-M/01,Sportovní management,SOŠ,4,20,86,19,4.3,0.95,20,23,0,43,0.465,těžké,47.0,41.0,nevypsáno,,,
Hlavní město Praha,Praha,Praha,Soukromá SŠ a ZŠ (1. KŠPA) Praha s.r.o.,600006310,Cestovní ruch,65-42-M/02,,SOŠ,4,28,109,19,3.893,0.679,27,20,0,61,0.574,středně těžké,41.65,30.0,"nevypsáno, i když obor nebyl naplněn",,,
Hlavní město Praha,Praha,Praha,Soukromá SŠ a ZŠ (1. KŠPA) Praha s.r.o.,600006310,Gymnázium,79-41-K/41,,Gymnázia 4letá,4,25,9,0,0.36,0.0,1,0,1,7,1.0,"místo bylo pro všechny, kdo splnili požadavky školy",48.0,,vypsáno,24,38,7
Hlavní město Praha,Praha,Praha,Soukromé gymnázium ARCUS s.r.o.,600006441,Gymnázium,79-41-K/81,,Gymnázia 8letá,8,26,183,49,7.038,1.885,26,110,5,42,0.191,velmi těžké,73.15,63.0,nevypsáno,,,
Hlavní město Praha,Praha,Praha,Střední odborná škola,600005674,Veřejnosprávní činnost,68-43-M/01,Krizové řízení a management,SOŠ,4,30,132,38,4.4,1.267,30,27,29,46,0.526,středně těžké,71.23,64.0,nevypsáno,,,
Hlavní město Praha,Praha,Praha,Střední odborná škola,600005674,Veřejnosprávní činnost,68-43-M/01,Právní a diplomatické služby,SOŠ,4,60,306,131,5.1,2.183,60,64,103,79,0.484,těžké,78.8,73.0,nevypsáno,,,
Hlavní město Praha,Praha,Praha,Střední odborná škola,600005674,Sociální činnost,75-41-M/01,Právní a sociální služby,SOŠ,4,30,153,65,5.1,2.167,30,68,1,54,0.306,velmi těžké,69.07,61.0,nevypsáno,,,
Hlavní město Praha,Praha,Praha,Střední odborná škola - COP a Gymnázium,600170063,Mechanik elektrotechnik,26-41-L/01,Autoelektronika a diagnostika vozidel,SOU s maturitou,4,30,76,28,2.533,0.933,16,0,32,28,1.0,"místo bylo pro všechny, kdo splnili požadavky školy",44.75,32.0,vypsáno,14,55,14
Hlavní město Praha,Praha,Praha,Střední odborná škola - COP a Gymnázium,600170063,Mechanik elektrotechnik,26-41-L/01,Mechanik elektronik - organizační a výpočetní technika,SOU s maturitou,4,30,78,17,2.6,0.567,26,0,19,33,1.0,"místo bylo pro všechny, kdo splnili požadavky školy",50.08,34.0,vypsáno,4,16,4
Hlavní město Praha,Praha,Praha,Střední odborná škola - COP a Gymnázium,600170063,Mechanik elektrotechnik,26-41-L/01,Mechanik silnoproudých zařízení,SOU s maturitou,4,30,93,43,3.1,1.433,30,6,24,33,0.833,dostala se většina soutěžících uchazečů,53.93,38.0,nevypsáno,,,
Hlavní město Praha,Praha,Praha,Střední odborná škola - COP a Gymnázium,600170063,Provozní elektrotechnika,26-41-L/52,Elektronické systémy automobilů,Nástavby,2,30,74,30,2.467,1.0,30,19,6,19,0.612,středně těžké,41.77,26.0,nevypsáno,,,
Hlavní město Praha,Praha,Praha,Střední odborná škola - COP a Gymnázium,600170063,Chemik operátor,28-42-L/01,Farmaceutický chemik,SOU s maturitou,4,24,60,19,2.5,0.792,21,0,12,27,1.0,"místo bylo pro všechny, kdo splnili požadavky školy",51.86,40.0,vypsáno,3,25,3
Hlavní město Praha,Praha,Praha,Střední odborná škola - COP a Gymnázium,600170063,Fotograf,34-56-L/01,,SOU s maturitou,4,30,70,25,2.333,0.833,12,0,43,15,1.0,"místo bylo pro všechny, kdo splnili požadavky školy",53.8,42.0,vypsáno,15,41,14
Hlavní město Praha,Praha,Praha,Střední odborná škola - COP a Gymnázium,600170063,Ekonomika a podnikání,63-41-M/01,Management obchodu a služeb,SOŠ,4,30,134,30,4.467,1.0,30,10,38,56,0.75,dostala se většina soutěžících uchazečů,52.62,40.0,nevypsáno,,,
Hlavní město Praha,Praha,Praha,Střední odborná škola - COP a Gymnázium,600170063,Podnikání,64-41-L/51,,Nástavby,2,30,220,64,7.333,2.133,24,0,133,62,1.0,"místo bylo pro všechny, kdo splnili požadavky školy",43.92,35.0,"nevypsáno, i když obor nebyl naplněn",,,
Hlavní město Praha,Praha,Praha,Střední odborná škola - COP a Gymnázium,600170063,Veřejnosprávní činnost,68-43-M/01,,SOŠ,4,60,203,32,3.383,0.533,50,0,58,93,1.0,"místo bylo pro všechny, kdo splnili požadavky školy",50.2,35.0,vypsáno,8,106,8
Hlavní město Praha,Praha,Praha,Střední odborná škola - COP a Gymnázium,600170063,Kosmetické služby,69-41-L/01,,SOU s maturitou,4,30,225,72,7.5,2.4,29,9,126,60,0.763,dostala se většina soutěžících uchazečů,52.07,44.0,"nevypsáno, i když obor nebyl naplněn",,,
Hlavní město Praha,Praha,Praha,Střední odborná škola - COP a Gymnázium,600170063,Gymnázium,79-41-K/41,Gymnázium Elektron,Gymnázia 4letá,4,30,44,12,1.467,0.4,15,0,13,16,1.0,"místo bylo pro všechny, kdo splnili požadavky školy",69.07,58.0,vypsáno,14,24,10
Hlavní město Praha,Praha,Praha,Střední odborná škola Jarov,600006280,Nábytkářská a dřevařská výroba,33-42-L/51,Dřevostavby,Nástavby,2,10,52,15,5.2,1.5,9,15,4,23,0.375,těžké,47.44,,"nevypsáno, i když obor nebyl naplněn",,,
Hlavní město Praha,Praha,Praha,Střední odborná škola Jarov,600006280,Nábytkářská a dřevařská výroba,33-42-M/01,Dřevostavby,SOŠ,4,15,79,23,5.267,1.533,15,15,9,40,0.5,středně těžké,58.87,47.0,nevypsáno,,,
Hlavní město Praha,Praha,Praha,Střední odborná škola Jarov,600006280,Stavební provoz,36-44-L/51,Stavební provoz,Nástavby,2,16,36,18,2.25,1.125,16,4,7,9,0.8,dostala se většina soutěžících uchazečů,39.81,26.0,nevypsáno,,,
Hlavní město Praha,Praha,Praha,Střední odborná škola Jarov,600006280,Technická zařízení budov,36-45-M/01,Technická zařízení budov,SOŠ,4,15,50,12,3.333,0.8,15,0,10,25,1.0,"místo bylo pro všechny, kdo splnili požadavky školy",43.67,27.0,nevypsáno,,,
Hlavní město Praha,Praha,Praha,Střední odborná škola Jarov,600006280,Stavebnictví,36-47-M/01,Stavební obnova,SOŠ,4,15,61,9,4.067,0.6,15,6,7,33,0.714,dostala se většina soutěžících uchazečů,49.67,39.0,nevypsáno,,,
Hlavní město Praha,Praha,Praha,Střední odborná škola Jarov,600006280,Zahradnictví,41-44-L/51,Zahradnictví,Nástavby,2,12,25,20,2.083,1.667,12,8,0,5,0.6,středně těžké,38.17,27.0,nevypsáno,,,
Hlavní město Praha,Praha,Praha,Střední odborná škola Jarov,600006280,Zahradnictví,41-44-M/01,Sadovnická a krajinářská tvorba; Floristika,SOŠ,4,40,111,24,2.775,0.6,29,0,29,50,1.0,"místo bylo pro všechny, kdo splnili požadavky školy",40.07,23.0,"nevypsáno, i když obor nebyl naplněn",,,
Hlavní město Praha,Praha,Praha,Střední odborná škola Jarov,600006280,Ekonomika a podnikání,63-41-M/01,Management ve sportu,SOŠ,4,60,294,110,4.9,1.833,60,92,49,93,0.395,těžké,61.4,51.0,nevypsáno,,,
Hlavní město Praha,Praha,Praha,Střední odborná škola Jarov,600006280,Podnikání,64-41-L/51,Podnikání,Nástavby,2,20,262,66,13.1,3.3,20,81,66,95,0.198,velmi těžké,41.25,31.0,nevypsáno,,,
Hlavní město Praha,Praha,Praha,Střední odborné učiliště,600005259,Mechanik elektrotechnik,26-41-L/01,Mechanik elektrotechnik,SOU s maturitou,4,30,39,3,1.3,0.1,4,0,22,13,1.0,"místo bylo pro všechny, kdo splnili požadavky školy",46.25,,"nevypsáno, i když obor nebyl naplněn",,,
Hlavní město Praha,Praha,Praha,"Střední průmyslová škola dopravní, a.s.",600005658,Informační technologie,18-20-M/01,,SOŠ,4,30,120,26,4.0,0.867,30,11,35,44,0.732,dostala se většina soutěžících uchazečů,56.07,38.0,nevypsáno,,,
Hlavní město Praha,Praha,Praha,"Střední průmyslová škola dopravní, a.s.",600005658,Mechanik elektrotechnik,26-41-L/01,"Elektromechanik pro zařízení a přístroje, obor L+H",SOU s maturitou,4,30,98,27,3.267,0.9,30,4,27,37,0.882,dostala se většina soutěžících uchazečů,50.17,33.0,nevypsáno,,,
Hlavní město Praha,Praha,Praha,"Střední průmyslová škola dopravní, a.s.",600005658,Provoz a ekonomika dopravy,37-41-M/01,,SOŠ,4,46,180,44,3.913,0.957,45,9,36,89,0.833,dostala se většina soutěžících uchazečů,56.34,36.0,"nevypsáno, i když obor nebyl naplněn",,,
Hlavní město Praha,Praha,Praha,"Střední průmyslová škola dopravní, a.s.",600005658,Autotronik,39-41-L/01,"Mechanik opravář motorových vozidel, obor L+H",SOU s maturitou,4,60,215,78,3.583,1.3,60,11,69,75,0.845,dostala se většina soutěžících uchazečů,50.82,32.0,nevypsáno,,,
Hlavní město Praha,Praha,Praha,"Střední průmyslová škola dopravní, a.s.",600005658,Podnikání,64-41-L/51,,Nástavby,2,30,121,31,4.033,1.033,30,2,54,35,0.938,dostala se většina soutěžících uchazečů,41.4,27.0,nevypsáno,,,
Hlavní město Praha,Praha,Praha,"Střední průmyslová škola dopravní, a.s.",600005658,Technické lyceum,78-42-M/01,,Lycea,4,23,17,0,0.739,0.0,4,0,2,11,1.0,"místo bylo pro všechny, kdo splnili požadavky školy",55.25,,vypsáno,19,67,19
Hlavní město Praha,Praha,Praha,Střední průmyslová škola na Proseku,600170039,Informační technologie,18-20-M/01,Správa sítí a IT bezpečnost,SOŠ,4,30,148,49,4.933,1.633,30,35,30,53,0.462,těžké,76.68,68.0,nevypsáno,,,
Hlavní město Praha,Praha,Praha,Střední průmyslová škola na Proseku,600170039,Informační technologie,18-20-M/01,Vývoj aplikací,SOŠ,4,30,159,70,5.3,2.333,30,51,35,43,0.37,těžké,83.8,76.0,nevypsáno,,,
Hlavní město Praha,Praha,Praha,Střední průmyslová škola na Proseku,600170039,Strojírenství,23-41-M/01,Digitální prototypování a průmyslový design,SOŠ,4,30,92,35,3.067,1.167,30,12,9,41,0.714,dostala se většina soutěžících uchazečů,74.43,60.0,nevypsáno,,,
Hlavní město Praha,Praha,Praha,Střední průmyslová škola na Proseku,600170039,Strojírenství,23-41-M/01,Programování CNC strojů a robotika,SOŠ,4,30,78,27,2.6,0.9,30,0,11,37,1.0,"místo bylo pro všechny, kdo splnili požadavky školy",68.87,50.0,nevypsáno,,,
Hlavní město Praha,Praha,Praha,Střední průmyslová škola na Proseku,600170039,Elektrotechnika,26-41-M/01,Automatizace měst a budov,SOŠ,4,30,111,62,3.7,2.067,30,36,15,30,0.455,těžké,76.63,66.0,nevypsáno,,,
Hlavní město Praha,Praha,Praha,Střední průmyslová škola na Proseku,600170039,Elektrotechnika,26-41-M/01,Mechatronika,SOŠ,4,30,135,62,4.5,2.067,30,40,14,51,0.429,těžké,80.43,71.0,nevypsáno,,,
Hlavní město Praha,Praha,Praha,Střední zahradnická škola a SOU s.r.o.,691006989,Zahradnictví,41-44-M/01,Okrasné a produkční zahradnictví,SOŠ,4,28,40,7,1.429,0.25,17,0,2,21,1.0,"místo bylo pro všechny, kdo splnili požadavky školy",35.82,14.0,"nevypsáno, i když obor nebyl naplněn",,,
Hlavní město Praha,Praha,Praha,Střední zdravotnická škola,600019471,Praktická sestra,53-41-M/03,,SOŠ,4,56,283,95,5.054,1.696,56,123,9,95,0.313,velmi těžké,56.42,49.0,nevypsáno,,,
Hlavní město Praha,Praha,Praha,Střední zdravotnická škola,600019471,Ortoticko - protetický technik,53-44-M/01,,SOŠ,4,15,37,11,2.467,0.733,15,7,1,14,0.682,dostala se většina soutěžících uchazečů,55.0,44.0,nevypsáno,,,
Hlavní město Praha,Praha,Praha,Střední zdravotnická škola,600019471,Bezpečnostně právní činnost,68-42-M/01,,SOŠ,4,28,144,45,5.143,1.607,28,58,2,56,0.326,velmi těžké,60.43,48.0,nevypsáno,,,
Hlavní město Praha,Praha,Praha,Střední zdravotnická škola,600019471,Sociální činnost,75-41-M/01,,SOŠ,4,28,104,19,3.714,0.679,28,24,5,47,0.538,středně těžké,46.0,31.0,nevypsáno,,,
Hlavní město Praha,Praha,Praha,Střední zdravotnická škola,600019471,Zdravotnické lyceum,78-42-M/04,,Lycea,4,56,231,75,4.125,1.339,56,93,7,75,0.376,těžké,72.61,64.0,nevypsáno,,,
Hlavní město Praha,Praha,Praha,Střední škola - Waldorfské lyceum,650075684,Kombinované lyceum,78-42-M/06,,Lycea,4,32,112,60,3.5,1.875,32,40,0,40,0.444,těžké,78.44,62.0,nevypsáno,,,
Hlavní město Praha,Praha,Praha,"Střední škola ARCUS, s.r.o.",600006450,Cestovní ruch,65-42-M/02,,SOŠ,4,26,138,30,5.308,1.154,24,42,0,70,0.364,těžké,58.88,48.0,"nevypsáno, i když obor nebyl naplněn",,,
Hlavní město Praha,Praha,Praha,"Střední škola Futurum, s.r.o.",600006662,Předškolní a mimoškolní pedagogika,75-31-M/01,Denní studium ,SOŠ,4,62,118,46,1.903,0.742,52,0,27,39,1.0,"místo bylo pro všechny, kdo splnili požadavky školy",46.21,26.0,vypsáno,12,18,7
Hlavní město Praha,Praha,Praha,"Střední škola Futurum, s.r.o.",600006662,Pedagogické lyceum,78-42-M/03,akademické,Lycea,4,82,92,33,1.122,0.402,48,0,3,41,1.0,"místo bylo pro všechny, kdo splnili požadavky školy",54.64,25.0,vypsáno,30,22,9
Hlavní město Praha,Praha,Praha,"Střední škola Futurum, s.r.o.",600006662,Lyceum (režim pokusného ověřování),78-42-M/08,Lyceum v oboru humanitních a společenských věd,Lycea,4,84,131,41,1.56,0.488,54,0,9,68,1.0,"místo bylo pro všechny, kdo splnili požadavky školy",57.34,34.0,"nevypsáno, i když obor nebyl naplněn",,,
Hlavní město Praha,Praha,Praha,"Střední škola Futurum, s.r.o.",600006662,Gymnázium,79-41-K/41,,Gymnázia 4letá,4,78,121,44,1.551,0.564,55,0,12,50,1.0,"místo bylo pro všechny, kdo splnili požadavky školy",62.62,36.0,vypsáno,22,24,5
Hlavní město Praha,Praha,Praha,"Střední škola SČMSD Praha, s.r.o.",600006298,Nutriční asistent,53-41-M/02,Nutriční asistent,SOŠ,4,30,56,15,1.867,0.5,14,0,19,23,1.0,"místo bylo pro všechny, kdo splnili požadavky školy",46.43,34.0,vypsáno,16,59,16
Hlavní město Praha,Praha,Praha,"Střední škola SČMSD Praha, s.r.o.",600006298,Gastronomie,65-41-L/01,Gastronomie ,SOU s maturitou,4,15,26,9,1.733,0.6,5,0,12,9,1.0,"místo bylo pro všechny, kdo splnili požadavky školy",41.8,,vypsáno,10,12,1
Hlavní město Praha,Praha,Praha,"Střední škola SČMSD Praha, s.r.o.",600006298,Hotelnictví,65-42-M/01,Hotelnictví,SOŠ,4,15,39,8,2.6,0.533,6,0,19,14,1.0,"místo bylo pro všechny, kdo splnili požadavky školy",42.5,,vypsáno,9,37,9
Hlavní město Praha,Praha,Praha,"Střední škola SČMSD Praha, s.r.o.",600006298,Cestovní ruch,65-42-M/02,Cestovní ruch,SOŠ,4,30,131,21,4.367,0.7,29,0,37,65,1.0,"místo bylo pro všechny, kdo splnili požadavky školy",45.83,33.0,"nevypsáno, i když obor nebyl naplněn",,,
Hlavní město Praha,Praha,Praha,"Střední škola SČMSD Praha, s.r.o.",600006298,Ekonomické lyceum,78-42-M/02,Ekonomické lyceum,Lycea,4,30,49,8,1.633,0.267,16,0,8,25,1.0,"místo bylo pro všechny, kdo splnili požadavky školy",47.81,35.0,vypsáno,14,60,13
Hlavní město Praha,Praha,Praha,Střední škola a Mateř.škola Aloyse Klara,600020959,Podnikání,64-41-L/51,,Nástavby,2,14,22,7,1.571,0.5,8,0,10,4,1.0,"místo bylo pro všechny, kdo splnili požadavky školy",28.0,,"nevypsáno, i když obor nebyl naplněn",,,
Hlavní město Praha,Praha,Praha,Střední škola a Mateř.škola Aloyse Klara,600020959,Masér sportovní a rekondiční,69-41-L/02,,SOU s maturitou,4,14,34,16,2.429,1.143,14,9,5,6,0.609,středně těžké,46.29,33.0,nevypsáno,,,
Hlavní město Praha,Praha,Praha,Střední škola a Mateř.škola Aloyse Klara,600020959,Masér sportovní a rekondiční,69-41-L/51,,Nástavby,2,12,18,12,1.5,1.0,9,0,9,0,1.0,"místo bylo pro všechny, kdo splnili požadavky školy",33.67,,"nevypsáno, i když obor nebyl naplněn",,,
Hlavní město Praha,Praha,Praha,Střední škola a VOŠ umělecká a řemeslná,600005640,Nábytkářská a dřevařská výroba,33-42-L/51,Technik nábytkářské a dřevařské výroby,Nástavby,2,24,60,36,2.5,1.5,24,6,15,15,0.8,dostala se většina soutěžících uchazečů,45.67,34.0,nevypsáno,,,
Hlavní město Praha,Praha,Praha,Střední škola a VOŠ umělecká a řemeslná,600005640,Nábytkářská a dřevařská výroba,33-42-M/01,Konstrukce a design nábytku,SOŠ,4,24,75,11,3.125,0.458,13,0,23,39,1.0,"místo bylo pro všechny, kdo splnili požadavky školy",55.62,26.0,"nevypsáno, i když obor nebyl naplněn",,,
Hlavní město Praha,Praha,Praha,Střední škola a VOŠ umělecká a řemeslná,600005640,Podnikání,64-41-L/51,Podnikání,Nástavby,2,28,175,39,6.25,1.393,27,5,77,65,0.844,dostala se většina soutěžících uchazečů,38.92,29.0,"nevypsáno, i když obor nebyl naplněn",,,
Hlavní město Praha,Praha,Praha,Střední škola a VOŠ umělecká a řemeslná,600005640,Umělecké řemeslné práce,82-51-L/51,Umělecké řemeslné práce,Nástavby,2,24,40,17,1.667,0.708,14,0,12,14,1.0,"místo bylo pro všechny, kdo splnili požadavky školy",45.64,28.0,"nevypsáno, i když obor nebyl naplněn",,,
Hlavní město Praha,Praha,Praha,Střední škola gastronomie,600006581,Podnikání,64-41-L/51,Podnikání,Nástavby,2,60,256,117,4.267,1.95,60,25,122,49,0.706,dostala se většina soutěžících uchazečů,42.33,26.0,nevypsáno,,,
Hlavní město Praha,Praha,Praha,Střední škola gastronomie,600006581,Gastronomie,65-41-L/01,Gastronomie PLUS (v kombinaci s oborem Kuchař-číšník),SOU s maturitou,4,90,115,31,1.278,0.344,36,0,41,38,1.0,"místo bylo pro všechny, kdo splnili požadavky školy",41.26,23.0,"nevypsáno, i když obor nebyl naplněn",,,
Hlavní město Praha,Praha,Praha,Střední škola knižní kultury s.r.o.,691015341,Knihkupecké a nakladatelské činnosti,66-43-M/01,,SOŠ,4,30,93,25,3.1,0.833,30,11,2,50,0.732,dostala se většina soutěžících uchazečů,64.2,41.0,nevypsáno,,,
Hlavní město Praha,Praha,Praha,Střední škola obchodní,600004864,Podnikání,64-41-L/51,,Nástavby,2,60,238,84,3.967,1.4,19,0,187,32,1.0,"místo bylo pro všechny, kdo splnili požadavky školy",52.95,38.0,vypsáno,13,61,12
Hlavní město Praha,Praha,Praha,Střední škola obchodní,600004864,Obchodník,66-41-L/01,,SOU s maturitou,4,60,134,37,2.233,0.617,17,0,84,32,1.0,"místo bylo pro všechny, kdo splnili požadavky školy",56.87,46.0,vypsáno,47,183,45
Hlavní město Praha,Praha,Praha,Střední škola obchodní,600004864,Ekonomické lyceum,78-42-M/02,,Lycea,4,60,116,29,1.933,0.483,17,0,69,30,1.0,"místo bylo pro všechny, kdo splnili požadavky školy",64.88,56.0,vypsáno,47,167,46
Hlavní město Praha,Praha,Praha,Střední škola podnikání a gastronomie,600006387,Ekonomika a podnikání,63-41-M/01,Podniková ekonomika a management,SOŠ,4,28,117,27,4.179,0.964,28,19,19,51,0.596,středně těžké,46.23,20.0,nevypsáno,,,
Hlavní město Praha,Praha,Praha,Střední škola podnikání a gastronomie,600006387,Podnikání,64-41-L/51,Podnikání,Nástavby,2,58,211,100,3.638,1.724,57,5,113,35,0.919,dostala se většina soutěžících uchazečů,34.47,22.0,"nevypsáno, i když obor nebyl naplněn",,,
Hlavní město Praha,Praha,Praha,Střední škola podnikání a gastronomie,600006387,Hotelnictví,65-42-M/01,Hotelnictví a turismus,SOŠ,4,43,160,32,3.721,0.744,41,0,61,58,1.0,"místo bylo pro všechny, kdo splnili požadavky školy",36.81,24.0,"nevypsáno, i když obor nebyl naplněn",,,
Hlavní město Praha,Praha,Praha,Střední škola podnikání a gastronomie,600006387,Obchodník,66-41-L/01,Obchodník,SOU s maturitou,4,13,43,7,3.308,0.538,13,1,9,20,0.929,dostala se většina soutěžících uchazečů,37.09,22.0,nevypsáno,,,
Hlavní město Praha,Praha,Praha,Střední škola podnikání a gastronomie,600006387,Veřejnosprávní činnost,68-43-M/01,Veřejnosprávní činnost,SOŠ,4,28,94,14,3.357,0.5,28,1,20,45,0.966,dostala se většina soutěžících uchazečů,38.43,23.0,nevypsáno,,,
Hlavní město Praha,Praha,Praha,"SŠ Podnikatel.akademie, s.r.o.",600005356,Ekonomika a podnikání,63-41-M/01,Podnikání a management,SOŠ,4,64,220,70,3.438,1.094,64,16,56,84,0.8,dostala se většina soutěžících uchazečů,57.34,37.0,nevypsáno,,,
Hlavní město Praha,Praha,Praha,"SŠ designu,umění,kniž.kult. a ekonomiky",600170021,Ekonomika a podnikání,63-41-M/01,,SOŠ,4,15,83,14,5.533,0.933,15,6,25,37,0.714,dostala se většina soutěžících uchazečů,58.07,52.0,nevypsáno,,,
Hlavní město Praha,Praha,Praha,"SŠ designu,umění,kniž.kult. a ekonomiky",600170021,Propagace,66-42-L/51, pouze pro uchazeče z oboru aranžér,Nástavby,2,30,69,56,2.3,1.867,30,10,24,5,0.75,dostala se většina soutěžících uchazečů,44.6,29.0,nevypsáno,,,
Hlavní město Praha,Praha,Praha,"SŠ designu,umění,kniž.kult. a ekonomiky",600170021,Knihkupecké a nakladatelské činnosti,66-43-M/01,,SOŠ,4,30,113,35,3.767,1.167,30,11,29,43,0.732,dostala se většina soutěžících uchazečů,67.3,50.0,nevypsáno,,,
Hlavní město Praha,Praha,Praha,"SŠ designu,umění,kniž.kult. a ekonomiky",600170021,Informační služby,72-41-M/01,,SOŠ,4,15,45,7,3.0,0.467,10,0,9,26,1.0,"místo bylo pro všechny, kdo splnili požadavky školy",54.5,35.0,"nevypsáno, i když obor nebyl naplněn",,,
Hlavní město Praha,Praha,Praha,SŠ dostihového sportu a jezdectví,600005569,Chovatelství,41-43-M/02,se zaměřením na dostihový sport,SOŠ,4,28,58,21,2.071,0.75,26,0,11,21,1.0,"místo bylo pro všechny, kdo splnili požadavky školy",44.12,30.0,"nevypsáno, i když obor nebyl naplněn",,,
Hlavní město Praha,Praha,Praha,SŠ ekonom. se sport. zaměřením s.r.o.,600004848,Ekonomika a podnikání,63-41-M/01,,SOŠ,4,33,249,64,7.545,1.939,33,76,16,124,0.303,velmi těžké,69.45,52.0,nevypsáno,,,
Hlavní město Praha,Praha,Praha,SŠ elektrotechniky a strojírenství,600006638,Strojírenství,23-41-M/01,Průmyslová robotika,SOŠ,4,24,70,13,2.917,0.542,12,0,23,35,1.0,"místo bylo pro všechny, kdo splnili požadavky školy",53.08,34.0,vypsáno,12,30,11
Hlavní město Praha,Praha,Praha,SŠ elektrotechniky a strojírenství,600006638,Mechanik seřizovač,23-45-L/01,Operátor CNC strojů ,SOU s maturitou,4,13,14,2,1.077,0.154,3,0,5,6,1.0,"místo bylo pro všechny, kdo splnili požadavky školy",46.67,,vypsáno,7,13,5
Hlavní město Praha,Praha,Praha,SŠ elektrotechniky a strojírenství,600006638,Letecký mechanik,23-45-L/02,Letecký mechanik,SOU s maturitou,4,15,47,6,3.133,0.4,15,5,6,21,0.75,dostala se většina soutěžících uchazečů,51.57,40.0,nevypsáno,,,
Hlavní město Praha,Praha,Praha,SŠ elektrotechniky a strojírenství,600006638,Mechanik elektrotechnik,26-41-L/01,Elektrotechnik ,SOU s maturitou,4,26,95,26,3.654,1.0,25,0,30,39,1.0,"místo bylo pro všechny, kdo splnili požadavky školy",53.76,37.0,"nevypsáno, i když obor nebyl naplněn",,,
Hlavní město Praha,Praha,Praha,SŠ elektrotechniky a strojírenství,600006638,Telekomunikace,26-45-M/01,Telekomunikační a datové sítě ,SOŠ,4,26,63,11,2.423,0.423,15,0,19,29,1.0,"místo bylo pro všechny, kdo splnili požadavky školy",45.47,32.0,vypsáno,11,31,11
Hlavní město Praha,Praha,Praha,SŠ elektrotechniky a strojírenství,600006638,Provoz a ekonomika dopravy,37-41-M/01,Provoz a ekonomika dopravy,SOŠ,4,26,81,32,3.115,1.231,26,9,18,28,0.743,dostala se většina soutěžících uchazečů,58.69,44.0,nevypsáno,,,
Hlavní město Praha,Praha,Praha,SŠ elektrotechniky a strojírenství,600006638,Ekonomika a podnikání,63-41-M/01,Finanční specialista,SOŠ,4,26,87,21,3.346,0.808,26,3,30,28,0.897,dostala se většina soutěžících uchazečů,48.42,33.0,nevypsáno,,,
Hlavní město Praha,Praha,Praha,SŠ gastronomická a hotelová s.r.o.,600005216,Gastronomie,65-41-L/01,65-51-H/01 Kuchař - číšník,SOU s maturitou,4,66,125,46,1.894,0.697,50,0,26,49,1.0,"místo bylo pro všechny, kdo splnili požadavky školy",46.0,30.0,"nevypsáno, i když obor nebyl naplněn",,,
Hlavní město Praha,Praha,Praha,SŠ gastronomická a hotelová s.r.o.,600005216,Hotelnictví,65-42-M/01,,SOŠ,4,34,134,39,3.941,1.147,33,12,37,51,0.733,dostala se většina soutěžících uchazečů,50.81,38.0,"nevypsáno, i když obor nebyl naplněn",,,
Hlavní město Praha,Praha,Praha,SŠ gastronomická a hotelová s.r.o.,600005216,Cestovní ruch,65-42-M/02,,SOŠ,4,66,239,90,3.621,1.364,67,44,55,74,0.604,středně těžké,58.7,43.0,nevypsáno,,,
Hlavní město Praha,Praha,Praha,SŠ gastronomická a hotelová s.r.o.,600005216,Gymnázium,79-41-K/41,,Gymnázia 4letá,4,30,93,16,3.1,0.533,30,0,4,59,1.0,"místo bylo pro všechny, kdo splnili požadavky školy",66.2,41.0,nevypsáno,,,
Hlavní město Praha,Praha,Praha,"SŠ kosmetiky a hotelnictví BEAN, s.r.o.",600005798,Gastronomie,65-41-L/01,,SOU s maturitou,4,30,12,1,0.4,0.033,5,0,4,3,1.0,"místo bylo pro všechny, kdo splnili požadavky školy",26.2,,vypsáno,28,71,26
Hlavní město Praha,Praha,Praha,SŠ managementu a služeb a ZŠ s.r.o.,600005275,Ekonomika a podnikání,63-41-M/01,management cestovního ruchu,SOŠ,4,28,96,9,3.429,0.321,15,0,28,53,1.0,"místo bylo pro všechny, kdo splnili požadavky školy",44.0,30.0,vypsáno,16,127,15
Hlavní město Praha,Praha,Praha,SŠ managementu a služeb a ZŠ s.r.o.,600005275,Ekonomika a podnikání,63-41-M/01,management obchodu,SOŠ,4,28,82,9,2.929,0.321,21,0,30,31,1.0,"místo bylo pro všechny, kdo splnili požadavky školy",43.48,33.0,vypsáno,12,84,12
Hlavní město Praha,Praha,Praha,SŠ managementu a služeb a ZŠ s.r.o.,600005275,Ekonomika a podnikání,63-41-M/01,management sportu,SOŠ,4,25,101,27,4.04,1.08,27,12,26,38,0.692,dostala se většina soutěžících uchazečů,49.81,30.0,nevypsáno,,,
Hlavní město Praha,Praha,Praha,SŠ managementu a služeb a ZŠ s.r.o.,600005275,Kosmetické služby,69-41-L/01,"kosmetika, vizážistika",SOU s maturitou,4,28,122,27,4.357,0.964,28,2,65,27,0.933,dostala se většina soutěžících uchazečů,40.86,30.0,nevypsáno,,,
Hlavní město Praha,Praha,Praha,"SŠ mediální grafiky a tisku, s.r.o.",600006654,Reprodukční grafik pro média,34-53-L/01,34-53-H/01 Reprodukční grafik,SOU s maturitou,4,112,280,79,2.5,0.705,110,19,16,133,0.853,dostala se většina soutěžících uchazečů,46.01,19.0,"nevypsáno, i když obor nebyl naplněn",,,
Hlavní město Praha,Praha,Praha,SŠ systémové gastronomie s.r.o.,691016551,Gastronomie,65-41-L/51,Gastronomie-Cesta k profesionalitě,Nástavby,2,8,16,14,2.0,1.75,8,4,4,0,0.667,dostala se většina soutěžících uchazečů,28.38,,nevypsáno,,,
Hlavní město Praha,Praha,Praha,"SŠ, ZŠ a MŠ pro sluchově postižené",600021050,Asistent zubního technika,53-44-M/03,Asistent zubního technika,SOŠ,4,10,13,6,1.3,0.6,7,0,2,4,1.0,"místo bylo pro všechny, kdo splnili požadavky školy",43.33,,"nevypsáno, i když obor nebyl naplněn",,,
Hlavní město Praha,Praha,Praha,"SŠ, ZŠ a MŠ pro sluchově postižené",600171426,Hotelnictví,65-42-M/01,"Škola, cesta k životnímu uplatnění",SOŠ,4,6,7,2,1.167,0.333,4,0,1,2,1.0,"místo bylo pro všechny, kdo splnili požadavky školy",18.5,,"nevypsáno, i když obor nebyl naplněn",,,
Hlavní město Praha,Praha,Praha,"TRIVIS-SŠ veřejnoprávní a  VOŠ, s.r.o.",600006051,Bezpečnostně právní činnost,68-42-M/01,,SOŠ,4,195,540,180,2.769,0.923,188,152,2,191,0.553,středně těžké,46.95,20.0,"nevypsáno, i když obor nebyl naplněn",,,
Hlavní město Praha,Praha,Praha,"The English College-Angl.gymnázium,o.p.s",600006140,Dvojjazyčné gymnázium,79-43-K/61,,Gymnázia 6letá,6,35,69,44,1.971,1.257,35,3,28,3,0.921,dostala se většina soutěžících uchazečů,64.37,49.0,nevypsáno,,,
Hlavní město Praha,Praha,Praha,Trojské gymnázium s.r.o.,600005895,Gymnázium,79-41-K/81,všeobecné,Gymnázia 8letá,8,40,158,33,3.95,0.825,40,17,54,47,0.702,dostala se většina soutěžících uchazečů,62.45,52.0,nevypsáno,,,
Hlavní město Praha,Praha,Praha,VOŠ a SPŠ dopravní,600004643,Dopravní prostředky,23-45-M/01,Silniční vozidla,SOŠ,4,30,128,29,4.267,0.967,30,11,31,56,0.732,dostala se většina soutěžících uchazečů,60.43,46.0,nevypsáno,,,
Hlavní město Praha,Praha,Praha,VOŠ a SPŠ dopravní,600004643,Elektrotechnika,26-41-M/01,Inteligentní dopravní systémy,SOŠ,4,30,84,9,2.8,0.3,17,0,17,50,1.0,"místo bylo pro všechny, kdo splnili požadavky školy",53.19,38.0,vypsáno,13,52,13
Hlavní město Praha,Praha,Praha,VOŠ a SPŠ dopravní,600004643,Provoz a ekonomika dopravy,37-41-M/01,,SOŠ,4,120,342,187,2.85,1.558,120,55,76,91,0.686,dostala se většina soutěžících uchazečů,68.44,52.0,nevypsáno,,,
Hlavní město Praha,Praha,Praha,VOŠ a SPŠ elektrotechnická Fr. Křižíka,600020151,Informační technologie,18-20-M/01,Informační technologie v elektrotechnice,SOŠ,4,60,197,51,3.283,0.85,59,20,22,94,0.747,dostala se většina soutěžících uchazečů,63.31,43.0,"nevypsáno, i když obor nebyl naplněn",,,
Hlavní město Praha,Praha,Praha,VOŠ a SPŠ elektrotechnická Fr. Křižíka,600020151,Elektrotechnika,26-41-M/01,,SOŠ,4,60,275,111,4.583,1.85,60,65,36,114,0.48,těžké,76.64,64.0,nevypsáno,,,
Hlavní město Praha,Praha,Praha,VOŠ grafická a SPŠ grafická,600004562,Polygrafie,34-41-M/01,,SOŠ,4,26,97,12,3.731,0.462,26,2,0,69,0.929,dostala se většina soutěžících uchazečů,52.16,19.0,nevypsáno,,,
Hlavní město Praha,Praha,Praha,"VOŠ inf.studií a SŠ el.,multimédií a inf",600006174,Informační technologie,18-20-M/01,Softwarové aplikace a programování,SOŠ,4,28,136,26,4.857,0.929,28,27,22,59,0.509,středně těžké,57.04,42.0,nevypsáno,,,
Hlavní město Praha,Praha,Praha,"VOŠ inf.studií a SŠ el.,multimédií a inf",600006174,Mechanik elektrotechnik,26-41-L/01,Elektronik pro informační a komunikační techniku,SOU s maturitou,4,28,91,20,3.25,0.714,28,16,1,46,0.636,středně těžké,44.18,26.0,nevypsáno,,,
Hlavní město Praha,Praha,Praha,"VOŠ inf.studií a SŠ el.,multimédií a inf",600006174,Elektrotechnika,26-41-M/01,Zabezpečovací technika a kamerové systémy,SOŠ,4,28,85,18,3.036,0.643,27,14,0,43,0.659,středně těžké,50.63,37.0,"nevypsáno, i když obor nebyl naplněn",,,
Hlavní město Praha,Praha,Praha,"VOŠ inf.studií a SŠ el.,multimédií a inf",600006174,Bezpečnostní služby,68-42-L/51,Bezpečnostní služby a systémy,Nástavby,2,20,81,46,4.05,2.3,20,32,13,16,0.385,těžké,40.2,25.0,nevypsáno,,,
Hlavní město Praha,Praha,Praha,VOŠ oděvního návrhářství a SPŠ oděvní,600005861,Oděvnictví,31-43-M/01,"Oděv, módní a marketingové poradenství",SOŠ,4,30,141,33,4.7,1.1,30,23,7,81,0.566,středně těžké,59.97,40.0,nevypsáno,,,
Hlavní město Praha,Praha,Praha,"VOŠ ped. a soc., SOŠ ped. a Gymnázium",600005844,Předškolní a mimoškolní pedagogika,75-31-M/01,,SOŠ,4,58,209,122,3.603,2.103,58,64,36,51,0.475,těžké,69.6,50.0,nevypsáno,,,
Hlavní město Praha,Praha,Praha,"VOŠ ped. a soc., SOŠ ped. a Gymnázium",600005844,Pedagogické lyceum,78-42-M/03,,Lycea,4,59,257,129,4.356,2.186,59,38,103,57,0.608,středně těžké,78.14,66.0,nevypsáno,,,
Hlavní město Praha,Praha,Praha,"VOŠ ped. a soc., SOŠ ped. a Gymnázium",600005844,Gymnázium,79-41-K/41,,Gymnázia 4letá,4,30,102,38,3.4,1.267,30,10,25,37,0.75,dostala se většina soutěžících uchazečů,79.43,63.0,nevypsáno,,,
Hlavní město Praha,Praha,Praha,VOŠ stavební a SPŠ stavební,600004619,Stavebnictví,36-47-M/01,"dle volby zaměření (ARS, BIM, POS, DOS, VES) od 2. ročníku",SOŠ,4,136,469,205,3.449,1.507,136,100,44,189,0.576,středně těžké,75.21,50.0,nevypsáno,,,
Hlavní město Praha,Praha,Praha,VOŠ uměleckoprůmyslová a SUPŠ,600004945,Nábytkářská a dřevařská výroba,33-42-M/01,,SOŠ,4,20,97,21,4.85,1.05,20,2,51,24,0.909,dostala se většina soutěžících uchazečů,64.75,47.0,nevypsáno,,,
Hlavní město Praha,Praha,Praha,VOŠ zdravotnická a SZŠ a gymnázium,600020665,Aplikovaná chemie,28-44-M/01,,SOŠ,4,31,109,20,3.516,0.645,31,1,13,64,0.969,dostala se většina soutěžících uchazečů,58.13,45.0,nevypsáno,,,
Hlavní město Praha,Praha,Praha,VOŠ zdravotnická a SZŠ a gymnázium,600020665,Laboratorní asistent,53-43-M/01,,SOŠ,4,31,119,23,3.839,0.742,31,10,26,52,0.756,dostala se většina soutěžících uchazečů,66.19,52.0,nevypsáno,,,
Hlavní město Praha,Praha,Praha,VOŠ zdravotnická a SZŠ a gymnázium,600020665,Asistent zubního technika,53-44-M/03,,SOŠ,4,30,178,110,5.933,3.667,30,53,63,32,0.361,těžké,70.33,55.0,nevypsáno,,,
Hlavní město Praha,Praha,Praha,VOŠ zdravotnická a SZŠ a gymnázium,600020665,Oční optik,69-42-M/01,,SOŠ,4,30,79,26,2.633,0.867,30,5,22,22,0.857,dostala se většina soutěžících uchazečů,61.97,46.0,nevypsáno,,,
Hlavní město Praha,Praha,Praha,VOŠ zdravotnická a SZŠ a gymnázium,600020665,Gymnázium,79-41-K/41,,Gymnázia 4letá,4,32,77,27,2.406,0.844,32,9,3,33,0.78,dostala se většina soutěžících uchazečů,74.34,64.0,nevypsáno,,,
Hlavní město Praha,Praha,Praha,VOŠ zdravotnická a Střední zdrav.škola,600019462,Nutriční asistent,53-41-M/02,,SOŠ,4,28,145,41,5.179,1.464,27,26,30,61,0.509,středně těžké,59.37,51.0,"nevypsáno, i když obor nebyl naplněn",,,
Hlavní město Praha,Praha,Praha,VOŠ zdravotnická a Střední zdrav.škola,600019462,Praktická sestra,53-41-M/03,,SOŠ,4,84,398,168,4.738,2.0,84,109,89,116,0.435,těžké,65.06,54.0,nevypsáno,,,
Hlavní město Praha,Praha,Praha,VOŠ zdravotnická a Střední zdrav.škola,600019462,Masér ve zdravotnictví,53-41-M/04,,SOŠ,4,28,155,55,5.536,1.964,29,40,35,52,0.42,těžké,69.03,59.0,nevypsáno,,,
Hlavní město Praha,Praha,Praha,VOŠ zdravotnická a Střední zdrav.škola,600019462,Bezpečnostně právní činnost,68-42-M/01,,SOŠ,4,28,129,42,4.607,1.5,28,18,38,45,0.609,středně těžké,65.18,50.0,nevypsáno,,,
Hlavní město Praha,Praha,Praha,VOŠ zdravotnická a Střední zdrav.škola,600019462,Kosmetické služby,69-41-L/01,,SOU s maturitou,4,28,224,64,8.0,2.286,28,32,101,63,0.467,těžké,58.93,50.0,nevypsáno,,,
Hlavní město Praha,Praha,Praha,VOŠ zdravotnická a Střední zdrav.škola,600019462,Zdravotnické lyceum,78-42-M/04,,Lycea,4,28,189,114,6.75,4.071,28,89,44,28,0.239,velmi těžké,84.61,79.0,nevypsáno,,,
Hlavní město Praha,Praha,Praha,Vyšší polic.škola a Střed.polic.škola MV,680000011,Vnitřní pořádek a bezpečnost (režim pokusného ověřování),68-42-L/01,"Bezpečnostní pracovník, Praha",SOU s maturitou,4,84,410,270,4.881,3.214,83,194,71,61,0.3,velmi těžké,70.1,47.0,"nevypsáno, i když obor nebyl naplněn",,,
Hlavní město Praha,Praha,Praha,Vyšší polic.škola a Střed.polic.škola MV,680000011,Vnitřní pořádek a bezpečnost (režim pokusného ověřování),68-42-L/01,"Bezpečnostní pracovník, Sokolov",SOU s maturitou,4,52,121,72,2.327,1.385,51,10,30,29,0.836,dostala se většina soutěžících uchazečů,41.04,18.0,"nevypsáno, i když obor nebyl naplněn",,,
Hlavní město Praha,Praha,Praha,"Základní škola a gymnázium Minehava,z.s.",691018146,Gymnázium,79-41-K/41,"Svoboda, respekt, dobrodružství",Gymnázia 4letá,4,15,10,3,0.667,0.2,6,0,1,2,1.0,"místo bylo pro všechny, kdo splnili požadavky školy",46.67,,vypsáno,8,5,2
Hlavní město Praha,Praha,Praha,ZŠ a Gymnázium Leonardo V. Academy,691015937,Gymnázium,79-41-K/41,,Gymnázia 4letá,4,70,20,9,0.286,0.129,14,0,0,6,1.0,"místo bylo pro všechny, kdo splnili požadavky školy",59.62,36.0,vypsáno,56,4,3
Hlavní město Praha,Praha,Praha,ZŠ a gymnázium Livingston s.r.o.,691007039,Gymnázium,79-41-K/41,,Gymnázia 4letá,4,40,14,3,0.35,0.075,5,0,0,8,1.0,"místo bylo pro všechny, kdo splnili požadavky školy",64.4,,"nevypsáno, i když obor nebyl naplněn",,,
Hlavní město Praha,Praha,Praha,"Českoslovanská AO Dr. E. Beneše, SOŠ",600004759,Obchodní akademie,63-41-M/02,,SOŠ,4,30,202,60,6.733,2.0,30,59,40,73,0.337,těžké,67.93,54.0,nevypsáno,,,
Hlavní město Praha,Praha,Praha,"Českoslovanská AO Dr. E. Beneše, SOŠ",600004759,Ekonomické lyceum,78-42-M/02,,Lycea,4,120,648,202,5.4,1.683,120,179,38,311,0.401,těžké,76.06,63.0,nevypsáno,,,
Hlavní město Praha,Praha,Praha,"Českoslovanská AO Dr. E. Beneše, SOŠ",600004759,Lyceum (režim pokusného ověřování),78-42-M/08,Finance v digitální době,Lycea,4,30,99,23,3.3,0.767,30,10,6,53,0.75,dostala se většina soutěžících uchazečů,69.4,51.0,nevypsáno,,,
Hlavní město Praha,Praha,Praha,"Českoslovanská AO, SOŠ",600004830,Ekonomika a podnikání,63-41-M/01,Management v reklamě a umění,SOŠ,4,22,152,42,6.909,1.909,22,64,0,66,0.256,velmi těžké,67.86,53.0,nevypsáno,,,
Hlavní město Praha,Praha,Praha,"Českoslovanská AO, SOŠ",600004830,Obchodní akademie,63-41-M/02,Výuka vybraných ekonomických předmětů v anglickém jazyce,SOŠ,4,90,413,118,4.589,1.311,90,144,0,179,0.385,těžké,70.47,57.0,nevypsáno,,,
Hlavní město Praha,Praha,Praha,"Škola Kavčí hory - MŠ, ZŠ a SOŠ služeb",600005399,Veřejnosprávní činnost,68-43-M/01,Veřejnosprávní činnost,SOŠ,4,30,112,24,3.733,0.8,30,29,0,53,0.508,středně těžké,55.67,46.0,nevypsáno,,,
Hlavní město Praha,Praha,Praha,"Škola Kavčí hory - MŠ, ZŠ a SOŠ služeb",600005399,Sociální činnost,75-41-M/01,Sociální činnost,SOŠ,4,30,124,30,4.133,1.0,30,34,0,60,0.469,těžké,56.17,49.0,nevypsáno,,,
Hlavní město Praha,Praha,Praha,"Škola MVV, SOŠ, Gymnázium, s.r.o.",600005402,Veřejnosprávní činnost,68-43-M/01,,SOŠ,4,60,124,48,2.067,0.8,59,13,1,50,0.819,dostala se většina soutěžících uchazečů,48.78,24.0,"nevypsáno, i když obor nebyl naplněn",,,
Hlavní město Praha,Praha,Praha,"Škola MVV, SOŠ, Gymnázium, s.r.o.",600005402,Gymnázium,79-41-K/41,,Gymnázia 4letá,4,30,43,4,1.433,0.133,15,0,1,27,1.0,"místo bylo pro všechny, kdo splnili požadavky školy",46.73,20.0,"nevypsáno, i když obor nebyl naplněn",,,
Jihomoravský kraj,Blansko,Blansko,Gymnázium Blansko,600013235,Gymnázium,79-41-K/41,,Gymnázia 4letá,4,60,173,61,2.883,1.017,60,19,8,86,0.759,dostala se většina soutěžících uchazečů,71.27,54.0,nevypsáno,,,
Jihomoravský kraj,Blansko,Blansko,Gymnázium Blansko,600013235,Gymnázium,79-41-K/81,,Gymnázia 8letá,8,30,147,93,4.9,3.1,30,96,0,21,0.238,velmi těžké,71.43,61.0,nevypsáno,,,
Jihomoravský kraj,Blansko,Blansko,Obchodní akademie a SZdŠ,600013243,Praktická sestra,53-41-M/03,,SOŠ,4,30,86,25,2.867,0.833,30,9,1,46,0.769,dostala se většina soutěžících uchazečů,45.66,27.0,nevypsáno,,,
Jihomoravský kraj,Blansko,Blansko,Obchodní akademie a SZdŠ,600013243,Obchodní akademie,63-41-M/02,,SOŠ,4,30,120,41,4.0,1.367,29,21,1,68,0.58,středně těžké,63.69,48.0,"nevypsáno, i když obor nebyl naplněn",,,
Jihomoravský kraj,Blansko,Blansko,Obchodní akademie a SZdŠ,600013243,Ekonomické lyceum,78-42-M/02,,Lycea,4,30,100,14,3.333,0.467,29,0,1,70,1.0,"místo bylo pro všechny, kdo splnili požadavky školy",53.14,31.0,"nevypsáno, i když obor nebyl naplněn",,,
Jihomoravský kraj,Blansko,Blansko,"SŠ cest. ruchu a gastronomie, s.r.o.",600013383,Gastronomie,65-41-L/51,Gastronomický management,Nástavby,2,23,15,11,0.652,0.478,12,0,2,1,1.0,"místo bylo pro všechny, kdo splnili požadavky školy",29.92,17.0,vypsáno,11,1,1
Jihomoravský kraj,Blansko,Blansko,"SŠ cest. ruchu a gastronomie, s.r.o.",600013383,Cestovní ruch,65-42-M/02,Cestovní ruch / Palubní stevard / Animátor volného času,SOŠ,4,32,109,34,3.406,1.062,28,17,9,51,0.622,středně těžké,39.25,24.0,"nevypsáno, i když obor nebyl naplněn",,,
Jihomoravský kraj,Blansko,Blansko,"SŠ cest. ruchu a gastronomie, s.r.o.",600013383,Ekonomické lyceum,78-42-M/02,Řízení a provoz hotelu,Lycea,4,30,17,3,0.567,0.1,4,0,4,9,1.0,"místo bylo pro všechny, kdo splnili požadavky školy",23.5,,vypsáno,19,8,5
Jihomoravský kraj,Blansko,Blansko,SŠ technická a gastronomická,600013391,Mechanik seřizovač,23-45-L/01,,SOU s maturitou,4,30,25,4,0.833,0.133,7,0,0,18,1.0,"místo bylo pro všechny, kdo splnili požadavky školy",37.71,,vypsáno,22,7,3
Jihomoravský kraj,Blansko,Blansko,SŠ technická a gastronomická,600013391,Mechanik elektrotechnik,26-41-L/01,,SOU s maturitou,4,30,56,16,1.867,0.533,26,0,0,30,1.0,"místo bylo pro všechny, kdo splnili požadavky školy",44.04,12.0,"nevypsáno, i když obor nebyl naplněn",,,
Jihomoravský kraj,Blansko,Blansko,SŠ technická a gastronomická,600013391,Technické lyceum,78-42-M/01,,Lycea,4,30,31,0,1.033,0.0,1,0,0,30,1.0,"místo bylo pro všechny, kdo splnili požadavky školy",32.0,,"nevypsáno, i když obor nebyl naplněn",,,
Jihomoravský kraj,Blansko,Boskovice,Gymnázium,600013294,Gymnázium,79-41-K/41,všeobecné,Gymnázia 4letá,4,60,137,90,2.283,1.5,60,34,1,42,0.638,středně těžké,81.43,70.0,nevypsáno,,,
Jihomoravský kraj,Blansko,Boskovice,Gymnázium,600013294,Gymnázium,79-41-K/81,všeobecné,Gymnázia 8letá,8,30,114,66,3.8,2.2,30,61,5,18,0.33,velmi těžké,60.87,50.0,nevypsáno,,,
Jihomoravský kraj,Blansko,Boskovice,Střední pedagogická škola,600013367,Předškolní a mimoškolní pedagogika,75-31-M/01,,SOŠ,4,30,106,48,3.533,1.6,30,21,21,34,0.588,středně těžké,61.5,42.0,nevypsáno,,,
Jihomoravský kraj,Blansko,Boskovice,Střední pedagogická škola,600013367,Pedagogické lyceum,78-42-M/03,,Lycea,4,29,83,33,2.862,1.138,29,12,3,39,0.707,dostala se většina soutěžících uchazečů,70.48,54.0,nevypsáno,,,
Jihomoravský kraj,Blansko,Boskovice,Střední škola André Citroëna,600013278,Informační technologie,18-20-M/01,,SOŠ,4,24,69,11,2.875,0.458,21,0,1,47,1.0,"místo bylo pro všechny, kdo splnili požadavky školy",39.24,21.0,"nevypsáno, i když obor nebyl naplněn",,,
Jihomoravský kraj,Blansko,Boskovice,Střední škola André Citroëna,600013278,Mechanik strojů a zařízení,23-44-L/01,,SOU s maturitou,4,10,21,8,2.1,0.8,10,1,0,10,0.909,dostala se většina soutěžících uchazečů,42.3,33.0,nevypsáno,,,
Jihomoravský kraj,Blansko,Boskovice,Střední škola André Citroëna,600013278,Autotronik,39-41-L/01,,SOU s maturitou,4,20,90,26,4.5,1.3,20,15,1,54,0.571,středně těžké,53.45,41.0,nevypsáno,,,
Jihomoravský kraj,Blansko,Boskovice,Střední škola André Citroëna,600013278,Bezpečnostně právní činnost,68-42-M/01,,SOŠ,4,52,127,79,2.442,1.519,51,44,1,30,0.537,středně těžké,55.28,38.0,"nevypsáno, i když obor nebyl naplněn",,,
Jihomoravský kraj,Blansko,Boskovice,Střední škola André Citroëna,600013278,Lyceum (režim pokusného ověřování),78-42-M/08,,Lycea,4,24,42,3,1.75,0.125,11,0,0,31,1.0,"místo bylo pro všechny, kdo splnili požadavky školy",43.36,25.0,vypsáno,13,8,4
Jihomoravský kraj,Blansko,Boskovice,Vyšší odborná škola a střední škola,600171779,Informační technologie,18-20-M/01,,SOŠ,4,30,83,29,2.767,0.967,30,6,5,42,0.833,dostala se většina soutěžících uchazečů,56.03,36.0,nevypsáno,,,
Jihomoravský kraj,Blansko,Boskovice,Vyšší odborná škola a střední škola,600171779,Veterinářství,43-41-M/01,,SOŠ,4,30,85,36,2.833,1.2,30,18,2,35,0.625,středně těžké,57.5,46.0,nevypsáno,,,
Jihomoravský kraj,Blansko,Boskovice,Vyšší odborná škola a střední škola,600171779,Praktická sestra,53-41-M/03,,SOŠ,4,30,87,25,2.9,0.833,23,0,13,51,1.0,"místo bylo pro všechny, kdo splnili požadavky školy",46.73,32.0,vypsáno,7,14,6
Jihomoravský kraj,Blansko,Boskovice,Vyšší odborná škola a střední škola,600171779,Ekonomika a podnikání,63-41-M/01,,SOŠ,4,30,119,30,3.967,1.0,30,10,4,75,0.75,dostala se většina soutěžících uchazečů,52.1,38.0,nevypsáno,,,
Jihomoravský kraj,Blansko,Boskovice,Vyšší odborná škola a střední škola,600171779,Hotelnictví,65-42-M/01,,SOŠ,4,30,77,20,2.567,0.667,21,0,12,44,1.0,"místo bylo pro všechny, kdo splnili požadavky školy",45.24,31.0,vypsáno,9,15,3
Jihomoravský kraj,Blansko,Boskovice,Vyšší odborná škola a střední škola,600171779,Sociální činnost,75-41-M/01,,SOŠ,4,30,41,6,1.367,0.2,7,0,8,26,1.0,"místo bylo pro všechny, kdo splnili požadavky školy",40.29,,vypsáno,19,24,11
Jihomoravský kraj,Brno-město,Brno,"AKADEMIA Gy, ZŠ a MŠ, s.r.o.",600024938,Gymnázium,79-41-K/41,,Gymnázia 4letá,4,10,31,4,3.1,0.4,6,0,7,18,1.0,"místo bylo pro všechny, kdo splnili požadavky školy",68.33,,vypsáno,2,11,2
Jihomoravský kraj,Brno-město,Brno,"AKADEMIA Gy, ZŠ a MŠ, s.r.o.",600024938,Gymnázium,79-41-K/81,,Gymnázia 8letá,8,20,105,27,5.25,1.35,18,10,56,19,0.643,středně těžké,60.72,54.0,vypsáno,4,36,4
Jihomoravský kraj,Brno-město,Brno,"Bezpečnost. práv. akad. Brno, s.r.o., SŠ",600013715,Bezpečnostně právní činnost,68-42-M/01,,SOŠ,4,58,194,103,3.345,1.776,58,81,17,38,0.417,těžké,60.69,37.0,nevypsáno,,,
Jihomoravský kraj,Brno-město,Brno,Biskupské gymnázium a mateřská škola,600013405,Gymnázium,79-41-K/41,,Gymnázia 4letá,4,90,197,111,2.189,1.233,90,55,4,48,0.621,středně těžké,81.59,68.0,nevypsáno,,,
Jihomoravský kraj,Brno-město,Brno,Biskupské gymnázium a mateřská škola,600013405,Gymnázium,79-41-K/81,,Gymnázia 8letá,8,60,380,145,6.333,2.417,60,228,16,76,0.208,velmi těžké,74.83,63.0,nevypsáno,,,
Jihomoravský kraj,Brno-město,Brno,"Cyrilometodějské gymnázium, SPedŠ a MŠ Brno",600013740,Předškolní a mimoškolní pedagogika,75-31-M/01,,SOŠ,4,30,90,56,3.0,1.867,30,40,1,19,0.429,těžké,70.17,54.0,nevypsáno,,,
Jihomoravský kraj,Brno-město,Brno,"Cyrilometodějské gymnázium, SPedŠ a MŠ Brno",600013740,Pedagogické lyceum,78-42-M/03,,Lycea,4,29,160,77,5.517,2.655,29,77,3,51,0.274,velmi těžké,80.48,70.0,nevypsáno,,,
Jihomoravský kraj,Brno-město,Brno,"Cyrilometodějské gymnázium, SPedŠ a MŠ Brno",600013740,Gymnázium,79-41-K/81,,Gymnázia 8letá,8,30,246,102,8.2,3.4,30,152,13,51,0.165,velmi těžké,76.47,67.0,nevypsáno,,,
Jihomoravský kraj,Brno-město,Brno,Církev.střední zdravotnická škola s.r.o.,600019900,Praktická sestra,53-41-M/03,,SOŠ,4,48,118,38,2.458,0.792,48,1,17,52,0.98,dostala se většina soutěžících uchazečů,40.04,22.0,nevypsáno,,,
Jihomoravský kraj,Brno-město,Brno,Církev.střední zdravotnická škola s.r.o.,600019900,Zdravotnické lyceum,78-42-M/04,,Lycea,4,28,77,17,2.75,0.607,28,8,13,28,0.778,dostala se většina soutěžících uchazečů,59.96,40.0,nevypsáno,,,
Jihomoravský kraj,Brno-město,Brno,EKO GYMNÁZIUM o.p.s.,600013758,Gymnázium,79-41-K/61,,Gymnázia 6letá,6,24,197,55,8.208,2.292,24,79,75,19,0.233,velmi těžké,66.5,55.0,nevypsáno,,,
Jihomoravský kraj,Brno-město,Brno,EKO GYMNÁZIUM o.p.s.,600013758,Gymnázium,79-41-K/81,,Gymnázia 8letá,8,24,201,82,8.375,3.417,24,97,46,34,0.198,velmi těžké,72.58,60.0,nevypsáno,,,
Jihomoravský kraj,Brno-město,Brno,"ERUNI, univerzitní gymnázium Brno, s.r.o.",691018731,Gymnázium,79-41-K/41,Univerzitní akademické výzkumné gymnázium,Gymnázia 4letá,4,20,6,0,0.3,0.0,1,0,0,5,1.0,"místo bylo pro všechny, kdo splnili požadavky školy",28.0,,vypsáno,19,5,3
Jihomoravský kraj,Brno-město,Brno,"ERUNI, univerzitní střední pedagogická škola Brno",691018715,Předškolní a mimoškolní pedagogika,75-31-M/01,"Univerzitní příprava v pedagogice, psychologii a moderních metodách učení",SOŠ,4,20,2,1,0.1,0.05,1,0,0,1,1.0,"místo bylo pro všechny, kdo splnili požadavky školy",36.0,,vypsáno,19,1,1
Jihomoravský kraj,Brno-město,Brno,Evangelické gymnázium a ZŠ Brno,691012164,Gymnázium,79-41-K/41,humanitní a jazykové,Gymnázia 4letá,4,25,57,19,2.28,0.76,22,0,7,28,1.0,"místo bylo pro všechny, kdo splnili požadavky školy",64.05,32.0,vypsáno,7,19,7
Jihomoravský kraj,Brno-město,Brno,Gymnázium,600013464,Gymnázium,79-41-K/41,,Gymnázia 4letá,4,120,383,205,3.192,1.708,120,134,15,114,0.472,těžké,86.85,77.0,nevypsáno,,,
Jihomoravský kraj,Brno-město,Brno,Gymnázium,600013472,Gymnázium,79-41-K/41,rozšířená výuka anglického jazyka,Gymnázia 4letá,4,30,158,89,5.267,2.967,30,84,1,43,0.263,velmi těžké,83.23,75.0,nevypsáno,,,
Jihomoravský kraj,Brno-město,Brno,Gymnázium,600013472,Gymnázium,79-41-K/41,výuka vybraných předmětů v anglickém jazyce,Gymnázia 4letá,4,25,64,38,2.56,1.52,25,28,0,11,0.472,těžké,80.44,69.0,nevypsáno,,,
Jihomoravský kraj,Brno-město,Brno,Gymnázium,600013421,Gymnázium,79-41-K/41,všeobecné,Gymnázia 4letá,4,90,369,133,4.1,1.478,90,92,21,166,0.495,těžké,80.94,72.0,nevypsáno,,,
Jihomoravský kraj,Brno-město,Brno,Gymnázium,600013448,Gymnázium,79-41-K/41,všeobecné,Gymnázia 4letá,4,60,223,102,3.717,1.7,60,75,4,84,0.444,těžké,82.49,74.0,nevypsáno,,,
Jihomoravský kraj,Brno-město,Brno,Gymnázium,600013472,Gymnázium,79-41-K/41,všeobecné,Gymnázia 4letá,4,30,187,67,6.233,2.233,30,71,3,83,0.297,velmi těžké,86.4,79.0,nevypsáno,,,
Jihomoravský kraj,Brno-město,Brno,Gymnázium,600013481,Gymnázium,79-41-K/41,všeobecné,Gymnázia 4letá,4,62,145,70,2.339,1.129,62,19,8,56,0.765,dostala se většina soutěžících uchazečů,84.1,66.0,nevypsáno,,,
Jihomoravský kraj,Brno-město,Brno,Gymnázium,600013464,Gymnázium,79-41-K/61,,Gymnázia 6letá,6,30,535,187,17.833,6.233,30,254,180,71,0.106,velmi těžké,77.28,66.0,nevypsáno,,,
Jihomoravský kraj,Brno-město,Brno,Gymnázium,600013448,Gymnázium,79-41-K/61,programování,Gymnázia 6letá,6,60,462,192,7.7,3.2,57,231,124,47,0.198,velmi těžké,69.89,61.0,"nevypsáno, i když obor nebyl naplněn",,,
Jihomoravský kraj,Brno-město,Brno,Gymnázium,600013472,Gymnázium,79-41-K/61,rozšířená výuka angličtiny,Gymnázia 6letá,6,30,530,228,17.667,7.6,30,431,0,69,0.065,velmi těžké,76.17,64.0,nevypsáno,,,
Jihomoravský kraj,Brno-město,Brno,Gymnázium,600013481,Gymnázium,79-41-K/81,matematické,Gymnázia 8letá,8,32,233,79,7.281,2.469,33,59,82,60,0.359,těžké,77.69,68.0,nevypsáno,,,
Jihomoravský kraj,Brno-město,Brno,Gymnázium,600013481,Gymnázium,79-41-K/81,všeobecné,Gymnázia 8letá,8,32,460,116,14.375,3.625,32,129,191,108,0.199,velmi těžké,77.16,67.0,nevypsáno,,,
Jihomoravský kraj,Brno-město,Brno,Gymnázium Brno-Bystrc,600013863,Gymnázium,79-41-K/41,,Gymnázia 4letá,4,45,205,106,4.556,2.356,42,86,20,54,0.328,velmi těžké,81.59,66.0,"nevypsáno, i když obor nebyl naplněn",,,
Jihomoravský kraj,Brno-město,Brno,Gymnázium Brno-Bystrc,600013863,Gymnázium,79-41-K/61,,Gymnázia 6letá,6,30,361,139,12.033,4.633,30,115,163,53,0.207,velmi těžké,66.38,54.0,nevypsáno,,,
Jihomoravský kraj,Brno-město,Brno,Gymnázium Brno-Bystrc,600013863,Gymnázium,79-41-K/81,,Gymnázia 8letá,8,30,369,148,12.3,4.933,29,162,127,50,0.152,velmi těžké,81.45,73.0,"nevypsáno, i když obor nebyl naplněn",,,
Jihomoravský kraj,Brno-město,Brno,Gymnázium Brno-Bystrc,600013863,Dvojjazyčné gymnázium,79-43-K/61,,Gymnázia 6letá,6,30,294,108,9.8,3.6,29,124,101,39,0.19,velmi těžké,67.55,58.0,"nevypsáno, i když obor nebyl naplněn",,,
Jihomoravský kraj,Brno-město,Brno,Gymnázium Brno-Řečkovice,600013413,Gymnázium,79-41-K/81,Gymnázium,Gymnázia 8letá,8,60,532,217,8.867,3.617,61,51,333,88,0.545,středně těžké,77.84,64.0,nevypsáno,,,
Jihomoravský kraj,Brno-město,Brno,"Gymnázium Globe, s.r.o.",600013537,Gymnázium,79-41-K/41,Živé jazyky,Gymnázia 4letá,4,12,36,5,3.0,0.417,8,0,9,17,1.0,"místo bylo pro všechny, kdo splnili požadavky školy",45.0,,"nevypsáno, i když obor nebyl naplněn",,,
Jihomoravský kraj,Brno-město,Brno,"Gymnázium Globe, s.r.o.",600013537,Gymnázium,79-41-K/81,živé jazyky,Gymnázia 8letá,8,23,21,5,0.913,0.217,6,0,6,4,1.0,"místo bylo pro všechny, kdo splnili požadavky školy",42.0,,"nevypsáno, i když obor nebyl naplněn",,,
Jihomoravský kraj,Brno-město,Brno,Gymnázium Matyáše Lercha,600013626,Gymnázium,79-41-K/41,všeobecné,Gymnázia 4letá,4,90,323,187,3.589,2.078,90,136,0,97,0.398,těžké,87.8,79.0,nevypsáno,,,
Jihomoravský kraj,Brno-město,Brno,Gymnázium Matyáše Lercha,600013626,Gymnázium,79-41-K/81,všeobecné,Gymnázia 8letá,8,30,475,196,15.833,6.533,30,378,0,67,0.074,velmi těžké,86.33,78.0,nevypsáno,,,
Jihomoravský kraj,Brno-město,Brno,Gymnázium Matyáše Lercha,600013626,Dvojjazyčné gymnázium,79-43-K/61,dvojjazyčné gymnázium,Gymnázia 6letá,6,30,290,85,9.667,2.833,30,220,0,40,0.12,velmi těžké,65.77,58.0,nevypsáno,,,
Jihomoravský kraj,Brno-město,Brno,Gymnázium Mojmírovo náměstí s.r.o.,600013693,Gymnázium,79-41-K/41,,Gymnázia 4letá,4,52,162,90,3.115,1.731,51,46,25,39,0.526,středně těžké,80.31,65.0,"nevypsáno, i když obor nebyl naplněn",,,
Jihomoravský kraj,Brno-město,Brno,"Gymnázium P.Křížk. s uměl.profil.,s.r.o.",600013651,Gymnázium,79-41-K/41,,Gymnázia 4letá,4,8,44,13,5.5,1.625,8,10,11,15,0.444,těžké,75.88,,nevypsáno,,,
Jihomoravský kraj,Brno-město,Brno,"Gymnázium P.Křížk. s uměl.profil.,s.r.o.",600013651,Gymnázium,79-41-K/81,,Gymnázia 8letá,8,25,100,53,4.0,2.12,25,14,43,18,0.641,středně těžké,58.08,38.0,nevypsáno,,,
Jihomoravský kraj,Brno-město,Brno,Hotelová škola s.r.o.,600013880,Obchodní akademie,63-41-M/02,Obchodní akademie,SOŠ,4,30,43,3,1.433,0.1,21,0,0,21,1.0,"místo bylo pro všechny, kdo splnili požadavky školy",32.52,16.0,vypsáno,12,35,11
Jihomoravský kraj,Brno-město,Brno,Hotelová škola s.r.o.,600013880,Hotelnictví,65-42-M/01,Hotelnictví a turismus,SOŠ,4,60,72,24,1.2,0.4,32,0,0,34,1.0,"místo bylo pro všechny, kdo splnili požadavky školy",29.91,9.0,vypsáno,33,67,30
Jihomoravský kraj,Brno-město,Brno,Hotelová škola s.r.o.,600013880,Lyceum (režim pokusného ověřování),78-42-M/08,Cestovní ruch a rozvoj regionů,Lycea,4,30,30,4,1.0,0.133,10,0,0,16,1.0,"místo bylo pro všechny, kdo splnili požadavky školy",28.8,15.0,vypsáno,20,47,16
Jihomoravský kraj,Brno-město,Brno,ISŠ automobilní,600171850,Dopravní prostředky,23-45-M/01,,SOŠ,4,30,79,27,2.633,0.9,30,12,0,37,0.714,dostala se většina soutěžících uchazečů,49.47,30.0,nevypsáno,,,
Jihomoravský kraj,Brno-město,Brno,ISŠ automobilní,600171850,Provoz a ekonomika dopravy,37-41-M/01,,SOŠ,4,30,75,20,2.5,0.667,30,5,0,40,0.857,dostala se většina soutěžících uchazečů,46.6,26.0,nevypsáno,,,
Jihomoravský kraj,Brno-město,Brno,ISŠ automobilní,600171850,Autotronik,39-41-L/01,Mechanik opravář motorových vozidel,SOU s maturitou,4,60,209,122,3.483,2.033,60,89,0,60,0.403,těžké,62.38,47.0,nevypsáno,,,
Jihomoravský kraj,Brno-město,Brno,ISŠ automobilní,600171850,Autotronik,39-41-L/51,,Nástavby,2,30,57,50,1.9,1.667,30,22,0,5,0.577,středně těžké,46.63,30.0,nevypsáno,,,
Jihomoravský kraj,Brno-město,Brno,"LABYRINTH - gymnázium a ZŠ, s.r.o.",691009627,Gymnázium,79-41-K/41,,Gymnázia 4letá,4,20,42,26,2.1,1.3,20,3,12,7,0.87,dostala se většina soutěžících uchazečů,70.5,56.0,vypsáno,6,15,6
Jihomoravský kraj,Brno-město,Brno,"Montessori MŠ a ZŠ Perlička a SŠ, s.r.o.",671100769,Kombinované lyceum,78-42-M/06,,Lycea,4,20,18,1,0.9,0.05,3,0,2,13,1.0,"místo bylo pro všechny, kdo splnili požadavky školy",48.67,,"nevypsáno, i když obor nebyl naplněn",,,
Jihomoravský kraj,Brno-město,Brno,Moravské gymnázium Brno s.r.o.,600013677,Gymnázium,79-41-K/41,,Gymnázia 4letá,4,48,204,36,4.25,0.75,48,36,10,110,0.571,středně těžké,71.1,60.0,nevypsáno,,,
Jihomoravský kraj,Brno-město,Brno,Moravské gymnázium Brno s.r.o.,600013677,Gymnázium,79-41-K/81,,Gymnázia 8letá,8,24,212,29,8.833,1.208,23,88,60,40,0.207,velmi těžké,65.17,59.0,"nevypsáno, i když obor nebyl naplněn",,,
Jihomoravský kraj,Brno-město,Brno,"MŠ, ZŠ a SŠ Gellnerka Brno",600024962,Informační technologie,18-20-M/01,,SOŠ,4,10,11,8,1.1,0.8,4,0,4,3,1.0,"místo bylo pro všechny, kdo splnili požadavky školy",67.5,,vypsáno,2,3,2
Jihomoravský kraj,Brno-město,Brno,"Obchodní akademie ELDO, o.p.s.",600013839,Obchodní akademie,63-41-M/02,Management sportu,SOŠ,4,16,70,19,4.375,1.188,16,14,18,22,0.533,středně těžké,59.5,35.0,nevypsáno,,,
Jihomoravský kraj,Brno-město,Brno,"Obchodní akademie ELDO, o.p.s.",600013839,Obchodní akademie,63-41-M/02,Obchodní akademie,SOŠ,4,32,100,9,3.125,0.281,20,0,24,54,1.0,"místo bylo pro všechny, kdo splnili požadavky školy",47.25,35.0,vypsáno,8,41,8
Jihomoravský kraj,Brno-město,Brno,"Obchodní akademie ELDO, o.p.s.",600013839,Ekonomické lyceum,78-42-M/02,Marketinková komunikace,Lycea,4,23,84,17,3.652,0.739,23,4,26,31,0.852,dostala se většina soutěžících uchazečů,53.0,34.0,nevypsáno,,,
Jihomoravský kraj,Brno-město,Brno,"Obchodní akademie ELDO, o.p.s.",600013839,Pedagogické lyceum,78-42-M/03,,Lycea,4,52,130,42,2.5,0.808,49,0,24,56,1.0,"místo bylo pro všechny, kdo splnili požadavky školy",53.27,33.0,"nevypsáno, i když obor nebyl naplněn",,,
Jihomoravský kraj,Brno-město,Brno,Obchodní akademie a vyšší odborná škola,600013502,Obchodní akademie,63-41-M/02,,SOŠ,4,120,641,180,5.342,1.5,120,188,24,309,0.39,těžké,68.12,55.0,nevypsáno,,,
Jihomoravský kraj,Brno-město,Brno,Obchodní akademie a vyšší odborná škola,600013502,Informační služby,72-41-M/01,,SOŠ,4,30,72,9,2.4,0.3,21,0,10,41,1.0,"místo bylo pro všechny, kdo splnili požadavky školy",48.15,28.0,vypsáno,9,60,9
Jihomoravský kraj,Brno-město,Brno,Obchodní akademie a vyšší odborná škola,600013502,Ekonomické lyceum,78-42-M/02,,Lycea,4,90,441,113,4.9,1.256,90,130,5,216,0.409,těžké,73.32,61.0,nevypsáno,,,
Jihomoravský kraj,Brno-město,Brno,"PORG - gymnázium, ZŠ a MŠ, o.p.s.",600006018,Předškolní a mimoškolní pedagogika,75-31-M/01,"střední pedagogická škola, Brno",SOŠ,4,28,29,6,1.036,0.214,9,0,8,12,1.0,"místo bylo pro všechny, kdo splnili požadavky školy",48.33,,vypsáno,17,7,4
Jihomoravský kraj,Brno-město,Brno,"PORG - gymnázium, ZŠ a MŠ, o.p.s.",600006018,Gymnázium,79-41-K/81,8leté PORG Brno,Gymnázia 8letá,8,26,109,45,4.192,1.731,26,31,36,16,0.456,těžké,74.08,57.0,nevypsáno,,,
Jihomoravský kraj,Brno-město,Brno,SOŠ Morava o.p.s.,600013731,Veřejnosprávní činnost,68-43-M/01,,SOŠ,4,20,59,20,2.95,1.0,20,15,3,21,0.571,středně těžké,52.45,41.0,nevypsáno,,,
Jihomoravský kraj,Brno-město,Brno,SOŠ Morava o.p.s.,600013731,Sociální činnost,75-41-M/01,,SOŠ,4,20,67,7,3.35,0.35,20,4,2,41,0.833,dostala se většina soutěžících uchazečů,37.1,25.0,nevypsáno,,,
Jihomoravský kraj,Brno-město,Brno,SOŠ Morava o.p.s.,600013731,Pedagogické lyceum,78-42-M/03,,Lycea,4,17,74,13,4.353,0.765,16,9,6,42,0.64,středně těžké,51.88,41.0,"nevypsáno, i když obor nebyl naplněn",,,
Jihomoravský kraj,Brno-město,Brno,SPŠ a VOŠ,600013936,Strojírenství,23-41-M/01,,SOŠ,4,120,314,96,2.617,0.8,120,21,0,173,0.851,dostala se většina soutěžících uchazečů,59.64,37.0,nevypsáno,,,
Jihomoravský kraj,Brno-město,Brno,SPŠ a VOŠ,600013936,Ekonomika a podnikání,63-41-M/01,,SOŠ,4,30,161,35,5.367,1.167,30,47,2,82,0.39,těžké,63.8,53.0,nevypsáno,,,
Jihomoravský kraj,Brno-město,Brno,SPŠ a VOŠ,600013936,Technické lyceum,78-42-M/01,,Lycea,4,60,195,68,3.25,1.133,59,34,0,101,0.634,středně těžké,76.86,63.0,"nevypsáno, i když obor nebyl naplněn",,,
Jihomoravský kraj,Brno-město,Brno,SPŠ a VOŠ,600013936,Ekonomické lyceum,78-42-M/02,,Lycea,4,30,108,15,3.6,0.5,30,17,0,61,0.638,středně těžké,66.57,51.0,nevypsáno,,,
Jihomoravský kraj,Brno-město,Brno,"SPŠ chemická a gymnázium Brno, Vranovská",600013928,Aplikovaná chemie,28-44-M/01,,SOŠ,4,60,178,67,2.967,1.117,60,8,10,100,0.882,dostala se většina soutěžících uchazečů,68.63,41.0,nevypsáno,,,
Jihomoravský kraj,Brno-město,Brno,"SPŠ chemická a gymnázium Brno, Vranovská",600013928,Analýza potravin,29-42-M/01,,SOŠ,4,27,93,7,3.444,0.259,6,0,6,81,1.0,"místo bylo pro všechny, kdo splnili požadavky školy",66.67,,vypsáno,20,30,17
Jihomoravský kraj,Brno-město,Brno,"SPŠ chemická a gymnázium Brno, Vranovská",600013928,Přírodovědné lyceum,78-42-M/05,,Lycea,4,30,175,23,5.833,0.767,30,0,8,137,1.0,"místo bylo pro všechny, kdo splnili požadavky školy",65.59,42.0,nevypsáno,,,
Jihomoravský kraj,Brno-město,Brno,"SPŠ chemická a gymnázium Brno, Vranovská",600013928,Gymnázium,79-41-K/41,,Gymnázia 4letá,4,120,247,111,2.058,0.925,120,22,3,102,0.845,dostala se většina soutěžících uchazečů,74.68,50.0,nevypsáno,,,
Jihomoravský kraj,Brno-město,Brno,"ScioŠkola Brno Medlánky - SŠ, s.r.o.",691015163,Gymnázium,79-41-K/41,"Bosonohy - Pro svět, který přijde",Gymnázia 4letá,4,50,40,5,0.8,0.1,8,0,9,22,1.0,"místo bylo pro všechny, kdo splnili požadavky školy",49.25,,vypsáno,20,19,8
Jihomoravský kraj,Brno-město,Brno,"ScioŠkola Brno Medlánky - SŠ, s.r.o.",691015163,Gymnázium,79-41-K/41,Medlánky - Život ve svých rukou,Gymnázia 4letá,4,37,61,32,1.649,0.865,30,0,12,19,1.0,"místo bylo pro všechny, kdo splnili požadavky školy",57.34,31.0,"nevypsáno, i když obor nebyl naplněn",,,
Jihomoravský kraj,Brno-město,Brno,Sportovní gymnázium Ludvíka Daňka,600013634,Gymnázium,79-41-K/41,Gymnázium čtyřleté,Gymnázia 4letá,4,15,81,37,5.4,2.467,15,39,0,27,0.278,velmi těžké,82.21,75.0,nevypsáno,,,
Jihomoravský kraj,Brno-město,Brno,Sportovní gymnázium Ludvíka Daňka,600013634,Gymnázium,79-41-K/61,Gymnázium šestileté,Gymnázia 6letá,6,15,252,115,16.8,7.667,15,208,0,29,0.067,velmi těžké,68.67,53.0,nevypsáno,,,
Jihomoravský kraj,Brno-město,Brno,Sportovní gymnázium Ludvíka Daňka,600013634,Gymnázium se sportovní přípravou,79-42-K/41,"Gymnázium se sportovní přípravou-atletika, basketbal dívky, volejbal",Gymnázia 4letá,4,30,90,50,3.0,1.667,30,21,22,17,0.588,středně těžké,65.43,37.0,nevypsáno,,,
Jihomoravský kraj,Brno-město,Brno,Sportovní gymnázium Ludvíka Daňka,600013634,Gymnázium se sportovní přípravou,79-42-K/41,"Gymnázium se sportovní přípravou-fotbal chlapci, plavání",Gymnázia 4letá,4,15,80,59,5.333,3.933,15,22,35,8,0.405,těžké,64.5,43.0,nevypsáno,,,
Jihomoravský kraj,Brno-město,Brno,Sportovní gymnázium Ludvíka Daňka,600013634,Gymnázium se sportovní přípravou,79-42-K/61,"Gymnázium se sportovní přípravou -sportovní gymnastika, judo, tenis, triatlon ",Gymnázia 6letá,6,15,37,28,2.467,1.867,15,1,21,0,0.938,dostala se většina soutěžících uchazečů,46.07,24.0,nevypsáno,,,
Jihomoravský kraj,Brno-město,Brno,Střední odborná škola EDUCAnet Brno,600013669,Informační technologie,18-20-M/01,,SOŠ,4,22,28,7,1.273,0.318,15,0,0,13,1.0,"místo bylo pro všechny, kdo splnili požadavky školy",44.93,33.0,vypsáno,12,19,4
Jihomoravský kraj,Brno-město,Brno,Střední odborná škola EDUCAnet Brno,600013669,Ekonomické lyceum,78-42-M/02,,Lycea,4,24,42,9,1.75,0.375,19,0,0,23,1.0,"místo bylo pro všechny, kdo splnili požadavky školy",47.32,22.0,vypsáno,8,22,6
Jihomoravský kraj,Brno-město,Brno,Střední průmyslová škola,600171027,Informační technologie,18-20-M/01,,SOŠ,4,84,319,141,3.798,1.679,85,26,104,105,0.766,dostala se většina soutěžících uchazečů,77.35,64.0,nevypsáno,,,
Jihomoravský kraj,Brno-město,Brno,Střední průmyslová škola,600171027,Mechanik elektrotechnik,26-41-L/01,,SOU s maturitou,4,24,116,45,4.833,1.875,24,12,31,49,0.667,dostala se většina soutěžících uchazečů,69.17,58.0,nevypsáno,,,
Jihomoravský kraj,Brno-město,Brno,Střední průmyslová škola,600171027,Elektrotechnika,26-41-M/01,,SOŠ,4,56,168,52,3.0,0.929,53,0,34,81,1.0,"místo bylo pro všechny, kdo splnili požadavky školy",64.28,41.0,"nevypsáno, i když obor nebyl naplněn",,,
Jihomoravský kraj,Brno-město,Brno,Střední průmyslová škola,600171027,Ekonomika a podnikání,63-41-M/01,,SOŠ,4,56,259,96,4.625,1.714,56,23,101,79,0.709,dostala se většina soutěžících uchazečů,71.79,60.0,nevypsáno,,,
Jihomoravský kraj,Brno-město,Brno,Střední průmyslová škola,600171027,Sociální činnost,75-41-M/01,,SOŠ,4,56,205,80,3.661,1.429,56,18,74,57,0.757,dostala se většina soutěžících uchazečů,59.61,46.0,nevypsáno,,,
Jihomoravský kraj,Brno-město,Brno,Střední průmyslová škola,600171027,Technické lyceum,78-42-M/01,,Lycea,4,28,75,17,2.679,0.607,20,0,7,48,1.0,"místo bylo pro všechny, kdo splnili požadavky školy",73.0,57.0,"nevypsáno, i když obor nebyl naplněn",,,
Jihomoravský kraj,Brno-město,Brno,Střední průmyslová škola stavební,600013804,Geodézie a katastr nemovitostí,36-46-M/01,,SOŠ,4,30,121,28,4.033,0.933,30,29,1,61,0.508,středně těžké,59.47,49.0,nevypsáno,,,
Jihomoravský kraj,Brno-město,Brno,Střední průmyslová škola stavební,600013804,Stavebnictví,36-47-M/01,,SOŠ,4,120,380,211,3.167,1.758,120,121,0,139,0.498,těžké,75.06,60.0,nevypsáno,,,
Jihomoravský kraj,Brno-město,Brno,Střední průmyslová škola stavební,600013804,Technické lyceum,78-42-M/01,,Lycea,4,30,121,36,4.033,1.2,30,27,2,62,0.526,středně těžké,75.43,64.0,nevypsáno,,,
Jihomoravský kraj,Brno-město,Brno,Střední zdravot.škola a VOŠ zdravotnická,600019861,Nutriční asistent,53-41-M/02,,SOŠ,4,30,138,27,4.6,0.9,30,39,0,69,0.435,těžké,57.83,41.0,nevypsáno,,,
Jihomoravský kraj,Brno-město,Brno,Střední zdravot.škola a VOŠ zdravotnická,600019861,Laboratorní asistent,53-43-M/01,,SOŠ,4,60,135,52,2.25,0.867,60,15,1,59,0.8,dostala se většina soutěžících uchazečů,56.77,34.0,nevypsáno,,,
Jihomoravský kraj,Brno-město,Brno,Střední zdravot.škola a VOŠ zdravotnická,600019861,Asistent zubního technika,53-44-M/03,,SOŠ,4,22,150,97,6.818,4.409,22,18,98,12,0.55,středně těžké,62.64,34.0,nevypsáno,,,
Jihomoravský kraj,Brno-město,Brno,Střední zdravot.škola a VOŠ zdravotnická,600019861,Masér sportovní a rekondiční,69-41-L/02,,SOU s maturitou,4,30,197,84,6.567,2.8,30,95,0,72,0.24,velmi těžké,70.27,58.0,nevypsáno,,,
Jihomoravský kraj,Brno-město,Brno,Střední zdravot.škola a VOŠ zdravotnická,600019861,Oční optik,69-42-M/01,,SOŠ,4,30,106,25,3.533,0.833,18,0,39,49,1.0,"místo bylo pro všechny, kdo splnili požadavky školy",62.72,44.0,vypsáno,12,34,9
Jihomoravský kraj,Brno-město,Brno,Střední zdravotnická škola,600019896,Praktická sestra,53-41-M/03,,SOŠ,4,120,340,141,2.833,1.175,120,76,19,125,0.612,středně těžké,56.35,40.0,nevypsáno,,,
Jihomoravský kraj,Brno-město,Brno,Střední zdravotnická škola,600019896,Sociální činnost,75-41-M/01,,SOŠ,4,30,109,29,3.633,0.967,30,13,13,53,0.698,dostala se většina soutěžících uchazečů,47.73,32.0,nevypsáno,,,
Jihomoravský kraj,Brno-město,Brno,Střední zdravotnická škola,600019896,Zdravotnické lyceum,78-42-M/04,,Lycea,4,60,314,96,5.233,1.6,60,106,6,142,0.361,těžké,68.93,59.0,nevypsáno,,,
Jihomoravský kraj,Brno-město,Brno,Střední zdravotnická škola Evangel.akad.,600019853,Praktická sestra,53-41-M/03,,SOŠ,4,22,95,25,4.318,1.136,18,0,36,40,1.0,"místo bylo pro všechny, kdo splnili požadavky školy",45.44,34.0,vypsáno,5,22,5
Jihomoravský kraj,Brno-město,Brno,Střední zdravotnická škola Evangel.akad.,600019853,Sociální činnost,75-41-L/51,,Nástavby,2,17,53,33,3.118,1.941,17,2,25,9,0.895,dostala se většina soutěžících uchazečů,37.24,25.0,nevypsáno,,,
Jihomoravský kraj,Brno-město,Brno,Střední škola,600013766,Fotograf,34-56-L/01,,SOU s maturitou,4,30,76,21,2.533,0.7,30,3,13,30,0.909,dostala se většina soutěžících uchazečů,45.1,29.0,nevypsáno,,,
Jihomoravský kraj,Brno-město,Brno,Střední škola,600013766,Ekonomika a podnikání,63-41-M/01,,SOŠ,4,60,192,36,3.2,0.6,60,18,31,83,0.769,dostala se většina soutěžících uchazečů,51.05,35.0,nevypsáno,,,
Jihomoravský kraj,Brno-město,Brno,Střední škola,600013766,Podnikání,64-41-L/51,,Nástavby,2,60,248,121,4.133,2.017,59,47,67,74,0.557,středně těžké,44.93,31.0,"nevypsáno, i když obor nebyl naplněn",,,
Jihomoravský kraj,Brno-město,Brno,Střední škola,600013766,Gastronomie,65-41-L/01,kuchař - číšník,SOU s maturitou,4,30,49,18,1.633,0.6,14,0,13,22,1.0,"místo bylo pro všechny, kdo splnili požadavky školy",44.21,27.0,"nevypsáno, i když obor nebyl naplněn",,,
Jihomoravský kraj,Brno-město,Brno,Střední škola,600013766,Hotelnictví,65-42-M/01,,SOŠ,4,60,139,27,2.317,0.45,43,0,37,58,1.0,"místo bylo pro všechny, kdo splnili požadavky školy",40.7,30.0,vypsáno,16,84,15
Jihomoravský kraj,Brno-město,Brno,Střední škola,600013766,Cestovní ruch,65-42-M/02,,SOŠ,4,60,305,111,5.083,1.85,60,64,65,116,0.484,těžké,55.17,41.0,nevypsáno,,,
Jihomoravský kraj,Brno-město,Brno,Střední škola,600013766,Kosmetické služby,69-41-L/01,,SOU s maturitou,4,60,321,107,5.35,1.783,58,79,69,113,0.423,těžké,46.09,32.0,"nevypsáno, i když obor nebyl naplněn",,,
Jihomoravský kraj,Brno-město,Brno,Střední škola,600013766,Ekonomické lyceum,78-42-M/02,,Lycea,4,30,69,3,2.3,0.1,18,0,4,47,1.0,"místo bylo pro všechny, kdo splnili požadavky školy",49.11,30.0,vypsáno,12,91,11
Jihomoravský kraj,Brno-město,Brno,Střední škola F. D. Roosevelta,600171531,Ekonomika a podnikání,63-41-M/01,"Obchodní, ekonomická a personální činnost",SOŠ,4,14,9,3,0.643,0.214,4,0,1,4,1.0,"místo bylo pro všechny, kdo splnili požadavky školy",44.0,,vypsáno,6,0,0
Jihomoravský kraj,Brno-město,Brno,Střední škola Gemini,600025021,Gastronomie,65-41-L/01,Gastronomie,SOU s maturitou,4,14,9,5,0.643,0.357,3,0,4,2,1.0,"místo bylo pro všechny, kdo splnili požadavky školy",28.67,,"nevypsáno, i když obor nebyl naplněn",,,
Jihomoravský kraj,Brno-město,Brno,Střední škola Gemini,600025021,Veřejnosprávní činnost,68-43-M/01,Veřejnosprávní činnost,SOŠ,4,14,16,7,1.143,0.5,4,0,4,7,1.0,"místo bylo pro všechny, kdo splnili požadavky školy",62.0,,"nevypsáno, i když obor nebyl naplněn",,,
Jihomoravský kraj,Brno-město,Brno,Střední škola Gemini,600025021,Pedagogické lyceum,78-42-M/03,Pedagogické lyceum,Lycea,4,14,13,11,0.929,0.786,10,0,2,1,1.0,"místo bylo pro všechny, kdo splnili požadavky školy",31.2,15.0,"nevypsáno, i když obor nebyl naplněn",,,
Jihomoravský kraj,Brno-město,Brno,Střední škola grafická,600013910,Polygrafie,34-41-M/01,,SOŠ,4,30,66,13,2.2,0.433,24,0,9,33,1.0,"místo bylo pro všechny, kdo splnili požadavky školy",50.38,26.0,vypsáno,6,22,6
Jihomoravský kraj,Brno-město,Brno,Střední škola grafická,600013910,Obalová technika,34-42-M/01,,SOŠ,4,30,68,12,2.267,0.4,19,0,6,42,1.0,"místo bylo pro všechny, kdo splnili požadavky školy",43.79,21.0,vypsáno,11,10,5
Jihomoravský kraj,Brno-město,Brno,Střední škola grafická,600013910,Tiskař na polygrafických strojích,34-52-L/01,34-52-H/01 Tiskař na polygrafických strojích,SOU s maturitou,4,14,26,4,1.857,0.286,10,0,0,16,1.0,"místo bylo pro všechny, kdo splnili požadavky školy",32.6,14.0,vypsáno,4,4,2
Jihomoravský kraj,Brno-město,Brno,Střední škola grafická,600013910,Reprodukční grafik pro média,34-53-L/01,34-53-H/01 Reprodukční grafik,SOU s maturitou,4,28,141,55,5.036,1.964,28,31,25,57,0.475,těžké,62.46,49.0,nevypsáno,,,
Jihomoravský kraj,Brno-město,Brno,Střední škola grafická,600013910,Technik dokončovacího zpracování tiskovin,34-57-L/01,34-57-H/01 Knihař ,SOU s maturitou,4,14,21,3,1.5,0.214,4,0,2,14,1.0,"místo bylo pro všechny, kdo splnili požadavky školy",37.75,,vypsáno,10,5,1
Jihomoravský kraj,Brno-město,Brno,Střední škola grafická,600013910,Technické lyceum,78-42-M/01,,Lycea,4,30,19,4,0.633,0.133,6,0,1,11,1.0,"místo bylo pro všechny, kdo splnili požadavky školy",46.5,,vypsáno,23,48,14
Jihomoravský kraj,Brno-město,Brno,Střední škola polytechnická,600013821,Nábytkářská a dřevařská výroba,33-42-M/01,,SOŠ,4,30,70,16,2.333,0.533,24,0,3,43,1.0,"místo bylo pro všechny, kdo splnili požadavky školy",48.38,26.0,vypsáno,6,6,5
Jihomoravský kraj,Brno-město,Brno,Střední škola polytechnická,600013821,Technická zařízení budov,36-45-M/01,,SOŠ,4,30,66,9,2.2,0.3,21,0,2,43,1.0,"místo bylo pro všechny, kdo splnili požadavky školy",45.86,22.0,vypsáno,9,14,7
Jihomoravský kraj,Brno-město,Brno,Střední škola polytechnická,600013821,Mechanik instalatérských a elektrotechnických zařízení,39-41-L/02,Instalatér (36-52-H/01),SOU s maturitou,4,30,115,59,3.833,1.967,30,34,15,36,0.469,těžké,56.7,31.0,nevypsáno,,,
Jihomoravský kraj,Brno-město,Brno,Střední škola polytechnická,600013821,Podnikání,64-41-L/51,,Nástavby,2,30,216,66,7.2,2.2,30,29,82,75,0.508,středně těžké,40.07,21.0,nevypsáno,,,
Jihomoravský kraj,Brno-město,Brno,Střední škola technická a ekonomická,600171019,Informační technologie,18-20-M/01,,SOŠ,4,60,246,106,4.1,1.767,60,83,5,98,0.42,těžké,75.65,61.0,nevypsáno,,,
Jihomoravský kraj,Brno-město,Brno,Střední škola technická a ekonomická,600171019,Strojírenství,23-41-M/01,,SOŠ,4,30,122,21,4.067,0.7,30,10,0,82,0.75,dostala se většina soutěžících uchazečů,56.86,36.0,nevypsáno,,,
Jihomoravský kraj,Brno-město,Brno,Střední škola technická a ekonomická,600171019,Provozní technika,23-43-L/51,,Nástavby,2,30,50,35,1.667,1.167,30,9,0,11,0.769,dostala se většina soutěžících uchazečů,42.37,27.0,nevypsáno,,,
Jihomoravský kraj,Brno-město,Brno,Střední škola technická a ekonomická,600171019,Mechanik seřizovač,23-45-L/01,23-56-H/01 Obráběč kovů,SOU s maturitou,4,30,90,33,3.0,1.1,30,18,2,40,0.625,středně těžké,49.62,37.0,nevypsáno,,,
Jihomoravský kraj,Brno-město,Brno,Střední škola technická a ekonomická,600171019,Technik - puškař,23-69-L/01,,SOU s maturitou,4,30,76,31,2.533,1.033,30,6,1,39,0.833,dostala se většina soutěžících uchazečů,52.07,27.0,nevypsáno,,,
Jihomoravský kraj,Brno-město,Brno,Střední škola technická a ekonomická,600171019,Mechanik elektrotechnik,26-41-L/01,26-52-H/01 Elektromechanik pro zařízení a přístroje,SOU s maturitou,4,90,316,147,3.511,1.633,90,103,2,121,0.466,těžké,67.3,47.0,nevypsáno,,,
Jihomoravský kraj,Brno-město,Brno,Střední škola technická a ekonomická,600171019,Ekonomika a podnikání,63-41-M/01,,SOŠ,4,30,198,66,6.6,2.2,30,70,2,96,0.3,velmi těžké,68.93,59.0,nevypsáno,,,
Jihomoravský kraj,Brno-město,Brno,Střední škola technická a ekonomická,600171019,Technické lyceum,78-42-M/01,,Lycea,4,30,111,26,3.7,0.867,30,10,1,70,0.75,dostala se většina soutěžících uchazečů,65.63,54.0,nevypsáno,,,
Jihomoravský kraj,Brno-město,Brno,Střední škola technická a ekonomická,600171019,Ekonomické lyceum,78-42-M/02,,Lycea,4,30,94,29,3.133,0.967,30,15,1,48,0.667,dostala se většina soutěžících uchazečů,65.7,54.0,nevypsáno,,,
Jihomoravský kraj,Brno-město,Brno,"Střední škola uměleckomanažerská, s.r.o.",600013685,Ekonomika a podnikání,63-41-M/01,Provoz a řízení kulturních subjektů,SOŠ,4,17,74,27,4.353,1.588,20,20,4,33,0.5,středně těžké,62.3,25.0,nevypsáno,,,
Jihomoravský kraj,Brno-město,Brno,"SŠ KNIH,o.p.s.",600013511,Knihkupecké a nakladatelské činnosti,66-43-M/01,,SOŠ,4,23,29,6,1.261,0.261,7,0,9,10,1.0,"místo bylo pro všechny, kdo splnili požadavky školy",38.14,,vypsáno,15,15,10
Jihomoravský kraj,Brno-město,Brno,SŠ a VOŠ informatiky a financí Brno,600013782,Informační technologie,18-20-M/01,Informační technologie,SOŠ,4,60,211,53,3.517,0.883,56,0,54,101,1.0,"místo bylo pro všechny, kdo splnili požadavky školy",61.65,31.0,"nevypsáno, i když obor nebyl naplněn",,,
Jihomoravský kraj,Brno-město,Brno,SŠ a VOŠ informatiky a financí Brno,600013782,Informační technologie,18-20-M/01,Kybernetická bezpečnost,SOŠ,4,60,150,75,2.5,1.25,60,8,38,44,0.882,dostala se většina soutěžících uchazečů,65.66,37.0,nevypsáno,,,
Jihomoravský kraj,Brno-město,Brno,SŠ a VOŠ informatiky a financí Brno,600013782,Mechanik elektrotechnik,26-41-L/01,"Informační a zabezpečovací technika, 26-52-H/01 Elektromechanik pro zařízení a přístroje",SOU s maturitou,4,30,81,26,2.7,0.867,30,0,12,39,1.0,"místo bylo pro všechny, kdo splnili požadavky školy",45.97,24.0,nevypsáno,,,
Jihomoravský kraj,Brno-město,Brno,SŠ a VOŠ informatiky a financí Brno,600013782,Mechanik elektrotechnik,26-41-L/51,Zařízení sdělovací techniky,Nástavby,2,15,34,22,2.267,1.467,15,11,0,8,0.577,středně těžké,38.4,28.0,nevypsáno,,,
Jihomoravský kraj,Brno-město,Brno,SŠ a VOŠ informatiky a financí Brno,600013782,Logistické a finanční služby,37-42-L/51,Logistické  a finanční služby,Nástavby,2,15,10,8,0.667,0.533,7,0,1,2,1.0,"místo bylo pro všechny, kdo splnili požadavky školy",36.71,,"nevypsáno, i když obor nebyl naplněn",,,
Jihomoravský kraj,Brno-město,Brno,SŠ a VOŠ informatiky a financí Brno,600013782,Logistické a finanční služby,37-42-M/01,Logsitika,SOŠ,4,60,90,18,1.5,0.3,21,0,26,43,1.0,"místo bylo pro všechny, kdo splnili požadavky školy",50.0,33.0,"nevypsáno, i když obor nebyl naplněn",,,
Jihomoravský kraj,Brno-město,Brno,SŠ a VOŠ informatiky a financí Brno,600013782,Ekonomika a podnikání,63-41-M/01,Bankovnictví a pojišťovnictví,SOŠ,4,60,153,35,2.55,0.583,60,0,33,60,1.0,"místo bylo pro všechny, kdo splnili požadavky školy",50.19,27.0,nevypsáno,,,
Jihomoravský kraj,Brno-město,Brno,SŠ a VOŠ informatiky a financí Brno,600013782,Ekonomika a podnikání,63-41-M/01,Bezpečnost dat,SOŠ,4,30,54,9,1.8,0.3,14,0,9,31,1.0,"místo bylo pro všechny, kdo splnili požadavky školy",45.36,23.0,vypsáno,15,100,15
Jihomoravský kraj,Brno-město,Brno,SŠ a VOŠ informatiky a financí Brno,600013782,Technické lyceum,78-42-M/01,,Lycea,4,30,48,10,1.6,0.333,12,0,9,27,1.0,"místo bylo pro všechny, kdo splnili požadavky školy",62.5,40.0,"nevypsáno, i když obor nebyl naplněn",,,
Jihomoravský kraj,Brno-město,Brno,SŠ a VOŠ tradičních řemesel s.r.o.,600013979,Podnikání,64-41-L/51,,Nástavby,2,20,69,28,3.45,1.4,11,0,45,12,1.0,"místo bylo pro všechny, kdo splnili požadavky školy",45.36,37.0,vypsáno,8,32,8
Jihomoravský kraj,Brno-město,Brno,SŠ a VOŠ tradičních řemesel s.r.o.,600013979,Kosmetické služby,69-41-L/01,,SOU s maturitou,4,30,122,43,4.067,1.433,22,0,77,22,1.0,"místo bylo pro všechny, kdo splnili požadavky školy",43.59,34.0,vypsáno,7,65,7
Jihomoravský kraj,Brno-město,Brno,SŠ a VOŠ tradičních řemesel s.r.o.,600013979,Masér sportovní a rekondiční,69-41-L/02,,SOU s maturitou,4,30,60,15,2.0,0.5,13,0,28,19,1.0,"místo bylo pro všechny, kdo splnili požadavky školy",45.77,30.0,vypsáno,17,49,17
Jihomoravský kraj,Brno-město,Brno,SŠ a VOŠ tradičních řemesel s.r.o.,600013979,Lyceum (režim pokusného ověřování),78-42-M/08,,Lycea,4,23,46,6,2.0,0.261,6,0,13,26,1.0,"místo bylo pro všechny, kdo splnili požadavky školy",44.5,,vypsáno,16,16,4
Jihomoravský kraj,Brno-město,Brno,SŠ a VOŠ tradičních řemesel s.r.o.,600013979,Umělecké řemeslné práce,82-51-L/51,,Nástavby,2,14,13,8,0.929,0.571,3,0,9,1,1.0,"místo bylo pro všechny, kdo splnili požadavky školy",46.0,,vypsáno,7,6,5
Jihomoravský kraj,Brno-město,Brno,SŠ stavebních řemesel,600013847,Provozní technika,23-43-L/51,Dvouleté denní nástavbové studium,Nástavby,2,20,30,13,1.5,0.65,15,0,4,11,1.0,"místo bylo pro všechny, kdo splnili požadavky školy",31.27,17.0,vypsáno,5,4,4
Jihomoravský kraj,Brno-město,Brno,SŠ stavebních řemesel,600013847,Nábytkářská a dřevařská výroba,33-42-L/51,Dvouleté denní nástavbové studium,Nástavby,2,20,30,18,1.5,0.9,20,0,1,9,1.0,"místo bylo pro všechny, kdo splnili požadavky školy",35.5,16.0,nevypsáno,,,
Jihomoravský kraj,Brno-město,Brno,SŠ stavebních řemesel,600013847,Nábytkářská a dřevařská výroba,33-42-M/01,Čtyřleté studium,SOŠ,4,30,42,9,1.4,0.3,13,0,0,29,1.0,"místo bylo pro všechny, kdo splnili požadavky školy",34.23,11.0,vypsáno,17,5,3
Jihomoravský kraj,Brno-město,Brno,SŠ stavebních řemesel,600013847,Stavební provoz,36-44-L/51,Dvouleté denní nástavbové studium,Nástavby,2,20,20,11,1.0,0.55,12,0,0,8,1.0,"místo bylo pro všechny, kdo splnili požadavky školy",27.33,13.0,vypsáno,8,0,0
Jihomoravský kraj,Brno-město,Brno,SŠ strojírenská a elektrotechnická,600013855,Mechanik seřizovač,23-45-L/01,elektromechanik pro zařízení a přístroje (L0+H),SOU s maturitou,4,12,14,2,1.167,0.167,1,0,2,11,1.0,"místo bylo pro všechny, kdo splnili požadavky školy",38.0,,vypsáno,11,10,0
Jihomoravský kraj,Brno-město,Brno,SŠ strojírenská a elektrotechnická,600013855,Mechanik seřizovač,23-45-L/01,obráběč kovů (L0+H),SOU s maturitou,4,12,19,3,1.583,0.25,5,0,2,12,1.0,"místo bylo pro všechny, kdo splnili požadavky školy",27.8,,vypsáno,7,2,1
Jihomoravský kraj,Brno-město,Brno,SŠ strojírenská a elektrotechnická,600013855,Mechanik elektrotechnik,26-41-L/01,elektrikář - silnoproud (L0+H),SOU s maturitou,4,28,78,26,2.786,0.929,27,4,10,36,0.871,dostala se většina soutěžících uchazečů,42.22,26.0,"nevypsáno, i když obor nebyl naplněn",,,
Jihomoravský kraj,Brno-město,Brno,SŠ strojírenská a elektrotechnická,600013855,Mechanik elektrotechnik,26-41-L/01,elektromechanik pro zařízení a přístroje (L0+H),SOU s maturitou,4,28,51,8,1.821,0.286,19,0,5,27,1.0,"místo bylo pro všechny, kdo splnili požadavky školy",41.44,30.0,vypsáno,9,22,9
Jihomoravský kraj,Brno-město,Brno,SŠ strojírenská a elektrotechnická,600013855,Provozní elektrotechnika,26-41-L/52,denní studium,Nástavby,2,24,64,30,2.667,1.25,24,3,17,20,0.889,dostala se většina soutěžících uchazečů,39.67,24.0,nevypsáno,,,
Jihomoravský kraj,Brno-město,Brno,SŠ strojírenská a elektrotechnická,600013855,Elektrotechnika,26-41-M/01,Informační technologie,SOŠ,4,56,67,11,1.196,0.196,16,0,11,40,1.0,"místo bylo pro všechny, kdo splnili požadavky školy",40.5,29.0,vypsáno,40,45,23
Jihomoravský kraj,Brno-město,Brno,SŠ strojírenská a elektrotechnická,600013855,Technické lyceum,78-42-M/01,Strojírenství a elektrotechnika,Lycea,4,28,21,3,0.75,0.107,6,0,1,14,1.0,"místo bylo pro všechny, kdo splnili požadavky školy",36.33,,vypsáno,22,22,10
Jihomoravský kraj,Brno-město,Brno,"SŠ, ZŠ a MŠ pro zdravotně znevýhodněné",600025047,Obchodní akademie,63-41-M/02,,SOŠ,4,14,7,2,0.5,0.143,2,0,0,5,1.0,"místo bylo pro všechny, kdo splnili požadavky školy",25.0,,vypsáno,5,2,2
Jihomoravský kraj,Brno-město,Brno,"SŠ, ZŠ a MŠ pro zdravotně znevýhodněné",600025047,Sociální činnost,75-41-M/01,,SOŠ,4,14,6,1,0.429,0.071,1,0,2,2,1.0,"místo bylo pro všechny, kdo splnili požadavky školy",22.0,,vypsáno,5,3,3
Jihomoravský kraj,Brno-město,Brno,"TRIVIS - Střední veterinární škola Brno, s.r.o.",600013774,Veterinářství,43-41-M/01,,SOŠ,4,30,80,38,2.667,1.267,30,22,2,26,0.577,středně těžké,56.17,37.0,nevypsáno,,,
Jihomoravský kraj,Brno-město,Brno,"TRIVIS - Střední škola veřejnoprávní Brno, s.r.o.",600013600,Bezpečnostně právní činnost,68-42-M/01,,SOŠ,4,30,164,65,5.467,2.167,29,76,1,57,0.276,velmi těžké,64.45,43.0,"nevypsáno, i když obor nebyl naplněn",,,
Jihomoravský kraj,Brno-město,Brno,"Waldorfská škola Brno - SŠ, ZŠ a MŠ",691000735,Kombinované lyceum,78-42-M/06,,Lycea,4,30,52,21,1.733,0.7,26,0,7,19,1.0,"místo bylo pro všechny, kdo splnili požadavky školy",62.42,38.0,vypsáno,4,12,4
Jihomoravský kraj,Brno-venkov,Brno,Základní škola a gymnázium,691006270,Gymnázium,79-41-K/41,"SRaZ v Ježkovi - Sebeřízené vzdělávání s možností profilace v oblasti umělecké, seberozvojové či IT",Gymnázia 4letá,4,15,9,3,0.6,0.2,5,0,0,4,1.0,"místo bylo pro všechny, kdo splnili požadavky školy",18.6,,"nevypsáno, i když obor nebyl naplněn",,,
Jihomoravský kraj,Vyškov,Bučovice,Gymnázium a obchodní akademie,600015637,Obchodní akademie,63-41-M/02,M,SOŠ,4,30,106,27,3.533,0.9,30,8,0,68,0.789,dostala se většina soutěžících uchazečů,51.6,31.0,nevypsáno,,,
Jihomoravský kraj,Vyškov,Bučovice,Gymnázium a obchodní akademie,600015637,Gymnázium,79-41-K/41,,Gymnázia 4letá,4,30,107,42,3.567,1.4,30,21,0,56,0.588,středně těžké,74.76,63.0,nevypsáno,,,
Jihomoravský kraj,Vyškov,Bučovice,Gymnázium a obchodní akademie,600015637,Gymnázium,79-41-K/81,,Gymnázia 8letá,8,30,92,46,3.067,1.533,30,38,0,24,0.441,těžké,59.57,49.0,nevypsáno,,,
Jihomoravský kraj,Hodonín,Bzenec,"SŠ gastronomie, hotelnictví a lesnictví",600014614,Ekologie a životní prostředí,16-01-M/01,,SOŠ,4,23,28,4,1.217,0.174,5,0,1,22,1.0,"místo bylo pro všechny, kdo splnili požadavky školy",43.5,,vypsáno,19,4,0
Jihomoravský kraj,Hodonín,Bzenec,"SŠ gastronomie, hotelnictví a lesnictví",600014614,Mechanizace zemědělství a lesního hospodářství,41-45-L/51,,Nástavby,2,30,14,10,0.467,0.333,10,0,2,2,1.0,"místo bylo pro všechny, kdo splnili požadavky školy",54.8,26.0,vypsáno,20,0,0
Jihomoravský kraj,Hodonín,Bzenec,"SŠ gastronomie, hotelnictví a lesnictví",600014614,Podnikání,64-41-L/51,,Nástavby,2,30,32,16,1.067,0.533,14,0,4,13,1.0,"místo bylo pro všechny, kdo splnili požadavky školy",34.36,24.0,vypsáno,15,11,2
Jihomoravský kraj,Hodonín,Bzenec,"SŠ gastronomie, hotelnictví a lesnictví",600014614,Hotelnictví,65-42-M/01,,SOŠ,4,45,46,7,1.022,0.156,13,0,0,33,1.0,"místo bylo pro všechny, kdo splnili požadavky školy",39.0,22.0,vypsáno,10,14,5
Jihomoravský kraj,Hodonín,Bzenec,"SŠ gastronomie, hotelnictví a lesnictví",600014614,Masér sportovní a rekondiční,69-41-L/02,,SOU s maturitou,4,30,50,15,1.667,0.5,23,0,0,26,1.0,"místo bylo pro všechny, kdo splnili požadavky školy",41.09,22.0,vypsáno,7,7,2
Jihomoravský kraj,Břeclav,Břeclav,Gymnázium a JŠ s právem st. j. zk.,600014258,Gymnázium,79-41-K/41,4 všeobecné,Gymnázia 4letá,4,60,134,92,2.233,1.533,60,42,0,32,0.588,středně těžké,78.22,69.0,nevypsáno,,,
Jihomoravský kraj,Břeclav,Břeclav,Gymnázium a JŠ s právem st. j. zk.,600014258,Gymnázium,79-41-K/81,8 všeobecné,Gymnázia 8letá,8,30,100,68,3.333,2.267,30,47,0,23,0.39,těžké,70.52,56.0,nevypsáno,,,
Jihomoravský kraj,Břeclav,Břeclav,Střední škola Edvarda Beneše Břeclav,600014231,Strojírenství,23-41-M/01,,SOŠ,4,30,70,23,2.333,0.767,15,0,26,29,1.0,"místo bylo pro všechny, kdo splnili požadavky školy",61.6,45.0,vypsáno,13,3,2
Jihomoravský kraj,Břeclav,Břeclav,Střední škola Edvarda Beneše Břeclav,600014231,Mechanik elektrotechnik,26-41-L/01,Elektrotechnik pro automatizaci a robotizaci,SOU s maturitou,4,20,57,15,2.85,0.75,18,0,16,23,1.0,"místo bylo pro všechny, kdo splnili požadavky školy",44.06,26.0,"nevypsáno, i když obor nebyl naplněn",,,
Jihomoravský kraj,Břeclav,Břeclav,Střední škola Edvarda Beneše Břeclav,600014231,Elektrotechnika,26-41-M/01,,SOŠ,4,60,106,48,1.767,0.8,33,0,29,44,1.0,"místo bylo pro všechny, kdo splnili požadavky školy",61.58,37.0,vypsáno,26,4,2
Jihomoravský kraj,Břeclav,Břeclav,Střední škola Edvarda Beneše Břeclav,600014231,Provoz a ekonomika dopravy,37-41-M/01,Řízení dopravy a přepravy,SOŠ,4,30,66,16,2.2,0.533,6,0,29,30,1.0,"místo bylo pro všechny, kdo splnili požadavky školy",56.17,,"nevypsáno, i když obor nebyl naplněn",,,
Jihomoravský kraj,Břeclav,Břeclav,Střední škola Edvarda Beneše Břeclav,600014231,Obchodní akademie,63-41-M/02,,SOŠ,4,60,169,46,2.817,0.767,33,0,63,73,1.0,"místo bylo pro všechny, kdo splnili požadavky školy",57.28,41.0,vypsáno,18,29,11
Jihomoravský kraj,Břeclav,Břeclav,Střední škola Edvarda Beneše Břeclav,600014231,Podnikání,64-41-L/51,,Nástavby,2,30,68,38,2.267,1.267,27,0,30,11,1.0,"místo bylo pro všechny, kdo splnili požadavky školy",37.89,30.0,"nevypsáno, i když obor nebyl naplněn",,,
Jihomoravský kraj,Břeclav,Břeclav,Střední škola Edvarda Beneše Břeclav,600014231,Technické lyceum,78-42-M/01,,Lycea,4,20,43,10,2.15,0.5,9,0,9,25,1.0,"místo bylo pro všechny, kdo splnili požadavky školy",66.11,,vypsáno,10,6,1
Jihomoravský kraj,Břeclav,Břeclav,Střední škola Edvarda Beneše Břeclav,600014231,Ekonomické lyceum,78-42-M/02,,Lycea,4,30,97,20,3.233,0.667,14,0,24,59,1.0,"místo bylo pro všechny, kdo splnili požadavky školy",57.71,45.0,vypsáno,14,22,4
Jihomoravský kraj,Břeclav,Břeclav,Střední škola Edvarda Beneše Břeclav,600014231,Pedagogické lyceum,78-42-M/03,,Lycea,4,30,130,47,4.333,1.567,30,0,61,39,1.0,"místo bylo pro všechny, kdo splnili požadavky školy",60.5,39.0,nevypsáno,,,
Jihomoravský kraj,Břeclav,Břeclav,SŠ man. a zdravot. a VOŠ zdravot. s.r.o.,600014266,Praktická sestra,53-41-M/03,,SOŠ,4,24,72,27,3.0,1.125,24,17,0,31,0.585,středně těžké,45.25,33.0,nevypsáno,,,
Jihomoravský kraj,Břeclav,Břeclav,SŠ man. a zdravot. a VOŠ zdravot. s.r.o.,600014266,Ekonomika a podnikání,63-41-M/01,,SOŠ,4,18,37,12,2.056,0.667,18,1,0,18,0.947,dostala se většina soutěžících uchazečů,42.82,20.0,nevypsáno,,,
Jihomoravský kraj,Hodonín,Hodonín,"Gy, OA a JŠ s právem státní JZ",600014673,Obchodní akademie,63-41-M/02,,SOŠ,4,30,164,43,5.467,1.433,30,32,2,100,0.484,těžké,56.32,48.0,nevypsáno,,,
Jihomoravský kraj,Hodonín,Hodonín,"Gy, OA a JŠ s právem státní JZ",600014673,Ekonomické lyceum,78-42-M/02,,Lycea,4,30,98,20,3.267,0.667,30,3,0,65,0.909,dostala se většina soutěžících uchazečů,56.63,34.0,nevypsáno,,,
Jihomoravský kraj,Hodonín,Hodonín,"Gy, OA a JŠ s právem státní JZ",600014673,Gymnázium,79-41-K/41,Přírodovědná třída,Gymnázia 4letá,4,30,54,13,1.8,0.433,18,0,1,35,1.0,"místo bylo pro všechny, kdo splnili požadavky školy",58.78,25.0,"nevypsáno, i když obor nebyl naplněn",,,
Jihomoravský kraj,Hodonín,Hodonín,"Gy, OA a JŠ s právem státní JZ",600014673,Gymnázium,79-41-K/41,Všeobecná třída,Gymnázia 4letá,4,30,111,28,3.7,0.933,29,5,1,75,0.853,dostala se většina soutěžících uchazečů,65.96,42.0,"nevypsáno, i když obor nebyl naplněn",,,
Jihomoravský kraj,Hodonín,Hodonín,"Gy, OA a JŠ s právem státní JZ",600014673,Gymnázium,79-41-K/81,,Gymnázia 8letá,8,30,124,58,4.133,1.933,29,57,4,33,0.337,těžké,64.86,52.0,"nevypsáno, i když obor nebyl naplněn",,,
Jihomoravský kraj,Hodonín,Hodonín,Integrovaná střední škola,600171086,Mechanik strojů a zařízení,23-44-L/01,23-52-H/01 Nástrojař,SOU s maturitou,4,20,28,7,1.4,0.35,8,0,0,20,1.0,"místo bylo pro všechny, kdo splnili požadavky školy",38.0,,"nevypsáno, i když obor nebyl naplněn",,,
Jihomoravský kraj,Hodonín,Hodonín,Integrovaná střední škola,600171086,Mechanik seřizovač,23-45-L/01,,SOU s maturitou,4,20,17,5,0.85,0.25,6,0,0,11,1.0,"místo bylo pro všechny, kdo splnili požadavky školy",27.83,,vypsáno,6,0,0
Jihomoravský kraj,Hodonín,Hodonín,Integrovaná střední škola,600171086,Podnikání,64-41-L/51,,Nástavby,2,30,86,29,2.867,0.967,30,9,4,43,0.769,dostala se většina soutěžících uchazečů,28.8,17.0,nevypsáno,,,
Jihomoravský kraj,Hodonín,Hodonín,Integrovaná střední škola,600171086,Sociální činnost,75-41-L/51,,Nástavby,2,30,50,29,1.667,0.967,29,3,0,17,0.906,dostala se většina soutěžících uchazečů,30.24,11.0,"nevypsáno, i když obor nebyl naplněn",,,
Jihomoravský kraj,Hodonín,Hodonín,Integrovaná střední škola,600171086,Sociální činnost,75-41-M/01,,SOŠ,4,30,70,18,2.333,0.6,30,0,0,40,1.0,"místo bylo pro všechny, kdo splnili požadavky školy",33.97,15.0,nevypsáno,,,
Jihomoravský kraj,Hodonín,Hodonín,SŠ průmyslová a umělecká,600014681,Stavebnictví,36-47-M/01,,SOŠ,4,60,151,85,2.517,1.417,60,34,0,57,0.638,středně těžké,63.36,50.0,nevypsáno,,,
Jihomoravský kraj,Hodonín,Hodonín,SŠ průmyslová a umělecká,600014681,Technické lyceum,78-42-M/01,,Lycea,4,30,79,19,2.633,0.633,23,0,0,56,1.0,"místo bylo pro všechny, kdo splnili požadavky školy",64.59,37.0,vypsáno,7,5,3
Jihomoravský kraj,Břeclav,Hustopeče,Gymnázium T.G. Masaryka,600014134,Gymnázium,79-41-K/41,,Gymnázia 4letá,4,30,88,26,2.933,0.867,30,9,0,49,0.769,dostala se většina soutěžících uchazečů,70.0,59.0,nevypsáno,,,
Jihomoravský kraj,Břeclav,Hustopeče,Gymnázium T.G. Masaryka,600014134,Gymnázium,79-41-K/81,,Gymnázia 8letá,8,30,111,42,3.7,1.4,26,46,2,33,0.361,těžké,64.65,51.0,"nevypsáno, i když obor nebyl naplněn",,,
Jihomoravský kraj,Břeclav,Hustopeče,Střední škola polytechnická Hustopeče,600014291,Informační technologie,18-20-M/01,,SOŠ,4,30,42,11,1.4,0.367,17,0,4,21,1.0,"místo bylo pro všechny, kdo splnili požadavky školy",36.24,23.0,vypsáno,4,6,3
Jihomoravský kraj,Břeclav,Hustopeče,Střední škola polytechnická Hustopeče,600014291,Mechanik strojů a zařízení,23-44-L/01,Strojní mechanik,SOU s maturitou,4,24,11,3,0.458,0.125,4,0,3,4,1.0,"místo bylo pro všechny, kdo splnili požadavky školy",38.5,,vypsáno,4,3,1
Jihomoravský kraj,Břeclav,Hustopeče,Střední škola polytechnická Hustopeče,600014291,Veřejnosprávní činnost,68-43-M/01,,SOŠ,4,30,56,12,1.867,0.4,19,0,3,34,1.0,"místo bylo pro všechny, kdo splnili požadavky školy",39.21,20.0,vypsáno,11,18,11
Jihomoravský kraj,Brno-venkov,Ivančice,Gymnázium Jana Blahoslava,600014053,Gymnázium,79-41-K/41,s rozšířenou výukou anglického jazyka,Gymnázia 4letá,4,23,69,32,3.0,1.391,23,19,0,27,0.548,středně těžké,72.13,56.0,nevypsáno,,,
Jihomoravský kraj,Brno-venkov,Ivančice,Gymnázium Jana Blahoslava,600014053,Gymnázium,79-41-K/41,všeobecné,Gymnázia 4letá,4,30,112,24,3.733,0.8,30,16,0,66,0.652,středně těžké,67.17,52.0,nevypsáno,,,
Jihomoravský kraj,Brno-venkov,Ivančice,Gymnázium Jana Blahoslava,600014053,Gymnázium,79-41-K/81,všeobecný,Gymnázia 8letá,8,30,120,91,4.0,3.033,30,76,4,10,0.283,velmi těžké,69.13,57.0,nevypsáno,,,
Jihomoravský kraj,Blansko,Jedovnice,Střední průmyslová škola,600171841,Informační technologie,18-20-M/01,,SOŠ,4,30,79,33,2.633,1.1,30,7,0,42,0.811,dostala se většina soutěžících uchazečů,58.37,28.0,nevypsáno,,,
Jihomoravský kraj,Blansko,Jedovnice,Střední průmyslová škola,600171841,Strojírenství,23-41-M/01,,SOŠ,4,30,70,28,2.333,0.933,30,4,0,36,0.882,dostala se většina soutěžících uchazečů,55.47,26.0,nevypsáno,,,
Jihomoravský kraj,Břeclav,Klobouky u Brna,Městská střední odborná škola,650071409,Informační technologie,18-20-M/01,,SOŠ,4,25,40,12,1.6,0.48,16,0,0,24,1.0,"místo bylo pro všechny, kdo splnili požadavky školy",42.88,17.0,"nevypsáno, i když obor nebyl naplněn",,,
Jihomoravský kraj,Břeclav,Klobouky u Brna,Městská střední odborná škola,650071409,Operátor dřevařské a nábytkářské výroby,33-41-L/01,,SOU s maturitou,4,10,12,6,1.2,0.6,7,0,0,5,1.0,"místo bylo pro všechny, kdo splnili požadavky školy",28.71,,"nevypsáno, i když obor nebyl naplněn",,,
Jihomoravský kraj,Břeclav,Klobouky u Brna,Městská střední odborná škola,650071409,Agropodnikání,41-41-M/01,,SOŠ,4,23,53,16,2.304,0.696,23,1,0,29,0.958,dostala se většina soutěžících uchazečů,36.27,15.0,nevypsáno,,,
Jihomoravský kraj,Břeclav,Klobouky u Brna,Městská střední odborná škola,650071409,Obchodní akademie,63-41-M/02,,SOŠ,4,20,49,5,2.45,0.25,19,0,0,30,1.0,"místo bylo pro všechny, kdo splnili požadavky školy",38.89,18.0,"nevypsáno, i když obor nebyl naplněn",,,
Jihomoravský kraj,Břeclav,Klobouky u Brna,Městské víceleté gymnázium,600014118,Gymnázium,79-41-K/81,,Gymnázia 8letá,8,30,75,47,2.5,1.567,30,32,5,8,0.484,těžké,51.4,38.0,nevypsáno,,,
Jihomoravský kraj,Brno-venkov,Kuřim,"SOŠ a SOU Kuřim, s.r.o.",600014029,Informační technologie,18-20-M/01,,SOŠ,4,60,51,8,0.85,0.133,15,0,12,23,1.0,"místo bylo pro všechny, kdo splnili požadavky školy",44.14,28.0,vypsáno,26,19,4
Jihomoravský kraj,Brno-venkov,Kuřim,"SOŠ a SOU Kuřim, s.r.o.",600014029,Mechanik seřizovač,23-45-L/01,,SOU s maturitou,4,10,9,0,0.9,0.0,1,0,2,6,1.0,"místo bylo pro všechny, kdo splnili požadavky školy",27.0,,vypsáno,10,7,3
Jihomoravský kraj,Brno-venkov,Kuřim,"SOŠ a SOU Kuřim, s.r.o.",600014029,Mechanik elektrotechnik,26-41-L/01,zaměření CNC stroje,SOU s maturitou,4,20,20,4,1.0,0.2,8,0,2,10,1.0,"místo bylo pro všechny, kdo splnili požadavky školy",38.14,,"nevypsáno, i když obor nebyl naplněn",,,
Jihomoravský kraj,Brno-venkov,Kuřim,"SOŠ a SOU Kuřim, s.r.o.",600014029,Ekonomika a podnikání,63-41-M/01,zaměření Organizace a provoz firmy,SOŠ,4,30,44,12,1.467,0.4,11,0,9,24,1.0,"místo bylo pro všechny, kdo splnili požadavky školy",37.18,25.0,"nevypsáno, i když obor nebyl naplněn",,,
Jihomoravský kraj,Hodonín,Kyjov,"Klvaňovo gymnázium, SZdrŠ a VOŠ zdravotnická Kyjov",600014533,Praktická sestra,53-41-M/03,,SOŠ,4,60,149,61,2.483,1.017,60,8,11,70,0.882,dostala se většina soutěžících uchazečů,45.92,27.0,nevypsáno,,,
Jihomoravský kraj,Hodonín,Kyjov,"Klvaňovo gymnázium, SZdrŠ a VOŠ zdravotnická Kyjov",600014533,Gymnázium,79-41-K/41,,Gymnázia 4letá,4,60,110,67,1.833,1.117,60,9,1,40,0.87,dostala se většina soutěžících uchazečů,71.95,51.0,nevypsáno,,,
Jihomoravský kraj,Hodonín,Kyjov,"Klvaňovo gymnázium, SZdrŠ a VOŠ zdravotnická Kyjov",600014533,Gymnázium,79-41-K/81,,Gymnázia 8letá,8,30,115,77,3.833,2.567,30,56,0,29,0.349,těžké,64.03,53.0,nevypsáno,,,
Jihomoravský kraj,Hodonín,Kyjov,Střední škola polytechnická Kyjov,600014649,Autotronik,39-41-L/01,Mechanik opravář motorových vozidel,SOU s maturitou,4,30,75,39,2.5,1.3,30,18,0,27,0.625,středně těžké,43.83,29.0,nevypsáno,,,
Jihomoravský kraj,Hodonín,Kyjov,Střední škola polytechnická Kyjov,600014649,Mechanik instalatérských a elektrotechnických zařízení,39-41-L/02,Instalatér,SOU s maturitou,4,30,44,20,1.467,0.667,27,0,0,15,1.0,"místo bylo pro všechny, kdo splnili požadavky školy",37.3,20.0,vypsáno,3,4,2
Jihomoravský kraj,Hodonín,Kyjov,Střední škola polytechnická Kyjov,600014649,Podnikání,64-41-L/51,,Nástavby,2,30,71,30,2.367,1.0,29,7,0,34,0.806,dostala se většina soutěžících uchazečů,32.31,21.0,"nevypsáno, i když obor nebyl naplněn",,,
Jihomoravský kraj,Blansko,Letovice,Masarykova střední škola,600013359,Nábytkářská a dřevařská výroba,33-42-M/01,Interiérová tvorba,SOŠ,4,20,26,13,1.3,0.65,8,0,7,11,1.0,"místo bylo pro všechny, kdo splnili požadavky školy",52.12,,vypsáno,5,3,2
Jihomoravský kraj,Blansko,Letovice,Masarykova střední škola,600013359,Stavebnictví,36-47-M/01,Pozemní stavby,SOŠ,4,26,55,14,2.115,0.538,19,0,7,28,1.0,"místo bylo pro všechny, kdo splnili požadavky školy",59.26,46.0,vypsáno,6,5,2
Jihomoravský kraj,Blansko,Letovice,Masarykova střední škola,600013359,Podnikání,64-41-L/51,Podnikání,Nástavby,2,30,64,40,2.133,1.333,11,0,44,9,1.0,"místo bylo pro všechny, kdo splnili požadavky školy",48.18,40.0,"nevypsáno, i když obor nebyl naplněn",,,
Jihomoravský kraj,Brno-venkov,Lomnice,Střední odborná škola Fortika,600013286,Hotelnictví,65-42-M/01,Hotelnictví a cestovní ruch,SOŠ,4,60,80,27,1.333,0.45,44,0,2,34,1.0,"místo bylo pro všechny, kdo splnili požadavky školy",36.86,15.0,vypsáno,10,9,1
Jihomoravský kraj,Břeclav,Mikulov,Gymnázium a SOŠ,600014151,Gymnázium,79-41-K/41,,Gymnázia 4letá,4,30,81,7,2.7,0.233,28,0,0,53,1.0,"místo bylo pro všechny, kdo splnili požadavky školy",51.64,39.0,"nevypsáno, i když obor nebyl naplněn",,,
Jihomoravský kraj,Břeclav,Mikulov,Gymnázium a SOŠ,600014151,Gymnázium,79-41-K/81,,Gymnázia 8letá,8,30,56,30,1.867,1.0,27,11,0,15,0.711,dostala se většina soutěžících uchazečů,44.04,26.0,"nevypsáno, i když obor nebyl naplněn",,,
Jihomoravský kraj,Znojmo,Moravský Krumlov,Gymnázium,600015726,Gymnázium,79-41-K/41,"Všeobecné zaměření  (Ne pro školu, ale pro život)",Gymnázia 4letá,4,30,93,22,3.1,0.733,30,2,3,58,0.938,dostala se většina soutěžících uchazečů,62.5,41.0,nevypsáno,,,
Jihomoravský kraj,Znojmo,Moravský Krumlov,Gymnázium,600015726,Gymnázium,79-41-K/41,"aplikovaná informatika (Technologie pro budoucnost, vzdělávání pro život)",Gymnázia 4letá,4,18,24,5,1.333,0.278,6,0,5,13,1.0,"místo bylo pro všechny, kdo splnili požadavky školy",61.33,,"nevypsáno, i když obor nebyl naplněn",,,
Jihomoravský kraj,Znojmo,Moravský Krumlov,Gymnázium,600015726,Gymnázium,79-41-K/61,,Gymnázia 6letá,6,30,59,36,1.967,1.2,30,10,4,15,0.75,dostala se většina soutěžících uchazečů,50.8,39.0,nevypsáno,,,
Jihomoravský kraj,Znojmo,Moravský Krumlov,"Střední škola dopravy, obchodu a služeb",600015793,Autotronik,39-41-L/01,,SOU s maturitou,4,30,35,13,1.167,0.433,16,0,0,19,1.0,"místo bylo pro všechny, kdo splnili požadavky školy",28.5,8.0,vypsáno,14,4,3
Jihomoravský kraj,Znojmo,Moravský Krumlov,"Střední škola dopravy, obchodu a služeb",600015793,Ekonomika a podnikání,63-41-M/01,,SOŠ,4,60,95,19,1.583,0.317,33,0,1,61,1.0,"místo bylo pro všechny, kdo splnili požadavky školy",34.12,12.0,vypsáno,27,17,12
Jihomoravský kraj,Znojmo,Moravský Krumlov,"Střední škola dopravy, obchodu a služeb",600015793,Podnikání,64-41-L/51,,Nástavby,2,30,57,34,1.9,1.133,30,5,4,18,0.857,dostala se většina soutěžících uchazečů,31.1,13.0,nevypsáno,,,
Jihomoravský kraj,Znojmo,Moravský Krumlov,"Střední škola dopravy, obchodu a služeb",600015793,Sociální činnost,75-41-M/01,,SOŠ,4,30,52,18,1.733,0.6,25,0,2,24,1.0,"místo bylo pro všechny, kdo splnili požadavky školy",31.28,20.0,vypsáno,4,7,3
Jihomoravský kraj,Znojmo,Moravský Krumlov,"Střední škola dopravy, obchodu a služeb",600015793,Technické lyceum,78-42-M/01,,Lycea,4,30,30,5,1.0,0.167,10,0,0,20,1.0,"místo bylo pro všechny, kdo splnili požadavky školy",43.1,28.0,vypsáno,20,7,1
Jihomoravský kraj,Znojmo,Pohořelice,Střední pedagogická škola Inspira z. ú.,691020060,Předškolní a mimoškolní pedagogika,75-31-M/01,,SOŠ,4,26,26,9,1.0,0.346,11,0,0,14,1.0,"místo bylo pro všechny, kdo splnili požadavky školy",35.3,19.0,vypsáno,14,10,9
Jihomoravský kraj,Brno-venkov,Rajhrad,Střední zahradnická škola,600014096,Ekologie a životní prostředí,16-01-M/01,,SOŠ,4,30,60,16,2.0,0.533,23,0,8,28,1.0,"místo bylo pro všechny, kdo splnili požadavky školy",55.13,35.0,vypsáno,6,5,4
Jihomoravský kraj,Brno-venkov,Rajhrad,Střední zahradnická škola,600014096,Zahradnictví,41-44-L/51,,Nástavby,2,30,38,30,1.267,1.0,18,0,15,5,1.0,"místo bylo pro všechny, kdo splnili požadavky školy",44.72,31.0,"nevypsáno, i když obor nebyl naplněn",,,
Jihomoravský kraj,Brno-venkov,Rajhrad,Střední zahradnická škola,600014096,Zahradnictví,41-44-M/01,,SOŠ,4,30,63,15,2.1,0.5,18,0,13,32,1.0,"místo bylo pro všechny, kdo splnili požadavky školy",53.56,37.0,vypsáno,12,6,2
Jihomoravský kraj,Brno-venkov,Rajhrad,Střední zahradnická škola,600014096,Přírodovědné lyceum,78-42-M/05,,Lycea,4,30,61,19,2.033,0.633,19,0,8,34,1.0,"místo bylo pro všechny, kdo splnili požadavky školy",66.42,50.0,vypsáno,11,18,9
Jihomoravský kraj,Blansko,Rájec-Jestřebí,"Gymnázium, o.p.s.",600013260,Gymnázium,79-41-K/41,,Gymnázia 4letá,4,24,99,22,4.125,0.917,24,8,0,67,0.75,dostala se většina soutěžících uchazečů,65.04,45.0,nevypsáno,,,
Jihomoravský kraj,Blansko,Rájec-Jestřebí,"Gymnázium, o.p.s.",600013260,Gymnázium,79-41-K/61,,Gymnázia 6letá,6,26,76,58,2.923,2.231,26,45,1,4,0.366,těžké,64.77,54.0,nevypsáno,,,
Jihomoravský kraj,Vyškov,Slavkov u Brna,SS Slavkov – Austerlitz,600171141,Podnikání,64-41-L/51,,Nástavby,2,30,69,37,2.3,1.233,30,18,6,15,0.625,středně těžké,36.23,22.0,nevypsáno,,,
Jihomoravský kraj,Vyškov,Slavkov u Brna,SS Slavkov – Austerlitz,600171141,Hotelnictví,65-42-M/01,Hotelnictví a turismus,SOŠ,4,30,94,37,3.133,1.233,29,15,11,38,0.659,středně těžké,46.38,30.0,"nevypsáno, i když obor nebyl naplněn",,,
Jihomoravský kraj,Vyškov,Slavkov u Brna,SS Slavkov – Austerlitz,600171141,Veřejnosprávní činnost,68-43-M/01,,SOŠ,4,30,81,20,2.7,0.667,28,0,7,46,1.0,"místo bylo pro všechny, kdo splnili požadavky školy",44.57,28.0,"nevypsáno, i když obor nebyl naplněn",,,
Jihomoravský kraj,Brno-venkov,Sokolnice,Střední škola elektrotech. a energetická,600171035,Mechanik elektrotechnik,26-41-L/01,Informační technologie,SOU s maturitou,4,30,59,15,1.967,0.5,30,3,0,26,0.909,dostala se většina soutěžících uchazečů,41.9,18.0,nevypsáno,,,
Jihomoravský kraj,Brno-venkov,Sokolnice,Střední škola elektrotech. a energetická,600171035,Mechanik elektrotechnik,26-41-L/01,Technik silnoproudých zařízení,SOU s maturitou,4,30,121,75,4.033,2.5,30,58,0,33,0.341,těžké,64.17,53.0,nevypsáno,,,
Jihomoravský kraj,Hodonín,Strážnice,Purkyňovo gymnázium,600014541,Gymnázium,79-41-K/41,,Gymnázia 4letá,4,30,95,24,3.167,0.8,30,7,1,57,0.811,dostala se většina soutěžících uchazečů,63.4,44.0,nevypsáno,,,
Jihomoravský kraj,Hodonín,Strážnice,Purkyňovo gymnázium,600014541,Gymnázium,79-41-K/81,,Gymnázia 8letá,8,30,103,41,3.433,1.367,31,39,0,34,0.443,těžké,54.61,40.0,nevypsáno,,,
Jihomoravský kraj,Hodonín,Strážnice,Střední škola Strážnice,600014690,Strojírenství,23-41-M/01,Informační a 3D technologie ve strojírenství,SOŠ,4,30,58,16,1.933,0.533,22,0,0,35,1.0,"místo bylo pro všechny, kdo splnili požadavky školy",42.14,23.0,vypsáno,7,5,2
Jihomoravský kraj,Hodonín,Strážnice,Střední škola Strážnice,600014690,Oděvnictví,31-43-M/01,Oděvní a interiérový design,SOŠ,4,30,88,20,2.933,0.667,29,2,0,56,0.935,dostala se většina soutěžících uchazečů,43.46,22.0,vypsáno,1,1,0
Jihomoravský kraj,Hodonín,Strážnice,Střední škola Strážnice,600014690,Technické lyceum,78-42-M/01,Vývoj IT a průmyslových aplikací,Lycea,4,30,74,22,2.467,0.733,25,0,0,46,1.0,"místo bylo pro všechny, kdo splnili požadavky školy",53.85,34.0,vypsáno,2,3,1
Jihomoravský kraj,Hodonín,Strážnice,Veřejnospráv. akademie a střední škola,600014665,Veřejnosprávní činnost,68-43-M/01,,SOŠ,4,46,72,19,1.565,0.413,30,0,0,40,1.0,"místo bylo pro všechny, kdo splnili požadavky školy",38.87,20.0,vypsáno,4,8,3
Jihomoravský kraj,Brno-venkov,Tišnov,Gymnázium,600014070,Gymnázium,79-41-K/41,ŠVP Čtyřleté všeobecné studium,Gymnázia 4letá,4,60,141,42,2.35,0.7,60,6,4,71,0.909,dostala se většina soutěžících uchazečů,73.63,55.0,nevypsáno,,,
Jihomoravský kraj,Brno-venkov,Tišnov,Gymnázium,600014070,Gymnázium,79-41-K/81,ŠVP Osmileté všeobecné studium,Gymnázia 8letá,8,30,148,86,4.933,2.867,30,48,42,28,0.385,těžké,74.3,63.0,nevypsáno,,,
Jihomoravský kraj,Brno-venkov,Tišnov,Střední škola a základní škola Tišnov,600014011,Technické lyceum,78-42-M/01,,Lycea,4,30,14,4,0.467,0.133,4,0,3,6,1.0,"místo bylo pro všechny, kdo splnili požadavky školy",30.25,,vypsáno,19,10,4
Jihomoravský kraj,Brno-venkov,Tišnov,Základní škola a Střední škola CoLibri,691013802,Kombinované lyceum,78-42-M/06,,Lycea,4,6,7,4,1.167,0.667,4,0,0,3,1.0,"místo bylo pro všechny, kdo splnili požadavky školy",41.5,,"nevypsáno, i když obor nebyl naplněn",,,
Jihomoravský kraj,Břeclav,Valtice,Střední vinařská škola,600014177,Agropodnikání,41-41-M/01,Na vinařskou turistiku a sommeliérství,SOŠ,4,40,47,12,1.175,0.3,16,0,7,24,1.0,"místo bylo pro všechny, kdo splnili požadavky školy",39.19,27.0,"nevypsáno, i když obor nebyl naplněn",,,
Jihomoravský kraj,Břeclav,Valtice,Střední vinařská škola,600014177,Vinohradnictví,41-42-M/01,,SOŠ,4,40,35,15,0.875,0.375,20,0,3,12,1.0,"místo bylo pro všechny, kdo splnili požadavky školy",37.18,22.0,vypsáno,15,10,4
Jihomoravský kraj,Břeclav,Velké Pavlovice,Gymnázium,650071484,Gymnázium,79-41-K/41,Škola pro život - všeobecné,Gymnázia 4letá,4,30,93,14,3.1,0.467,29,0,0,63,1.0,"místo bylo pro všechny, kdo splnili požadavky školy",57.83,39.0,"nevypsáno, i když obor nebyl naplněn",,,
Jihomoravský kraj,Břeclav,Velké Pavlovice,Gymnázium,650071484,Gymnázium,79-41-K/81,Škola pro život - všeobecné,Gymnázia 8letá,8,30,92,33,3.067,1.1,30,31,0,31,0.492,těžké,53.23,39.0,nevypsáno,,,
Jihomoravský kraj,Hodonín,Veselí nad Moravou,Obchodní akademie a SŠP,600014622,Informační technologie,18-20-M/01,,SOŠ,4,30,87,29,2.9,0.967,30,6,0,51,0.833,dostala se většina soutěžících uchazečů,55.29,30.0,nevypsáno,,,
Jihomoravský kraj,Hodonín,Veselí nad Moravou,Obchodní akademie a SŠP,600014622,Provozní technika,23-43-L/51,,Nástavby,2,30,31,30,1.033,1.0,30,0,0,1,1.0,"místo bylo pro všechny, kdo splnili požadavky školy",27.17,11.0,nevypsáno,,,
Jihomoravský kraj,Hodonín,Veselí nad Moravou,Obchodní akademie a SŠP,600014622,Obchodní akademie,63-41-M/02,,SOŠ,4,30,130,34,4.333,1.133,30,21,0,79,0.588,středně těžké,56.8,41.0,nevypsáno,,,
Jihomoravský kraj,Hodonín,Veselí nad Moravou,Obchodní akademie a SŠP,600014622,Pedagogické lyceum,78-42-M/03,,Lycea,4,30,126,50,4.2,1.667,30,36,0,60,0.455,těžké,63.0,50.0,nevypsáno,,,
Jihomoravský kraj,Vyškov,Vyškov,Gy a SOŠ zdravotnická a ekonomická,600015629,Praktická sestra,53-41-M/03,,SOŠ,4,30,88,36,2.933,1.2,30,8,6,44,0.789,dostala se většina soutěžících uchazečů,50.37,28.0,nevypsáno,,,
Jihomoravský kraj,Vyškov,Vyškov,Gy a SOŠ zdravotnická a ekonomická,600015629,Obchodní akademie,63-41-M/02,ekonomika a finance,SOŠ,4,30,123,31,4.1,1.033,30,7,5,81,0.811,dostala se většina soutěžících uchazečů,53.33,29.0,nevypsáno,,,
Jihomoravský kraj,Vyškov,Vyškov,Gy a SOŠ zdravotnická a ekonomická,600015629,Lyceum (režim pokusného ověřování),78-42-M/08,,Lycea,4,22,62,8,2.818,0.364,15,0,1,47,1.0,"místo bylo pro všechny, kdo splnili požadavky školy",55.2,37.0,"nevypsáno, i když obor nebyl naplněn",,,
Jihomoravský kraj,Vyškov,Vyškov,Gy a SOŠ zdravotnická a ekonomická,600015629,Gymnázium,79-41-K/41,,Gymnázia 4letá,4,60,132,68,2.2,1.133,60,12,4,56,0.833,dostala se většina soutěžících uchazečů,70.82,52.0,nevypsáno,,,
Jihomoravský kraj,Vyškov,Vyškov,Gy a SOŠ zdravotnická a ekonomická,600015629,Gymnázium,79-41-K/81,Gate,Gymnázia 8letá,8,26,138,54,5.308,2.077,26,59,11,42,0.306,velmi těžké,61.35,45.0,nevypsáno,,,
Jihomoravský kraj,Vyškov,Vyškov,Gy a SOŠ zdravotnická a ekonomická,600015629,Gymnázium,79-41-K/81,Ozon,Gymnázia 8letá,8,20,111,48,5.55,2.4,20,53,10,28,0.274,velmi těžké,64.95,50.0,nevypsáno,,,
Jihomoravský kraj,Vyškov,Vyškov,SŠ polytechnická Vyškov,600015670,Strojírenství,23-41-M/01,,SOŠ,4,30,49,17,1.633,0.567,18,0,9,22,1.0,"místo bylo pro všechny, kdo splnili požadavky školy",42.06,28.0,vypsáno,6,3,2
Jihomoravský kraj,Vyškov,Vyškov,SŠ polytechnická Vyškov,600015670,Stavebnictví,36-47-M/01,,SOŠ,4,30,67,24,2.233,0.8,24,0,10,33,1.0,"místo bylo pro všechny, kdo splnili požadavky školy",43.33,26.0,"nevypsáno, i když obor nebyl naplněn",,,
Jihomoravský kraj,Vyškov,Vyškov,SŠ polytechnická Vyškov,600015670,Agropodnikání,41-41-M/01,Ekologie,SOŠ,4,30,57,12,1.9,0.4,10,0,9,38,1.0,"místo bylo pro všechny, kdo splnili požadavky školy",42.6,27.0,"nevypsáno, i když obor nebyl naplněn",,,
Jihomoravský kraj,Vyškov,Vyškov,SŠ polytechnická Vyškov,600015670,Podnikání,64-41-L/51,,Nástavby,2,30,46,14,1.533,0.467,5,0,34,7,1.0,"místo bylo pro všechny, kdo splnili požadavky školy",36.2,,vypsáno,15,16,3
Jihomoravský kraj,Brno-venkov,Zastávka,Gymnázium T. G. Masaryka,600013987,Gymnázium,79-41-K/41,všeobecné,Gymnázia 4letá,4,30,110,21,3.667,0.7,30,4,1,75,0.882,dostala se většina soutěžících uchazečů,63.8,47.0,nevypsáno,,,
Jihomoravský kraj,Brno-venkov,Zastávka,Gymnázium T. G. Masaryka,600013987,Gymnázium,79-41-K/61,,Gymnázia 6letá,6,30,107,60,3.567,2.0,30,54,9,14,0.357,těžké,63.03,52.0,nevypsáno,,,
Jihomoravský kraj,Znojmo,Znojmo,"Gy, SPgŠ, OA a JŠ s právem státní JZ",600015785,Informační technologie,18-20-M/01,Informatika v ekonomice,SOŠ,4,30,86,38,2.867,1.267,30,15,0,41,0.667,dostala se většina soutěžících uchazečů,60.79,38.0,nevypsáno,,,
Jihomoravský kraj,Znojmo,Znojmo,"Gy, SPgŠ, OA a JŠ s právem státní JZ",600015785,Obchodní akademie,63-41-M/02,,SOŠ,4,30,137,51,4.567,1.7,30,28,0,79,0.517,středně těžké,64.0,54.0,nevypsáno,,,
Jihomoravský kraj,Znojmo,Znojmo,"Gy, SPgŠ, OA a JŠ s právem státní JZ",600015785,Předškolní a mimoškolní pedagogika,75-31-M/01,,SOŠ,4,30,81,54,2.7,1.8,30,25,8,18,0.545,středně těžké,59.8,46.0,nevypsáno,,,
Jihomoravský kraj,Znojmo,Znojmo,"Gy, SPgŠ, OA a JŠ s právem státní JZ",600015785,Sociální činnost,75-41-M/01,,SOŠ,4,30,107,18,3.567,0.6,30,10,3,64,0.75,dostala se většina soutěžících uchazečů,43.77,28.0,nevypsáno,,,
Jihomoravský kraj,Znojmo,Znojmo,"Gy, SPgŠ, OA a JŠ s právem státní JZ",600015785,Technické lyceum,78-42-M/01,,Lycea,4,30,71,18,2.367,0.6,25,0,0,46,1.0,"místo bylo pro všechny, kdo splnili požadavky školy",55.88,30.0,"nevypsáno, i když obor nebyl naplněn",,,
Jihomoravský kraj,Znojmo,Znojmo,"Gy, SPgŠ, OA a JŠ s právem státní JZ",600015785,Pedagogické lyceum,78-42-M/03,,Lycea,4,30,129,54,4.3,1.8,30,27,12,60,0.526,středně těžké,67.3,53.0,nevypsáno,,,
Jihomoravský kraj,Znojmo,Znojmo,"Gy, SPgŠ, OA a JŠ s právem státní JZ",600015785,Gymnázium,79-41-K/41,,Gymnázia 4letá,4,30,111,29,3.7,0.967,30,6,4,71,0.833,dostala se většina soutěžících uchazečů,66.67,51.0,nevypsáno,,,
Jihomoravský kraj,Znojmo,Znojmo,"Gy, SPgŠ, OA a JŠ s právem státní JZ",600015785,Gymnázium,79-41-K/81,,Gymnázia 8letá,8,30,97,47,3.233,1.567,30,24,15,28,0.556,středně těžké,51.6,42.0,nevypsáno,,,
Jihomoravský kraj,Znojmo,Znojmo,Gymnázium Dr. Karla Polesného,600015700,Gymnázium,79-41-K/41,Všeobecné,Gymnázia 4letá,4,90,179,95,1.989,1.056,90,16,0,73,0.849,dostala se většina soutěžících uchazečů,66.26,42.0,nevypsáno,,,
Jihomoravský kraj,Znojmo,Znojmo,Gymnázium Dr. Karla Polesného,600015700,Gymnázium,79-41-K/81,Všeobecné,Gymnázia 8letá,8,30,94,55,3.133,1.833,30,37,0,27,0.448,těžké,57.97,42.0,nevypsáno,,,
Jihomoravský kraj,Znojmo,Znojmo,Gymnázium Dr. Karla Polesného,600015700,Dvojjazyčné gymnázium,79-43-K/61,Výuka vybraných předmětů v německém jazyce,Gymnázia 6letá,6,30,46,34,1.533,1.133,30,9,0,7,0.769,dostala se většina soutěžících uchazečů,43.1,25.0,nevypsáno,,,
Jihomoravský kraj,Znojmo,Znojmo,"SOU a SOŠ SČMSD, Znojmo, s.r.o.",600015815,Ekonomika a podnikání,63-41-M/01,Grafický design a podnikání ,SOŠ,4,32,86,16,2.688,0.5,23,0,12,50,1.0,"místo bylo pro všechny, kdo splnili požadavky školy",46.17,30.0,vypsáno,5,15,5
Jihomoravský kraj,Znojmo,Znojmo,"SOU a SOŠ SČMSD, Znojmo, s.r.o.",600015815,Podnikání,64-41-L/51,Podnikání denní (2 roky),Nástavby,2,32,41,8,1.281,0.25,8,0,18,15,1.0,"místo bylo pro všechny, kdo splnili požadavky školy",32.5,,"nevypsáno, i když obor nebyl naplněn",,,
Jihomoravský kraj,Znojmo,Znojmo,"SOU a SOŠ SČMSD, Znojmo, s.r.o.",600015815,Hotelnictví,65-42-M/01,Hotelový management,SOŠ,4,32,32,11,1.0,0.344,8,0,16,8,1.0,"místo bylo pro všechny, kdo splnili požadavky školy",44.38,,vypsáno,20,18,4
Jihomoravský kraj,Znojmo,Znojmo,"SOU a SOŠ SČMSD, Znojmo, s.r.o.",600015815,Cestovní ruch,65-42-M/02,Cestovní ruch,SOŠ,4,25,71,12,2.84,0.48,10,0,20,41,1.0,"místo bylo pro všechny, kdo splnili požadavky školy",39.6,30.0,"nevypsáno, i když obor nebyl naplněn",,,
Jihomoravský kraj,Znojmo,Znojmo,"SOU a SOŠ SČMSD, Znojmo, s.r.o.",600015815,Kosmetické služby,69-41-L/01,Kosmetické služby,SOU s maturitou,4,24,68,21,2.833,0.875,23,2,10,32,0.92,dostala se většina soutěžících uchazečů,34.95,20.0,"nevypsáno, i když obor nebyl naplněn",,,
Jihomoravský kraj,Znojmo,Znojmo,"SOU a SOŠ SČMSD, Znojmo, s.r.o.",600015815,Sociální činnost,75-41-M/01,Sociální činnost,SOŠ,4,27,28,2,1.037,0.074,7,0,1,20,1.0,"místo bylo pro všechny, kdo splnili požadavky školy",32.43,,"nevypsáno, i když obor nebyl naplněn",,,
Jihomoravský kraj,Znojmo,Znojmo,"SOU a SOŠ SČMSD, Znojmo, s.r.o.",600015815,Lyceum (režim pokusného ověřování),78-42-M/08,Lyceum,Lycea,4,30,58,15,1.933,0.5,21,0,4,32,1.0,"místo bylo pro všechny, kdo splnili požadavky školy",44.19,31.0,"nevypsáno, i když obor nebyl naplněn",,,
Jihomoravský kraj,Znojmo,Znojmo,SOŠ a SOU,600015751,Agropodnikání,41-41-M/01,,SOŠ,4,30,59,18,1.967,0.6,27,0,0,31,1.0,"místo bylo pro všechny, kdo splnili požadavky školy",35.63,9.0,"nevypsáno, i když obor nebyl naplněn",,,
Jihomoravský kraj,Znojmo,Znojmo,SOŠ a SOU,600015751,Podnikání,64-41-L/51,,Nástavby,2,50,85,64,1.7,1.28,50,21,0,14,0.704,dostala se většina soutěžících uchazečů,33.41,24.0,nevypsáno,,,
Jihomoravský kraj,Znojmo,Znojmo,Střední zdravot.škola a VOŠ zdravotnická,600019985,Praktická sestra,53-41-M/03,,SOŠ,4,60,133,62,2.217,1.033,57,22,0,51,0.722,dostala se většina soutěžících uchazečů,47.72,29.0,"nevypsáno, i když obor nebyl naplněn",,,
Jihomoravský kraj,Znojmo,Znojmo,Střední škola technická Znojmo,600015718,Elektrotechnika,26-41-M/01,,SOŠ,4,30,82,44,2.733,1.467,30,19,0,33,0.612,středně těžké,45.93,34.0,nevypsáno,,,
Jihomoravský kraj,Brno-venkov,Šlapanice,Gymnázium a ZUŠ,600014061,Gymnázium,79-41-K/81,,Gymnázia 8letá,8,30,209,125,6.967,4.167,29,94,57,28,0.236,velmi těžké,77.62,70.0,"nevypsáno, i když obor nebyl naplněn",,,
Jihomoravský kraj,Brno-venkov,Šlapanice,Střední škola a základní škola Arktur,691015805,Gymnázium,79-41-K/41,,Gymnázia 4letá,4,4,8,1,2.0,0.25,2,0,4,2,1.0,"místo bylo pro všechny, kdo splnili požadavky školy",45.5,,vypsáno,3,5,2
Jihomoravský kraj,Brno-venkov,Židlochovice,Gymnázium,600014100,Gymnázium,79-41-K/81,,Gymnázia 8letá,8,30,176,119,5.867,3.967,30,125,2,19,0.194,velmi těžké,78.07,68.0,nevypsáno,,,
Jihočeský kraj,Strakonice,Blatná,Střední odborná škola,600008703,Informační technologie,18-20-M/01,Moderní informační technologie,SOŠ,4,30,56,10,1.867,0.333,11,0,2,43,1.0,"místo bylo pro všechny, kdo splnili požadavky školy",43.09,19.0,vypsáno,10,2,0
Jihočeský kraj,Strakonice,Blatná,Střední odborná škola,600008703,Elektrotechnika,26-41-M/01,Počítače a robotika,SOŠ,4,30,39,9,1.3,0.3,10,0,1,28,1.0,"místo bylo pro všechny, kdo splnili požadavky školy",39.5,19.0,vypsáno,10,0,0
Jihočeský kraj,Strakonice,Blatná,Střední odborná škola,600008703,Obchodní akademie,63-41-M/02,Digitální marketing a reklama,SOŠ,4,30,58,11,1.933,0.367,15,0,0,43,1.0,"místo bylo pro všechny, kdo splnili požadavky školy",45.73,23.0,vypsáno,10,5,1
Jihočeský kraj,Strakonice,Blatná,Střední odborné učiliště,600008754,Podnikání,64-41-L/51,,Nástavby,2,30,48,30,1.6,1.0,30,6,0,12,0.833,dostala se většina soutěžících uchazečů,34.07,14.0,nevypsáno,,,
Jihočeský kraj,Jindřichův Hradec,Dačice,Gymnázium,600008347,Gymnázium,79-41-K/41,,Gymnázia 4letá,4,30,72,30,2.4,1.0,30,4,0,38,0.882,dostala se většina soutěžících uchazečů,60.77,44.0,nevypsáno,,,
Jihočeský kraj,Jindřichův Hradec,Dačice,Gymnázium,600008347,Gymnázium,79-41-K/81,,Gymnázia 8letá,8,30,60,35,2.0,1.167,29,13,1,16,0.69,dostala se většina soutěžících uchazečů,46.14,27.0,"nevypsáno, i když obor nebyl naplněn",,,
Jihočeský kraj,Jindřichův Hradec,Dačice,"SŠ technická a obchodní, Dačice, Strojírenská 304",600170357,Mechanik seřizovač,23-45-L/01,Programování CNC (L0+H),SOU s maturitou,4,24,13,5,0.542,0.208,5,0,0,8,1.0,"místo bylo pro všechny, kdo splnili požadavky školy",36.4,,vypsáno,7,1,1
Jihočeský kraj,Jindřichův Hradec,Dačice,"SŠ technická a obchodní, Dačice, Strojírenská 304",600170357,Podnikání,64-41-L/51,,Nástavby,2,30,34,20,1.133,0.667,21,0,0,13,1.0,"místo bylo pro všechny, kdo splnili požadavky školy",33.0,13.0,"nevypsáno, i když obor nebyl naplněn",,,
Jihočeský kraj,Jindřichův Hradec,Dačice,"SŠ technická a obchodní, Dačice, Strojírenská 304",600170357,Obchodník,66-41-L/01,Manažer prodeje,SOU s maturitou,4,24,37,9,1.542,0.375,10,0,0,27,1.0,"místo bylo pro všechny, kdo splnili požadavky školy",39.0,17.0,vypsáno,2,0,0
Jihočeský kraj,Jindřichův Hradec,Dačice,"SŠ technická a obchodní, Dačice, Strojírenská 304",600170357,Technické lyceum,78-42-M/01,,Lycea,4,30,20,4,0.667,0.133,5,0,0,15,1.0,"místo bylo pro všechny, kdo splnili požadavky školy",40.8,,vypsáno,12,1,0
Jihočeský kraj,České Budějovice,Hluboká nad Vltavou,"SOŠ elektrotechnická, COP",600170276,Informační technologie,18-20-M/01,,SOŠ,4,30,61,14,2.033,0.467,15,0,11,35,1.0,"místo bylo pro všechny, kdo splnili požadavky školy",48.21,27.0,vypsáno,10,4,2
Jihočeský kraj,České Budějovice,Hluboká nad Vltavou,"SOŠ elektrotechnická, COP",600170276,Mechanik elektrotechnik,26-41-L/01,26-51-H/02 Elektrikář silnoproud,SOU s maturitou,4,46,139,60,3.022,1.304,46,3,32,58,0.939,dostala se většina soutěžících uchazečů,46.54,30.0,nevypsáno,,,
Jihočeský kraj,České Budějovice,Hluboká nad Vltavou,"SOŠ elektrotechnická, COP",600170276,Provozní elektrotechnika,26-41-L/52,nástavbové studium pro ELEKTRO obory,Nástavby,2,23,51,37,2.217,1.609,13,0,33,5,1.0,"místo bylo pro všechny, kdo splnili požadavky školy",42.62,30.0,"nevypsáno, i když obor nebyl naplněn",,,
Jihočeský kraj,Jindřichův Hradec,Jindřichův Hradec,Gymnázium Vítězslava Nováka,600008282,Gymnázium,79-41-K/41,,Gymnázia 4letá,4,60,112,63,1.867,1.05,60,13,1,38,0.822,dostala se většina soutěžících uchazečů,70.72,51.0,nevypsáno,,,
Jihočeský kraj,Jindřichův Hradec,Jindřichův Hradec,Gymnázium Vítězslava Nováka,600008282,Gymnázium,79-41-K/81,,Gymnázia 8letá,8,30,63,52,2.1,1.733,30,21,7,5,0.588,středně těžké,61.23,44.0,nevypsáno,,,
Jihočeský kraj,Jindřichův Hradec,Jindřichův Hradec,OA T. G. Masaryka a JŠ s právem SJZ,600008304,Obchodní akademie,63-41-M/02,,SOŠ,4,25,88,10,3.52,0.4,12,0,0,76,1.0,"místo bylo pro všechny, kdo splnili požadavky školy",49.5,24.0,vypsáno,5,3,0
Jihočeský kraj,Jindřichův Hradec,Jindřichův Hradec,OA T. G. Masaryka a JŠ s právem SJZ,600008304,Ekonomické lyceum,78-42-M/02,,Lycea,4,42,119,27,2.833,0.643,40,0,0,79,1.0,"místo bylo pro všechny, kdo splnili požadavky školy",56.42,29.0,vypsáno,2,4,2
Jihočeský kraj,Jindřichův Hradec,Jindřichův Hradec,"SOŠ a SOU, Jindřichův Hradec, Jáchymova 478",600008274,Informační technologie,18-20-M/01,,SOŠ,4,30,34,10,1.133,0.333,12,0,0,22,1.0,"místo bylo pro všechny, kdo splnili požadavky školy",33.58,20.0,vypsáno,18,4,2
Jihočeský kraj,Jindřichův Hradec,Jindřichův Hradec,"SOŠ a SOU, Jindřichův Hradec, Jáchymova 478",600008274,Mechanik strojů a zařízení,23-44-L/01,,SOU s maturitou,4,15,13,3,0.867,0.2,3,0,0,10,1.0,"místo bylo pro všechny, kdo splnili požadavky školy",26.33,,vypsáno,12,0,0
Jihočeský kraj,Jindřichův Hradec,Jindřichův Hradec,"SOŠ a SOU, Jindřichův Hradec, Jáchymova 478",600008274,Provoz a ekonomika dopravy,37-41-M/01,zaměření na logistiku a obslužné systémy,SOŠ,4,15,22,3,1.467,0.2,3,0,0,19,1.0,"místo bylo pro všechny, kdo splnili požadavky školy",29.0,,"nevypsáno, i když obor nebyl naplněn",,,
Jihočeský kraj,Jindřichův Hradec,Jindřichův Hradec,"SOŠ a SOU, Jindřichův Hradec, Jáchymova 478",600008274,Ekonomika a podnikání,63-41-M/01,Cestovní ruch,SOŠ,4,30,80,14,2.667,0.467,16,0,0,64,1.0,"místo bylo pro všechny, kdo splnili požadavky školy",36.75,19.0,"nevypsáno, i když obor nebyl naplněn",,,
Jihočeský kraj,Jindřichův Hradec,Jindřichův Hradec,"SOŠ a SOU, Jindřichův Hradec, Jáchymova 478",600008274,Podnikání,64-41-L/51,,Nástavby,2,25,34,24,1.36,0.96,25,3,0,6,0.893,dostala se většina soutěžících uchazečů,30.24,13.0,nevypsáno,,,
Jihočeský kraj,Jindřichův Hradec,Jindřichův Hradec,Střední zdravotnická škola,600019608,Praktická sestra,53-41-M/03,,SOŠ,4,57,92,30,1.614,0.526,47,0,0,44,1.0,"místo bylo pro všechny, kdo splnili požadavky školy",36.28,11.0,vypsáno,9,18,7
Jihočeský kraj,Český Krumlov,Kaplice,"SOŠ a SOU, Kaplice, Pohorská 86",651016029,Obchodní akademie,63-41-M/02,,SOŠ,4,30,57,12,1.9,0.4,14,0,1,42,1.0,"místo bylo pro všechny, kdo splnili požadavky školy",41.79,25.0,vypsáno,10,13,10
Jihočeský kraj,Český Krumlov,Kaplice,"SOŠ a SOU, Kaplice, Pohorská 86",651016029,Bezpečnostní služby,68-42-L/51,,Nástavby,2,30,39,28,1.3,0.933,30,3,1,5,0.909,dostala se většina soutěžících uchazečů,28.53,14.0,nevypsáno,,,
Jihočeský kraj,Český Krumlov,Kaplice,"SOŠ a SOU, Kaplice, Pohorská 86",651016029,Bezpečnostně právní činnost,68-42-M/01,,SOŠ,4,30,82,43,2.733,1.433,30,22,1,29,0.577,středně těžké,51.97,33.0,nevypsáno,,,
Jihočeský kraj,Písek,Milevsko,Gymnázium,600008533,Gymnázium,79-41-K/41,Škola bránou do života,Gymnázia 4letá,4,30,69,7,2.3,0.233,12,0,2,55,1.0,"místo bylo pro všechny, kdo splnili požadavky školy",59.0,43.0,"nevypsáno, i když obor nebyl naplněn",,,
Jihočeský kraj,Písek,Milevsko,Gymnázium,600008533,Gymnázium,79-41-K/61,Škola bránou do života,Gymnázia 6letá,6,30,60,36,2.0,1.2,29,13,0,17,0.69,dostala se většina soutěžících uchazečů,46.28,30.0,"nevypsáno, i když obor nebyl naplněn",,,
Jihočeský kraj,Písek,Milevsko,SOŠ a SOU,600170381,Mechanik strojů a zařízení,23-44-L/01,,SOU s maturitou,4,18,4,0,0.222,0.0,0,0,0,4,,"místo bylo pro všechny, kdo splnili požadavky školy",,,"nevypsáno, i když obor nebyl naplněn",,,
Jihočeský kraj,Písek,Milevsko,SOŠ a SOU,600170381,Sociální činnost,75-41-M/01,,SOŠ,4,24,21,8,0.875,0.333,11,0,2,8,1.0,"místo bylo pro všechny, kdo splnili požadavky školy",32.5,16.0,vypsáno,12,3,3
Jihočeský kraj,Prachatice,Prachatice,"Gymnázium, Prachatice, Zlatá stezka 137",600008649,Technické lyceum,78-42-M/01,CONSTATIA - SAPIENTIA - PIETAS - VIRTUS,Lycea,4,20,18,4,0.9,0.2,4,0,0,13,1.0,"místo bylo pro všechny, kdo splnili požadavky školy",56.0,,"nevypsáno, i když obor nebyl naplněn",,,
Jihočeský kraj,Prachatice,Prachatice,"Gymnázium, Prachatice, Zlatá stezka 137",600008649,Gymnázium,79-41-K/41,CONSTATIA - SAPIENTIA - PIETAS - VIRTUS,Gymnázia 4letá,4,30,70,16,2.333,0.533,21,0,0,49,1.0,"místo bylo pro všechny, kdo splnili požadavky školy",55.86,27.0,"nevypsáno, i když obor nebyl naplněn",,,
Jihočeský kraj,Prachatice,Prachatice,"Gymnázium, Prachatice, Zlatá stezka 137",600008649,Gymnázium,79-41-K/81,CONSTATIA - SAPIENTIA - PIETAS - VIRTUS,Gymnázia 8letá,8,30,78,39,2.6,1.3,29,19,0,29,0.604,středně těžké,50.0,25.0,"nevypsáno, i když obor nebyl naplněn",,,
Jihočeský kraj,Prachatice,Prachatice,VOŠ sociální a Střední pedagogická škola,600020282,Předškolní a mimoškolní pedagogika,75-31-M/01,,SOŠ,4,60,89,59,1.483,0.983,60,6,0,23,0.909,dostala se většina soutěžících uchazečů,50.17,27.0,nevypsáno,,,
Jihočeský kraj,Prachatice,Prachatice,VOŠ sociální a Střední pedagogická škola,600020282,Pedagogické lyceum,78-42-M/03,,Lycea,4,30,55,11,1.833,0.367,13,0,0,41,1.0,"místo bylo pro všechny, kdo splnili požadavky školy",57.15,25.0,vypsáno,16,13,7
Jihočeský kraj,Písek,Písek,Gymnázium,600008541,Gymnázium,79-41-K/41,ŠVP pro čtyřleté gymnázium a vyšší stupeň osmiletého gymnázia,Gymnázia 4letá,4,60,164,99,2.733,1.65,60,35,14,55,0.632,středně těžké,79.45,65.0,nevypsáno,,,
Jihočeský kraj,Písek,Písek,Gymnázium,600008541,Gymnázium,79-41-K/61,ŠVP pro šestileté gymnázium,Gymnázia 6letá,6,30,62,55,2.067,1.833,26,5,23,4,0.839,dostala se většina soutěžících uchazečů,48.0,38.0,"nevypsáno, i když obor nebyl naplněn",,,
Jihočeský kraj,Písek,Písek,Gymnázium,600008541,Gymnázium,79-41-K/81,ŠVP pro nižší stupeň osmiletého gymnázia,Gymnázia 8letá,8,30,79,63,2.633,2.1,28,38,0,11,0.424,těžké,65.18,51.0,"nevypsáno, i když obor nebyl naplněn",,,
Jihočeský kraj,Písek,Písek,Obchodní akademie a JŠ s právem SJZ,600008584,Obchodní akademie,63-41-M/02,,SOŠ,4,60,183,76,3.05,1.267,59,37,0,86,0.615,středně těžké,61.39,43.0,"nevypsáno, i když obor nebyl naplněn",,,
Jihočeský kraj,Písek,Písek,"SOŠ a SOU, Písek, Komenského 86",600008592,Nábytkářská a dřevařská výroba,33-42-L/51,Dřevařská výroba,Nástavby,2,12,11,6,0.917,0.5,6,0,0,5,1.0,"místo bylo pro všechny, kdo splnili požadavky školy",43.17,,vypsáno,4,0,0
Jihočeský kraj,Písek,Písek,"SOŠ a SOU, Písek, Komenského 86",600008592,Stavební provoz,36-44-L/51,,Nástavby,2,20,18,13,0.9,0.65,13,0,1,4,1.0,"místo bylo pro všechny, kdo splnili požadavky školy",25.08,12.0,vypsáno,7,2,0
Jihočeský kraj,Písek,Písek,"SOŠ a SOU, Písek, Komenského 86",600008592,Provoz a ekonomika dopravy,37-41-M/01,,SOŠ,4,30,65,15,2.167,0.5,25,0,2,38,1.0,"místo bylo pro všechny, kdo splnili požadavky školy",36.26,16.0,vypsáno,5,5,4
Jihočeský kraj,Písek,Písek,"SOŠ a SOU, Písek, Komenského 86",600008592,Autotronik,39-41-L/01,,SOU s maturitou,4,24,47,16,1.958,0.667,14,0,4,29,1.0,"místo bylo pro všechny, kdo splnili požadavky školy",33.57,18.0,vypsáno,10,2,0
Jihočeský kraj,Písek,Písek,"SOŠ a SOU, Písek, Komenského 86",600008592,Podnikání,64-41-L/51,,Nástavby,2,30,86,34,2.867,1.133,30,8,5,43,0.789,dostala se většina soutěžících uchazečů,26.6,10.0,nevypsáno,,,
Jihočeský kraj,Písek,Písek,SPŠ a VOŠ,600020266,Informační technologie,18-20-M/01,Informační technologie,SOŠ,4,30,88,31,2.933,1.033,30,4,0,54,0.882,dostala se většina soutěžících uchazečů,58.9,37.0,nevypsáno,,,
Jihočeský kraj,Písek,Písek,SPŠ a VOŠ,600020266,Elektrotechnika,26-41-M/01,Elektrotechnika,SOŠ,4,60,96,37,1.6,0.617,41,0,0,55,1.0,"místo bylo pro všechny, kdo splnili požadavky školy",51.46,26.0,vypsáno,19,2,0
Jihočeský kraj,Písek,Písek,SPŠ a VOŠ,600020266,Elektrotechnika,26-41-M/01,Počítačové projektování,SOŠ,4,30,53,11,1.767,0.367,15,0,0,38,1.0,"místo bylo pro všechny, kdo splnili požadavky školy",50.5,23.0,vypsáno,16,3,3
Jihočeský kraj,Písek,Písek,Střední zdravotnická škola,600019616,Praktická sestra,53-41-M/03,,SOŠ,4,58,143,63,2.466,1.086,58,19,1,65,0.753,dostala se většina soutěžících uchazečů,48.05,22.0,nevypsáno,,,
Jihočeský kraj,Písek,Písek,Střední zemědělská škola,600008550,Ekologie a životní prostředí,16-01-M/01,,SOŠ,4,30,56,13,1.867,0.433,18,0,0,38,1.0,"místo bylo pro všechny, kdo splnili požadavky školy",39.82,19.0,vypsáno,12,3,0
Jihočeský kraj,Písek,Písek,Střední zemědělská škola,600008550,Agropodnikání,41-41-M/01,,SOŠ,4,30,83,32,2.767,1.067,30,4,0,49,0.882,dostala se většina soutěžících uchazečů,40.77,22.0,nevypsáno,,,
Jihočeský kraj,Písek,Písek,VOŠ lesnická a Střední lesnická škola,600020274,Lesnictví,41-46-M/01,,SOŠ,4,60,126,78,2.1,1.3,60,31,0,35,0.659,středně těžké,57.0,39.0,nevypsáno,,,
Jihočeský kraj,Tábor,Sezimovo Ústí,"VOŠ, SŠ, Centrum odborné přípravy",600170438,Informační technologie,18-20-M/01,ŠVP: Správa sítí a programování nebo  Kybernetická bezpečnost ,SOŠ,4,30,78,27,2.6,0.9,30,5,1,42,0.857,dostala se většina soutěžících uchazečů,49.6,26.0,nevypsáno,,,
Jihočeský kraj,Tábor,Sezimovo Ústí,"VOŠ, SŠ, Centrum odborné přípravy",600170438,Strojírenství,23-41-M/01,ŠVP: Počítačová grafika a animace,SOŠ,4,30,37,6,1.233,0.2,9,0,0,28,1.0,"místo bylo pro všechny, kdo splnili požadavky školy",44.88,,"nevypsáno, i když obor nebyl naplněn",,,
Jihočeský kraj,Tábor,Sezimovo Ústí,"VOŠ, SŠ, Centrum odborné přípravy",600170438,Mechanik seřizovač,23-45-L/01,ŠVP: Mechanik programátor - programování  a obsluha technologických pracovišť,SOU s maturitou,4,30,29,10,0.967,0.333,13,0,0,16,1.0,"místo bylo pro všechny, kdo splnili požadavky školy",32.38,11.0,"nevypsáno, i když obor nebyl naplněn",,,
Jihočeský kraj,Tábor,Sezimovo Ústí,"VOŠ, SŠ, Centrum odborné přípravy",600170438,Mechanik elektrotechnik,26-41-L/01,ŠVP: Mechanik elektronik - digitální technika,SOU s maturitou,4,30,79,28,2.633,0.933,29,2,0,47,0.935,dostala se většina soutěžících uchazečů,40.34,20.0,"nevypsáno, i když obor nebyl naplněn",,,
Jihočeský kraj,Tábor,Sezimovo Ústí,"VOŠ, SŠ, Centrum odborné přípravy",600170438,Elektrotechnika,26-41-M/01,ŠVP: Počítače a robotika,SOŠ,4,30,46,8,1.533,0.267,8,0,0,38,1.0,"místo bylo pro všechny, kdo splnili požadavky školy",48.25,,"nevypsáno, i když obor nebyl naplněn",,,
Jihočeský kraj,Tábor,Sezimovo Ústí,"VOŠ, SŠ, Centrum odborné přípravy",600170438,Ekonomika a podnikání,63-41-M/01,ŠVP: Ekonomika a podnikání - řízení sportu,SOŠ,4,26,87,37,3.346,1.423,26,20,0,41,0.565,středně těžké,49.69,38.0,nevypsáno,,,
Jihočeský kraj,Tábor,Sezimovo Ústí,"VOŠ, SŠ, Centrum odborné přípravy",600170438,Podnikání,64-41-L/51,ŠVP: Podnikání,Nástavby,2,22,70,22,3.182,1.0,22,28,0,20,0.44,těžké,32.68,23.0,nevypsáno,,,
Jihočeský kraj,Tábor,Sezimovo Ústí,"VOŠ, SŠ, Centrum odborné přípravy",600170438,Technické lyceum,78-42-M/01,ŠVP: Lyceum moderních technologií,Lycea,4,30,28,2,0.933,0.067,2,0,0,26,1.0,"místo bylo pro všechny, kdo splnili požadavky školy",59.5,,"nevypsáno, i když obor nebyl naplněn",,,
Jihočeský kraj,Tábor,Sezimovo Ústí,"VOŠ, SŠ, Centrum odborné přípravy",600170438,Lyceum (režim pokusného ověřování),78-42-M/08,ŠVP: Lyceum - trendy v moderním marketingu sportu.,Lycea,4,30,55,7,1.833,0.233,22,0,0,31,1.0,"místo bylo pro všechny, kdo splnili požadavky školy",43.45,23.0,"nevypsáno, i když obor nebyl naplněn",,,
Jihočeský kraj,Tábor,Soběslav,Gymnázium,600008819,Gymnázium,79-41-K/41,,Gymnázia 4letá,4,30,100,34,3.333,1.133,30,28,0,42,0.517,středně těžké,75.17,64.0,nevypsáno,,,
Jihočeský kraj,Tábor,Soběslav,Gymnázium,600008819,Gymnázium,79-41-K/61,,Gymnázia 6letá,6,30,89,69,2.967,2.3,30,42,0,17,0.417,těžké,54.5,42.0,nevypsáno,,,
Jihočeský kraj,Strakonice,Strakonice,Euroškola Strakonice SOŠ s.r.o.,600008738,Ekonomika a podnikání,63-41-M/01,Management Sportu,SOŠ,4,32,67,18,2.094,0.562,28,0,0,39,1.0,"místo bylo pro všechny, kdo splnili požadavky školy",37.81,18.0,"nevypsáno, i když obor nebyl naplněn",,,
Jihočeský kraj,Strakonice,Strakonice,Euroškola Strakonice SOŠ s.r.o.,600008738,Ekonomika a podnikání,63-41-M/01,Reklamní grafika,SOŠ,4,32,41,5,1.281,0.156,12,0,0,29,1.0,"místo bylo pro všechny, kdo splnili požadavky školy",39.17,13.0,vypsáno,12,8,1
Jihočeský kraj,Strakonice,Strakonice,Euroškola Strakonice SOŠ s.r.o.,600008738,Hotelnictví,65-42-M/01,Hotelnictví a cestovní ruch,SOŠ,4,32,38,16,1.188,0.5,19,0,0,19,1.0,"místo bylo pro všechny, kdo splnili požadavky školy",29.71,13.0,"nevypsáno, i když obor nebyl naplněn",,,
Jihočeský kraj,Strakonice,Strakonice,Gymnázium,600008789,Gymnázium,79-41-K/41,Gymnázium čtyřleté všeobecné,Gymnázia 4letá,4,90,156,85,1.733,0.944,90,11,1,54,0.891,dostala se většina soutěžících uchazečů,69.92,46.0,nevypsáno,,,
Jihočeský kraj,Strakonice,Strakonice,Gymnázium,600008789,Gymnázium,79-41-K/81,Gymnázium osmileté všeobecné,Gymnázia 8letá,8,30,63,44,2.1,1.467,29,19,1,13,0.604,středně těžké,56.0,38.0,"nevypsáno, i když obor nebyl naplněn",,,
Jihočeský kraj,Strakonice,Strakonice,"VOŠ, SPŠ a SOŠ řemesel a služeb",691003807,Strojírenství,23-41-M/01,,SOŠ,4,60,76,29,1.267,0.483,32,0,0,44,1.0,"místo bylo pro všechny, kdo splnili požadavky školy",46.56,17.0,vypsáno,20,1,0
Jihočeský kraj,Strakonice,Strakonice,"VOŠ, SPŠ a SOŠ řemesel a služeb",691003807,Mechanik seřizovač,23-45-L/01,,SOU s maturitou,4,30,19,6,0.633,0.2,6,0,0,13,1.0,"místo bylo pro všechny, kdo splnili požadavky školy",37.33,,vypsáno,18,0,0
Jihočeský kraj,Strakonice,Strakonice,"VOŠ, SPŠ a SOŠ řemesel a služeb",691003807,Obalová technika,34-42-M/01,,SOŠ,4,30,57,22,1.9,0.733,23,0,0,34,1.0,"místo bylo pro všechny, kdo splnili požadavky školy",46.73,13.0,vypsáno,7,2,1
Jihočeský kraj,Strakonice,Strakonice,"VOŠ, SPŠ a SOŠ řemesel a služeb",691003807,Podnikání,64-41-L/51,,Nástavby,2,30,72,42,2.4,1.4,30,19,0,23,0.612,středně těžké,31.4,18.0,nevypsáno,,,
Jihočeský kraj,Strakonice,Strakonice,"VOŠ, SPŠ a SOŠ řemesel a služeb",691003807,Lyceum (režim pokusného ověřování),78-42-M/08,,Lycea,4,30,34,4,1.133,0.133,5,0,0,29,1.0,"místo bylo pro všechny, kdo splnili požadavky školy",48.2,,vypsáno,13,2,1
Jihočeský kraj,České Budějovice,Trhové Sviny,"Gymnázium, Trhové Sviny, Školní 995",600008037,Gymnázium,79-41-K/81,,Gymnázia 8letá,8,30,95,41,3.167,1.367,29,36,0,29,0.446,těžké,55.17,39.0,"nevypsáno, i když obor nebyl naplněn",,,
Jihočeský kraj,Tábor,Tábor,Gymnázium Pierra de Coubertina,600008801,Gymnázium,79-41-K/41,,Gymnázia 4letá,4,60,133,103,2.217,1.717,60,45,2,26,0.571,středně těžké,78.28,67.0,nevypsáno,,,
Jihočeský kraj,Tábor,Tábor,Gymnázium Pierra de Coubertina,600008801,Gymnázium,79-41-K/81,,Gymnázia 8letá,8,30,132,116,4.4,3.867,30,87,2,13,0.256,velmi těžké,73.63,65.0,nevypsáno,,,
Jihočeský kraj,Tábor,Tábor,Gymnázium Pierra de Coubertina,600008801,Dvojjazyčné gymnázium,79-43-K/61,,Gymnázia 6letá,6,30,67,30,2.233,1.0,29,22,0,15,0.569,středně těžké,49.24,30.0,"nevypsáno, i když obor nebyl naplněn",,,
Jihočeský kraj,Tábor,Tábor,"Obchodní akademie, Tábor, Jiráskova 1615",600020321,Obchodní akademie,63-41-M/02,,SOŠ,4,60,200,54,3.333,0.9,60,30,1,109,0.667,dostala se většina soutěžících uchazečů,55.65,40.0,nevypsáno,,,
Jihočeský kraj,Tábor,Tábor,"Obchodní akademie, Tábor, Jiráskova 1615",600020321,Ekonomické lyceum,78-42-M/02,,Lycea,4,30,110,49,3.667,1.633,30,33,0,47,0.476,těžké,70.83,58.0,nevypsáno,,,
Jihočeský kraj,Tábor,Tábor,SPŠ strojní a stavební,600008797,Strojírenství,23-41-M/01,,SOŠ,4,60,84,27,1.4,0.45,25,0,5,54,1.0,"místo bylo pro všechny, kdo splnili požadavky školy",55.24,30.0,vypsáno,4,6,3
Jihočeský kraj,Tábor,Tábor,SPŠ strojní a stavební,600008797,Nábytkářská a dřevařská výroba,33-42-L/51,,Nástavby,2,30,15,12,0.5,0.4,12,0,3,0,1.0,"místo bylo pro všechny, kdo splnili požadavky školy",28.17,18.0,vypsáno,15,2,0
Jihočeský kraj,Tábor,Tábor,SPŠ strojní a stavební,600008797,Stavebnictví,36-47-M/01,,SOŠ,4,30,98,35,3.267,1.167,30,10,4,54,0.75,dostala se většina soutěžících uchazečů,61.57,49.0,nevypsáno,,,
Jihočeský kraj,Tábor,Tábor,SPŠ strojní a stavební,600008797,Technické lyceum,78-42-M/01,,Lycea,4,60,136,66,2.267,1.1,60,14,3,59,0.811,dostala se většina soutěžících uchazečů,68.0,43.0,nevypsáno,,,
Jihočeský kraj,Tábor,Tábor,"Střední zdravotnická škola, Tábor, Mostecká 1912",600019624,Praktická sestra,53-41-M/03,,SOŠ,4,30,110,50,3.667,1.667,30,28,0,52,0.517,středně těžké,50.1,40.0,nevypsáno,,,
Jihočeský kraj,Tábor,Tábor,"Střední zdravotnická škola, Tábor, Mostecká 1912",600019624,Zdravotnické lyceum,78-42-M/04,,Lycea,4,30,83,21,2.767,0.7,30,7,0,46,0.811,dostala se většina soutěžících uchazečů,54.1,39.0,nevypsáno,,,
Jihočeský kraj,Tábor,Tábor,Střední škola spojů a informatiky,600008886,Informační technologie,18-20-M/01,,SOŠ,4,30,79,32,2.633,1.067,30,0,10,39,1.0,"místo bylo pro všechny, kdo splnili požadavky školy",46.47,25.0,nevypsáno,,,
Jihočeský kraj,Tábor,Tábor,Střední škola spojů a informatiky,600008886,Mechanik elektrotechnik,26-41-L/01,26-51-H/02 Elektrikář silnoproud,SOU s maturitou,4,24,71,30,2.958,1.25,22,0,17,32,1.0,"místo bylo pro všechny, kdo splnili požadavky školy",45.73,28.0,"nevypsáno, i když obor nebyl naplněn",,,
Jihočeský kraj,Tábor,Tábor,Střední škola spojů a informatiky,600008886,Telekomunikace,26-45-M/01,Aplikovaná elektronika a informatika,SOŠ,4,10,36,14,3.6,1.4,10,2,4,20,0.833,dostala se většina soutěžících uchazečů,54.3,41.0,nevypsáno,,,
Jihočeský kraj,Tábor,Tábor,"SŠ obch.,služeb a řemes. a JŠ s práv.SJZ",651023572,Ekonomika a podnikání,63-41-M/01,,SOŠ,4,30,94,22,3.133,0.733,30,2,7,55,0.938,dostala se většina soutěžících uchazečů,38.63,27.0,nevypsáno,,,
Jihočeský kraj,Tábor,Tábor,"SŠ obch.,služeb a řemes. a JŠ s práv.SJZ",651023572,Podnikání,64-41-L/51,,Nástavby,2,28,107,62,3.821,2.214,28,35,12,32,0.444,těžké,38.89,31.0,nevypsáno,,,
Jihočeský kraj,Tábor,Tábor,"SŠ obch.,služeb a řemes. a JŠ s práv.SJZ",651023572,Hotelnictví,65-42-M/01,,SOŠ,4,30,102,27,3.4,0.9,30,4,14,54,0.882,dostala se většina soutěžících uchazečů,40.38,27.0,nevypsáno,,,
Jihočeský kraj,Tábor,Tábor,"SŠ obch.,služeb a řemes. a JŠ s práv.SJZ",651023572,Veřejnosprávní činnost,68-43-M/01,,SOŠ,4,30,112,30,3.733,1.0,29,12,5,65,0.707,dostala se většina soutěžících uchazečů,50.31,40.0,"nevypsáno, i když obor nebyl naplněn",,,
Jihočeský kraj,Tábor,Tábor,"SŠ obch.,služeb a řemes. a JŠ s práv.SJZ",651023572,Informační služby,72-41-M/01,,SOŠ,4,30,59,15,1.967,0.5,19,0,4,36,1.0,"místo bylo pro všechny, kdo splnili požadavky školy",49.95,27.0,vypsáno,3,9,1
Jihočeský kraj,Tábor,Tábor,"Táborské soukromé gymnázium a ZŠ, s.r.o.",600008835,Gymnázium,79-41-K/41,,Gymnázia 4letá,4,10,43,1,4.3,0.1,5,0,7,31,1.0,"místo bylo pro všechny, kdo splnili požadavky školy",65.2,,"nevypsáno, i když obor nebyl naplněn",,,
Jihočeský kraj,Tábor,Tábor,"Táborské soukromé gymnázium a ZŠ, s.r.o.",600008835,Gymnázium,79-41-K/81,,Gymnázia 8letá,8,25,53,18,2.12,0.72,24,14,5,9,0.632,středně těžké,49.38,37.0,"nevypsáno, i když obor nebyl naplněn",,,
Jihočeský kraj,Tábor,Tábor,"VOŠ a Střední zemědělská škola, Tábor",600020339,Agropodnikání,41-41-M/01,,SOŠ,4,75,129,56,1.72,0.747,68,0,1,60,1.0,"místo bylo pro všechny, kdo splnili požadavky školy",42.03,16.0,vypsáno,6,9,4
Jihočeský kraj,Tábor,Tábor,"VOŠ a Střední zemědělská škola, Tábor",600020339,Ekonomika a podnikání,63-41-M/01,,SOŠ,4,15,49,12,3.267,0.8,15,0,1,33,1.0,"místo bylo pro všechny, kdo splnili požadavky školy",46.13,31.0,nevypsáno,,,
Jihočeský kraj,Tábor,Tábor,"VOŠ a Střední zemědělská škola, Tábor",600020339,Lyceum (režim pokusného ověřování),78-42-M/08,,Lycea,4,30,51,6,1.7,0.2,9,0,0,42,1.0,"místo bylo pro všechny, kdo splnili požadavky školy",44.22,,vypsáno,21,15,10
Jihočeský kraj,České Budějovice,Týn nad Vltavou,Gymnázium,600008029,Gymnázium,79-41-K/81,všeobecné,Gymnázia 8letá,8,30,56,25,1.867,0.833,29,11,2,13,0.725,dostala se většina soutěžících uchazečů,49.07,29.0,"nevypsáno, i když obor nebyl naplněn",,,
Jihočeský kraj,České Budějovice,Týn nad Vltavou,"SOŠ a SOU, Hněvkovice 865",600170284,Mechanik strojů a zařízení,23-44-L/01,Mechanik strojů a zařízení se zaměřením na svařování,SOU s maturitou,4,12,4,3,0.333,0.25,4,0,0,0,1.0,"místo bylo pro všechny, kdo splnili požadavky školy",28.0,,vypsáno,8,2,0
Jihočeský kraj,České Budějovice,Týn nad Vltavou,"SOŠ a SOU, Hněvkovice 865",600170284,Mechanik strojů a zařízení,23-44-L/01,Technik jaderných zařízení,SOU s maturitou,4,12,6,1,0.5,0.083,1,0,1,4,1.0,"místo bylo pro všechny, kdo splnili požadavky školy",22.0,,vypsáno,11,0,0
Jihočeský kraj,České Budějovice,Týn nad Vltavou,"SOŠ a SOU, Hněvkovice 865",600170284,Mechanizace zemědělství a lesního hospodářství,41-45-L/51,,Nástavby,2,15,19,12,1.267,0.8,12,0,4,2,1.0,"místo bylo pro všechny, kdo splnili požadavky školy",30.5,18.0,vypsáno,1,2,1
Jihočeský kraj,České Budějovice,Týn nad Vltavou,"SOŠ a SOU, Hněvkovice 865",600170284,Podnikání,64-41-L/51,,Nástavby,2,15,31,16,2.067,1.067,16,4,0,12,0.8,dostala se většina soutěžících uchazečů,26.5,15.0,nevypsáno,,,
Jihočeský kraj,Jindřichův Hradec,Třeboň,"Gymnázium, Třeboň, Na Sadech 308",600008291,Gymnázium,79-41-K/41,,Gymnázia 4letá,4,30,78,31,2.6,1.033,29,10,0,38,0.744,dostala se většina soutěžících uchazečů,76.97,66.0,"nevypsáno, i když obor nebyl naplněn",,,
Jihočeský kraj,Jindřichův Hradec,Třeboň,"Gymnázium, Třeboň, Na Sadech 308",600008291,Gymnázium,79-41-K/81,,Gymnázia 8letá,8,30,95,59,3.167,1.967,30,46,1,18,0.395,těžké,60.4,48.0,nevypsáno,,,
Jihočeský kraj,Jindřichův Hradec,Třeboň,"OA, SOŠ a SOU",600008371,Obchodní akademie,63-41-M/02,obchodní akademie,SOŠ,4,18,39,9,2.167,0.5,15,0,0,24,1.0,"místo bylo pro všechny, kdo splnili požadavky školy",34.53,9.0,"nevypsáno, i když obor nebyl naplněn",,,
Jihočeský kraj,Jindřichův Hradec,Třeboň,"OA, SOŠ a SOU",600008371,Podnikání,64-41-L/51,Podnikání,Nástavby,2,30,74,31,2.467,1.033,30,8,0,36,0.789,dostala se většina soutěžících uchazečů,30.07,14.0,nevypsáno,,,
Jihočeský kraj,Jindřichův Hradec,Třeboň,"OA, SOŠ a SOU",600008371,Cestovní ruch,65-42-M/02,Služby cestovního ruchu,SOŠ,4,30,52,14,1.733,0.467,17,0,0,35,1.0,"místo bylo pro všechny, kdo splnili požadavky školy",38.31,19.0,vypsáno,13,22,13
Jihočeský kraj,Jindřichův Hradec,Třeboň,Střední škola rybářská a vodohospodářská,600008363,Ekologie a životní prostředí,16-01-M/01,Vodohospodář,SOŠ,4,30,73,25,2.433,0.833,30,2,1,40,0.938,dostala se většina soutěžících uchazečů,48.07,25.0,nevypsáno,,,
Jihočeský kraj,Jindřichův Hradec,Třeboň,Střední škola rybářská a vodohospodářská,600008363,Rybářství,41-43-L/51,Rybářství,Nástavby,2,27,34,33,1.259,1.222,27,5,1,1,0.844,dostala se většina soutěžících uchazečů,36.78,17.0,nevypsáno,,,
Jihočeský kraj,Český Krumlov,Velešín,SOŠ strojní a elektrotechnická,600170349,Informační technologie,18-20-M/01,Informační technologie,SOŠ,4,60,92,38,1.533,0.633,43,0,2,45,1.0,"místo bylo pro všechny, kdo splnili požadavky školy",49.6,23.0,vypsáno,5,2,0
Jihočeský kraj,Český Krumlov,Velešín,SOŠ strojní a elektrotechnická,600170349,Mechanik seřizovač,23-45-L/01,Mechatronika a robotika,SOU s maturitou,4,30,36,6,1.2,0.2,9,0,0,27,1.0,"místo bylo pro všechny, kdo splnili požadavky školy",44.56,,vypsáno,10,3,1
Jihočeský kraj,Český Krumlov,Velešín,SOŠ strojní a elektrotechnická,600170349,Mechanik seřizovač,23-45-L/01,Programátor CNC strojů a 3D modelování,SOU s maturitou,4,30,27,5,0.9,0.167,10,0,1,16,1.0,"místo bylo pro všechny, kdo splnili požadavky školy",33.7,21.0,vypsáno,10,5,5
Jihočeský kraj,Český Krumlov,Velešín,SOŠ strojní a elektrotechnická,600170349,Elektrotechnika,26-41-M/01,Počítačové systémy,SOŠ,4,30,62,23,2.067,0.767,25,0,0,37,1.0,"místo bylo pro všechny, kdo splnili požadavky školy",49.48,24.0,"nevypsáno, i když obor nebyl naplněn",,,
Jihočeský kraj,Český Krumlov,Velešín,SOŠ strojní a elektrotechnická,600170349,Technické lyceum,78-42-M/01,Kyberbezpečnost a 3D technologie,Lycea,4,30,42,12,1.4,0.4,14,0,1,26,1.0,"místo bylo pro všechny, kdo splnili požadavky školy",59.92,39.0,vypsáno,15,0,0
Jihočeský kraj,Český Krumlov,Velešín,SOŠ strojní a elektrotechnická,600170349,Lyceum (režim pokusného ověřování),78-42-M/08,Ekonomika a marketing,Lycea,4,30,27,7,0.9,0.233,8,0,0,17,1.0,"místo bylo pro všechny, kdo splnili požadavky školy",45.38,,vypsáno,20,10,4
Jihočeský kraj,Tábor,Veselí nad Lužnicí,SOŠ ekologická a potravinářská,600008851,Ekologie a životní prostředí,16-01-M/01,,SOŠ,4,30,50,12,1.667,0.4,18,0,0,32,1.0,"místo bylo pro všechny, kdo splnili požadavky školy",44.06,26.0,vypsáno,12,8,1
Jihočeský kraj,Tábor,Veselí nad Lužnicí,SOŠ ekologická a potravinářská,600008851,Technologie potravin,29-41-M/01,Potraviny a biotechnologie,SOŠ,4,30,22,6,0.733,0.2,6,0,0,16,1.0,"místo bylo pro všechny, kdo splnili požadavky školy",56.83,,vypsáno,9,1,1
Jihočeský kraj,Tábor,Veselí nad Lužnicí,SOŠ ekologická a potravinářská,600008851,Analýza potravin,29-42-M/01,Kvalita a bezpečnost potravin,SOŠ,4,30,31,8,1.033,0.267,8,0,0,22,1.0,"místo bylo pro všechny, kdo splnili požadavky školy",42.0,,vypsáno,10,2,0
Jihočeský kraj,Tábor,Veselí nad Lužnicí,SOŠ ekologická a potravinářská,600008851,Přírodovědné lyceum,78-42-M/05,,Lycea,4,30,34,8,1.133,0.267,10,0,0,24,1.0,"místo bylo pro všechny, kdo splnili požadavky školy",59.6,35.0,vypsáno,20,12,6
Jihočeský kraj,Prachatice,Vimperk,Střední škola a Základní škola,600008681,Mechanik elektrotechnik,26-41-L/01,,SOU s maturitou,4,24,6,4,0.25,0.167,3,0,2,1,1.0,"místo bylo pro všechny, kdo splnili požadavky školy",42.0,,vypsáno,20,3,0
Jihočeský kraj,Prachatice,Vimperk,Střední škola a Základní škola,600008681,Mechanik instalatérských a elektrotechnických zařízení,39-41-L/02,,SOU s maturitou,4,24,4,1,0.167,0.042,1,0,1,2,1.0,"místo bylo pro všechny, kdo splnili požadavky školy",46.0,,"nevypsáno, i když obor nebyl naplněn",,,
Jihočeský kraj,Prachatice,Vimperk,Střední škola a Základní škola,600008681,Podnikání,64-41-L/51,,Nástavby,2,30,29,17,0.967,0.567,13,0,10,6,1.0,"místo bylo pro všechny, kdo splnili požadavky školy",34.08,25.0,vypsáno,17,11,4
Jihočeský kraj,Prachatice,Vimperk,Všeobecné a sportovní gymnázium,600008690,Informační technologie,18-20-M/01,,SOŠ,4,20,24,7,1.2,0.35,7,0,1,16,1.0,"místo bylo pro všechny, kdo splnili požadavky školy",70.71,,"nevypsáno, i když obor nebyl naplněn",,,
Jihočeský kraj,Prachatice,Vimperk,Všeobecné a sportovní gymnázium,600008690,Gymnázium,79-41-K/41,,Gymnázia 4letá,4,30,65,11,2.167,0.367,15,0,1,48,1.0,"místo bylo pro všechny, kdo splnili požadavky školy",55.07,26.0,"nevypsáno, i když obor nebyl naplněn",,,
Jihočeský kraj,Prachatice,Vimperk,Všeobecné a sportovní gymnázium,600008690,Gymnázium,79-41-K/81,,Gymnázia 8letá,8,31,49,31,1.581,1.0,31,6,2,10,0.838,dostala se většina soutěžících uchazečů,46.94,28.0,nevypsáno,,,
Jihočeský kraj,Prachatice,Vimperk,Všeobecné a sportovní gymnázium,600008690,Gymnázium se sportovní přípravou,79-42-K/41,,Gymnázia 4letá,4,20,23,10,1.15,0.5,10,0,3,10,1.0,"místo bylo pro všechny, kdo splnili požadavky školy",64.7,32.0,"nevypsáno, i když obor nebyl naplněn",,,
Jihočeský kraj,Strakonice,Vodňany,Střední rybářská škola a VOŠ,600020291,Rybářství,41-43-M/01,Chov ryb ,SOŠ,4,31,91,44,2.935,1.419,31,20,2,38,0.608,středně těžké,49.26,28.0,nevypsáno,,,
Jihočeský kraj,Strakonice,Vodňany,Střední rybářská škola a VOŠ,600020291,Rybářství,41-43-M/01,Vodní stavby v rybářství ,SOŠ,4,31,73,28,2.355,0.903,30,3,1,38,0.909,dostala se většina soutěžících uchazečů,45.43,21.0,"nevypsáno, i když obor nebyl naplněn",,,
Jihočeský kraj,Strakonice,Vodňany,"TRIVIS - SŠ veřejnoprávní Vodňany,s.r.o.",600008711,Bezpečnostně právní činnost,68-42-M/01,,SOŠ,4,63,159,78,2.524,1.238,63,33,0,63,0.656,středně těžké,51.62,34.0,nevypsáno,,,
Jihočeský kraj,Strakonice,Vodňany,Základní škola a Gymnázium Vodňany,600063861,Gymnázium,79-41-K/41,,Gymnázia 4letá,4,15,118,11,7.867,0.733,15,10,0,93,0.6,středně těžké,65.13,54.0,nevypsáno,,,
Jihočeský kraj,Strakonice,Vodňany,Základní škola a Gymnázium Vodňany,600063861,Gymnázium,79-41-K/81,,Gymnázia 8letá,8,25,68,40,2.72,1.6,25,26,2,15,0.49,těžké,49.88,37.0,nevypsáno,,,
Jihočeský kraj,Strakonice,Volyně,Střední škola a Jazyk.škola s právem SJZ,600170403,Ekonomika a podnikání,63-41-M/01,,SOŠ,4,30,40,3,1.333,0.1,5,0,0,34,1.0,"místo bylo pro všechny, kdo splnili požadavky školy",37.6,,vypsáno,8,3,2
Jihočeský kraj,Strakonice,Volyně,Střední škola a Jazyk.škola s právem SJZ,600170403,Veřejnosprávní činnost,68-43-M/01,,SOŠ,4,30,88,20,2.933,0.667,29,1,0,57,0.967,dostala se většina soutěžících uchazečů,35.1,14.0,vypsáno,1,2,1
Jihočeský kraj,Strakonice,Volyně,Střední škola a Jazyk.škola s právem SJZ,600170403,Sociální činnost,75-41-M/01,,SOŠ,4,30,83,27,2.767,0.9,29,4,0,49,0.879,dostala se většina soutěžících uchazečů,34.55,21.0,"nevypsáno, i když obor nebyl naplněn",,,
Jihočeský kraj,Strakonice,Volyně,Střední škola a Jazyk.škola s právem SJZ,600170403,Přírodovědné lyceum,78-42-M/05,,Lycea,4,30,35,11,1.167,0.367,12,0,0,23,1.0,"místo bylo pro všechny, kdo splnili požadavky školy",54.67,31.0,vypsáno,4,1,1
Jihočeský kraj,Strakonice,Volyně,Střední škola a Jazyk.škola s právem SJZ,600170403,Lyceum (režim pokusného ověřování),78-42-M/08,,Lycea,4,30,61,14,2.033,0.467,17,0,0,43,1.0,"místo bylo pro všechny, kdo splnili požadavky školy",48.41,27.0,vypsáno,4,1,0
Jihočeský kraj,Strakonice,Volyně,VOŠ a SPŠ,600020312,Nábytkářská a dřevařská výroba,33-42-M/01,Navrhování nábytku a dřevěných konstrukcí s využitím CNC technologií,SOŠ,4,40,55,25,1.375,0.625,23,0,5,27,1.0,"místo bylo pro všechny, kdo splnili požadavky školy",51.09,30.0,"nevypsáno, i když obor nebyl naplněn",,,
Jihočeský kraj,Strakonice,Volyně,VOŠ a SPŠ,600020312,Technická zařízení budov,36-45-M/01,Vnitřní prostředí budov,SOŠ,4,20,36,12,1.8,0.6,11,0,2,23,1.0,"místo bylo pro všechny, kdo splnili požadavky školy",50.18,37.0,"nevypsáno, i když obor nebyl naplněn",,,
Jihočeský kraj,Strakonice,Volyně,VOŠ a SPŠ,600020312,Stavebnictví,36-47-M/01,Stavebnictví a architektura,SOŠ,4,45,106,40,2.356,0.889,45,0,4,57,1.0,"místo bylo pro všechny, kdo splnili požadavky školy",55.25,29.0,nevypsáno,,,
Jihočeský kraj,České Budějovice,České Budějovice,"Biskup. gymn. J.N.N., církevní ZŠ a ZUŠ",600008088,Pedagogické lyceum,78-42-M/03,,Lycea,4,44,157,61,3.568,1.386,49,40,2,71,0.551,středně těžké,66.94,42.0,nevypsáno,,,
Jihočeský kraj,České Budějovice,České Budějovice,"Biskup. gymn. J.N.N., církevní ZŠ a ZUŠ",600008088,Gymnázium,79-41-K/41,,Gymnázia 4letá,4,28,73,38,2.607,1.357,47,20,1,24,0.701,dostala se většina soutěžících uchazečů,68.3,40.0,nevypsáno,,,
Jihočeský kraj,České Budějovice,České Budějovice,"Biskup. gymn. J.N.N., církevní ZŠ a ZUŠ",600008088,Gymnázium,79-41-K/61,,Gymnázia 6letá,6,44,123,94,2.795,2.136,42,46,14,19,0.477,těžké,61.32,48.0,"nevypsáno, i když obor nebyl naplněn",,,
Jihočeský kraj,České Budějovice,České Budějovice,"Biskup. gymn. J.N.N., církevní ZŠ a ZUŠ",600008088,Gymnázium,79-41-K/81,,Gymnázia 8letá,8,30,186,54,6.2,1.8,28,100,12,44,0.219,velmi těžké,69.75,63.0,"nevypsáno, i když obor nebyl naplněn",,,
Jihočeský kraj,České Budějovice,České Budějovice,"Biskup. gymn. J.N.N., církevní ZŠ a ZUŠ",600008088,Dvojjazyčné gymnázium,79-43-K/61,,Gymnázia 6letá,6,20,96,24,4.8,1.2,19,25,12,39,0.432,těžké,55.26,41.0,"nevypsáno, i když obor nebyl naplněn",,,
Jihočeský kraj,České Budějovice,České Budějovice,"EDUCAnet - SŠ a ZŠ ČB, s.r.o.",600008266,Informační technologie,18-20-M/01,,SOŠ,4,18,32,14,1.778,0.778,9,0,12,11,1.0,"místo bylo pro všechny, kdo splnili požadavky školy",56.78,,vypsáno,9,2,1
Jihočeský kraj,České Budějovice,České Budějovice,"EDUCAnet - SŠ a ZŠ ČB, s.r.o.",600008266,Gymnázium,79-41-K/41,,Gymnázia 4letá,4,13,23,2,1.769,0.154,3,0,9,11,1.0,"místo bylo pro všechny, kdo splnili požadavky školy",65.67,,vypsáno,11,14,8
Jihočeský kraj,České Budějovice,České Budějovice,Gymnázium,600008151,Gymnázium,79-41-K/41,,Gymnázia 4letá,4,30,146,76,4.867,2.533,30,60,0,56,0.333,těžké,83.3,78.0,nevypsáno,,,
Jihočeský kraj,České Budějovice,České Budějovice,Gymnázium,600008002,Gymnázium,79-41-K/41,Přírodní vědy a matematika / všeobecné,Gymnázia 4letá,4,60,122,62,2.033,1.033,60,13,1,48,0.822,dostala se většina soutěžících uchazečů,78.22,65.0,nevypsáno,,,
Jihočeský kraj,České Budějovice,České Budějovice,Gymnázium,600008151,Gymnázium,79-41-K/81,,Gymnázia 8letá,8,30,287,108,9.567,3.6,30,199,3,55,0.131,velmi těžké,76.87,69.0,nevypsáno,,,
Jihočeský kraj,České Budějovice,České Budějovice,Gymnázium,600008002,Gymnázium,79-41-K/81,Všeobecné,Gymnázia 8letá,8,30,265,103,8.833,3.433,30,172,1,62,0.149,velmi těžké,80.03,72.0,nevypsáno,,,
Jihočeský kraj,České Budějovice,České Budějovice,Gymnázium,600008151,Gymnázium se sportovní přípravou,79-42-K/41,,Gymnázia 4letá,4,30,87,64,2.9,2.133,30,40,2,15,0.429,těžké,74.73,60.0,nevypsáno,,,
Jihočeský kraj,České Budějovice,České Budějovice,Gymnázium J. V. Jirsíka,600007995,Gymnázium,79-41-K/41,všeobecné ,Gymnázia 4letá,4,60,162,106,2.7,1.767,60,59,0,43,0.504,středně těžké,83.8,72.0,nevypsáno,,,
Jihočeský kraj,České Budějovice,České Budějovice,Gymnázium J. V. Jirsíka,600007995,Gymnázium,79-41-K/81,všeobecné,Gymnázia 8letá,8,30,258,96,8.6,3.2,30,169,2,57,0.151,velmi těžké,79.73,69.0,nevypsáno,,,
Jihočeský kraj,České Budějovice,České Budějovice,Hudební gymnázium České Budějovice s.r.o.,691015228,Gymnázium,79-41-K/41,,Gymnázia 4letá,4,24,31,17,1.292,0.708,21,0,1,8,1.0,"místo bylo pro všechny, kdo splnili požadavky školy",49.38,27.0,vypsáno,1,2,1
Jihočeský kraj,České Budějovice,České Budějovice,Obchodní akademie,600008045,Obchodní akademie,63-41-M/02,,SOŠ,4,60,215,67,3.583,1.117,60,12,36,107,0.833,dostala se většina soutěžících uchazečů,61.38,48.0,nevypsáno,,,
Jihočeský kraj,České Budějovice,České Budějovice,Obchodní akademie,600008045,Ekonomické lyceum,78-42-M/02,,Lycea,4,30,110,29,3.667,0.967,30,15,10,55,0.667,dostala se většina soutěžících uchazečů,71.17,60.0,nevypsáno,,,
Jihočeský kraj,České Budějovice,České Budějovice,"SOŠ veter.,mech.a zahr. a JŠ s práv. SJZ",600008169,Rostlinolékařství,41-04-M/01,,SOŠ,4,10,30,7,3.0,0.7,10,0,0,20,1.0,"místo bylo pro všechny, kdo splnili požadavky školy",37.5,23.0,nevypsáno,,,
Jihočeský kraj,České Budějovice,České Budějovice,"SOŠ veter.,mech.a zahr. a JŠ s práv. SJZ",600008169,Zahradnictví,41-44-M/01,,SOŠ,4,20,50,9,2.5,0.45,15,0,1,34,1.0,"místo bylo pro všechny, kdo splnili požadavky školy",42.6,21.0,"nevypsáno, i když obor nebyl naplněn",,,
Jihočeský kraj,České Budějovice,České Budějovice,"SOŠ veter.,mech.a zahr. a JŠ s práv. SJZ",600008169,Mechanizace a služby,41-45-M/01,,SOŠ,4,60,122,67,2.033,1.117,60,19,0,43,0.759,dostala se většina soutěžících uchazečů,49.08,33.0,nevypsáno,,,
Jihočeský kraj,České Budějovice,České Budějovice,"SOŠ veter.,mech.a zahr. a JŠ s práv. SJZ",600008169,Veterinářství,43-41-M/01,,SOŠ,4,60,176,99,2.933,1.65,60,56,10,50,0.517,středně těžké,64.4,51.0,nevypsáno,,,
Jihočeský kraj,České Budějovice,České Budějovice,SPŠ strojní a elektrotechnická,600008207,Strojírenství,23-41-M/01,Strojní inženýrství,SOŠ,4,30,79,25,2.633,0.833,30,9,1,39,0.769,dostala se většina soutěžících uchazečů,64.6,45.0,nevypsáno,,,
Jihočeský kraj,České Budějovice,České Budějovice,SPŠ strojní a elektrotechnická,600008207,Elektrotechnika,26-41-M/01,Elektroenergetika a elektrické stroje ,SOŠ,4,30,99,43,3.3,1.433,30,22,0,47,0.577,středně těžké,67.03,53.0,nevypsáno,,,
Jihočeský kraj,České Budějovice,České Budějovice,SPŠ strojní a elektrotechnická,600008207,Elektrotechnika,26-41-M/01,Elektromobilita a alternativní pohony ,SOŠ,4,30,88,18,2.933,0.6,29,0,1,58,1.0,"místo bylo pro všechny, kdo splnili požadavky školy",56.59,26.0,"nevypsáno, i když obor nebyl naplněn",,,
Jihočeský kraj,České Budějovice,České Budějovice,SPŠ strojní a elektrotechnická,600008207,Elektrotechnika,26-41-M/01,Robotika a řídicí technika,SOŠ,4,30,110,53,3.667,1.767,30,28,0,52,0.517,středně těžké,72.07,57.0,nevypsáno,,,
Jihočeský kraj,České Budějovice,České Budějovice,Střední průmyslová škola stavební,600008185,Geodézie a katastr nemovitostí,36-46-M/01,,SOŠ,4,14,67,14,4.786,1.0,14,5,5,43,0.737,dostala se většina soutěžících uchazečů,61.0,41.0,nevypsáno,,,
Jihočeský kraj,České Budějovice,České Budějovice,Střední průmyslová škola stavební,600008185,Stavebnictví,36-47-M/01,,SOŠ,4,98,217,117,2.214,1.194,98,32,6,81,0.754,dostala se většina soutěžících uchazečů,65.68,41.0,nevypsáno,,,
Jihočeský kraj,České Budějovice,České Budějovice,Střední zdravotnická škola a VOŠ zdrav.,600019578,Praktická sestra,53-41-M/03,Prachatice,SOŠ,4,25,50,14,2.0,0.56,21,0,0,29,1.0,"místo bylo pro všechny, kdo splnili požadavky školy",34.57,11.0,"nevypsáno, i když obor nebyl naplněn",,,
Jihočeský kraj,České Budějovice,České Budějovice,Střední zdravotnická škola a VOŠ zdrav.,600019578,Praktická sestra,53-41-M/03,Strakonice,SOŠ,4,25,70,22,2.8,0.88,25,3,0,42,0.893,dostala se většina soutěžících uchazečů,37.96,24.0,nevypsáno,,,
Jihočeský kraj,České Budějovice,České Budějovice,Střední zdravotnická škola a VOŠ zdrav.,600019578,Praktická sestra,53-41-M/03,České Budějovice,SOŠ,4,60,218,105,3.633,1.75,59,79,0,79,0.428,těžké,61.83,47.0,"nevypsáno, i když obor nebyl naplněn",,,
Jihočeský kraj,České Budějovice,České Budějovice,Střední zdravotnická škola a VOŠ zdrav.,600019578,Laboratorní asistent,53-43-M/01,,SOŠ,4,30,111,41,3.7,1.367,30,35,0,46,0.462,těžké,61.37,48.0,nevypsáno,,,
Jihočeský kraj,České Budějovice,České Budějovice,Střední zdravotnická škola a VOŠ zdrav.,600019578,Asistent zubního technika,53-44-M/03,,SOŠ,4,24,111,68,4.625,2.833,24,43,27,17,0.358,těžké,64.08,46.0,nevypsáno,,,
Jihočeský kraj,České Budějovice,České Budějovice,Střední zdravotnická škola a VOŠ zdrav.,600019578,Zdravotnické lyceum,78-42-M/04,,Lycea,4,30,143,69,4.767,2.3,30,57,0,56,0.345,těžké,74.07,66.0,nevypsáno,,,
Jihočeský kraj,České Budějovice,České Budějovice,"Střední škola obchodní, České Budějovice, Husova 9",600170292,Aplikovaná chemie,28-44-M/01,,SOŠ,4,28,90,31,3.214,1.107,28,14,7,41,0.667,dostala se většina soutěžících uchazečů,59.04,41.0,nevypsáno,,,
Jihočeský kraj,České Budějovice,České Budějovice,"Střední škola obchodní, České Budějovice, Husova 9",600170292,Fotograf,34-56-L/01,,SOU s maturitou,4,28,79,18,2.821,0.643,18,0,20,41,1.0,"místo bylo pro všechny, kdo splnili požadavky školy",38.67,25.0,vypsáno,12,21,4
Jihočeský kraj,České Budějovice,České Budějovice,"Střední škola obchodní, České Budějovice, Husova 9",600170292,Ekonomika a podnikání,63-41-M/01,ŠVP: Obchodně podnikatelská činnost,SOŠ,4,30,170,37,5.667,1.233,29,22,21,97,0.569,středně těžké,55.45,44.0,"nevypsáno, i když obor nebyl naplněn",,,
Jihočeský kraj,České Budějovice,České Budějovice,"Střední škola obchodní, České Budějovice, Husova 9",600170292,Podnikání,64-41-L/51,,Nástavby,2,30,164,37,5.467,1.233,25,0,84,55,1.0,"místo bylo pro všechny, kdo splnili požadavky školy",30.12,22.0,vypsáno,5,34,5
Jihočeský kraj,České Budějovice,České Budějovice,"Střední škola obchodní, České Budějovice, Husova 9",600170292,Cestovní ruch,65-42-M/02,,SOŠ,4,50,256,58,5.12,1.16,49,40,34,132,0.551,středně těžké,51.14,37.0,"nevypsáno, i když obor nebyl naplněn",,,
Jihočeský kraj,České Budějovice,České Budějovice,"Střední škola obchodní, České Budějovice, Husova 9",600170292,Obchodník,66-41-L/01,,SOU s maturitou,4,30,52,10,1.733,0.333,16,0,6,30,1.0,"místo bylo pro všechny, kdo splnili požadavky školy",42.25,25.0,vypsáno,15,27,8
Jihočeský kraj,České Budějovice,České Budějovice,"Střední škola obchodní, České Budějovice, Husova 9",600170292,Kosmetické služby,69-41-L/01,ŠVP: Kosmetička,SOU s maturitou,4,30,176,68,5.867,2.267,29,35,58,53,0.453,těžké,48.03,34.0,"nevypsáno, i když obor nebyl naplněn",,,
Jihočeský kraj,České Budějovice,České Budějovice,"Střední škola obchodní, České Budějovice, Husova 9",600170292,Lyceum (režim pokusného ověřování),78-42-M/08,komunikace a marketing,Lycea,4,30,184,36,6.133,1.2,30,24,14,116,0.556,středně těžké,62.17,49.0,nevypsáno,,,
Jihočeský kraj,České Budějovice,České Budějovice,Střední škola polytechnická,600170306,Stavební materiály,36-43-M/01,Technologie a materiály ve stavebnictví,SOŠ,4,10,19,2,1.9,0.2,4,0,0,15,1.0,"místo bylo pro všechny, kdo splnili požadavky školy",36.75,,vypsáno,6,10,1
Jihočeský kraj,České Budějovice,České Budějovice,Střední škola polytechnická,600170306,Technická zařízení budov,36-45-M/01,,SOŠ,4,20,57,11,2.85,0.55,19,0,0,38,1.0,"místo bylo pro všechny, kdo splnili požadavky školy",34.58,25.0,vypsáno,1,1,1
Jihočeský kraj,České Budějovice,České Budějovice,Střední škola polytechnická,600170306,Požární ochrana,39-08-M/01,,SOŠ,4,30,97,48,3.233,1.6,30,29,1,37,0.508,středně těžké,54.17,34.0,nevypsáno,,,
Jihočeský kraj,České Budějovice,České Budějovice,Střední škola polytechnická,600170306,Ekonomika a podnikání,63-41-M/01,Finanční služby,SOŠ,4,30,92,16,3.067,0.533,29,4,2,56,0.879,dostala se většina soutěžících uchazečů,37.9,22.0,"nevypsáno, i když obor nebyl naplněn",,,
Jihočeský kraj,České Budějovice,České Budějovice,Střední škola polytechnická,600170306,Podnikání,64-41-L/51,,Nástavby,2,30,129,49,4.3,1.633,30,55,4,40,0.353,těžké,37.5,23.0,nevypsáno,,,
Jihočeský kraj,České Budějovice,České Budějovice,"SŠ Jeronýmova České Budějovice, s.r.o.",600008215,Obchodní akademie,63-41-M/02,,SOŠ,4,27,83,19,3.074,0.704,27,2,17,37,0.931,dostala se většina soutěžících uchazečů,48.41,31.0,nevypsáno,,,
Jihočeský kraj,České Budějovice,České Budějovice,"SŠ Jeronýmova České Budějovice, s.r.o.",600008215,Ekonomické lyceum,78-42-M/02,,Lycea,4,21,60,16,2.857,0.762,19,0,11,30,1.0,"místo bylo pro všechny, kdo splnili požadavky školy",55.11,43.0,"nevypsáno, i když obor nebyl naplněn",,,
Jihočeský kraj,České Budějovice,České Budějovice,SŠ a VOŠ cestovního ruchu,600170331,Gastronomie,65-41-L/01,Kuchař,SOU s maturitou,4,25,57,15,2.28,0.6,25,0,4,28,1.0,"místo bylo pro všechny, kdo splnili požadavky školy",37.29,20.0,nevypsáno,,,
Jihočeský kraj,České Budějovice,České Budějovice,SŠ a VOŠ cestovního ruchu,600170331,Gastronomie,65-41-L/51,Společné stravování,Nástavby,2,30,49,46,1.633,1.533,30,8,9,2,0.789,dostala se většina soutěžících uchazečů,34.2,22.0,nevypsáno,,,
Jihočeský kraj,České Budějovice,České Budějovice,SŠ a VOŠ cestovního ruchu,600170331,Hotelnictví,65-42-M/01,Hotelnictví a turismus,SOŠ,4,60,191,66,3.183,1.1,60,17,34,80,0.779,dostala se většina soutěžících uchazečů,51.25,33.0,nevypsáno,,,
Jihočeský kraj,České Budějovice,České Budějovice,SŠ a VOŠ cestovního ruchu,600170331,Lyceum (režim pokusného ověřování),78-42-M/08,Cestovní ruch s rozšířenou výukou cizích jazyků,Lycea,4,30,159,66,5.3,2.2,29,38,30,61,0.433,těžké,69.76,60.0,"nevypsáno, i když obor nebyl naplněn",,,
Jihočeský kraj,České Budějovice,České Budějovice,"SŠ informatiky a právních studií, z.ú.",600008118,Bezpečnostně právní činnost,68-42-M/01,Bezpečnostně právní činnost,SOŠ,4,27,126,48,4.667,1.778,27,45,0,54,0.375,těžké,58.59,46.0,nevypsáno,,,
Jihočeský kraj,České Budějovice,České Budějovice,"Technické gymnázium, ZŠ a MŠ VŠTE s.r.o.",691007144,Gymnázium,79-41-K/41,,Gymnázia 4letá,4,50,31,6,0.62,0.12,13,0,0,17,1.0,"místo bylo pro všechny, kdo splnili požadavky školy",52.31,30.0,vypsáno,36,16,4
Jihočeský kraj,České Budějovice,České Budějovice,VAKANTIS střední škola s.r.o.,600020231,Logistické a finanční služby,37-42-M/01,,SOŠ,4,13,23,1,1.769,0.077,6,0,2,15,1.0,"místo bylo pro všechny, kdo splnili požadavky školy",30.83,,"nevypsáno, i když obor nebyl naplněn",,,
Jihočeský kraj,České Budějovice,České Budějovice,VAKANTIS střední škola s.r.o.,600020231,Ekonomika a podnikání,63-41-M/01,"Ekonomika, podnikání a mediální tvorba",SOŠ,4,15,55,14,3.667,0.933,15,4,7,29,0.789,dostala se většina soutěžících uchazečů,49.2,30.0,nevypsáno,,,
Jihočeský kraj,České Budějovice,České Budějovice,VAKANTIS střední škola s.r.o.,600020231,Obchodní akademie,63-41-M/02,Obchodní akademie se zaměřením na profesní angličtinu,SOŠ,4,15,49,15,3.267,1.0,15,9,0,25,0.625,středně těžké,53.87,40.0,nevypsáno,,,
Jihočeský kraj,České Budějovice,České Budějovice,"VOŠ, SPŠ automobilní a technická",600008193,Provozní technika,23-43-L/51,Provozní technika,Nástavby,2,12,23,9,1.917,0.75,12,1,2,8,0.923,dostala se většina soutěžících uchazečů,32.08,17.0,nevypsáno,,,
Jihočeský kraj,České Budějovice,České Budějovice,"VOŠ, SPŠ automobilní a technická",600008193,Mechanik seřizovač,23-45-L/01,Mechanik seřizovač + Obráběč kovů (L0+H),SOU s maturitou,4,30,20,6,0.667,0.2,8,0,0,12,1.0,"místo bylo pro všechny, kdo splnili požadavky školy",30.25,,vypsáno,10,11,4
Jihočeský kraj,České Budějovice,České Budějovice,"VOŠ, SPŠ automobilní a technická",600008193,Mechanik seřizovač,23-45-L/01,Mechanik seřizovač - mechatronik + Elektromechanik pro zařízení a přístroje (L0+H),SOU s maturitou,4,30,74,21,2.467,0.7,29,0,1,44,1.0,"místo bylo pro všechny, kdo splnili požadavky školy",41.69,18.0,"nevypsáno, i když obor nebyl naplněn",,,
Jihočeský kraj,České Budějovice,České Budějovice,"VOŠ, SPŠ automobilní a technická",600008193,Dopravní prostředky,23-45-M/01,Diagnostika motorových vozidel,SOŠ,4,20,41,10,2.05,0.5,20,0,0,21,1.0,"místo bylo pro všechny, kdo splnili požadavky školy",42.45,19.0,nevypsáno,,,
Jihočeský kraj,České Budějovice,České Budějovice,"VOŠ, SPŠ automobilní a technická",600008193,Dopravní prostředky,23-45-M/01,Konstrukce a design vozidel,SOŠ,4,10,26,7,2.6,0.7,9,0,0,17,1.0,"místo bylo pro všechny, kdo splnili požadavky školy",51.0,,"nevypsáno, i když obor nebyl naplněn",,,
Jihočeský kraj,České Budějovice,České Budějovice,"VOŠ, SPŠ automobilní a technická",600008193,Provoz a ekonomika dopravy,37-41-M/01,Management sportu a dopravy,SOŠ,4,30,111,38,3.7,1.267,30,29,2,50,0.508,středně těžké,43.5,23.0,nevypsáno,,,
Jihočeský kraj,České Budějovice,České Budějovice,"VOŠ, SPŠ automobilní a technická",600008193,Provoz a ekonomika dopravy,37-41-M/01,Provoz a ekonomika dopravy,SOŠ,4,30,71,13,2.367,0.433,22,0,2,47,1.0,"místo bylo pro všechny, kdo splnili požadavky školy",35.45,20.0,vypsáno,9,25,9
Jihočeský kraj,České Budějovice,České Budějovice,"VOŠ, SPŠ automobilní a technická",600008193,Autotronik,39-41-L/01,Autotronik,SOU s maturitou,4,30,152,67,5.067,2.233,29,49,0,73,0.372,těžké,59.0,44.0,"nevypsáno, i když obor nebyl naplněn",,,
Jihočeský kraj,České Budějovice,České Budějovice,"VOŠ, SPŠ automobilní a technická",600008193,Autotronik,39-41-L/51,Autotronik,Nástavby,2,20,52,38,2.6,1.9,20,19,1,12,0.513,středně těžké,44.4,28.0,nevypsáno,,,
Jihočeský kraj,České Budějovice,České Budějovice,"VOŠ, SPŠ automobilní a technická",600008193,Podnikání,64-41-L/51,Dopravní provoz,Nástavby,2,22,71,27,3.227,1.227,22,22,0,27,0.5,středně těžké,35.41,23.0,nevypsáno,,,
Jihočeský kraj,České Budějovice,České Budějovice,"VOŠ, SPŠ automobilní a technická",600008193,Podnikání,64-41-L/51,Podnikání,Nástavby,2,22,157,43,7.136,1.955,22,55,2,78,0.286,velmi těžké,38.5,24.0,nevypsáno,,,
Jihočeský kraj,České Budějovice,České Budějovice,"VOŠ, SPŠ automobilní a technická",600008193,Technické lyceum,78-42-M/01,Technické lyceum,Lycea,4,30,79,9,2.633,0.3,21,0,1,56,1.0,"místo bylo pro všechny, kdo splnili požadavky školy",51.4,18.0,vypsáno,8,13,5
Jihočeský kraj,České Budějovice,České Budějovice,"Waldorfská škola ČB – MŠ, ZŠ a SŠ o.p.s.",651040621,Kombinované lyceum,78-42-M/06,,Lycea,4,30,54,23,1.8,0.767,23,0,11,20,1.0,"místo bylo pro všechny, kdo splnili požadavky školy",57.39,34.0,vypsáno,5,9,1
Jihočeský kraj,České Budějovice,České Budějovice,ČAG - gymnázium a základní škola s.r.o.,600008096,Gymnázium,79-41-K/41,ŠVP ČAG Čtyřleté (4G),Gymnázia 4letá,4,20,55,25,2.75,1.25,20,4,10,21,0.833,dostala se většina soutěžících uchazečů,62.7,26.0,nevypsáno,,,
Jihočeský kraj,České Budějovice,České Budějovice,ČAG - gymnázium a základní škola s.r.o.,600008096,Gymnázium,79-41-K/81,ŠVP ČAG - Osmileté (8G),Gymnázia 8letá,8,25,79,33,3.16,1.32,25,26,11,17,0.49,těžké,61.36,51.0,nevypsáno,,,
Jihočeský kraj,České Budějovice,České Budějovice,České reálné gymnázium s.r.o.,600008100,Gymnázium,79-41-K/41,čtyřleté,Gymnázia 4letá,4,26,106,20,4.077,0.769,26,20,3,57,0.565,středně těžké,68.77,59.0,nevypsáno,,,
Jihočeský kraj,České Budějovice,České Budějovice,České reálné gymnázium s.r.o.,600008100,Gymnázium,79-41-K/81,osmileté,Gymnázia 8letá,8,25,140,30,5.6,1.2,25,64,12,39,0.281,velmi těžké,63.68,55.0,nevypsáno,,,
Jihočeský kraj,Jindřichův Hradec,České Velenice,"Střední škola, České Velenice, Revoluční 220",600170373,Mechanik elektrotechnik,26-41-L/01,26-52-H/01 Mechanik elektrotechnik pro zařízení a přístroje,SOU s maturitou,4,24,14,11,0.583,0.458,12,0,0,2,1.0,"místo bylo pro všechny, kdo splnili požadavky školy",44.83,28.0,"nevypsáno, i když obor nebyl naplněn",,,
Jihočeský kraj,Jindřichův Hradec,České Velenice,"Střední škola, České Velenice, Revoluční 220",600170373,Obchodník,66-41-L/01,66-51-H/01 Prodavač - aranžér,SOU s maturitou,4,24,13,6,0.542,0.25,7,0,0,6,1.0,"místo bylo pro všechny, kdo splnili požadavky školy",27.33,,"nevypsáno, i když obor nebyl naplněn",,,
Jihočeský kraj,Český Krumlov,Český Krumlov,Gymnázium,600008231,Gymnázium,79-41-K/41,,Gymnázia 4letá,4,30,90,40,3.0,1.333,30,20,0,40,0.6,středně těžké,69.43,48.0,nevypsáno,,,
Jihočeský kraj,Český Krumlov,Český Krumlov,Gymnázium,600008231,Gymnázium,79-41-K/61,,Gymnázia 6letá,6,29,57,32,1.966,1.103,29,10,0,18,0.744,dostala se většina soutěžících uchazečů,46.21,29.0,nevypsáno,,,
Jihočeský kraj,Český Krumlov,Český Krumlov,Gymnázium,600008231,Gymnázium,79-41-K/81,,Gymnázia 8letá,8,30,83,68,2.767,2.267,30,47,0,6,0.39,těžké,60.57,48.0,nevypsáno,,,
Jihočeský kraj,Český Krumlov,Český Krumlov,"SOŠ zdravotnická a SOU, Český Krumlov, Tavírna 34",600019594,Praktická sestra,53-41-M/03,,SOŠ,4,28,84,17,3.0,0.607,38,15,0,39,0.717,dostala se většina soutěžících uchazečů,39.76,8.0,nevypsáno,,,
Jihočeský kraj,Český Krumlov,Český Krumlov,"SOŠ zdravotnická a SOU, Český Krumlov, Tavírna 34",600019594,Sociální činnost,75-41-M/01,,SOŠ,4,28,37,18,1.321,0.643,24,0,0,13,1.0,"místo bylo pro všechny, kdo splnili požadavky školy",32.12,12.0,vypsáno,6,8,2
Karlovarský kraj,Cheb,Aš,"Gymnázium Aš, příspěvková organizace",600008975,Gymnázium,79-41-K/81,,Gymnázia 8letá,8,30,63,51,2.1,1.7,30,23,0,10,0.566,středně těžké,48.6,33.0,nevypsáno,,,
Karlovarský kraj,Cheb,Cheb,Gymnázium Cheb,600009009,Gymnázium,79-41-K/41,Gymnázium Cheb - Brána na VŠ,Gymnázia 4letá,4,32,73,40,2.281,1.25,30,9,0,32,0.769,dostala se většina soutěžících uchazečů,62.43,45.0,"nevypsáno, i když obor nebyl naplněn",,,
Karlovarský kraj,Cheb,Cheb,Gymnázium Cheb,600009009,Gymnázium,79-41-K/81,Gymnázium Cheb - Brána na VŠ,Gymnázia 8letá,8,60,140,87,2.333,1.45,61,44,0,36,0.581,středně těžké,49.25,29.0,nevypsáno,,,
Karlovarský kraj,Cheb,Cheb,Integrovaná střední škola Cheb,600170462,Informační technologie,18-20-M/01,Umělá inteligence,SOŠ,4,30,64,23,2.133,0.767,22,0,12,29,1.0,"místo bylo pro všechny, kdo splnili požadavky školy",38.14,25.0,vypsáno,7,7,3
Karlovarský kraj,Cheb,Cheb,Integrovaná střední škola Cheb,600170462,Strojírenství,23-41-M/01,Programování CNC strojů,SOŠ,4,23,35,9,1.522,0.391,7,0,4,24,1.0,"místo bylo pro všechny, kdo splnili požadavky školy",43.0,,vypsáno,16,6,1
Karlovarský kraj,Cheb,Cheb,Integrovaná střední škola Cheb,600170462,Mechanik elektrotechnik,26-41-L/01,Elektromechanik pro zařízení a přístroje,SOU s maturitou,4,12,40,14,3.333,1.167,11,0,10,19,1.0,"místo bylo pro všechny, kdo splnili požadavky školy",38.45,27.0,"nevypsáno, i když obor nebyl naplněn",,,
Karlovarský kraj,Cheb,Cheb,Integrovaná střední škola Cheb,600170462,Požární ochrana,39-08-M/01,,SOŠ,4,30,43,25,1.433,0.833,17,0,11,13,1.0,"místo bylo pro všechny, kdo splnili požadavky školy",36.65,22.0,vypsáno,11,5,3
Karlovarský kraj,Cheb,Cheb,Integrovaná střední škola Cheb,600170462,Agropodnikání,41-41-M/01,,SOŠ,4,30,39,12,1.3,0.4,17,0,7,15,1.0,"místo bylo pro všechny, kdo splnili požadavky školy",34.94,22.0,vypsáno,13,7,1
Karlovarský kraj,Cheb,Cheb,Integrovaná střední škola Cheb,600170462,Ekonomika a podnikání,63-41-M/01,,SOŠ,4,23,66,10,2.87,0.435,16,0,4,46,1.0,"místo bylo pro všechny, kdo splnili požadavky školy",33.93,22.0,"nevypsáno, i když obor nebyl naplněn",,,
Karlovarský kraj,Cheb,Cheb,Střední zdravotnická škola a VOŠ,600019632,Praktická sestra,53-41-M/03,,SOŠ,4,60,109,54,1.817,0.9,60,12,4,33,0.833,dostala se většina soutěžících uchazečů,37.56,23.0,nevypsáno,,,
Karlovarský kraj,Cheb,Cheb,Střední zdravotnická škola a VOŠ,600019632,Masér ve zdravotnictví,53-41-M/04,,SOŠ,4,15,52,14,3.467,0.933,15,8,0,29,0.652,středně těžké,35.73,24.0,nevypsáno,,,
Karlovarský kraj,Cheb,Cheb,Střední zdravotnická škola a VOŠ,600019632,Sociální činnost,75-41-M/01,,SOŠ,4,15,43,11,2.867,0.733,15,0,1,27,1.0,"místo bylo pro všechny, kdo splnili požadavky školy",34.67,21.0,nevypsáno,,,
Karlovarský kraj,Cheb,Cheb,"Svob.cheb.škola, ZŠ a gymnázium s.r.o.",600009076,Gymnázium,79-41-K/81,,Gymnázia 8letá,8,18,76,23,4.222,1.278,18,15,0,43,0.545,středně těžké,46.0,29.0,nevypsáno,,,
Karlovarský kraj,Karlovy Vary,Dalovice,Střední škola logistická Dalovice,600009301,Provoz a ekonomika dopravy,37-41-M/01,,SOŠ,4,30,91,24,3.033,0.8,30,7,11,43,0.811,dostala se většina soutěžících uchazečů,43.0,30.0,nevypsáno,,,
Karlovarský kraj,Karlovy Vary,Dalovice,Střední škola logistická Dalovice,600009301,Logistické a finanční služby,37-42-M/01,,SOŠ,4,30,117,30,3.9,1.0,30,11,21,55,0.732,dostala se většina soutěžících uchazečů,45.34,29.0,nevypsáno,,,
Karlovarský kraj,Karlovy Vary,Karlovy Vary,"OA, VOŠ cest.ruchu a Jaz.škola s pr. SJZ",600009190,Obchodní akademie,63-41-M/02,,SOŠ,4,30,142,67,4.733,2.233,30,55,1,56,0.353,těžké,66.8,58.0,nevypsáno,,,
Karlovarský kraj,Karlovy Vary,Karlovy Vary,"OA, VOŠ cest.ruchu a Jaz.škola s pr. SJZ",600009190,Cestovní ruch,65-42-M/02,,SOŠ,4,60,263,105,4.383,1.75,60,88,0,115,0.405,těžké,57.69,49.0,nevypsáno,,,
Karlovarský kraj,Karlovy Vary,Karlovy Vary,První české gymnázium v Karlových Varech,600009262,Gymnázium,79-41-K/41,,Gymnázia 4letá,4,30,81,47,2.7,1.567,30,22,0,29,0.577,středně těžké,75.14,64.0,nevypsáno,,,
Karlovarský kraj,Karlovy Vary,Karlovy Vary,První české gymnázium v Karlových Varech,600009262,Gymnázium,79-41-K/81,,Gymnázia 8letá,8,60,173,111,2.883,1.85,60,73,0,40,0.451,těžké,60.73,45.0,nevypsáno,,,
Karlovarský kraj,Karlovy Vary,Karlovy Vary,SUPŠ keramická a sklářská K. Vary,600009203,Ekologie a životní prostředí,16-01-M/01,,SOŠ,4,15,51,10,3.4,0.667,14,7,1,28,0.667,dostala se většina soutěžících uchazečů,38.71,25.0,"nevypsáno, i když obor nebyl naplněn",,,
Karlovarský kraj,Karlovy Vary,Karlovy Vary,SUPŠ keramická a sklářská K. Vary,600009203,Aplikovaná chemie,28-44-M/01,,SOŠ,4,15,33,11,2.2,0.733,14,0,0,19,1.0,"místo bylo pro všechny, kdo splnili požadavky školy",48.36,21.0,vypsáno,1,6,1
Karlovarský kraj,Karlovy Vary,Karlovy Vary,"Soukr.obchod. akademie Podnikatel,s.r.o.",600009211,Obchodní akademie,63-41-M/02,Cestovní ruch,SOŠ,4,30,100,18,3.333,0.6,29,5,7,58,0.853,dostala se většina soutěžících uchazečů,36.66,23.0,"nevypsáno, i když obor nebyl naplněn",,,
Karlovarský kraj,Karlovy Vary,Karlovy Vary,"Soukr.obchod. akademie Podnikatel,s.r.o.",600009211,Obchodní akademie,63-41-M/02,Právo a finance,SOŠ,4,22,87,14,3.955,0.636,22,6,9,50,0.786,dostala se většina soutěžících uchazečů,40.32,29.0,nevypsáno,,,
Karlovarský kraj,Karlovy Vary,Karlovy Vary,"Střední odborná škola Karlovy Vary,s.r.o",600009238,Autotronik,39-41-L/01,,SOU s maturitou,4,22,41,11,1.864,0.5,16,0,3,22,1.0,"místo bylo pro všechny, kdo splnili požadavky školy",30.06,21.0,vypsáno,4,14,4
Karlovarský kraj,Karlovy Vary,Karlovy Vary,Střední odborná škola stavební K. Vary,600009319,Stavebnictví,36-47-M/01,,SOŠ,4,30,80,27,2.667,0.9,29,6,1,43,0.829,dostala se většina soutěžících uchazečů,41.62,21.0,"nevypsáno, i když obor nebyl naplněn",,,
Karlovarský kraj,Karlovy Vary,Karlovy Vary,"Střední pedagog. škola, gymnázium a VOŠ",600009122,Předškolní a mimoškolní pedagogika,75-31-M/01,,SOŠ,4,60,147,83,2.45,1.383,60,45,0,42,0.571,středně těžké,49.1,30.0,nevypsáno,,,
Karlovarský kraj,Karlovy Vary,Karlovy Vary,"Střední pedagog. škola, gymnázium a VOŠ",600009122,Sociální činnost,75-41-M/01,,SOŠ,4,30,121,32,4.033,1.067,30,29,1,61,0.508,středně těžké,40.47,24.0,nevypsáno,,,
Karlovarský kraj,Karlovy Vary,Karlovy Vary,"Střední pedagog. škola, gymnázium a VOŠ",600009122,Pedagogické lyceum,78-42-M/03,,Lycea,4,30,150,61,5.0,2.033,30,45,0,75,0.4,těžké,63.83,53.0,nevypsáno,,,
Karlovarský kraj,Karlovy Vary,Karlovy Vary,"Střední pedagog. škola, gymnázium a VOŠ",600009122,Gymnázium,79-41-K/41,,Gymnázia 4letá,4,30,76,42,2.533,1.4,30,18,0,28,0.625,středně těžké,61.23,43.0,nevypsáno,,,
Karlovarský kraj,Karlovy Vary,Karlovy Vary,Střední zdravot.škola a VOŠ zdravotnická,600019641,Nutriční asistent,53-41-M/02,,SOŠ,4,24,131,27,5.458,1.125,24,22,11,74,0.522,středně těžké,46.17,34.0,nevypsáno,,,
Karlovarský kraj,Karlovy Vary,Karlovy Vary,Střední zdravot.škola a VOŠ zdravotnická,600019641,Praktická sestra,53-41-M/03,,SOŠ,4,48,166,71,3.458,1.479,48,38,22,58,0.558,středně těžké,48.48,34.0,nevypsáno,,,
Karlovarský kraj,Karlovy Vary,Karlovy Vary,Střední zdravot.škola a VOŠ zdravotnická,600019641,Masér ve zdravotnictví,53-41-M/04,,SOŠ,4,24,74,29,3.083,1.208,24,17,2,31,0.585,středně těžké,45.92,35.0,nevypsáno,,,
Karlovarský kraj,Karlovy Vary,Karlovy Vary,Střední zdravot.škola a VOŠ zdravotnická,600019641,Zdravotnické lyceum,78-42-M/04,,Lycea,4,24,122,53,5.083,2.208,24,44,4,50,0.353,těžké,65.12,54.0,nevypsáno,,,
Karlovarský kraj,Karlovy Vary,Karlovy Vary,Střední škola stravování a služeb K.Vary,600009106,Gastronomie,65-41-L/01,(Gastronomie a hotelnictví),SOU s maturitou,4,30,91,11,3.033,0.367,30,4,11,46,0.882,dostala se většina soutěžících uchazečů,35.31,25.0,nevypsáno,,,
Karlovarský kraj,Karlovy Vary,Karlovy Vary,Střední škola stravování a služeb K.Vary,600009106,Gastronomie,65-41-L/51,(Gastronomie a hotelnictví nástavba),Nástavby,2,30,52,48,1.733,1.6,30,9,9,4,0.769,dostala se většina soutěžících uchazečů,32.6,23.0,nevypsáno,,,
Karlovarský kraj,Karlovy Vary,Karlovy Vary,"TRIVIS - SŠ veřejnoprávní K.Vary, s.r.o.",650003969,Bezpečnostně právní činnost,68-42-M/01,,SOŠ,4,60,189,86,3.15,1.433,60,30,29,70,0.667,dostala se většina soutěžících uchazečů,45.4,25.0,nevypsáno,,,
Karlovarský kraj,Cheb,Mariánské Lázně,Gymnázium a obchodní akademie Mar. Lázně,600008991,Obchodní akademie,63-41-M/02,,SOŠ,4,30,106,35,3.533,1.167,30,13,0,63,0.698,dostala se většina soutěžících uchazečů,46.07,32.0,nevypsáno,,,
Karlovarský kraj,Cheb,Mariánské Lázně,Gymnázium a obchodní akademie Mar. Lázně,600008991,Gymnázium,79-41-K/41,,Gymnázia 4letá,4,30,90,25,3.0,0.833,28,5,3,52,0.848,dostala se většina soutěžících uchazečů,58.56,41.0,"nevypsáno, i když obor nebyl naplněn",,,
Karlovarský kraj,Cheb,Mariánské Lázně,Gymnázium a obchodní akademie Mar. Lázně,600008991,Gymnázium,79-41-K/81,,Gymnázia 8letá,8,30,81,65,2.7,2.167,30,35,1,15,0.462,těžké,56.1,42.0,nevypsáno,,,
Karlovarský kraj,Cheb,Mariánské Lázně,Hotelová škola Mariánské Lázně,600009033,Hotelnictví,65-42-M/01,Hotelnictví a turismus,SOŠ,4,90,139,43,1.544,0.478,68,0,5,64,1.0,"místo bylo pro všechny, kdo splnili požadavky školy",30.13,14.0,vypsáno,21,32,18
Karlovarský kraj,Cheb,Mariánské Lázně,JEZDECKÁ AKADEMIE - SOŠ Mar.Lázně s.r.o.,651011434,Chovatelství,41-43-M/02,,SOŠ,4,15,11,3,0.733,0.2,5,0,2,4,1.0,"místo bylo pro všechny, kdo splnili požadavky školy",27.8,,vypsáno,10,5,1
Karlovarský kraj,Karlovy Vary,Ostrov,Gymnázium Ostrov,600009297,Gymnázium,79-41-K/41,,Gymnázia 4letá,4,30,83,40,2.767,1.333,30,18,0,35,0.625,středně těžké,69.66,57.0,nevypsáno,,,
Karlovarský kraj,Karlovy Vary,Ostrov,Gymnázium Ostrov,600009297,Gymnázium,79-41-K/81,,Gymnázia 8letá,8,60,156,71,2.6,1.183,58,45,0,51,0.563,středně těžké,49.12,35.0,"nevypsáno, i když obor nebyl naplněn",,,
Karlovarský kraj,Karlovy Vary,Ostrov,Střední průmyslová škola Ostrov,600009084,Informační technologie,18-20-M/01,,SOŠ,4,30,95,59,3.167,1.967,30,32,2,31,0.484,těžké,63.28,48.0,nevypsáno,,,
Karlovarský kraj,Karlovy Vary,Ostrov,Střední průmyslová škola Ostrov,600009084,Strojírenství,23-41-M/01,,SOŠ,4,30,66,23,2.2,0.767,29,4,1,31,0.879,dostala se většina soutěžících uchazečů,51.83,30.0,"nevypsáno, i když obor nebyl naplněn",,,
Karlovarský kraj,Karlovy Vary,Ostrov,Střední průmyslová škola Ostrov,600009084,Elektrotechnika,26-41-M/01,,SOŠ,4,30,129,56,4.3,1.867,29,38,0,61,0.433,těžké,58.79,43.0,"nevypsáno, i když obor nebyl naplněn",,,
Karlovarský kraj,Karlovy Vary,Ostrov,Střední průmyslová škola Ostrov,600009084,Autotronik,39-41-L/01,,SOU s maturitou,4,30,122,61,4.067,2.033,30,49,0,43,0.38,těžké,54.33,41.0,nevypsáno,,,
Karlovarský kraj,Karlovy Vary,Ostrov,Střední průmyslová škola Ostrov,600009084,Veřejnosprávní činnost,68-43-M/01,,SOŠ,4,30,109,26,3.633,0.867,30,17,0,62,0.638,středně těžké,47.0,26.0,nevypsáno,,,
Karlovarský kraj,Karlovy Vary,Ostrov,Střední průmyslová škola Ostrov,600009084,Technické lyceum,78-42-M/01,,Lycea,4,30,67,21,2.233,0.7,29,1,1,35,0.967,dostala se většina soutěžících uchazečů,53.31,23.0,"nevypsáno, i když obor nebyl naplněn",,,
Karlovarský kraj,Sokolov,Sokolov,Gymnázium Sokolov a Krajské vzděl.centr.,600009882,Gymnázium,79-41-K/41,,Gymnázia 4letá,4,60,96,38,1.6,0.633,52,0,0,44,1.0,"místo bylo pro všechny, kdo splnili požadavky školy",58.06,25.0,"nevypsáno, i když obor nebyl naplněn",,,
Karlovarský kraj,Sokolov,Sokolov,Gymnázium Sokolov a Krajské vzděl.centr.,600009882,Gymnázium,79-41-K/61,,Gymnázia 6letá,6,30,55,49,1.833,1.633,30,20,0,5,0.6,středně těžké,47.0,32.0,nevypsáno,,,
Karlovarský kraj,Sokolov,Sokolov,Gymnázium Sokolov a Krajské vzděl.centr.,600009882,Gymnázium,79-41-K/81,,Gymnázia 8letá,8,30,100,58,3.333,1.933,30,40,0,30,0.429,těžké,55.23,43.0,nevypsáno,,,
Karlovarský kraj,Sokolov,Sokolov,ISŠ technická a ekonomická Sokolov,600170527,Informační technologie,18-20-M/01,,SOŠ,4,30,89,29,2.967,0.967,30,1,13,45,0.968,dostala se většina soutěžících uchazečů,47.67,32.0,nevypsáno,,,
Karlovarský kraj,Sokolov,Sokolov,ISŠ technická a ekonomická Sokolov,600170527,Strojírenství,23-41-M/01,,SOŠ,4,30,30,10,1.0,0.333,9,0,7,13,1.0,"místo bylo pro všechny, kdo splnili požadavky školy",35.11,,vypsáno,20,10,2
Karlovarský kraj,Sokolov,Sokolov,ISŠ technická a ekonomická Sokolov,600170527,Dopravní prostředky,23-45-M/01,,SOŠ,4,30,24,6,0.8,0.2,5,0,6,12,1.0,"místo bylo pro všechny, kdo splnili požadavky školy",36.6,,vypsáno,24,13,4
Karlovarský kraj,Sokolov,Sokolov,ISŠ technická a ekonomická Sokolov,600170527,Elektrotechnika,26-41-M/01,,SOŠ,4,30,84,29,2.8,0.967,28,0,13,42,1.0,"místo bylo pro všechny, kdo splnili požadavky školy",44.96,26.0,vypsáno,2,9,2
Karlovarský kraj,Sokolov,Sokolov,ISŠ technická a ekonomická Sokolov,600170527,Ekonomika a podnikání,63-41-M/01,,SOŠ,4,45,120,24,2.667,0.533,20,0,17,83,1.0,"místo bylo pro všechny, kdo splnili požadavky školy",41.63,24.0,vypsáno,10,14,5
Karlovarský kraj,Sokolov,Sokolov,ISŠ technická a ekonomická Sokolov,600170527,Veřejnosprávní činnost,68-43-M/01,,SOŠ,4,45,117,26,2.6,0.578,27,0,26,63,1.0,"místo bylo pro všechny, kdo splnili požadavky školy",35.63,23.0,vypsáno,2,8,2
Karlovarský kraj,Sokolov,Sokolov,Soukr. obchodní akademie Sokolov s.r.o.,600009904,Obchodní akademie,63-41-M/02,"Informační technologie, Sportovní management, Moderní asistentka",SOŠ,4,50,119,39,2.38,0.78,47,0,11,61,1.0,"místo bylo pro všechny, kdo splnili požadavky školy",31.83,17.0,"nevypsáno, i když obor nebyl naplněn",,,
Karlovarský kraj,Sokolov,Sokolov,Střední škola živnostenská Sokolov,651012988,Podnikání,64-41-L/51,,Nástavby,2,60,113,80,1.883,1.333,60,17,11,25,0.779,dostala se většina soutěžících uchazečů,33.17,20.0,nevypsáno,,,
Karlovarský kraj,Sokolov,Sokolov,Střední škola živnostenská Sokolov,651012988,Kosmetické služby,69-41-L/01,,SOU s maturitou,4,30,111,27,3.7,0.9,30,13,5,63,0.698,dostala se většina soutěžících uchazečů,27.73,16.0,nevypsáno,,,
Karlovarský kraj,Sokolov,Sokolov,Střední škola živnostenská Sokolov,651012988,Informační služby,72-41-M/01,,SOŠ,4,30,54,13,1.8,0.433,22,0,2,30,1.0,"místo bylo pro všechny, kdo splnili požadavky školy",29.82,15.0,vypsáno,8,18,7
Karlovarský kraj,Sokolov,Sokolov,"ŠMP Mánesova - gymnázium, ZŠ a MŠ s.r.o.",610100718,Gymnázium,79-41-K/41,,Gymnázia 4letá,4,20,21,8,1.05,0.4,11,0,2,7,1.0,"místo bylo pro všechny, kdo splnili požadavky školy",45.09,24.0,vypsáno,8,6,0
Karlovarský kraj,Karlovy Vary,Žlutice,Střední lesnická škola Žlutice,600009271,Lesnictví,41-46-M/01,,SOŠ,4,32,64,27,2.0,0.844,32,3,3,26,0.914,dostala se většina soutěžících uchazečů,35.06,17.0,nevypsáno,,,
Kraj Vysočina,Žďár nad Sázavou,Bystřice nad Pernštejnem,AGTS Bystřice nad Pernštejnem,600015891,Agropodnikání,41-41-M/01,Agropodnikání,SOŠ,4,30,29,11,0.967,0.367,16,0,0,13,1.0,"místo bylo pro všechny, kdo splnili požadavky školy",42.31,19.0,vypsáno,7,2,1
Kraj Vysočina,Žďár nad Sázavou,Bystřice nad Pernštejnem,AGTS Bystřice nad Pernštejnem,600015891,Cestovní ruch,65-42-M/02,Management služeb a cestovního ruchu,SOŠ,4,30,47,13,1.567,0.433,16,0,0,31,1.0,"místo bylo pro všechny, kdo splnili požadavky školy",37.94,18.0,vypsáno,5,2,0
Kraj Vysočina,Žďár nad Sázavou,Bystřice nad Pernštejnem,AGTS Bystřice nad Pernštejnem,600015891,Ekonomické lyceum,78-42-M/02,Ekonomické lyceum,Lycea,4,30,22,3,0.733,0.1,5,0,0,17,1.0,"místo bylo pro všechny, kdo splnili požadavky školy",36.8,,vypsáno,6,2,0
Kraj Vysočina,Žďár nad Sázavou,Bystřice nad Pernštejnem,Gymnázium Bystřice nad Pernštejnem,600016005,Gymnázium,79-41-K/41,,Gymnázia 4letá,4,30,81,23,2.7,0.767,26,0,2,53,1.0,"místo bylo pro všechny, kdo splnili požadavky školy",56.48,35.0,vypsáno,4,4,3
Kraj Vysočina,Žďár nad Sázavou,Bystřice nad Pernštejnem,Gymnázium Bystřice nad Pernštejnem,600016005,Gymnázium,79-41-K/81,,Gymnázia 8letá,8,30,63,46,2.1,1.533,30,22,1,10,0.577,středně těžké,54.83,38.0,nevypsáno,,,
Kraj Vysočina,Havlíčkův Brod,Chotěboř,Gymnázium Chotěboř,600011526,Gymnázium,79-41-K/41,,Gymnázia 4letá,4,30,86,34,2.867,1.133,30,7,0,49,0.811,dostala se většina soutěžících uchazečů,68.83,52.0,nevypsáno,,,
Kraj Vysočina,Havlíčkův Brod,Chotěboř,Gymnázium Chotěboř,600011526,Gymnázium,79-41-K/81,,Gymnázia 8letá,8,30,60,29,2.0,0.967,30,16,1,13,0.652,středně těžké,49.43,36.0,nevypsáno,,,
Kraj Vysočina,Havlíčkův Brod,Chotěboř,SŠ tech.-ekonom. Chotěboř,600011577,Mechanik seřizovač,23-45-L/01,kombinace s oborem 23-56-H/01 Obráběč kovů (L0+H – maturita + vyučení),SOU s maturitou,4,24,17,9,0.708,0.375,9,0,0,8,1.0,"místo bylo pro všechny, kdo splnili požadavky školy",42.78,,vypsáno,3,0,0
Kraj Vysočina,Havlíčkův Brod,Chotěboř,SŠ tech.-ekonom. Chotěboř,600011577,Mechanik elektrotechnik,26-41-L/01,kombinace s oborem 26-51-H/01 Elektrikář (L0+H - maturita + vyučení),SOU s maturitou,4,20,35,11,1.75,0.55,15,0,0,20,1.0,"místo bylo pro všechny, kdo splnili požadavky školy",39.53,24.0,"nevypsáno, i když obor nebyl naplněn",,,
Kraj Vysočina,Havlíčkův Brod,Chotěboř,SŠ tech.-ekonom. Chotěboř,600011577,Elektrotechnika,26-41-M/01,Průmyslová automatizace,SOŠ,4,24,18,5,0.75,0.208,7,0,0,11,1.0,"místo bylo pro všechny, kdo splnili požadavky školy",41.5,,vypsáno,5,0,0
Kraj Vysočina,Havlíčkův Brod,Chotěboř,SŠ tech.-ekonom. Chotěboř,600011577,Operátor dřevařské a nábytkářské výroby,33-41-L/01,kombinace s oborem 33-56-H/01 Truhlář (L0+H - maturita + vyučení),SOU s maturitou,4,24,15,5,0.625,0.208,6,0,0,9,1.0,"místo bylo pro všechny, kdo splnili požadavky školy",36.0,,vypsáno,6,2,1
Kraj Vysočina,Havlíčkův Brod,Chotěboř,SŠ tech.-ekonom. Chotěboř,600011577,Obchodní akademie,63-41-M/02,Finance a daně/Firemní management,SOŠ,4,30,27,5,0.9,0.167,6,0,0,20,1.0,"místo bylo pro všechny, kdo splnili požadavky školy",38.83,,vypsáno,5,4,2
Kraj Vysočina,Havlíčkův Brod,Havlíčkův Brod,Gymnázium Havlíčkův Brod,600011500,Gymnázium,79-41-K/41,,Gymnázia 4letá,4,60,129,61,2.15,1.017,60,6,0,63,0.909,dostala se většina soutěžících uchazečů,68.18,40.0,nevypsáno,,,
Kraj Vysočina,Havlíčkův Brod,Havlíčkův Brod,Gymnázium Havlíčkův Brod,600011500,Gymnázium,79-41-K/81,,Gymnázia 8letá,8,30,96,78,3.2,2.6,30,52,2,12,0.366,těžké,66.33,54.0,nevypsáno,,,
Kraj Vysočina,Havlíčkův Brod,Havlíčkův Brod,Obchodní akademie a Hotelová škola,600170748,Obchodní akademie,63-41-M/02,,SOŠ,4,30,110,25,3.667,0.833,26,0,2,82,1.0,"místo bylo pro všechny, kdo splnili požadavky školy",40.46,21.0,vypsáno,4,7,4
Kraj Vysočina,Havlíčkův Brod,Havlíčkův Brod,Obchodní akademie a Hotelová škola,600170748,Obchodní akademie,63-41-M/02,ekonomika sportu,SOŠ,4,30,82,31,2.733,1.033,30,8,5,39,0.789,dostala se většina soutěžících uchazečů,45.4,31.0,nevypsáno,,,
Kraj Vysočina,Havlíčkův Brod,Havlíčkův Brod,Obchodní akademie a Hotelová škola,600170748,Hotelnictví,65-42-M/01,,SOŠ,4,30,88,28,2.933,0.933,30,5,7,46,0.857,dostala se většina soutěžících uchazečů,39.9,27.0,nevypsáno,,,
Kraj Vysočina,Havlíčkův Brod,Havlíčkův Brod,Obchodní akademie a Hotelová škola,600170748,Ekonomické lyceum,78-42-M/02,,Lycea,4,30,86,20,2.867,0.667,22,0,4,60,1.0,"místo bylo pro všechny, kdo splnili požadavky školy",52.73,22.0,vypsáno,6,4,0
Kraj Vysočina,Havlíčkův Brod,Havlíčkův Brod,Obchodní akademie a Hotelová škola,600170748,Lyceum (režim pokusného ověřování),78-42-M/08,,Lycea,4,30,53,16,1.767,0.533,18,0,3,32,1.0,"místo bylo pro všechny, kdo splnili požadavky školy",47.44,23.0,vypsáno,7,6,1
Kraj Vysočina,Havlíčkův Brod,Havlíčkův Brod,SPŠ stavební akademika St. Bechyně,600011551,Informační technologie,18-20-M/01,,SOŠ,4,15,61,25,4.067,1.667,15,11,0,35,0.577,středně těžké,61.8,43.0,nevypsáno,,,
Kraj Vysočina,Havlíčkův Brod,Havlíčkův Brod,SPŠ stavební akademika St. Bechyně,600011551,Stavebnictví,36-47-M/01,,SOŠ,4,45,124,56,2.756,1.244,45,15,1,63,0.75,dostala se většina soutěžících uchazečů,59.98,41.0,nevypsáno,,,
Kraj Vysočina,Havlíčkův Brod,Havlíčkův Brod,SPŠ stavební akademika St. Bechyně,600011551,Technické lyceum,78-42-M/01,,Lycea,4,30,80,29,2.667,0.967,30,6,0,44,0.833,dostala se většina soutěžících uchazečů,66.9,42.0,nevypsáno,,,
Kraj Vysočina,Havlíčkův Brod,Havlíčkův Brod,SZŠ a VOŠZ Havlíčkův Brod,600019756,Praktická sestra,53-41-M/03,,SOŠ,4,50,153,71,3.06,1.42,49,36,0,67,0.576,středně těžké,50.17,28.0,"nevypsáno, i když obor nebyl naplněn",,,
Kraj Vysočina,Havlíčkův Brod,Havlíčkův Brod,SZŠ a VOŠZ Havlíčkův Brod,600019756,Zdravotnické lyceum,78-42-M/04,,Lycea,4,30,117,45,3.9,1.5,30,29,0,58,0.508,středně těžké,63.97,49.0,nevypsáno,,,
Kraj Vysočina,Pelhřimov,Humpolec,Gymnázium dr. A. Hrdličky,600008410,Gymnázium,79-41-K/41,,Gymnázia 4letá,4,30,73,17,2.433,0.567,21,0,0,52,1.0,"místo bylo pro všechny, kdo splnili požadavky školy",64.35,41.0,"nevypsáno, i když obor nebyl naplněn",,,
Kraj Vysočina,Pelhřimov,Humpolec,Gymnázium dr. A. Hrdličky,600008410,Gymnázium,79-41-K/81,,Gymnázia 8letá,8,30,76,64,2.533,2.133,30,38,1,7,0.441,těžké,57.7,44.0,nevypsáno,,,
Kraj Vysočina,Pelhřimov,Humpolec,"SŠ inf. a CR SČMSD Humpolec, s.r.o.",600008509,Informační technologie,18-20-M/01,"Programování, počítačové sítě, webové stránky",SOŠ,4,23,46,12,2.0,0.522,19,0,1,25,1.0,"místo bylo pro všechny, kdo splnili požadavky školy",36.32,14.0,vypsáno,3,0,0
Kraj Vysočina,Pelhřimov,Humpolec,"SŠ inf. a CR SČMSD Humpolec, s.r.o.",600008509,Obchodník,66-41-L/01,Specialista na cestovní ruch,SOU s maturitou,4,23,32,13,1.391,0.565,15,0,1,16,1.0,"místo bylo pro všechny, kdo splnili požadavky školy",40.27,23.0,vypsáno,5,3,1
Kraj Vysočina,Pelhřimov,Humpolec,"Česká zemědělská akademie, střední škola",600008479,Agropodnikání,41-41-M/01,Chov koní a jezdectví,SOŠ,4,14,26,8,1.857,0.571,10,0,0,16,1.0,"místo bylo pro všechny, kdo splnili požadavky školy",42.8,25.0,"nevypsáno, i když obor nebyl naplněn",,,
Kraj Vysočina,Pelhřimov,Humpolec,"Česká zemědělská akademie, střední škola",600008479,Agropodnikání,41-41-M/01,Ekologické a konvenční zemědělství,SOŠ,4,16,46,15,2.875,0.938,15,2,0,28,0.882,dostala se většina soutěžících uchazečů,45.8,25.0,"nevypsáno, i když obor nebyl naplněn",,,
Kraj Vysočina,Pelhřimov,Humpolec,"Česká zemědělská akademie, střední škola",600008479,Chovatelství,41-43-M/02,Kynologie,SOŠ,4,30,73,37,2.433,1.233,29,14,1,28,0.674,dostala se většina soutěžících uchazečů,47.48,22.0,"nevypsáno, i když obor nebyl naplněn",,,
Kraj Vysočina,Pelhřimov,Humpolec,"Česká zemědělská akademie, střední škola",600008479,Mechanizace a služby,41-45-M/01,,SOŠ,4,24,39,15,1.625,0.625,17,0,0,22,1.0,"místo bylo pro všechny, kdo splnili požadavky školy",36.76,26.0,vypsáno,7,0,0
Kraj Vysočina,Pelhřimov,Humpolec,"Česká zemědělská akademie, střední škola",600008479,Přírodovědné lyceum,78-42-M/05,,Lycea,4,24,23,2,0.958,0.083,3,0,0,19,1.0,"místo bylo pro všechny, kdo splnili požadavky školy",51.33,,vypsáno,20,2,0
Kraj Vysočina,Jihlava,Jihlava,"FARMEKO - VOŠ zdravotnická a SOŠ, s.r.o.",600171795,Laboratorní asistent,53-43-M/01,,SOŠ,4,18,40,13,2.222,0.722,10,0,10,20,1.0,"místo bylo pro všechny, kdo splnili požadavky školy",64.2,37.0,"nevypsáno, i když obor nebyl naplněn",,,
Kraj Vysočina,Jihlava,Jihlava,"FARMEKO - VOŠ zdravotnická a SOŠ, s.r.o.",600171795,Zdravotnické lyceum,78-42-M/04,,Lycea,4,23,61,23,2.652,1.0,23,0,10,28,1.0,"místo bylo pro všechny, kdo splnili požadavky školy",58.39,26.0,nevypsáno,,,
Kraj Vysočina,Jihlava,Jihlava,Gymnázium Jihlava,600014746,Gymnázium,79-41-K/41,,Gymnázia 4letá,4,90,180,113,2.0,1.256,89,18,15,57,0.832,dostala se většina soutěžících uchazečů,76.3,61.0,"nevypsáno, i když obor nebyl naplněn",,,
Kraj Vysočina,Jihlava,Jihlava,Gymnázium Jihlava,600014746,Gymnázium,79-41-K/61,,Gymnázia 6letá,6,30,90,89,3.0,2.967,25,31,29,0,0.446,těžké,61.8,50.0,"nevypsáno, i když obor nebyl naplněn",,,
Kraj Vysočina,Jihlava,Jihlava,Gymnázium Jihlava,600014746,Gymnázium,79-41-K/81,,Gymnázia 8letá,8,30,126,97,4.2,3.233,29,54,27,15,0.349,těžké,70.79,59.0,"nevypsáno, i když obor nebyl naplněn",,,
Kraj Vysočina,Jihlava,Jihlava,Gymnázium Jihlava,600014746,Gymnázium se sportovní přípravou,79-42-K/41,,Gymnázia 4letá,4,30,68,36,2.267,1.2,30,6,5,27,0.833,dostala se většina soutěžících uchazečů,66.9,48.0,nevypsáno,,,
Kraj Vysočina,Jihlava,Jihlava,"Manažerská akademie - SOŠ, s.r.o.",600014827,Ekonomika a podnikání,63-41-M/01,Průmyslová ekonomika a management,SOŠ,4,30,92,25,3.067,0.833,30,0,3,59,1.0,"místo bylo pro všechny, kdo splnili požadavky školy",43.27,22.0,nevypsáno,,,
Kraj Vysočina,Jihlava,Jihlava,"Manažerská akademie - SOŠ, s.r.o.",600014827,Veřejnosprávní činnost,68-43-M/01,Právní a mediální,SOŠ,4,30,85,28,2.833,0.933,28,0,3,53,1.0,"místo bylo pro všechny, kdo splnili požadavky školy",46.43,22.0,vypsáno,2,8,2
Kraj Vysočina,Jihlava,Jihlava,"OA, VOŠZ a SZŠ, SOŠS a JŠ s právem SJZ",600014894,Analýza potravin,29-42-M/01,,SOŠ,4,26,34,7,1.308,0.269,8,0,1,25,1.0,"místo bylo pro všechny, kdo splnili požadavky školy",54.5,,vypsáno,6,2,1
Kraj Vysočina,Jihlava,Jihlava,"OA, VOŠZ a SZŠ, SOŠS a JŠ s právem SJZ",600014894,Fotograf,34-56-L/01,,SOU s maturitou,4,22,40,8,1.818,0.364,10,0,9,21,1.0,"místo bylo pro všechny, kdo splnili požadavky školy",43.1,30.0,vypsáno,6,4,0
Kraj Vysočina,Jihlava,Jihlava,"OA, VOŠZ a SZŠ, SOŠS a JŠ s právem SJZ",600014894,Praktická sestra,53-41-M/03,,SOŠ,4,60,151,64,2.517,1.067,60,2,17,72,0.968,dostala se většina soutěžících uchazečů,45.41,20.0,nevypsáno,,,
Kraj Vysočina,Jihlava,Jihlava,"OA, VOŠZ a SZŠ, SOŠS a JŠ s právem SJZ",600014894,Ekonomika a podnikání,63-41-M/01,,SOŠ,4,30,143,45,4.767,1.5,29,20,9,84,0.592,středně těžké,59.1,45.0,"nevypsáno, i když obor nebyl naplněn",,,
Kraj Vysočina,Jihlava,Jihlava,"OA, VOŠZ a SZŠ, SOŠS a JŠ s právem SJZ",600014894,Obchodní akademie,63-41-M/02,,SOŠ,4,60,176,59,2.933,0.983,59,5,12,99,0.922,dostala se většina soutěžících uchazečů,56.28,31.0,"nevypsáno, i když obor nebyl naplněn",,,
Kraj Vysočina,Jihlava,Jihlava,"OA, VOŠZ a SZŠ, SOŠS a JŠ s právem SJZ",600014894,Kosmetické služby,69-41-L/01,,SOU s maturitou,4,28,125,43,4.464,1.536,27,9,45,43,0.75,dostala se většina soutěžících uchazečů,41.96,26.0,"nevypsáno, i když obor nebyl naplněn",,,
Kraj Vysočina,Jihlava,Jihlava,SOŠ sociální u Matky Boží Jihlava,600014771,Sociální činnost,75-41-M/01,Příprava pro sociální a pedagogická povolání,SOŠ,4,30,88,21,2.933,0.7,30,0,9,49,1.0,"místo bylo pro všechny, kdo splnili požadavky školy",41.6,18.0,nevypsáno,,,
Kraj Vysočina,Jihlava,Jihlava,SOŠ sociální u Matky Boží Jihlava,600014771,Pedagogické lyceum,78-42-M/03,Příprava na pedagogická povolání,Lycea,4,30,92,20,3.067,0.667,22,0,11,59,1.0,"místo bylo pro všechny, kdo splnili požadavky školy",43.32,31.0,"nevypsáno, i když obor nebyl naplněn",,,
Kraj Vysočina,Jihlava,Jihlava,"Soukromé gymnázium AD FONTES, o.p.s.",600014932,Gymnázium,79-41-K/81,,Gymnázia 8letá,8,22,65,22,2.955,1.0,22,19,1,23,0.537,středně těžké,49.64,38.0,nevypsáno,,,
Kraj Vysočina,Jihlava,Jihlava,Střední průmyslová škola Jihlava,600014843,Informační technologie,18-20-M/01,,SOŠ,4,60,158,68,2.633,1.133,60,13,7,78,0.822,dostala se většina soutěžících uchazečů,59.95,31.0,nevypsáno,,,
Kraj Vysočina,Jihlava,Jihlava,Střední průmyslová škola Jihlava,600014843,Strojírenství,23-41-M/01,,SOŠ,4,30,73,15,2.433,0.5,20,0,1,52,1.0,"místo bylo pro všechny, kdo splnili požadavky školy",57.3,29.0,vypsáno,4,1,0
Kraj Vysočina,Jihlava,Jihlava,Střední průmyslová škola Jihlava,600014843,Provozní technika,23-43-L/51,,Nástavby,2,20,11,7,0.55,0.35,9,0,0,2,1.0,"místo bylo pro všechny, kdo splnili požadavky školy",31.0,,"nevypsáno, i když obor nebyl naplněn",,,
Kraj Vysočina,Jihlava,Jihlava,Střední průmyslová škola Jihlava,600014843,Mechanik seřizovač,23-45-L/01,,SOU s maturitou,4,24,24,6,1.0,0.25,9,0,0,15,1.0,"místo bylo pro všechny, kdo splnili požadavky školy",37.56,,vypsáno,15,3,1
Kraj Vysočina,Jihlava,Jihlava,Střední průmyslová škola Jihlava,600014843,Mechanik elektrotechnik,26-41-L/01,,SOU s maturitou,4,24,70,20,2.917,0.833,23,2,4,41,0.92,dostala se většina soutěžících uchazečů,49.26,31.0,vypsáno,1,1,0
Kraj Vysočina,Jihlava,Jihlava,Střední průmyslová škola Jihlava,600014843,Provozní elektrotechnika,26-41-L/52,,Nástavby,2,20,31,18,1.55,0.9,19,0,0,12,1.0,"místo bylo pro všechny, kdo splnili požadavky školy",36.37,18.0,"nevypsáno, i když obor nebyl naplněn",,,
Kraj Vysočina,Jihlava,Jihlava,Střední průmyslová škola Jihlava,600014843,Elektrotechnika,26-41-M/01,,SOŠ,4,30,100,50,3.333,1.667,30,22,4,44,0.577,středně těžké,70.2,56.0,nevypsáno,,,
Kraj Vysočina,Jihlava,Jihlava,Střední průmyslová škola Jihlava,600014843,Autotronik,39-41-L/01,,SOU s maturitou,4,30,88,48,2.933,1.6,29,21,4,34,0.58,středně těžké,49.31,30.0,vypsáno,1,0,0
Kraj Vysočina,Jihlava,Jihlava,Střední průmyslová škola Jihlava,600014843,Autotronik,39-41-L/51,,Nástavby,2,30,24,16,0.8,0.533,19,0,0,5,1.0,"místo bylo pro všechny, kdo splnili požadavky školy",32.05,15.0,vypsáno,11,2,1
Kraj Vysočina,Jihlava,Jihlava,Střední uměleckoprůmyslová škola,600014924,Ekonomika a podnikání,63-41-M/01,Arts management,SOŠ,4,15,39,7,2.6,0.467,10,0,2,27,1.0,"místo bylo pro všechny, kdo splnili požadavky školy",57.5,32.0,"nevypsáno, i když obor nebyl naplněn",,,
Kraj Vysočina,Jihlava,Jihlava,Střední škola stavební,600171116,Stavebnictví,36-47-M/01,,SOŠ,4,56,151,55,2.696,0.982,55,15,6,74,0.786,dostala se většina soutěžících uchazečů,54.91,38.0,"nevypsáno, i když obor nebyl naplněn",,,
Kraj Vysočina,Jihlava,Jihlava,Střední škola stavební,600171116,Podnikání,64-41-L/51,,Nástavby,2,30,87,37,2.9,1.233,29,21,3,33,0.58,středně těžké,39.59,29.0,"nevypsáno, i když obor nebyl naplněn",,,
Kraj Vysočina,Jihlava,Jihlava,TRIVIS - SŠ veřejnopráv. a VOŠ bezp. SD,651036232,Bezpečnostně právní činnost,68-42-M/01,,SOŠ,4,82,226,103,2.756,1.256,95,46,0,97,0.674,dostala se většina soutěžících uchazečů,46.55,21.0,nevypsáno,,,
Kraj Vysočina,Jihlava,Jihlava,"Škola ekonomiky a CR, soukr.  SOŠ s.r.o.",600014860,Cestovní ruch,65-42-M/02,"Ekonomika a cestovní ruch, Management aktivního volného času, Mediální marketing cestovního ruchu",SOŠ,4,30,136,33,4.533,1.1,28,7,12,87,0.8,dostala se většina soutěžících uchazečů,53.86,31.0,"nevypsáno, i když obor nebyl naplněn",,,
Kraj Vysočina,Jihlava,Jihlava,"Škola ekonomiky a CR, soukr.  SOŠ s.r.o.",600014860,Veřejnosprávní činnost,68-43-M/01,Právní administrativa a evropská integrace,SOŠ,4,15,36,7,2.4,0.467,10,0,1,25,1.0,"místo bylo pro všechny, kdo splnili požadavky školy",44.6,35.0,vypsáno,5,3,2
Kraj Vysočina,Jihlava,Jihlava,"Škola ekonomiky a CR, soukr.  SOŠ s.r.o.",600014860,Předškolní a mimoškolní pedagogika,75-31-M/01,"Učitel, učitelka mateřské školy",SOŠ,4,30,116,55,3.867,1.833,30,24,11,51,0.556,středně těžké,65.8,53.0,nevypsáno,,,
Kraj Vysočina,Jihlava,Jihlava,"Škola ekonomiky a CR, soukr.  SOŠ s.r.o.",600014860,Ekonomické lyceum,78-42-M/02,Ekonomické lyceum s rozšířenou výukou jazyků,Lycea,4,15,26,10,1.733,0.667,10,0,3,13,1.0,"místo bylo pro všechny, kdo splnili požadavky školy",49.3,24.0,vypsáno,5,6,1
Kraj Vysočina,Havlíčkův Brod,Ledeč nad Sázavou,"Gymnázium, SOŠ a VOŠ",600011534,Informační technologie,18-20-M/01,,SOŠ,4,30,18,4,0.6,0.133,5,0,0,13,1.0,"místo bylo pro všechny, kdo splnili požadavky školy",36.2,,vypsáno,10,4,3
Kraj Vysočina,Havlíčkův Brod,Ledeč nad Sázavou,"Gymnázium, SOŠ a VOŠ",600011534,Informační technologie,18-20-M/01,Ekonomika a služby,SOŠ,4,30,15,2,0.5,0.067,2,0,0,13,1.0,"místo bylo pro všechny, kdo splnili požadavky školy",35.0,,vypsáno,10,1,0
Kraj Vysočina,Havlíčkův Brod,Ledeč nad Sázavou,"Gymnázium, SOŠ a VOŠ",600011534,Mechanik seřizovač,23-45-L/01,"Programátor CNC, 23-56-H/01 Obráběč kovů",SOU s maturitou,4,24,21,10,0.875,0.417,11,0,0,10,1.0,"místo bylo pro všechny, kdo splnili požadavky školy",34.0,13.0,vypsáno,7,1,0
Kraj Vysočina,Havlíčkův Brod,Ledeč nad Sázavou,"Gymnázium, SOŠ a VOŠ",600011534,Mechanik seřizovač,23-45-L/01,"Robotika, 23-56-H/01 Obráběč kovů",SOU s maturitou,4,24,9,2,0.375,0.083,2,0,0,7,1.0,"místo bylo pro všechny, kdo splnili požadavky školy",23.0,,vypsáno,4,0,0
Kraj Vysočina,Havlíčkův Brod,Ledeč nad Sázavou,"Gymnázium, SOŠ a VOŠ",600011534,Gymnázium,79-41-K/41,,Gymnázia 4letá,4,30,58,11,1.933,0.367,14,0,0,44,1.0,"místo bylo pro všechny, kdo splnili požadavky školy",52.71,30.0,vypsáno,16,4,1
Kraj Vysočina,Havlíčkův Brod,Ledeč nad Sázavou,"Gymnázium, SOŠ a VOŠ",600011534,Gymnázium,79-41-K/81,,Gymnázia 8letá,8,30,64,37,2.133,1.233,29,19,1,14,0.604,středně těžké,45.86,26.0,"nevypsáno, i když obor nebyl naplněn",,,
Kraj Vysočina,Třebíč,Moravské Budějovice,Gymnázium a SOŠ,600015335,Veřejnosprávní činnost,68-43-M/01,,SOŠ,4,30,42,11,1.4,0.367,10,0,2,29,1.0,"místo bylo pro všechny, kdo splnili požadavky školy",45.5,26.0,"nevypsáno, i když obor nebyl naplněn",,,
Kraj Vysočina,Třebíč,Moravské Budějovice,Gymnázium a SOŠ,600015335,Sociální činnost,75-41-M/01,,SOŠ,4,30,46,20,1.533,0.667,16,0,6,23,1.0,"místo bylo pro všechny, kdo splnili požadavky školy",42.75,23.0,"nevypsáno, i když obor nebyl naplněn",,,
Kraj Vysočina,Třebíč,Moravské Budějovice,Gymnázium a SOŠ,600015335,Gymnázium,79-41-K/41,,Gymnázia 4letá,4,30,75,24,2.5,0.8,27,0,2,46,1.0,"místo bylo pro všechny, kdo splnili požadavky školy",63.19,33.0,"nevypsáno, i když obor nebyl naplněn",,,
Kraj Vysočina,Třebíč,Moravské Budějovice,Gymnázium a SOŠ,600015335,Gymnázium,79-41-K/61,,Gymnázia 6letá,6,30,48,30,1.6,1.0,22,6,2,10,0.786,dostala se většina soutěžících uchazečů,44.68,29.0,"nevypsáno, i když obor nebyl naplněn",,,
Kraj Vysočina,Třebíč,Moravské Budějovice,Střední škola řemesel a služeb,600015408,Mechanik seřizovač,23-45-L/01,23-56-H/01 Obráběč kovů,SOU s maturitou,4,12,10,4,0.833,0.333,5,0,0,5,1.0,"místo bylo pro všechny, kdo splnili požadavky školy",38.4,,vypsáno,4,3,1
Kraj Vysočina,Třebíč,Moravské Budějovice,Střední škola řemesel a služeb,600015408,Mechanik instalatérských a elektrotechnických zařízení,39-41-L/02,36-52-H/01 Instalatér,SOU s maturitou,4,18,37,15,2.056,0.833,17,0,1,19,1.0,"místo bylo pro všechny, kdo splnili požadavky školy",40.88,23.0,vypsáno,4,5,3
Kraj Vysočina,Třebíč,Moravské Budějovice,Střední škola řemesel a služeb,600015408,Podnikání,64-41-L/51,,Nástavby,2,30,71,31,2.367,1.033,24,12,5,24,0.667,dostala se většina soutěžících uchazečů,38.12,25.0,vypsáno,8,14,7
Kraj Vysočina,Žďár nad Sázavou,Nové Město na Moravě,Gymnázium V.Makovského,600015904,Gymnázium,79-41-K/41,,Gymnázia 4letá,4,30,84,27,2.8,0.9,29,4,4,46,0.879,dostala se většina soutěžících uchazečů,65.45,43.0,"nevypsáno, i když obor nebyl naplněn",,,
Kraj Vysočina,Žďár nad Sázavou,Nové Město na Moravě,Gymnázium V.Makovského,600015904,Gymnázium,79-41-K/81,,Gymnázia 8letá,8,30,83,61,2.767,2.033,30,32,6,15,0.484,těžké,68.67,55.0,nevypsáno,,,
Kraj Vysočina,Žďár nad Sázavou,Nové Město na Moravě,Gymnázium V.Makovského,600015904,Gymnázium se sportovní přípravou,79-42-K/41,,Gymnázia 4letá,4,23,42,30,1.826,1.304,23,6,4,9,0.793,dostala se většina soutěžících uchazečů,68.32,46.0,nevypsáno,,,
Kraj Vysočina,Žďár nad Sázavou,Nové Město na Moravě,Střední odborná škola,610250523,Stavebnictví,36-47-M/01,,SOŠ,4,15,13,4,0.867,0.267,6,0,0,7,1.0,"místo bylo pro všechny, kdo splnili požadavky školy",34.67,,vypsáno,9,2,0
Kraj Vysočina,Žďár nad Sázavou,Nové Město na Moravě,Střední odborná škola,610250523,Provoz a ekonomika dopravy,37-41-M/01,Logistika v dopravě,SOŠ,4,10,13,2,1.3,0.2,2,0,0,11,1.0,"místo bylo pro všechny, kdo splnili požadavky školy",39.5,,vypsáno,8,1,1
Kraj Vysočina,Žďár nad Sázavou,Nové Město na Moravě,Střední odborná škola,610250523,Provoz a ekonomika dopravy,37-41-M/01,Železniční provoz,SOŠ,4,20,30,12,1.5,0.6,16,0,0,13,1.0,"místo bylo pro všechny, kdo splnili požadavky školy",40.19,21.0,vypsáno,3,0,0
Kraj Vysočina,Žďár nad Sázavou,Nové Město na Moravě,Střední odborná škola,610250523,Podnikání,64-41-L/51,,Nástavby,2,30,58,34,1.933,1.133,30,1,6,21,0.968,dostala se většina soutěžících uchazečů,29.87,13.0,nevypsáno,,,
Kraj Vysočina,Žďár nad Sázavou,Nové Město na Moravě,Střední odborná škola,610250523,Sociální činnost,75-41-M/01,,SOŠ,4,15,26,2,1.733,0.133,5,0,1,20,1.0,"místo bylo pro všechny, kdo splnili požadavky školy",30.4,,vypsáno,10,8,4
Kraj Vysočina,Žďár nad Sázavou,Nové Město na Moravě,Střední odborná škola,610250523,Pedagogické lyceum,78-42-M/03,,Lycea,4,30,82,22,2.733,0.733,30,7,0,45,0.811,dostala se většina soutěžících uchazečů,45.43,19.0,nevypsáno,,,
Kraj Vysočina,Pelhřimov,Pacov,Gymnázium Pacov,691007551,Gymnázium,79-41-K/61,,Gymnázia 6letá,6,34,38,30,1.118,0.882,30,0,2,4,1.0,"místo bylo pro všechny, kdo splnili požadavky školy",41.7,22.0,vypsáno,4,27,4
Kraj Vysočina,Pelhřimov,Pelhřimov,Gymnázium a Obchodní akademie,600008436,Obchodní akademie,63-41-M/02,,SOŠ,4,30,134,39,4.467,1.3,30,13,0,91,0.698,dostala se většina soutěžících uchazečů,55.63,43.0,nevypsáno,,,
Kraj Vysočina,Pelhřimov,Pelhřimov,Gymnázium a Obchodní akademie,600008436,Ekonomické lyceum,78-42-M/02,,Lycea,4,30,107,26,3.567,0.867,30,6,0,71,0.833,dostala se většina soutěžících uchazečů,51.5,32.0,nevypsáno,,,
Kraj Vysočina,Pelhřimov,Pelhřimov,Gymnázium a Obchodní akademie,600008436,Gymnázium,79-41-K/41,,Gymnázia 4letá,4,60,107,65,1.783,1.083,60,5,0,42,0.923,dostala se většina soutěžících uchazečů,69.12,43.0,nevypsáno,,,
Kraj Vysočina,Pelhřimov,Pelhřimov,Gymnázium a Obchodní akademie,600008436,Gymnázium,79-41-K/81,,Gymnázia 8letá,8,30,55,27,1.833,0.9,25,9,1,15,0.735,dostala se většina soutěžících uchazečů,52.0,28.0,"nevypsáno, i když obor nebyl naplněn",,,
Kraj Vysočina,Pelhřimov,Pelhřimov,SPŠ a SOU,600008487,Informační technologie,18-20-M/01,,SOŠ,4,30,52,18,1.733,0.6,20,0,5,27,1.0,"místo bylo pro všechny, kdo splnili požadavky školy",46.45,26.0,vypsáno,10,4,1
Kraj Vysočina,Pelhřimov,Pelhřimov,SPŠ a SOU,600008487,Strojírenství,23-41-M/01,,SOŠ,4,25,34,7,1.36,0.28,8,0,3,23,1.0,"místo bylo pro všechny, kdo splnili požadavky školy",48.0,,vypsáno,10,2,2
Kraj Vysočina,Pelhřimov,Pelhřimov,SPŠ a SOU,600008487,Mechanik seřizovač,23-45-L/01,Obráběč kovů,SOU s maturitou,4,20,8,0,0.4,0.0,0,0,0,7,,"místo bylo pro všechny, kdo splnili požadavky školy",,,"nevypsáno, i když obor nebyl naplněn",,,
Kraj Vysočina,Pelhřimov,Pelhřimov,SPŠ a SOU,600008487,Dopravní prostředky,23-45-M/01,Silniční doprava,SOŠ,4,25,17,7,0.68,0.28,7,0,3,7,1.0,"místo bylo pro všechny, kdo splnili požadavky školy",50.43,,vypsáno,10,0,0
Kraj Vysočina,Pelhřimov,Pelhřimov,SPŠ a SOU,600008487,Mechanik elektrotechnik,26-41-L/01,Elektrikář,SOU s maturitou,4,30,59,28,1.967,0.933,30,0,1,28,1.0,"místo bylo pro všechny, kdo splnili požadavky školy",40.97,16.0,nevypsáno,,,
Kraj Vysočina,Pelhřimov,Pelhřimov,SPŠ a SOU,600008487,Operátor dřevařské a nábytkářské výroby,33-41-L/01,Truhlář,SOU s maturitou,4,20,12,7,0.6,0.35,6,0,1,5,1.0,"místo bylo pro všechny, kdo splnili požadavky školy",42.83,,vypsáno,14,2,1
Kraj Vysočina,Pelhřimov,Pelhřimov,SPŠ a SOU,600008487,Praktická sestra,53-41-M/03,,SOŠ,4,30,69,15,2.3,0.5,23,0,1,45,1.0,"místo bylo pro všechny, kdo splnili požadavky školy",36.48,23.0,vypsáno,7,8,2
Kraj Vysočina,Pelhřimov,Pelhřimov,SPŠ a SOU,600008487,Podnikání,64-41-L/51,,Nástavby,2,30,46,20,1.533,0.667,15,0,10,20,1.0,"místo bylo pro všechny, kdo splnili požadavky školy",31.07,18.0,vypsáno,14,15,5
Kraj Vysočina,Pelhřimov,Pelhřimov,"Střední škola Akademie AGROSTROJ, s.r.o.",691018839,Mechanik strojů a zařízení,23-44-L/01,"Technik robotických a výrobních systémů, 23-51-H/01",SOU s maturitou,4,12,19,10,1.583,0.833,11,0,0,8,1.0,"místo bylo pro všechny, kdo splnili požadavky školy",41.27,26.0,"nevypsáno, i když obor nebyl naplněn",,,
Kraj Vysočina,Pelhřimov,Pelhřimov,"VOŠ a Střední škola hotel. SČMSD, s.r.o.",600008461,Podnikání,64-41-L/51,,Nástavby,2,20,37,23,1.85,1.15,20,8,0,9,0.714,dostala se většina soutěžících uchazečů,34.65,17.0,vypsáno,5,14,5
Kraj Vysočina,Pelhřimov,Pelhřimov,"VOŠ a Střední škola hotel. SČMSD, s.r.o.",600008461,Hotelnictví,65-42-M/01,,SOŠ,4,28,65,11,2.321,0.393,15,0,0,50,1.0,"místo bylo pro všechny, kdo splnili požadavky školy",38.2,19.0,vypsáno,15,3,2
Kraj Vysočina,Jihlava,Polná,"Montessori SŠ, ZŠ a MŠ Polná",691013357,Ekologie a životní prostředí,16-01-M/01,,SOŠ,4,10,9,4,0.9,0.4,2,0,2,5,1.0,"místo bylo pro všechny, kdo splnili požadavky školy",49.0,,vypsáno,8,2,2
Kraj Vysočina,Jihlava,Polná,"Montessori SŠ, ZŠ a MŠ Polná",691013357,Přírodovědné lyceum,78-42-M/05,,Lycea,4,10,6,2,0.6,0.2,2,0,2,2,1.0,"místo bylo pro všechny, kdo splnili požadavky školy",51.5,,vypsáno,8,2,1
Kraj Vysočina,Třebíč,Pozďatín,Soukromá střední škola zemědělská s.r.o.,691009465,Agropodnikání,41-41-M/01,Agropodnikání,SOŠ,4,27,41,21,1.519,0.778,24,0,0,17,1.0,"místo bylo pro všechny, kdo splnili požadavky školy",41.38,23.0,"nevypsáno, i když obor nebyl naplněn",,,
Kraj Vysočina,Havlíčkův Brod,Světlá nad Sázavou,"Akademie Světlá n. S., SŠ a VOŠ",600170730,Podnikání,64-41-L/51,denní forma vzdělávání,Nástavby,2,30,82,54,2.733,1.8,29,32,0,20,0.475,těžké,37.97,29.0,"nevypsáno, i když obor nebyl naplněn",,,
Kraj Vysočina,Havlíčkův Brod,Světlá nad Sázavou,"Akademie Světlá n. S., SŠ a VOŠ",600170730,Sociální činnost,75-41-M/01,denní forma vzdělávání,SOŠ,4,30,62,15,2.067,0.5,22,0,1,37,1.0,"místo bylo pro všechny, kdo splnili požadavky školy",40.18,20.0,"nevypsáno, i když obor nebyl naplněn",,,
Kraj Vysočina,Havlíčkův Brod,Světlá nad Sázavou,"Akademie Světlá n. S., SŠ a VOŠ",600170730,Gymnázium,79-41-K/41,,Gymnázia 4letá,4,30,87,15,2.9,0.5,24,0,4,59,1.0,"místo bylo pro všechny, kdo splnili požadavky školy",47.38,30.0,vypsáno,6,8,5
Kraj Vysočina,Jihlava,Telč,Gymnázium O. Březiny a SOŠ,600014754,Ekonomika a podnikání,63-41-M/01,,SOŠ,4,30,69,12,2.3,0.4,20,0,0,49,1.0,"místo bylo pro všechny, kdo splnili požadavky školy",49.7,27.0,"nevypsáno, i když obor nebyl naplněn",,,
Kraj Vysočina,Jihlava,Telč,Gymnázium O. Březiny a SOŠ,600014754,Předškolní a mimoškolní pedagogika,75-31-M/01,,SOŠ,4,30,104,49,3.467,1.633,30,28,0,46,0.517,středně těžké,56.93,37.0,nevypsáno,,,
Kraj Vysočina,Jihlava,Telč,Gymnázium O. Březiny a SOŠ,600014754,Gymnázium,79-41-K/41,,Gymnázia 4letá,4,30,108,36,3.6,1.2,29,9,3,66,0.763,dostala se většina soutěžících uchazečů,72.28,56.0,"nevypsáno, i když obor nebyl naplněn",,,
Kraj Vysočina,Jihlava,Telč,Gymnázium O. Březiny a SOŠ,600014754,Gymnázium,79-41-K/81,,Gymnázia 8letá,8,30,53,43,1.767,1.433,29,17,1,5,0.63,středně těžké,52.97,40.0,"nevypsáno, i když obor nebyl naplněn",,,
Kraj Vysočina,Třebíč,Třebíč,Akademie PPP s.r.o. SŠ,600015360,Podnikání,64-41-L/51,Design interiérů,Nástavby,2,13,37,10,2.846,0.769,11,4,1,19,0.733,dostala se většina soutěžících uchazečů,33.09,22.0,"nevypsáno, i když obor nebyl naplněn",,,
Kraj Vysočina,Třebíč,Třebíč,Akademie PPP s.r.o. SŠ,600015360,Veřejnosprávní činnost,68-43-M/01,,SOŠ,4,25,31,3,1.24,0.12,9,0,0,21,1.0,"místo bylo pro všechny, kdo splnili požadavky školy",31.56,,vypsáno,15,12,6
Kraj Vysočina,Třebíč,Třebíč,Akademie PPP s.r.o. SŠ,600015360,Předškolní a mimoškolní pedagogika,75-31-M/01,,SOŠ,4,24,47,18,1.958,0.75,21,0,3,22,1.0,"místo bylo pro všechny, kdo splnili požadavky školy",41.48,18.0,vypsáno,2,2,2
Kraj Vysočina,Třebíč,Třebíč,Akademie PPP s.r.o. SŠ,600015360,Sociální činnost,75-41-M/01,,SOŠ,4,20,22,5,1.1,0.25,8,0,0,14,1.0,"místo bylo pro všechny, kdo splnili požadavky školy",29.38,,vypsáno,12,3,2
Kraj Vysočina,Třebíč,Třebíč,Akademie PPP s.r.o. SŠ,600015360,Kombinované lyceum,78-42-M/06,,Lycea,4,20,22,3,1.1,0.15,0,0,0,19,,"místo bylo pro všechny, kdo splnili požadavky školy",,,"nevypsáno, i když obor nebyl naplněn",,,
Kraj Vysočina,Třebíč,Třebíč,"Bráfova akademie, SŠ a JazŠ",610250451,Obchodní akademie,63-41-M/02,Sportovní management,SOŠ,4,30,116,26,3.867,0.867,30,4,2,80,0.882,dostala se většina soutěžících uchazečů,51.87,31.0,nevypsáno,,,
Kraj Vysočina,Třebíč,Třebíč,"Bráfova akademie, SŠ a JazŠ",610250451,Obchodní akademie,63-41-M/02,"Všeobecná ekonomika, veřejná správa",SOŠ,4,60,157,37,2.617,0.617,44,0,1,112,1.0,"místo bylo pro všechny, kdo splnili požadavky školy",50.18,22.0,vypsáno,6,12,6
Kraj Vysočina,Třebíč,Třebíč,"Bráfova akademie, SŠ a JazŠ",610250451,Podnikání,64-41-L/51,,Nástavby,2,30,98,51,3.267,1.7,29,13,22,33,0.69,dostala se většina soutěžících uchazečů,41.93,28.0,"nevypsáno, i když obor nebyl naplněn",,,
Kraj Vysočina,Třebíč,Třebíč,"Bráfova akademie, SŠ a JazŠ",610250451,Hotelnictví,65-42-M/01,Hotelnictví a turismus,SOŠ,4,30,57,14,1.9,0.467,17,0,2,38,1.0,"místo bylo pro všechny, kdo splnili požadavky školy",42.88,22.0,"nevypsáno, i když obor nebyl naplněn",,,
Kraj Vysočina,Třebíč,Třebíč,"Bráfova akademie, SŠ a JazŠ",610250451,Cestovní ruch,65-42-M/02,,SOŠ,4,30,104,24,3.467,0.8,28,0,1,74,1.0,"místo bylo pro všechny, kdo splnili požadavky školy",40.89,18.0,vypsáno,1,6,0
Kraj Vysočina,Třebíč,Třebíč,"Bráfova akademie, SŠ a JazŠ",610250451,Bezpečnostně právní činnost,68-42-M/01,,SOŠ,4,30,135,64,4.5,2.133,30,41,3,61,0.423,těžké,57.47,45.0,nevypsáno,,,
Kraj Vysočina,Třebíč,Třebíč,"Bráfova akademie, SŠ a JazŠ",610250451,Ekonomické lyceum,78-42-M/02,,Lycea,4,30,128,18,4.267,0.6,26,0,0,102,1.0,"místo bylo pro všechny, kdo splnili požadavky školy",53.81,31.0,vypsáno,4,4,1
Kraj Vysočina,Třebíč,Třebíč,Gymnázium Třebíč,600015343,Gymnázium,79-41-K/41,,Gymnázia 4letá,4,84,209,99,2.488,1.179,82,20,0,105,0.804,dostala se většina soutěžících uchazečů,76.73,59.0,"nevypsáno, i když obor nebyl naplněn",,,
Kraj Vysočina,Třebíč,Třebíč,Gymnázium Třebíč,600015343,Gymnázium,79-41-K/81,,Gymnázia 8letá,8,30,105,47,3.5,1.567,30,33,11,31,0.476,těžké,58.0,46.0,nevypsáno,,,
Kraj Vysočina,Třebíč,Třebíč,Gymnázium Třebíč,600015343,Gymnázium se sportovní přípravou,79-42-K/41,,Gymnázia 4letá,4,15,21,8,1.4,0.533,12,0,1,8,1.0,"místo bylo pro všechny, kdo splnili požadavky školy",60.9,47.0,"nevypsáno, i když obor nebyl naplněn",,,
Kraj Vysočina,Třebíč,Třebíč,Katolické gymnázium,600015327,Gymnázium,79-41-K/41,,Gymnázia 4letá,4,60,104,61,1.733,1.017,60,3,0,41,0.952,dostala se většina soutěžících uchazečů,74.53,55.0,nevypsáno,,,
Kraj Vysočina,Třebíč,Třebíč,Katolické gymnázium,600015327,Gymnázium,79-41-K/81,,Gymnázia 8letá,8,30,104,62,3.467,2.067,30,47,0,27,0.39,těžké,62.67,49.0,nevypsáno,,,
Kraj Vysočina,Třebíč,Třebíč,Střední průmyslová škola Třebíč,610250574,Informační technologie,18-20-M/01,,SOŠ,4,50,95,47,1.9,0.94,45,0,15,35,1.0,"místo bylo pro všechny, kdo splnili požadavky školy",59.09,35.0,"nevypsáno, i když obor nebyl naplněn",,,
Kraj Vysočina,Třebíč,Třebíč,Střední průmyslová škola Třebíč,610250574,Strojírenství,23-41-M/01,,SOŠ,4,25,66,17,2.64,0.68,20,0,3,43,1.0,"místo bylo pro všechny, kdo splnili požadavky školy",53.5,30.0,"nevypsáno, i když obor nebyl naplněn",,,
Kraj Vysočina,Třebíč,Třebíč,Střední průmyslová škola Třebíč,610250574,Mechanik seřizovač,23-45-L/01,doplňující obor 23-56-H/01 Obráběč kovů,SOU s maturitou,4,25,25,4,1.0,0.16,6,0,1,18,1.0,"místo bylo pro všechny, kdo splnili požadavky školy",39.33,,"nevypsáno, i když obor nebyl naplněn",,,
Kraj Vysočina,Třebíč,Třebíč,Střední průmyslová škola Třebíč,610250574,Mechanik elektrotechnik,26-41-L/01,doplňující obor 26-51-H/02 Elektrikář - silnoproud,SOU s maturitou,4,25,96,45,3.84,1.8,25,18,17,36,0.581,středně těžké,58.56,47.0,nevypsáno,,,
Kraj Vysočina,Třebíč,Třebíč,Střední průmyslová škola Třebíč,610250574,Elektrotechnika,26-41-M/01,Energetika,SOŠ,4,50,126,77,2.52,1.54,50,29,6,41,0.633,středně těžké,69.54,55.0,nevypsáno,,,
Kraj Vysočina,Třebíč,Třebíč,Střední průmyslová škola Třebíč,610250574,Elektrotechnika,26-41-M/01,Průmyslová automatizace,SOŠ,4,25,96,24,3.84,0.96,25,5,7,59,0.833,dostala se většina soutěžících uchazečů,61.64,44.0,nevypsáno,,,
Kraj Vysočina,Třebíč,Třebíč,Střední průmyslová škola Třebíč,610250574,Autotronik,39-41-L/01,doplňující obor 23-68-H/01 Mechanik opravář motorových vozidel,SOU s maturitou,4,25,69,31,2.76,1.24,25,6,18,20,0.806,dostala se většina soutěžících uchazečů,53.64,42.0,nevypsáno,,,
Kraj Vysočina,Třebíč,Třebíč,Střední průmyslová škola Třebíč,610250574,Technické lyceum,78-42-M/01,,Lycea,4,50,87,31,1.74,0.62,33,0,3,51,1.0,"místo bylo pro všechny, kdo splnili požadavky školy",66.73,36.0,"nevypsáno, i když obor nebyl naplněn",,,
Kraj Vysočina,Třebíč,Třebíč,Střední škola stavební Třebíč,600015441,Provozní elektrotechnika,26-41-L/52,,Nástavby,2,22,33,26,1.5,1.182,18,0,12,3,1.0,"místo bylo pro všechny, kdo splnili požadavky školy",42.44,30.0,"nevypsáno, i když obor nebyl naplněn",,,
Kraj Vysočina,Třebíč,Třebíč,Střední škola stavební Třebíč,600015441,Nábytkářská a dřevařská výroba,33-42-L/51,,Nástavby,2,8,9,6,1.125,0.75,2,0,5,2,1.0,"místo bylo pro všechny, kdo splnili požadavky školy",36.0,,"nevypsáno, i když obor nebyl naplněn",,,
Kraj Vysočina,Třebíč,Třebíč,Střední škola stavební Třebíč,600015441,Technická zařízení budov,36-45-M/01,,SOŠ,4,30,56,13,1.867,0.433,13,0,4,39,1.0,"místo bylo pro všechny, kdo splnili požadavky školy",55.92,37.0,vypsáno,3,1,0
Kraj Vysočina,Třebíč,Třebíč,Střední škola stavební Třebíč,600015441,Stavebnictví,36-47-M/01,,SOŠ,4,75,157,66,2.093,0.88,66,0,17,74,1.0,"místo bylo pro všechny, kdo splnili požadavky školy",56.62,31.0,vypsáno,7,5,2
Kraj Vysočina,Třebíč,Třebíč,"VOŠ a SŠ veter., zeměd. a zdrav. Třebíč",600015378,Agropodnikání,41-41-M/01,,SOŠ,4,30,58,15,1.933,0.5,21,0,1,36,1.0,"místo bylo pro všechny, kdo splnili požadavky školy",38.24,22.0,vypsáno,9,5,3
Kraj Vysočina,Třebíč,Třebíč,"VOŠ a SŠ veter., zeměd. a zdrav. Třebíč",600015378,Veterinářství,43-41-M/01,,SOŠ,4,30,96,35,3.2,1.167,30,19,1,46,0.612,středně těžké,51.73,37.0,nevypsáno,,,
Kraj Vysočina,Třebíč,Třebíč,"VOŠ a SŠ veter., zeměd. a zdrav. Třebíč",600015378,Praktická sestra,53-41-M/03,,SOŠ,4,60,100,34,1.667,0.567,32,0,14,54,1.0,"místo bylo pro všechny, kdo splnili požadavky školy",47.53,20.0,vypsáno,28,17,2
Kraj Vysočina,Třebíč,Třebíč,"VOŠ a SŠ veter., zeměd. a zdrav. Třebíč",600015378,Zdravotnické lyceum,78-42-M/04,,Lycea,4,30,76,18,2.533,0.6,26,0,0,50,1.0,"místo bylo pro všechny, kdo splnili požadavky školy",48.64,17.0,vypsáno,4,10,4
Kraj Vysočina,Jihlava,Třešť,"SOŠ, SOU a ZŠ",600014908,Podnikání,64-41-L/51,"pracoviště Třešť, K Valše 1251/38",Nástavby,2,18,47,20,2.611,1.111,18,6,2,21,0.75,dostala se většina soutěžících uchazečů,30.83,21.0,nevypsáno,,,
Kraj Vysočina,Žďár nad Sázavou,Velká Bíteš,Střední odborná škola Jana Tiraye,610250833,Mechanik seřizovač,23-45-L/01,,SOU s maturitou,4,24,23,6,0.958,0.25,8,0,0,15,1.0,"místo bylo pro všechny, kdo splnili požadavky školy",36.62,,vypsáno,16,1,1
Kraj Vysočina,Žďár nad Sázavou,Velké Meziříčí,GA-TE Velké Meziříčí,600015874,Dopravní prostředky,23-45-M/01,,SOŠ,4,15,8,3,0.533,0.2,3,0,1,4,1.0,"místo bylo pro všechny, kdo splnili požadavky školy",33.0,,vypsáno,11,0,0
Kraj Vysočina,Žďár nad Sázavou,Velké Meziříčí,GA-TE Velké Meziříčí,600015874,Mechanizace a služby,41-45-M/01,,SOŠ,4,15,4,1,0.267,0.067,1,0,0,3,1.0,"místo bylo pro všechny, kdo splnili požadavky školy",37.0,,"nevypsáno, i když obor nebyl naplněn",,,
Kraj Vysočina,Žďár nad Sázavou,Velké Meziříčí,GA-TE Velké Meziříčí,600015874,Podnikání,64-41-L/51,,Nástavby,2,60,47,25,0.783,0.417,18,0,19,10,1.0,"místo bylo pro všechny, kdo splnili požadavky školy",36.44,24.0,vypsáno,12,12,3
Kraj Vysočina,Žďár nad Sázavou,Velké Meziříčí,GA-TE Velké Meziříčí,600015874,Hotelnictví,65-42-M/01,,SOŠ,4,60,35,9,0.583,0.15,11,0,2,22,1.0,"místo bylo pro všechny, kdo splnili požadavky školy",38.18,24.0,vypsáno,19,6,3
Kraj Vysočina,Žďár nad Sázavou,Velké Meziříčí,Gymnázium Velké Meziříčí,600015866,Gymnázium,79-41-K/41,,Gymnázia 4letá,4,30,63,30,2.1,1.0,30,3,0,30,0.909,dostala se většina soutěžících uchazečů,75.17,53.0,nevypsáno,,,
Kraj Vysočina,Žďár nad Sázavou,Velké Meziříčí,Gymnázium Velké Meziříčí,600015866,Gymnázium,79-41-K/81,,Gymnázia 8letá,8,30,61,45,2.033,1.5,30,18,3,10,0.625,středně těžké,61.33,42.0,nevypsáno,,,
Kraj Vysočina,Žďár nad Sázavou,Žďár nad Sázavou,Biskupské gymnázium,600015831,Gymnázium,79-41-K/41,,Gymnázia 4letá,4,30,92,36,3.067,1.2,30,8,1,53,0.789,dostala se většina soutěžících uchazečů,79.1,67.0,nevypsáno,,,
Kraj Vysočina,Žďár nad Sázavou,Žďár nad Sázavou,Biskupské gymnázium,600015831,Gymnázium,79-41-K/81,,Gymnázia 8letá,8,32,76,26,2.375,0.812,27,6,4,34,0.818,dostala se většina soutěžících uchazečů,51.52,33.0,"nevypsáno, i když obor nebyl naplněn",,,
Kraj Vysočina,Žďár nad Sázavou,Žďár nad Sázavou,Gymnázium Žďár nad Sázavou,600015955,Gymnázium,79-41-K/41,,Gymnázia 4letá,4,60,109,63,1.817,1.05,60,4,3,42,0.938,dostala se většina soutěžících uchazečů,72.6,48.0,nevypsáno,,,
Kraj Vysočina,Žďár nad Sázavou,Žďár nad Sázavou,Gymnázium Žďár nad Sázavou,600015955,Gymnázium,79-41-K/81,,Gymnázia 8letá,8,30,84,49,2.8,1.633,30,27,1,26,0.526,středně těžké,59.9,44.0,nevypsáno,,,
Kraj Vysočina,Žďár nad Sázavou,Žďár nad Sázavou,SPŠ Žďár nad Sázavou,600015971,Informační technologie,18-20-M/01,,SOŠ,4,30,80,32,2.667,1.067,30,5,1,44,0.857,dostala se většina soutěžících uchazečů,56.0,39.0,nevypsáno,,,
Kraj Vysočina,Žďár nad Sázavou,Žďár nad Sázavou,SPŠ Žďár nad Sázavou,600015971,Technik modelových zařízení,21-44-L/01,Modelář,SOU s maturitou,4,12,7,2,0.583,0.167,2,0,0,5,1.0,"místo bylo pro všechny, kdo splnili požadavky školy",41.0,,vypsáno,6,0,0
Kraj Vysočina,Žďár nad Sázavou,Žďár nad Sázavou,SPŠ Žďár nad Sázavou,600015971,Strojírenství,23-41-M/01,,SOŠ,4,30,54,14,1.8,0.467,19,0,0,35,1.0,"místo bylo pro všechny, kdo splnili požadavky školy",56.05,28.0,vypsáno,11,1,0
Kraj Vysočina,Žďár nad Sázavou,Žďár nad Sázavou,SPŠ Žďár nad Sázavou,600015971,Mechanik seřizovač,23-45-L/01,Obráběč kovů,SOU s maturitou,4,40,26,7,0.65,0.175,7,0,0,19,1.0,"místo bylo pro všechny, kdo splnili požadavky školy",37.29,,vypsáno,13,2,1
Kraj Vysočina,Žďár nad Sázavou,Žďár nad Sázavou,SPŠ Žďár nad Sázavou,600015971,Mechanik elektrotechnik,26-41-L/01,Elektrikář,SOU s maturitou,4,50,78,23,1.56,0.46,35,0,0,43,1.0,"místo bylo pro všechny, kdo splnili požadavky školy",39.11,16.0,vypsáno,5,3,2
Kraj Vysočina,Žďár nad Sázavou,Žďár nad Sázavou,SPŠ Žďár nad Sázavou,600015971,Elektrotechnika,26-41-M/01,,SOŠ,4,30,87,44,2.9,1.467,30,18,0,39,0.625,středně těžké,66.03,44.0,nevypsáno,,,
Kraj Vysočina,Žďár nad Sázavou,Žďár nad Sázavou,SPŠ Žďár nad Sázavou,600015971,Technická zařízení budov,36-45-M/01,,SOŠ,4,30,57,19,1.9,0.633,24,0,0,32,1.0,"místo bylo pro všechny, kdo splnili požadavky školy",47.0,16.0,vypsáno,5,0,0
Kraj Vysočina,Žďár nad Sázavou,Žďár nad Sázavou,SPŠ Žďár nad Sázavou,600015971,Mechanik instalatérských a elektrotechnických zařízení,39-41-L/02,Instalatér,SOU s maturitou,4,20,29,8,1.45,0.4,8,0,0,21,1.0,"místo bylo pro všechny, kdo splnili požadavky školy",47.12,,vypsáno,8,2,0
Kraj Vysočina,Žďár nad Sázavou,Žďár nad Sázavou,SPŠ Žďár nad Sázavou,600015971,Ekonomika a podnikání,63-41-M/01,,SOŠ,4,30,85,33,2.833,1.1,30,5,1,49,0.857,dostala se většina soutěžících uchazečů,57.27,29.0,nevypsáno,,,
Kraj Vysočina,Žďár nad Sázavou,Žďár nad Sázavou,SPŠ Žďár nad Sázavou,600015971,Technické lyceum,78-42-M/01,,Lycea,4,30,65,6,2.167,0.2,8,0,0,57,1.0,"místo bylo pro všechny, kdo splnili požadavky školy",51.57,,vypsáno,7,2,1
Kraj Vysočina,Žďár nad Sázavou,Žďár nad Sázavou,SZŠ a VOŠZ Žďár nad Sázavou,600019993,Praktická sestra,53-41-M/03,,SOŠ,4,30,78,26,2.6,0.867,29,9,0,39,0.763,dostala se většina soutěžících uchazečů,43.82,25.0,"nevypsáno, i když obor nebyl naplněn",,,
Kraj Vysočina,Žďár nad Sázavou,Žďár nad Sázavou,SZŠ a VOŠZ Žďár nad Sázavou,600019993,Zdravotnické lyceum,78-42-M/04,,Lycea,4,30,108,30,3.6,1.0,30,16,0,62,0.652,středně těžké,60.7,44.0,nevypsáno,,,
Kraj Vysočina,Žďár nad Sázavou,Žďár nad Sázavou,Střední škola obchodní a služeb SČMSD,600016013,Obchodní akademie,63-41-M/02,Obchodní akademie s rozšířenou výukou cizích jazyků,SOŠ,4,30,66,17,2.2,0.567,18,0,5,43,1.0,"místo bylo pro všechny, kdo splnili požadavky školy",51.5,25.0,vypsáno,10,10,5
Kraj Vysočina,Žďár nad Sázavou,Žďár nad Sázavou,Střední škola obchodní a služeb SČMSD,600016013,Podnikání,64-41-L/51,,Nástavby,2,30,87,34,2.9,1.133,28,7,16,34,0.8,dostala se většina soutěžících uchazečů,30.25,20.0,"nevypsáno, i když obor nebyl naplněn",,,
Kraj Vysočina,Žďár nad Sázavou,Žďár nad Sázavou,Střední škola obchodní a služeb SČMSD,600016013,Kosmetické služby,69-41-L/01,Kosmetička,SOU s maturitou,4,20,60,24,3.0,1.2,20,14,1,25,0.588,středně těžké,35.2,15.0,nevypsáno,,,
Kraj Vysočina,Žďár nad Sázavou,Žďár nad Sázavou,Střední škola obchodní a služeb SČMSD,600016013,Ekonomické lyceum,78-42-M/02,,Lycea,4,25,33,4,1.32,0.16,3,0,1,28,1.0,"místo bylo pro všechny, kdo splnili požadavky školy",39.67,,"nevypsáno, i když obor nebyl naplněn",,,
Kraj Vysočina,Žďár nad Sázavou,Žďár nad Sázavou,SŠ Adolpha Kolpinga,600015882,Gastronomie,65-41-L/51,Společné stravování,Nástavby,2,30,34,27,1.133,0.9,28,0,2,3,1.0,"místo bylo pro všechny, kdo splnili požadavky školy",31.54,13.0,"nevypsáno, i když obor nebyl naplněn",,,
Kraj Vysočina,Žďár nad Sázavou,Žďár nad Sázavou,SŠ Adolpha Kolpinga,600015882,Technické lyceum,78-42-M/01,Multimédia,Lycea,4,20,33,12,1.65,0.6,12,0,0,21,1.0,"místo bylo pro všechny, kdo splnili požadavky školy",41.92,18.0,vypsáno,6,4,1
Královéhradecký kraj,Náchod,Broumov,Gymnázium,600012107,Gymnázium,79-41-K/41,,Gymnázia 4letá,4,30,78,38,2.6,1.267,30,14,0,34,0.682,dostala se většina soutěžících uchazečů,68.27,54.0,nevypsáno,,,
Královéhradecký kraj,Náchod,Broumov,Gymnázium,600012107,Gymnázium,79-41-K/81,,Gymnázia 8letá,8,30,52,42,1.733,1.4,28,14,4,4,0.667,dostala se většina soutěžících uchazečů,43.71,31.0,vypsáno,2,4,2
Královéhradecký kraj,Rychnov nad Kněžnou,Dobruška,Gymnázium,600012549,Gymnázium,79-41-K/41,,Gymnázia 4letá,4,30,86,31,2.867,1.033,30,5,2,49,0.857,dostala se většina soutěžících uchazečů,71.67,41.0,nevypsáno,,,
Královéhradecký kraj,Rychnov nad Kněžnou,Dobruška,Gymnázium,600012549,Gymnázium,79-41-K/81,,Gymnázia 8letá,8,30,82,54,2.733,1.8,30,29,7,16,0.508,středně těžké,62.47,45.0,nevypsáno,,,
Královéhradecký kraj,Rychnov nad Kněžnou,Dobruška,SPŠ elektrotechniky a inform.technologií,600012590,Informační technologie,18-20-M/01,Digitální grafická tvorba,SOŠ,4,30,60,27,2.0,0.9,27,0,4,29,1.0,"místo bylo pro všechny, kdo splnili požadavky školy",46.33,19.0,"nevypsáno, i když obor nebyl naplněn",,,
Královéhradecký kraj,Rychnov nad Kněžnou,Dobruška,SPŠ elektrotechniky a inform.technologií,600012590,Informační technologie,18-20-M/01,Počítačové sítě a programování,SOŠ,4,30,70,25,2.333,0.833,28,0,2,40,1.0,"místo bylo pro všechny, kdo splnili požadavky školy",44.7,23.0,"nevypsáno, i když obor nebyl naplněn",,,
Královéhradecký kraj,Rychnov nad Kněžnou,Dobruška,SPŠ elektrotechniky a inform.technologií,600012590,Elektrotechnika,26-41-M/01,,SOŠ,4,30,83,32,2.767,1.067,30,3,2,48,0.909,dostala se většina soutěžících uchazečů,49.1,22.0,nevypsáno,,,
Královéhradecký kraj,Rychnov nad Kněžnou,Dobruška,Střední škola - Podorlické vzděl.centrum,651017459,Informační technologie,18-20-M/01,"Počítačová grafika, audio-video tvorba a produkční tisk",SOŠ,4,24,21,2,0.875,0.083,5,0,2,13,1.0,"místo bylo pro všechny, kdo splnili požadavky školy",26.6,,vypsáno,19,12,2
Královéhradecký kraj,Rychnov nad Kněžnou,Dobruška,Střední škola - Podorlické vzděl.centrum,651017459,Informační technologie,18-20-M/01,"Programování, vývoj aplikací a robotika",SOŠ,4,24,24,7,1.0,0.292,6,0,1,16,1.0,"místo bylo pro všechny, kdo splnili požadavky školy",36.2,,vypsáno,17,6,3
Královéhradecký kraj,Rychnov nad Kněžnou,Dobruška,Střední škola - Podorlické vzděl.centrum,651017459,Mechanik strojů a zařízení,23-44-L/01,,SOU s maturitou,4,12,10,1,0.833,0.083,1,0,1,8,1.0,"místo bylo pro všechny, kdo splnili požadavky školy",18.0,,vypsáno,11,3,1
Královéhradecký kraj,Rychnov nad Kněžnou,Dobruška,Střední škola - Podorlické vzděl.centrum,651017459,Mechanik seřizovač,23-45-L/01,,SOU s maturitou,4,12,9,4,0.75,0.333,3,0,1,5,1.0,"místo bylo pro všechny, kdo splnili požadavky školy",41.33,,vypsáno,9,2,1
Královéhradecký kraj,Trutnov,Dvůr Králové nad Labem,Gymnázium,600012867,Gymnázium,79-41-K/41,,Gymnázia 4letá,4,30,94,21,3.133,0.7,28,0,3,63,1.0,"místo bylo pro všechny, kdo splnili požadavky školy",62.81,44.0,"nevypsáno, i když obor nebyl naplněn",,,
Královéhradecký kraj,Trutnov,Dvůr Králové nad Labem,Gymnázium,600012867,Gymnázium,79-41-K/61,,Gymnázia 6letá,6,32,69,56,2.156,1.75,31,15,15,7,0.674,dostala se většina soutěžících uchazečů,55.39,39.0,"nevypsáno, i když obor nebyl naplněn",,,
Královéhradecký kraj,Trutnov,Dvůr Králové nad Labem,SPŠ a SOŠ,600013006,Informační technologie,18-20-M/01,Kybernetická bezpečnost,SOŠ,4,30,71,27,2.367,0.9,28,0,0,42,1.0,"místo bylo pro všechny, kdo splnili požadavky školy",46.56,21.0,"nevypsáno, i když obor nebyl naplněn",,,
Královéhradecký kraj,Trutnov,Dvůr Králové nad Labem,SPŠ a SOŠ,600013006,Aplikovaná chemie,28-44-M/01,"Forenzní analýza, Výroba a zpracování polymerů, Farmaceutický asistent",SOŠ,4,30,63,20,2.1,0.667,20,0,1,42,1.0,"místo bylo pro všechny, kdo splnili požadavky školy",60.55,37.0,"nevypsáno, i když obor nebyl naplněn",,,
Královéhradecký kraj,Trutnov,Dvůr Králové nad Labem,SPŠ a SOŠ,600013006,Cestovní ruch,65-42-M/02,Cestovní ruch,SOŠ,4,30,99,31,3.3,1.033,29,10,8,51,0.744,dostala se většina soutěžících uchazečů,52.48,36.0,"nevypsáno, i když obor nebyl naplněn",,,
Královéhradecký kraj,Trutnov,Dvůr Králové nad Labem,SPŠ a SOŠ,600013006,Bezpečnostně právní činnost,68-42-M/01,,SOŠ,4,30,113,42,3.767,1.4,30,1,42,40,0.968,dostala se většina soutěžících uchazečů,47.13,30.0,nevypsáno,,,
Královéhradecký kraj,Trutnov,Dvůr Králové nad Labem,SPŠ a SOŠ,600013006,Kosmetické služby,69-41-L/01,Kosmetika a vizážistika,SOU s maturitou,4,15,75,27,5.0,1.8,14,21,14,25,0.4,těžké,44.93,33.0,"nevypsáno, i když obor nebyl naplněn",,,
Královéhradecký kraj,Trutnov,Dvůr Králové nad Labem,SPŠ a SOŠ,600013006,Masér sportovní a rekondiční,69-41-L/02,,SOU s maturitou,4,15,55,15,3.667,1.0,15,7,3,30,0.682,dostala se většina soutěžících uchazečů,47.2,31.0,nevypsáno,,,
Královéhradecký kraj,Jičín,Hořice,Hořické gymnázium,691006521,Gymnázium,79-41-K/41,,Gymnázia 4letá,4,20,53,23,2.65,1.15,20,5,2,26,0.8,dostala se většina soutěžících uchazečů,67.1,48.0,nevypsáno,,,
Královéhradecký kraj,Jičín,Hořice,SUPŠ sochařská a kamenická,600012077,Geotechnika,21-42-M/01,,SOŠ,4,15,14,5,0.933,0.333,6,0,1,7,1.0,"místo bylo pro všechny, kdo splnili požadavky školy",39.0,,vypsáno,9,3,0
Královéhradecký kraj,Jičín,Hořice,SUPŠ sochařská a kamenická,600012077,Stavebnictví,36-47-M/01,,SOŠ,4,15,24,10,1.6,0.667,11,0,2,11,1.0,"místo bylo pro všechny, kdo splnili požadavky školy",64.0,45.0,vypsáno,4,1,1
Královéhradecký kraj,Jičín,Hořice,Zem. akademie a Gymn. Hořice - SŠ a VOŠ,691012458,Agropodnikání,41-41-M/01,,SOŠ,4,60,107,28,1.783,0.467,43,0,1,63,1.0,"místo bylo pro všechny, kdo splnili požadavky školy",36.81,15.0,vypsáno,17,10,3
Královéhradecký kraj,Jičín,Hořice,Zem. akademie a Gymn. Hořice - SŠ a VOŠ,691012458,Sociální činnost,75-41-M/01,,SOŠ,4,30,68,18,2.267,0.6,29,0,0,39,1.0,"místo bylo pro všechny, kdo splnili požadavky školy",34.93,13.0,"nevypsáno, i když obor nebyl naplněn",,,
Královéhradecký kraj,Jičín,Hořice,Zem. akademie a Gymn. Hořice - SŠ a VOŠ,691012458,Gymnázium,79-41-K/41,,Gymnázia 4letá,4,30,59,9,1.967,0.3,12,0,0,47,1.0,"místo bylo pro všechny, kdo splnili požadavky školy",53.58,36.0,vypsáno,18,20,10
Královéhradecký kraj,Hradec Králové,Hradec Králové,"Biskupské gymnázium, círk. ZŠ, MŠ a ZUŠ",691000794,Gymnázium,79-41-K/41,,Gymnázia 4letá,4,30,79,32,2.633,1.067,30,7,7,35,0.811,dostala se většina soutěžících uchazečů,78.07,62.0,nevypsáno,,,
Královéhradecký kraj,Hradec Králové,Hradec Králové,"Biskupské gymnázium, círk. ZŠ, MŠ a ZUŠ",691000794,Gymnázium,79-41-K/81,,Gymnázia 8letá,8,55,267,247,4.855,4.491,55,78,127,7,0.414,těžké,75.64,61.0,nevypsáno,,,
Královéhradecký kraj,Hradec Králové,Hradec Králové,Gymnázium Boženy Němcové,600011666,Gymnázium,79-41-K/61,,Gymnázia 6letá,6,96,327,268,3.406,2.792,92,76,131,24,0.548,středně těžké,64.41,45.0,"nevypsáno, i když obor nebyl naplněn",,,
Královéhradecký kraj,Hradec Králové,Hradec Králové,Gymnázium J. K. Tyla,600011674,Gymnázium,79-41-K/41,,Gymnázia 4letá,4,150,342,255,2.28,1.7,150,117,0,75,0.562,středně těžké,82.25,67.0,nevypsáno,,,
Královéhradecký kraj,Hradec Králové,Hradec Králové,"Hotelová škola Hradec Králové, s.r.o.",600011771,Ekonomika a podnikání,63-41-M/01,Multimediální a propagační tvorba,SOŠ,4,40,48,9,1.2,0.225,19,0,1,26,1.0,"místo bylo pro všechny, kdo splnili požadavky školy",40.05,14.0,vypsáno,21,26,9
Královéhradecký kraj,Hradec Králové,Hradec Králové,"Hotelová škola Hradec Králové, s.r.o.",600011771,Hotelnictví,65-42-M/01,Hotelnictví a cestovní ruch,SOŠ,4,44,61,23,1.386,0.523,27,0,1,29,1.0,"místo bylo pro všechny, kdo splnili požadavky školy",38.26,12.0,vypsáno,17,29,10
Královéhradecký kraj,Hradec Králové,Hradec Králové,"OA, SOŠ a JŠ s pr. st. jaz. zk.",600011739,Obchodní akademie,63-41-M/02,,SOŠ,4,60,286,103,4.767,1.717,60,90,11,125,0.4,těžké,69.87,56.0,nevypsáno,,,
Královéhradecký kraj,Hradec Králové,Hradec Králové,"OA, SOŠ a JŠ s pr. st. jaz. zk.",600011739,Veřejnosprávní činnost,68-43-M/01,,SOŠ,4,30,158,46,5.267,1.533,30,49,4,75,0.38,těžké,64.83,55.0,nevypsáno,,,
Královéhradecký kraj,Hradec Králové,Hradec Králové,"OA, SOŠ a JŠ s pr. st. jaz. zk.",600011739,Sociální činnost,75-41-M/01,,SOŠ,4,30,120,30,4.0,1.0,30,17,13,60,0.638,středně těžké,52.33,40.0,nevypsáno,,,
Královéhradecký kraj,Hradec Králové,Hradec Králové,"OA, SOŠ a JŠ s pr. st. jaz. zk.",600011739,Ekonomické lyceum,78-42-M/02,,Lycea,4,30,168,56,5.6,1.867,30,46,3,89,0.395,těžké,75.93,67.0,nevypsáno,,,
Královéhradecký kraj,Hradec Králové,Hradec Králové,"OA, SPgŠ, VOŠ a JŠ s pr. SJZ",600011798,Předškolní a mimoškolní pedagogika,75-31-M/01,,SOŠ,4,29,98,52,3.379,1.793,29,25,11,33,0.537,středně těžké,66.52,50.0,nevypsáno,,,
Královéhradecký kraj,Hradec Králové,Hradec Králové,"OA, SPgŠ, VOŠ a JŠ s pr. SJZ",600011798,Ekonomické lyceum,78-42-M/02,,Lycea,4,30,88,16,2.933,0.533,23,0,10,56,1.0,"místo bylo pro všechny, kdo splnili požadavky školy",53.91,36.0,vypsáno,7,26,7
Královéhradecký kraj,Hradec Králové,Hradec Králové,"OA, SPgŠ, VOŠ a JŠ s pr. SJZ",600011798,Lyceum (režim pokusného ověřování),78-42-M/08,,Lycea,4,16,56,18,3.5,1.125,16,2,13,25,0.889,dostala se většina soutěžících uchazečů,57.0,43.0,nevypsáno,,,
Královéhradecký kraj,Hradec Králové,Hradec Králové,První soukr.jazyk.gymnázium Hradec Král.,600011615,Gymnázium,79-41-K/41,,Gymnázia 4letá,4,20,52,16,2.6,0.8,20,4,1,27,0.833,dostala se většina soutěžících uchazečů,64.3,43.0,nevypsáno,,,
Královéhradecký kraj,Hradec Králové,Hradec Králové,První soukr.jazyk.gymnázium Hradec Král.,600011615,Gymnázium,79-41-K/61,,Gymnázia 6letá,6,32,129,36,4.031,1.125,28,62,0,35,0.311,velmi těžké,53.68,29.0,"nevypsáno, i když obor nebyl naplněn",,,
Královéhradecký kraj,Hradec Králové,Hradec Králové,SOŠ a SOU,600170764,Dopravní prostředky,23-45-M/01,,SOŠ,4,24,43,17,1.792,0.708,16,0,4,23,1.0,"místo bylo pro všechny, kdo splnili požadavky školy",44.31,29.0,vypsáno,8,27,8
Královéhradecký kraj,Hradec Králové,Hradec Králové,SOŠ a SOU,600170764,Provoz a ekonomika dopravy,37-41-M/01,,SOŠ,4,30,71,23,2.367,0.767,28,0,8,34,1.0,"místo bylo pro všechny, kdo splnili požadavky školy",46.79,31.0,"nevypsáno, i když obor nebyl naplněn",,,
Královéhradecký kraj,Hradec Králové,Hradec Králové,SOŠ a SOU,600170764,Autotronik,39-41-L/01,,SOU s maturitou,4,24,109,41,4.542,1.708,24,24,10,51,0.5,středně těžké,55.92,44.0,nevypsáno,,,
Královéhradecký kraj,Hradec Králové,Hradec Králové,SOŠ a SOU,600170764,Mechanik instalatérských a elektrotechnických zařízení,39-41-L/02,,SOU s maturitou,4,24,67,18,2.792,0.75,24,2,5,36,0.923,dostala se většina soutěžících uchazečů,44.38,28.0,nevypsáno,,,
Královéhradecký kraj,Hradec Králové,Hradec Králové,SPŠ stavební,600011658,Technická zařízení budov,36-45-M/01,"Teplo, voda, vzduch",SOŠ,4,26,69,17,2.654,0.654,21,0,4,44,1.0,"místo bylo pro všechny, kdo splnili požadavky školy",59.0,29.0,vypsáno,5,9,5
Královéhradecký kraj,Hradec Králové,Hradec Králové,SPŠ stavební,600011658,Stavebnictví,36-47-M/01,,SOŠ,4,90,234,107,2.6,1.189,90,31,16,97,0.744,dostala se většina soutěžících uchazečů,66.34,44.0,nevypsáno,,,
Královéhradecký kraj,Hradec Králové,Hradec Králové,SPŠ stavební,600011658,Technické lyceum,78-42-M/01,Architektura,Lycea,4,30,112,57,3.733,1.9,30,30,10,42,0.5,středně těžké,83.03,69.0,nevypsáno,,,
Královéhradecký kraj,Hradec Králové,Hradec Králové,"SPŠ, SOŠ a SOU",600011828,Průmyslová ekologie,16-02-M/01,,SOŠ,4,30,46,10,1.533,0.333,13,0,6,27,1.0,"místo bylo pro všechny, kdo splnili požadavky školy",47.31,32.0,vypsáno,17,21,4
Královéhradecký kraj,Hradec Králové,Hradec Králové,"SPŠ, SOŠ a SOU",600011828,Informační technologie,18-20-M/01,,SOŠ,4,60,143,39,2.383,0.65,44,0,20,79,1.0,"místo bylo pro všechny, kdo splnili požadavky školy",51.65,30.0,vypsáno,2,4,0
Královéhradecký kraj,Hradec Králové,Hradec Králové,"SPŠ, SOŠ a SOU",600011828,Strojírenství,23-41-M/01,,SOŠ,4,30,45,9,1.5,0.3,9,0,6,30,1.0,"místo bylo pro všechny, kdo splnili požadavky školy",51.22,,vypsáno,6,3,1
Královéhradecký kraj,Hradec Králové,Hradec Králové,"SPŠ, SOŠ a SOU",600011828,Mechanik seřizovač,23-45-L/01,,SOU s maturitou,4,30,30,8,1.0,0.267,6,0,5,19,1.0,"místo bylo pro všechny, kdo splnili požadavky školy",45.67,,vypsáno,6,3,0
Královéhradecký kraj,Hradec Králové,Hradec Králové,"SPŠ, SOŠ a SOU",600011828,Mechanik elektrotechnik,26-41-L/01,,SOU s maturitou,4,30,99,32,3.3,1.067,30,1,15,53,0.968,dostala se většina soutěžících uchazečů,50.63,34.0,nevypsáno,,,
Královéhradecký kraj,Hradec Králové,Hradec Králové,"SPŠ, SOŠ a SOU",600011828,Provozní elektrotechnika,26-41-L/52,,Nástavby,2,20,56,41,2.8,2.05,20,2,28,6,0.909,dostala se většina soutěžících uchazečů,42.85,26.0,nevypsáno,,,
Královéhradecký kraj,Hradec Králové,Hradec Králové,"SPŠ, SOŠ a SOU",600011828,Elektrotechnika,26-41-M/01,,SOŠ,4,30,112,32,3.733,1.067,29,3,17,62,0.906,dostala se většina soutěžících uchazečů,53.55,33.0,"nevypsáno, i když obor nebyl naplněn",,,
Královéhradecký kraj,Hradec Králové,Hradec Králové,"SPŠ, SOŠ a SOU",600011828,Informační služby,72-41-M/01,,SOŠ,4,30,69,13,2.3,0.433,14,0,13,41,1.0,"místo bylo pro všechny, kdo splnili požadavky školy",45.69,32.0,vypsáno,15,29,7
Královéhradecký kraj,Hradec Králové,Hradec Králové,Střední odborná škola veterinární,600011801,Veterinářství,43-41-M/01,,SOŠ,4,90,250,126,2.778,1.4,90,67,2,91,0.573,středně těžké,62.12,48.0,nevypsáno,,,
Královéhradecký kraj,Hradec Králové,Hradec Králové,SŠ Sion High School,691004048,Předškolní a mimoškolní pedagogika,75-31-M/01,,SOŠ,4,30,60,31,2.0,1.033,29,9,3,18,0.763,dostala se většina soutěžících uchazečů,43.83,24.0,"nevypsáno, i když obor nebyl naplněn",,,
Královéhradecký kraj,Hradec Králové,Hradec Králové,SŠ Sion High School,691004048,Pedagogické lyceum,78-42-M/03,,Lycea,4,15,35,6,2.333,0.4,11,0,2,22,1.0,"místo bylo pro všechny, kdo splnili požadavky školy",41.82,23.0,vypsáno,4,7,3
Královéhradecký kraj,Hradec Králové,Hradec Králové,SŠ Sion High School,691004048,Gymnázium,79-41-K/41,,Gymnázia 4letá,4,15,30,5,2.0,0.333,7,0,1,20,1.0,"místo bylo pro všechny, kdo splnili požadavky školy",45.0,,vypsáno,7,9,4
Královéhradecký kraj,Hradec Králové,Hradec Králové,SŠ a VOŠ aplikované kybernetiky s.r.o.,600011631,Informační technologie,18-20-M/01,Programování/počítačové sítě (volba ve 2. ročníku),SOŠ,4,60,52,19,0.867,0.317,20,0,12,19,1.0,"místo bylo pro všechny, kdo splnili požadavky školy",60.95,34.0,vypsáno,12,6,2
Královéhradecký kraj,Hradec Králové,Hradec Králové,"SŠ služeb, obchodu a gastronomie",600011712,Fotograf,34-56-L/01,,SOU s maturitou,4,30,56,14,1.867,0.467,13,0,23,20,1.0,"místo bylo pro všechny, kdo splnili požadavky školy",38.54,26.0,vypsáno,12,21,5
Královéhradecký kraj,Hradec Králové,Hradec Králové,"SŠ služeb, obchodu a gastronomie",600011712,Ekonomika a podnikání,63-41-M/01,Sportovní management,SOŠ,4,30,172,64,5.733,2.133,30,33,56,53,0.476,těžké,59.2,43.0,nevypsáno,,,
Královéhradecký kraj,Hradec Králové,Hradec Králové,"SŠ služeb, obchodu a gastronomie",600011712,Podnikání,64-41-L/51,denní studium,Nástavby,2,30,216,104,7.2,3.467,29,66,68,52,0.305,velmi těžké,44.14,30.0,"nevypsáno, i když obor nebyl naplněn",,,
Královéhradecký kraj,Hradec Králové,Hradec Králové,"SŠ služeb, obchodu a gastronomie",600011712,Hotelnictví,65-42-M/01,Hotelnictví a cestovní ruch,SOŠ,4,30,146,39,4.867,1.3,30,1,77,38,0.968,dostala se většina soutěžících uchazečů,46.77,26.0,nevypsáno,,,
Královéhradecký kraj,Hradec Králové,Hradec Králové,"SŠ služeb, obchodu a gastronomie",600011712,Kosmetické služby,69-41-L/01,Kosmetička,SOU s maturitou,4,30,164,60,5.467,2.0,30,20,65,49,0.6,středně těžké,42.17,27.0,nevypsáno,,,
Královéhradecký kraj,Hradec Králové,Hradec Králové,VOŠ zdravotnická a Střední zdrav. škola,600019772,Praktická sestra,53-41-M/03,,SOŠ,4,90,246,108,2.733,1.2,89,60,9,87,0.597,středně těžké,56.64,40.0,"nevypsáno, i když obor nebyl naplněn",,,
Královéhradecký kraj,Hradec Králové,Hradec Králové,VOŠ zdravotnická a Střední zdrav. škola,600019772,Asistent zubního technika,53-44-M/03,,SOŠ,4,30,109,72,3.633,2.4,30,23,43,13,0.566,středně těžké,58.23,42.0,nevypsáno,,,
Královéhradecký kraj,Hradec Králové,Hradec Králové,VOŠ zdravotnická a Střední zdrav. škola,600019772,Zdravotnické lyceum,78-42-M/04,,Lycea,4,60,251,112,4.183,1.867,60,95,6,90,0.387,těžké,72.22,65.0,nevypsáno,,,
Královéhradecký kraj,Hradec Králové,Hradec Králové,"VOŠ, SŠ, ZŠ a MŠ",600024016,Nábytkářská a dřevařská výroba,33-42-L/51,Nábytkářská a dřevařská výroba,Nástavby,2,6,6,5,1.0,0.833,4,0,2,0,1.0,"místo bylo pro všechny, kdo splnili požadavky školy",32.25,,vypsáno,2,0,0
Královéhradecký kraj,Hradec Králové,Hradec Králové,"VOŠ, SŠ, ZŠ a MŠ",600024016,Reprodukční grafik pro média,34-53-L/01,Reprodukční grafik pro média,SOU s maturitou,4,7,11,5,1.571,0.714,5,0,3,3,1.0,"místo bylo pro všechny, kdo splnili požadavky školy",31.75,,vypsáno,2,0,0
Královéhradecký kraj,Hradec Králové,Hradec Králové,"VOŠ, SŠ, ZŠ a MŠ",600024016,Podnikání,64-41-L/51,Podnikání,Nástavby,2,4,7,3,1.75,0.75,3,0,1,3,1.0,"místo bylo pro všechny, kdo splnili požadavky školy",38.33,,vypsáno,1,4,0
Královéhradecký kraj,Hradec Králové,Hradec Králové,"VOŠ, SŠ, ZŠ a MŠ",600024016,Předškolní a mimoškolní pedagogika,75-31-M/01,Předškolní a mimoškolní pedagogika,SOŠ,4,6,7,3,1.167,0.5,3,0,2,2,1.0,"místo bylo pro všechny, kdo splnili požadavky školy",54.0,,vypsáno,3,2,0
Královéhradecký kraj,Náchod,Hronov,Střední prům. škola Otty Wichterleho,691012431,Strojírenství,23-41-M/01,CNC technika a robotika ve výrobních procesech,SOŠ,4,24,34,8,1.417,0.333,13,0,1,20,1.0,"místo bylo pro všechny, kdo splnili požadavky školy",42.77,29.0,vypsáno,11,7,3
Královéhradecký kraj,Náchod,Hronov,Střední prům. škola Otty Wichterleho,691012431,Elektrotechnika,26-41-M/01,Automatizace a řízení,SOŠ,4,24,75,29,3.125,1.208,24,15,0,36,0.615,středně těžké,51.29,33.0,nevypsáno,,,
Královéhradecký kraj,Náchod,Hronov,Střední prům. škola Otty Wichterleho,691012431,Reprodukční grafik pro média,34-53-L/01,Reprodukční grafik,SOU s maturitou,4,28,52,13,1.857,0.464,15,0,4,33,1.0,"místo bylo pro všechny, kdo splnili požadavky školy",34.67,23.0,vypsáno,13,10,6
Královéhradecký kraj,Náchod,Hronov,Střední prům. škola Otty Wichterleho,691012431,Podnikání,64-41-L/51,Podnikání,Nástavby,2,30,80,45,2.667,1.5,30,28,2,20,0.517,středně těžké,35.57,17.0,nevypsáno,,,
Královéhradecký kraj,Trutnov,Janské Lázně,Střední škola Olgy Havlové,600024687,Obchodní akademie,63-41-M/02,,SOŠ,4,8,9,4,1.125,0.5,3,0,1,5,1.0,"místo bylo pro všechny, kdo splnili požadavky školy",29.67,,vypsáno,5,2,1
Královéhradecký kraj,Trutnov,Janské Lázně,Střední škola Olgy Havlové,600024687,Sociální činnost,75-41-M/01,,SOŠ,4,8,10,4,1.25,0.5,4,0,2,4,1.0,"místo bylo pro všechny, kdo splnili požadavky školy",42.25,,vypsáno,4,2,2
Královéhradecký kraj,Náchod,Jaroměř,Gymnázium Jaroslava Žáka,600012123,Gymnázium,79-41-K/41,,Gymnázia 4letá,4,30,135,31,4.5,1.033,30,11,3,91,0.732,dostala se většina soutěžících uchazečů,70.97,55.0,nevypsáno,,,
Královéhradecký kraj,Náchod,Jaroměř,Gymnázium Jaroslava Žáka,600012123,Gymnázium,79-41-K/81,,Gymnázia 8letá,8,33,101,49,3.061,1.485,28,34,11,23,0.452,těžké,58.96,47.0,"nevypsáno, i když obor nebyl naplněn",,,
Královéhradecký kraj,Jičín,Jičín,Lepařovo gymnázium,600011992,Gymnázium,79-41-K/41,,Gymnázia 4letá,4,60,123,62,2.05,1.033,60,7,0,56,0.896,dostala se většina soutěžících uchazečů,70.23,50.0,nevypsáno,,,
Královéhradecký kraj,Jičín,Jičín,Lepařovo gymnázium,600011992,Gymnázium,79-41-K/61,,Gymnázia 6letá,6,30,87,72,2.9,2.4,30,46,7,4,0.395,těžké,63.83,50.0,nevypsáno,,,
Královéhradecký kraj,Jičín,Jičín,Lepařovo gymnázium,600011992,Gymnázium se sportovní přípravou,79-42-K/41,,Gymnázia 4letá,4,20,30,18,1.5,0.9,20,0,1,9,1.0,"místo bylo pro všechny, kdo splnili požadavky školy",58.35,31.0,nevypsáno,,,
Královéhradecký kraj,Jičín,Jičín,Masarykova obchodní akademie,600012000,Informační technologie,18-20-M/01,Informatika a management,SOŠ,4,24,57,19,2.375,0.792,21,0,6,30,1.0,"místo bylo pro všechny, kdo splnili požadavky školy",56.52,35.0,vypsáno,3,6,3
Královéhradecký kraj,Jičín,Jičín,Masarykova obchodní akademie,600012000,Obchodní akademie,63-41-M/02,zaměření na cizí jazyky,SOŠ,4,30,78,26,2.6,0.867,27,0,10,41,1.0,"místo bylo pro všechny, kdo splnili požadavky školy",56.93,36.0,"nevypsáno, i když obor nebyl naplněn",,,
Královéhradecký kraj,Jičín,Jičín,Masarykova obchodní akademie,600012000,Obchodní akademie,63-41-M/02,základní zaměření,SOŠ,4,30,94,32,3.133,1.067,29,1,11,52,0.967,dostala se většina soutěžících uchazečů,59.28,35.0,"nevypsáno, i když obor nebyl naplněn",,,
Královéhradecký kraj,Jičín,Jičín,"Soukr. SŠ podnikatelská - ALTMAN, s.r.o.",600012093,Ekonomika a podnikání,63-41-M/01,"Právní management, Management cestovního ruchu,Firemní management, Finanční management",SOŠ,4,28,65,15,2.321,0.536,20,0,7,38,1.0,"místo bylo pro všechny, kdo splnili požadavky školy",38.84,22.0,"nevypsáno, i když obor nebyl naplněn",,,
Královéhradecký kraj,Jičín,Jičín,"Soukr. SŠ podnikatelská - ALTMAN, s.r.o.",600012093,Podnikání,64-41-L/51,Právní management,Nástavby,2,34,53,30,1.559,0.882,34,2,5,12,0.944,dostala se většina soutěžících uchazečů,37.26,20.0,nevypsáno,,,
Královéhradecký kraj,Jičín,Jičín,Vyšší odborná škola a SPŠ,600012069,Informační technologie,18-20-M/01,,SOŠ,4,60,121,46,2.017,0.767,48,0,12,61,1.0,"místo bylo pro všechny, kdo splnili požadavky školy",53.83,27.0,"nevypsáno, i když obor nebyl naplněn",,,
Královéhradecký kraj,Jičín,Jičín,Vyšší odborná škola a SPŠ,600012069,Strojírenství,23-41-M/01,Programování CNC strojů a mechatronika,SOŠ,4,30,59,19,1.967,0.633,21,0,5,33,1.0,"místo bylo pro všechny, kdo splnili požadavky školy",59.05,28.0,"nevypsáno, i když obor nebyl naplněn",,,
Královéhradecký kraj,Jičín,Jičín,Vyšší odborná škola a SPŠ,600012069,Elektrotechnika,26-41-M/01,,SOŠ,4,26,73,13,2.808,0.5,14,0,2,57,1.0,"místo bylo pro všechny, kdo splnili požadavky školy",55.5,32.0,"nevypsáno, i když obor nebyl naplněn",,,
Královéhradecký kraj,Jičín,Kopidlno,Střední škola zahradnická,600012018,Rostlinolékařství,41-04-M/01,Léčivé rostliny a rostlinolékařství,SOŠ,4,15,21,8,1.4,0.533,6,0,5,9,1.0,"místo bylo pro všechny, kdo splnili požadavky školy",41.0,,vypsáno,8,3,1
Královéhradecký kraj,Jičín,Kopidlno,Střední škola zahradnická,600012018,Rybářství,41-43-M/01,Rybářství,SOŠ,4,10,25,7,2.5,0.7,6,0,6,13,1.0,"místo bylo pro všechny, kdo splnili požadavky školy",44.67,,vypsáno,2,1,1
Královéhradecký kraj,Jičín,Kopidlno,Střední škola zahradnická,600012018,Zahradnictví,41-44-M/01,Zahradnictví,SOŠ,4,30,36,13,1.2,0.433,10,0,6,19,1.0,"místo bylo pro všechny, kdo splnili požadavky školy",39.2,27.0,"nevypsáno, i když obor nebyl naplněn",,,
Královéhradecký kraj,Rychnov nad Kněžnou,Kostelec nad Orlicí,Obchodní akademie T. G. Masaryka,600012581,Informační technologie,18-20-M/01,Informatika v ekonomice se zaměřením na podnikání,SOŠ,4,30,56,16,1.867,0.533,17,0,9,29,1.0,"místo bylo pro všechny, kdo splnili požadavky školy",57.18,44.0,vypsáno,10,12,5
Královéhradecký kraj,Rychnov nad Kněžnou,Kostelec nad Orlicí,Obchodní akademie T. G. Masaryka,600012581,Obchodní akademie,63-41-M/02,,SOŠ,4,30,138,31,4.6,1.033,30,10,19,79,0.75,dostala se většina soutěžících uchazečů,55.41,41.0,nevypsáno,,,
Královéhradecký kraj,Rychnov nad Kněžnou,Kostelec nad Orlicí,Obchodní akademie T. G. Masaryka,600012581,Ekonomické lyceum,78-42-M/02,,Lycea,4,30,108,37,3.6,1.233,30,14,5,59,0.682,dostala se většina soutěžících uchazečů,64.24,50.0,nevypsáno,,,
Královéhradecký kraj,Rychnov nad Kněžnou,Kostelec nad Orlicí,SZŠ a SOU chladicí a klimat. techniky,600012573,Mechanik elektrotechnik,26-41-L/01,Elektromechanik pro zaříření a přístroje,SOU s maturitou,4,12,42,18,3.5,1.5,11,16,1,13,0.407,těžké,46.64,33.0,"nevypsáno, i když obor nebyl naplněn",,,
Královéhradecký kraj,Rychnov nad Kněžnou,Kostelec nad Orlicí,SZŠ a SOU chladicí a klimat. techniky,600012573,Agropodnikání,41-41-M/01,,SOŠ,4,30,74,29,2.467,0.967,30,10,2,32,0.75,dostala se většina soutěžících uchazečů,41.45,17.0,nevypsáno,,,
Královéhradecký kraj,Trutnov,Malé Svatoňovice,"Bezpečnostně právní akademie, stř. škola",651014271,Bezpečnostně právní činnost,68-42-M/01,Malé Svatoňovice,SOŠ,4,60,104,58,1.733,0.967,55,0,20,29,1.0,"místo bylo pro všechny, kdo splnili požadavky školy",45.59,18.0,"nevypsáno, i když obor nebyl naplněn",,,
Královéhradecký kraj,Trutnov,Malé Svatoňovice,"Bezpečnostně právní akademie, stř. škola",651014271,Bezpečnostně právní činnost,68-42-M/01,Praha,SOŠ,4,60,226,83,3.767,1.383,63,62,39,65,0.504,středně těžké,58.37,40.0,nevypsáno,,,
Královéhradecký kraj,Jičín,Nová Paka,Gymnázium a SOŠ pedagogická,600012026,Předškolní a mimoškolní pedagogika,75-31-M/01,,SOŠ,4,30,74,41,2.467,1.367,30,1,26,17,0.968,dostala se většina soutěžících uchazečů,51.3,27.0,nevypsáno,,,
Královéhradecký kraj,Jičín,Nová Paka,Gymnázium a SOŠ pedagogická,600012026,Pedagogické lyceum,78-42-M/03,,Lycea,4,30,73,22,2.433,0.733,20,0,17,36,1.0,"místo bylo pro všechny, kdo splnili požadavky školy",59.6,46.0,vypsáno,10,17,10
Královéhradecký kraj,Jičín,Nová Paka,Gymnázium a SOŠ pedagogická,600012026,Gymnázium,79-41-K/41,,Gymnázia 4letá,4,30,90,10,3.0,0.333,11,0,17,62,1.0,"místo bylo pro všechny, kdo splnili požadavky školy",70.27,55.0,vypsáno,15,20,10
Královéhradecký kraj,Jičín,Nová Paka,První technické lyceum Nová Paka – SŠ s.r.o.,691018871,Technické lyceum,78-42-M/01,,Lycea,4,15,20,14,1.333,0.933,13,0,1,6,1.0,"místo bylo pro všechny, kdo splnili požadavky školy",59.54,39.0,vypsáno,2,1,0
Královéhradecký kraj,Jičín,Nová Paka,Střední škola gastronomie a služeb,600170802,Podnikání,64-41-L/51,Podnikání,Nástavby,2,30,77,30,2.567,1.0,30,2,17,28,0.938,dostala se většina soutěžících uchazečů,36.2,21.0,nevypsáno,,,
Královéhradecký kraj,Jičín,Nová Paka,Střední škola gastronomie a služeb,600170802,Hotelnictví,65-42-M/01,Hotelnictví a turismus,SOŠ,4,30,72,14,2.4,0.467,24,0,2,46,1.0,"místo bylo pro všechny, kdo splnili požadavky školy",36.86,16.0,vypsáno,6,10,4
Královéhradecký kraj,Jičín,Nová Paka,SŠ strojírenská a elektrotechnická,691012512,Mechanik strojů a zařízení,23-44-L/01,Strojní mechanik,SOU s maturitou,4,25,33,7,1.32,0.28,9,0,5,17,1.0,"místo bylo pro všechny, kdo splnili požadavky školy",35.22,,"nevypsáno, i když obor nebyl naplněn",,,
Královéhradecký kraj,Jičín,Nová Paka,SŠ strojírenská a elektrotechnická,691012512,Mechanik elektrotechnik,26-41-L/01,Elektrikář,SOU s maturitou,4,40,73,34,1.825,0.85,38,0,2,33,1.0,"místo bylo pro všechny, kdo splnili požadavky školy",45.58,14.0,"nevypsáno, i když obor nebyl naplněn",,,
Královéhradecký kraj,Náchod,Nové Město nad Metují,"SPŠ, Odborná škola a Základní škola",600024211,Informační technologie,18-20-M/01,Aplikace počítačů v technice a robotice,SOŠ,4,15,19,3,1.267,0.2,5,0,1,13,1.0,"místo bylo pro všechny, kdo splnili požadavky školy",28.0,,vypsáno,10,2,0
Královéhradecký kraj,Náchod,Nové Město nad Metují,"SPŠ, Odborná škola a Základní škola",600024211,Informační technologie,18-20-M/01,Počítačový design a reklama,SOŠ,4,15,31,3,2.067,0.2,2,0,6,23,1.0,"místo bylo pro všechny, kdo splnili požadavky školy",43.0,,vypsáno,13,8,2
Královéhradecký kraj,Náchod,Nové Město nad Metují,"SPŠ, Odborná škola a Základní škola",600024211,Strojírenství,23-41-M/01,Management ve strojírenství,SOŠ,4,15,5,0,0.333,0.0,0,0,0,5,,"místo bylo pro všechny, kdo splnili požadavky školy",,,vypsáno,15,1,0
Královéhradecký kraj,Náchod,Nové Město nad Metují,"SPŠ, Odborná škola a Základní škola",600024211,Strojírenství,23-41-M/01,Průmyslová automatizace a robotika,SOŠ,4,15,11,3,0.733,0.2,3,0,0,8,1.0,"místo bylo pro všechny, kdo splnili požadavky školy",51.67,,vypsáno,12,1,0
Královéhradecký kraj,Náchod,Nové Město nad Metují,"SPŠ, Odborná škola a Základní škola",600024211,Mechanik seřizovač,23-45-L/01,,SOU s maturitou,4,12,7,1,0.583,0.083,1,0,1,5,1.0,"místo bylo pro všechny, kdo splnili požadavky školy",42.0,,"nevypsáno, i když obor nebyl naplněn",,,
Královéhradecký kraj,Náchod,Nové Město nad Metují,"SPŠ, Odborná škola a Základní škola",600024211,Kosmetické služby,69-41-L/01,,SOU s maturitou,4,12,52,14,4.333,1.167,12,0,19,21,1.0,"místo bylo pro všechny, kdo splnili požadavky školy",34.83,23.0,nevypsáno,,,
Královéhradecký kraj,Hradec Králové,Nový Bydžov,"Gymnázium, SOŠ a VOŠ",600011682,Ekonomika a podnikání,63-41-M/01,ŠVP Management sportu a ŠVP Ekonomika a finanční služby,SOŠ,4,56,164,60,2.929,1.071,55,23,0,85,0.705,dostala se většina soutěžících uchazečů,50.87,27.0,"nevypsáno, i když obor nebyl naplněn",,,
Královéhradecký kraj,Hradec Králové,Nový Bydžov,"Gymnázium, SOŠ a VOŠ",600011682,Gymnázium,79-41-K/41,,Gymnázia 4letá,4,30,74,26,2.467,0.867,30,1,0,43,0.968,dostala se většina soutěžících uchazečů,61.2,37.0,nevypsáno,,,
Královéhradecký kraj,Hradec Králové,Nový Bydžov,"Gymnázium, SOŠ a VOŠ",600011682,Gymnázium,79-41-K/61,,Gymnázia 6letá,6,30,105,46,3.5,1.533,27,45,0,30,0.375,těžké,49.78,35.0,"nevypsáno, i když obor nebyl naplněn",,,
Královéhradecký kraj,Hradec Králové,Nový Bydžov,Střední škola technická a řemeslná,600011763,Provozní technika,23-43-L/51,Diagnostik zemědělské techniky,Nástavby,2,12,18,13,1.5,1.083,12,2,3,1,0.857,dostala se většina soutěžících uchazečů,36.75,18.0,nevypsáno,,,
Královéhradecký kraj,Hradec Králové,Nový Bydžov,Střední škola technická a řemeslná,600011763,Provozní technika,23-43-L/51,Dopravní technik,Nástavby,2,8,36,26,4.5,3.25,8,19,4,5,0.296,velmi těžké,45.25,,nevypsáno,,,
Královéhradecký kraj,Hradec Králové,Nový Bydžov,Střední škola technická a řemeslná,600011763,Dopravní prostředky,23-45-M/01,Operátor silniční dopravy,SOŠ,4,12,13,2,1.083,0.167,6,0,0,7,1.0,"místo bylo pro všechny, kdo splnili požadavky školy",30.17,,vypsáno,4,1,0
Královéhradecký kraj,Hradec Králové,Nový Bydžov,Střední škola technická a řemeslná,600011763,Dopravní prostředky,23-45-M/01,Technik silniční dopravy,SOŠ,4,12,21,8,1.75,0.667,11,0,1,9,1.0,"místo bylo pro všechny, kdo splnili požadavky školy",38.64,24.0,vypsáno,1,0,0
Královéhradecký kraj,Hradec Králové,Nový Bydžov,Střední škola technická a řemeslná,600011763,Technologie potravin,29-41-L/51,Technolog výroby potravin,Nástavby,2,14,25,14,1.786,1.0,14,1,4,6,0.933,dostala se většina soutěžících uchazečů,35.36,27.0,nevypsáno,,,
Královéhradecký kraj,Náchod,Náchod,"ACADEMIA MERCURII soukromá SŠ, s.r.o.",600012271,Cestovní ruch,65-42-M/02,cestovní ruch s rozšířenou výukou anglického jazyka,SOŠ,4,30,96,37,3.2,1.233,30,10,12,44,0.75,dostala se většina soutěžících uchazečů,53.97,33.0,nevypsáno,,,
Královéhradecký kraj,Náchod,Náchod,"ACADEMIA MERCURII soukromá SŠ, s.r.o.",600012271,Ekonomické lyceum,78-42-M/02,Ekonomické lyceum s rozšířenou výukou anglického jazyka,Lycea,4,15,52,13,3.467,0.867,15,3,0,34,0.833,dostala se většina soutěžících uchazečů,58.6,44.0,nevypsáno,,,
Královéhradecký kraj,Náchod,Náchod,"ACADEMIA MERCURII soukromá SŠ, s.r.o.",600012271,Ekonomické lyceum,78-42-M/02,Sportovní management,Lycea,4,15,44,14,2.933,0.933,15,0,4,25,1.0,"místo bylo pro všechny, kdo splnili požadavky školy",46.67,27.0,nevypsáno,,,
Královéhradecký kraj,Náchod,Náchod,Evangelická VOŠ sociální a SZŠ,600012247,Praktická sestra,53-41-M/03,,SOŠ,4,60,110,29,1.833,0.483,39,0,12,59,1.0,"místo bylo pro všechny, kdo splnili požadavky školy",33.77,16.0,vypsáno,21,36,21
Královéhradecký kraj,Náchod,Náchod,Evangelická VOŠ sociální a SZŠ,600012247,Sociální činnost,75-41-M/01,,SOŠ,4,23,62,18,2.696,0.783,19,0,6,37,1.0,"místo bylo pro všechny, kdo splnili požadavky školy",34.42,19.0,vypsáno,4,13,3
Královéhradecký kraj,Náchod,Náchod,Jiráskovo gymnázium,600012115,Gymnázium,79-41-K/41,,Gymnázia 4letá,4,60,129,62,2.15,1.033,60,9,0,60,0.87,dostala se většina soutěžících uchazečů,71.65,52.0,nevypsáno,,,
Královéhradecký kraj,Náchod,Náchod,Jiráskovo gymnázium,600012115,Gymnázium,79-41-K/81,,Gymnázia 8letá,8,60,138,100,2.3,1.667,56,41,16,21,0.577,středně těžké,54.96,39.0,vypsáno,4,16,4
Královéhradecký kraj,Náchod,Náchod,"SPŠ stav. a OA arch. J. Letzela, Náchod",691012415,Informační technologie,18-20-M/01,na podnikání,SOŠ,4,13,40,13,3.077,1.0,8,0,12,20,1.0,"místo bylo pro všechny, kdo splnili požadavky školy",47.12,,vypsáno,5,9,2
Královéhradecký kraj,Náchod,Náchod,"SPŠ stav. a OA arch. J. Letzela, Náchod",691012415,Stavebnictví,36-47-M/01,,SOŠ,4,47,109,40,2.319,0.851,42,0,1,65,1.0,"místo bylo pro všechny, kdo splnili požadavky školy",50.54,20.0,vypsáno,4,5,3
Královéhradecký kraj,Náchod,Náchod,"SPŠ stav. a OA arch. J. Letzela, Náchod",691012415,Obchodní akademie,63-41-M/02,,SOŠ,4,58,163,28,2.81,0.483,32,0,17,112,1.0,"místo bylo pro všechny, kdo splnili požadavky školy",44.47,26.0,vypsáno,24,27,10
Královéhradecký kraj,Rychnov nad Kněžnou,Rychnov nad Kněžnou,Gymnázium Fr. M. Pelcla,600012557,Gymnázium,79-41-K/41,,Gymnázia 4letá,4,60,115,39,1.917,0.65,43,0,5,67,1.0,"místo bylo pro všechny, kdo splnili požadavky školy",64.31,40.0,vypsáno,12,12,7
Královéhradecký kraj,Rychnov nad Kněžnou,Rychnov nad Kněžnou,Gymnázium Fr. M. Pelcla,600012557,Gymnázium,79-41-K/81,,Gymnázia 8letá,8,30,67,49,2.233,1.633,29,11,17,9,0.725,dostala se většina soutěžících uchazečů,56.41,39.0,"nevypsáno, i když obor nebyl naplněn",,,
Královéhradecký kraj,Rychnov nad Kněžnou,Rychnov nad Kněžnou,VOŠ a SPŠ,691000107,Strojírenství,23-41-M/01,,SOŠ,4,20,37,11,1.85,0.55,12,0,0,25,1.0,"místo bylo pro všechny, kdo splnili požadavky školy",52.42,35.0,vypsáno,4,1,0
Královéhradecký kraj,Rychnov nad Kněžnou,Rychnov nad Kněžnou,VOŠ a SPŠ,691000107,Strojírenství,23-41-M/01,Technická administrativa,SOŠ,4,12,15,6,1.25,0.5,8,0,1,6,1.0,"místo bylo pro všechny, kdo splnili požadavky školy",37.5,,vypsáno,4,6,1
Královéhradecký kraj,Rychnov nad Kněžnou,Rychnov nad Kněžnou,VOŠ a SPŠ,691000107,Autotronik,39-41-L/01,(Autoelektrikář),SOU s maturitou,4,30,56,27,1.867,0.9,30,4,0,22,0.882,dostala se většina soutěžících uchazečů,38.57,17.0,nevypsáno,,,
Královéhradecký kraj,Rychnov nad Kněžnou,Rychnov nad Kněžnou,VOŠ a SPŠ,691000107,Technické lyceum,78-42-M/01,,Lycea,4,15,26,3,1.733,0.2,5,0,0,21,1.0,"místo bylo pro všechny, kdo splnili požadavky školy",52.2,,vypsáno,5,4,3
Královéhradecký kraj,Trutnov,Trutnov,Gymnázium,600012875,Gymnázium,79-41-K/41,všeobecné,Gymnázia 4letá,4,60,163,90,2.717,1.5,60,34,1,68,0.638,středně těžké,76.51,64.0,nevypsáno,,,
Královéhradecký kraj,Trutnov,Trutnov,Gymnázium,600012875,Gymnázium,79-41-K/81,všeobecné,Gymnázia 8letá,8,30,84,60,2.8,2.0,26,24,14,16,0.52,středně těžké,59.35,45.0,"nevypsáno, i když obor nebyl naplněn",,,
Královéhradecký kraj,Trutnov,Trutnov,Gymnázium,600012875,Gymnázium se sportovní přípravou,79-42-K/41,,Gymnázia 4letá,4,30,28,11,0.933,0.367,14,0,4,10,1.0,"místo bylo pro všechny, kdo splnili požadavky školy",58.64,42.0,vypsáno,12,6,1
Královéhradecký kraj,Trutnov,Trutnov,Střední průmyslová škola,610200381,Informační technologie,18-20-M/01,elektronické počítačové systémy,SOŠ,4,30,74,24,2.467,0.8,24,0,4,46,1.0,"místo bylo pro všechny, kdo splnili požadavky školy",53.62,25.0,"nevypsáno, i když obor nebyl naplněn",,,
Královéhradecký kraj,Trutnov,Trutnov,Střední průmyslová škola,610200381,Informační technologie,18-20-M/01,informatika a management,SOŠ,4,30,81,25,2.7,0.833,29,0,4,47,1.0,"místo bylo pro všechny, kdo splnili požadavky školy",53.72,29.0,"nevypsáno, i když obor nebyl naplněn",,,
Královéhradecký kraj,Trutnov,Trutnov,Střední průmyslová škola,610200381,Strojírenství,23-41-M/01,strojírenství – počítačová grafika,SOŠ,4,30,53,11,1.767,0.367,15,0,0,38,1.0,"místo bylo pro všechny, kdo splnili požadavky školy",46.93,22.0,vypsáno,15,4,0
Královéhradecký kraj,Trutnov,Trutnov,Střední průmyslová škola,610200381,Elektrotechnika,26-41-M/01,slaboproudá elektrotechnika,SOŠ,4,30,85,38,2.833,1.267,30,10,7,38,0.75,dostala se většina soutěžících uchazečů,55.47,26.0,nevypsáno,,,
Královéhradecký kraj,Trutnov,Trutnov,"SŠ hotelnictví, řemesel a gastronomie",691012440,Gastronomie,65-41-L/51,,Nástavby,2,30,14,8,0.467,0.267,8,0,3,3,1.0,"místo bylo pro všechny, kdo splnili požadavky školy",29.5,,vypsáno,22,2,1
Královéhradecký kraj,Trutnov,Trutnov,"SŠ hotelnictví, řemesel a gastronomie",691012440,Hotelnictví,65-42-M/01,,SOŠ,4,30,47,10,1.567,0.333,12,0,5,29,1.0,"místo bylo pro všechny, kdo splnili požadavky školy",38.17,24.0,vypsáno,17,10,1
Královéhradecký kraj,Trutnov,Trutnov,"VOŠ zdrav., Střední zdrav. škola a OA",600019829,Nutriční asistent,53-41-M/02,Nutriční asistent,SOŠ,4,14,27,14,1.929,1.0,13,0,1,12,1.0,"místo bylo pro všechny, kdo splnili požadavky školy",47.08,32.0,"nevypsáno, i když obor nebyl naplněn",,,
Královéhradecký kraj,Trutnov,Trutnov,"VOŠ zdrav., Střední zdrav. škola a OA",600019829,Praktická sestra,53-41-M/03,Praktická sestra v Trutnově,SOŠ,4,60,118,41,1.967,0.683,50,0,5,62,1.0,"místo bylo pro všechny, kdo splnili požadavky školy",45.25,25.0,"nevypsáno, i když obor nebyl naplněn",,,
Královéhradecký kraj,Trutnov,Trutnov,"VOŠ zdrav., Střední zdrav. škola a OA",600019829,Praktická sestra,53-41-M/03,Praktická sestra v Červeném Kostelci,SOŠ,4,30,82,29,2.733,0.967,29,0,5,48,1.0,"místo bylo pro všechny, kdo splnili požadavky školy",47.1,24.0,"nevypsáno, i když obor nebyl naplněn",,,
Královéhradecký kraj,Trutnov,Trutnov,"VOŠ zdrav., Střední zdrav. škola a OA",600019829,Masér ve zdravotnictví,53-41-M/04,Masér ve zdravotnictví,SOŠ,4,16,40,13,2.5,0.812,16,0,8,16,1.0,"místo bylo pro všechny, kdo splnili požadavky školy",44.44,26.0,nevypsáno,,,
Královéhradecký kraj,Trutnov,Trutnov,"VOŠ zdrav., Střední zdrav. škola a OA",600019829,Obchodní akademie,63-41-M/02,Obchodní akademie,SOŠ,4,60,161,60,2.683,1.0,59,10,9,82,0.855,dostala se většina soutěžících uchazečů,58.8,43.0,"nevypsáno, i když obor nebyl naplněn",,,
Královéhradecký kraj,Trutnov,Trutnov,"VOŠ zdrav., Střední zdrav. škola a OA",600019829,Zdravotnické lyceum,78-42-M/04,Promedicus,Lycea,4,30,102,33,3.4,1.1,30,16,3,53,0.652,středně těžké,61.07,50.0,nevypsáno,,,
Královéhradecký kraj,Trutnov,Trutnov,Čes. lesn. akademie Trutnov  - SŠ a VOŠ,600012905,Mechanizace a služby,41-45-M/01,,SOŠ,4,26,43,11,1.654,0.423,12,0,1,30,1.0,"místo bylo pro všechny, kdo splnili požadavky školy",39.55,11.0,vypsáno,9,4,1
Královéhradecký kraj,Trutnov,Trutnov,Čes. lesn. akademie Trutnov  - SŠ a VOŠ,600012905,Lesnictví,41-46-M/01,,SOŠ,4,52,124,65,2.385,1.25,52,19,1,52,0.732,dostala se většina soutěžících uchazečů,54.62,31.0,nevypsáno,,,
Královéhradecký kraj,Trutnov,Trutnov,Čes. lesn. akademie Trutnov  - SŠ a VOŠ,600012905,Přírodovědné lyceum,78-42-M/05,,Lycea,4,26,58,10,2.231,0.385,15,0,0,43,1.0,"místo bylo pro všechny, kdo splnili požadavky školy",58.93,25.0,vypsáno,9,1,0
Královéhradecký kraj,Hradec Králové,Třebechovice pod Orebem,TRIVIS-Střední škola veřejnoprávní s.r.o,651014646,Bezpečnostně právní činnost,68-42-M/01,,SOŠ,4,58,144,62,2.483,1.069,58,28,1,57,0.674,dostala se většina soutěžících uchazečů,50.78,32.0,nevypsáno,,,
Královéhradecký kraj,Trutnov,Vrchlabí,Krkonošské gymnázium a Střední odborná škola,600012891,Sociální činnost,75-41-M/01,,SOŠ,4,30,42,14,1.4,0.467,18,0,1,22,1.0,"místo bylo pro všechny, kdo splnili požadavky školy",30.39,5.0,vypsáno,11,10,4
Královéhradecký kraj,Trutnov,Vrchlabí,Krkonošské gymnázium a Střední odborná škola,600012891,Gymnázium,79-41-K/41,ŠVP Hostinné,Gymnázia 4letá,4,15,27,5,1.8,0.333,5,0,4,18,1.0,"místo bylo pro všechny, kdo splnili požadavky školy",49.8,,vypsáno,9,6,2
Královéhradecký kraj,Trutnov,Vrchlabí,Krkonošské gymnázium a Střední odborná škola,600012891,Gymnázium,79-41-K/41,ŠVP Vrchlabí,Gymnázia 4letá,4,30,94,39,3.133,1.3,29,12,7,45,0.707,dostala se většina soutěžících uchazečů,64.17,49.0,"nevypsáno, i když obor nebyl naplněn",,,
Královéhradecký kraj,Trutnov,Vrchlabí,Krkonošské gymnázium a Střední odborná škola,600012891,Gymnázium,79-41-K/81,,Gymnázia 8letá,8,30,78,61,2.6,2.033,29,22,14,12,0.569,středně těžké,65.1,49.0,"nevypsáno, i když obor nebyl naplněn",,,
Královéhradecký kraj,Trutnov,Úpice,Městské gymnázium a SOŠ,691002142,Veřejnosprávní činnost,68-43-M/01,,SOŠ,4,30,42,15,1.4,0.5,20,0,4,17,1.0,"místo bylo pro všechny, kdo splnili požadavky školy",37.65,16.0,"nevypsáno, i když obor nebyl naplněn",,,
Královéhradecký kraj,Trutnov,Úpice,Městské gymnázium a SOŠ,691002142,Gymnázium,79-41-K/41,,Gymnázia 4letá,4,15,53,2,3.533,0.133,7,0,2,44,1.0,"místo bylo pro všechny, kdo splnili požadavky školy",49.0,,vypsáno,10,5,1
Královéhradecký kraj,Trutnov,Úpice,Městské gymnázium a SOŠ,691002142,Gymnázium,79-41-K/81,,Gymnázia 8letá,8,30,53,24,1.767,0.8,20,0,15,17,1.0,"místo bylo pro všechny, kdo splnili požadavky školy",34.35,24.0,vypsáno,9,28,9
Liberecký kraj,Liberec,Frýdlant,"Gymnázium, příspěvková organizace",600010511,Gymnázium,79-41-K/81,,Gymnázia 8letá,8,30,61,47,2.033,1.567,29,19,4,8,0.604,středně těžké,45.17,30.0,"nevypsáno, i když obor nebyl naplněn",,,
Liberecký kraj,Liberec,Frýdlant,"SŠ hospod.a les.,příspěvková organizace",600010678,Agropodnikání,41-41-M/01,,SOŠ,4,22,27,11,1.227,0.5,10,0,4,13,1.0,"místo bylo pro všechny, kdo splnili požadavky školy",59.4,43.0,vypsáno,6,10,5
Liberecký kraj,Liberec,Frýdlant,"SŠ hospod.a les.,příspěvková organizace",600010678,Veterinářství,43-41-M/01,,SOŠ,4,22,66,21,3.0,0.955,22,0,21,23,1.0,"místo bylo pro všechny, kdo splnili požadavky školy",49.45,35.0,nevypsáno,,,
Liberecký kraj,Liberec,Frýdlant,"SŠ hospod.a les.,příspěvková organizace",600010678,Obchodní akademie,63-41-M/02,,SOŠ,4,15,63,8,4.2,0.533,8,0,23,31,1.0,"místo bylo pro všechny, kdo splnili požadavky školy",49.12,,vypsáno,9,43,8
Liberecký kraj,Liberec,Frýdlant,"SŠ hospod.a les.,příspěvková organizace",600010678,Podnikání,64-41-L/51,,Nástavby,2,22,61,18,2.773,0.818,21,0,26,14,1.0,"místo bylo pro všechny, kdo splnili požadavky školy",31.95,22.0,"nevypsáno, i když obor nebyl naplněn",,,
Liberecký kraj,Liberec,Frýdlant,"SŠ hospod.a les.,příspěvková organizace",600010678,Sociální činnost,75-41-M/01,,SOŠ,4,15,35,9,2.333,0.6,5,0,19,11,1.0,"místo bylo pro všechny, kdo splnili požadavky školy",38.6,,vypsáno,8,28,8
Liberecký kraj,Liberec,Frýdlant,"SŠ hospod.a les.,příspěvková organizace",600010678,Přírodovědné lyceum,78-42-M/05,,Lycea,4,22,34,6,1.545,0.273,7,0,9,17,1.0,"místo bylo pro všechny, kdo splnili požadavky školy",58.29,,vypsáno,12,12,4
Liberecký kraj,Liberec,Hejnice,SŠPaSP a SZŠ Jana Blahoslava,691014701,Veřejnosprávní činnost,68-43-M/01,,SOŠ,4,30,83,27,2.767,0.9,30,12,2,39,0.714,dostala se většina soutěžících uchazečů,47.71,32.0,nevypsáno,,,
Liberecký kraj,Liberec,Hejnice,SŠPaSP a SZŠ Jana Blahoslava,691014701,Předškolní a mimoškolní pedagogika,75-31-M/01,,SOŠ,4,30,120,71,4.0,2.367,31,56,6,28,0.356,těžké,57.42,42.0,nevypsáno,,,
Liberecký kraj,Jablonec nad Nisou,Jablonec nad Nisou,"Gymnázium Dr. A. Randy, přísp. org.",600171744,Gymnázium,79-41-K/41,,Gymnázia 4letá,4,30,128,53,4.267,1.767,30,31,0,67,0.492,těžké,82.83,74.0,nevypsáno,,,
Liberecký kraj,Jablonec nad Nisou,Jablonec nad Nisou,"Gymnázium Dr. A. Randy, přísp. org.",600171744,Gymnázium,79-41-K/81,,Gymnázia 8letá,8,30,105,67,3.5,2.233,27,58,1,16,0.318,velmi těžké,66.52,56.0,"nevypsáno, i když obor nebyl naplněn",,,
Liberecký kraj,Jablonec nad Nisou,Jablonec nad Nisou,"Gymnázium Dr. A. Randy, přísp. org.",600171744,Gymnázium se sportovní přípravou,79-42-K/41,atletika,Gymnázia 4letá,4,6,20,9,3.333,1.5,6,2,7,5,0.75,dostala se většina soutěžících uchazečů,74.67,,nevypsáno,,,
Liberecký kraj,Jablonec nad Nisou,Jablonec nad Nisou,"Gymnázium Dr. A. Randy, přísp. org.",600171744,Gymnázium se sportovní přípravou,79-42-K/41,basketbal - dívky,Gymnázia 4letá,4,4,2,2,0.5,0.5,2,0,0,0,1.0,"místo bylo pro všechny, kdo splnili požadavky školy",55.5,,"nevypsáno, i když obor nebyl naplněn",,,
Liberecký kraj,Jablonec nad Nisou,Jablonec nad Nisou,"Gymnázium Dr. A. Randy, přísp. org.",600171744,Gymnázium se sportovní přípravou,79-42-K/41,biatlon,Gymnázia 4letá,4,3,6,3,2.0,1.0,3,0,1,2,1.0,"místo bylo pro všechny, kdo splnili požadavky školy",60.0,,nevypsáno,,,
Liberecký kraj,Jablonec nad Nisou,Jablonec nad Nisou,"Gymnázium Dr. A. Randy, přísp. org.",600171744,Gymnázium se sportovní přípravou,79-42-K/41,běžecké lyžování,Gymnázia 4letá,4,2,8,0,4.0,0.0,0,0,2,6,,"místo bylo pro všechny, kdo splnili požadavky školy",,,vypsáno,1,1,0
Liberecký kraj,Jablonec nad Nisou,Jablonec nad Nisou,"Gymnázium Dr. A. Randy, přísp. org.",600171744,Gymnázium se sportovní přípravou,79-42-K/41,cyklistika,Gymnázia 4letá,4,7,8,5,1.143,0.714,5,0,1,2,1.0,"místo bylo pro všechny, kdo splnili požadavky školy",71.2,,"nevypsáno, i když obor nebyl naplněn",,,
Liberecký kraj,Jablonec nad Nisou,Jablonec nad Nisou,"Gymnázium Dr. A. Randy, přísp. org.",600171744,Gymnázium se sportovní přípravou,79-42-K/41,skikros,Gymnázia 4letá,4,4,4,3,1.0,0.75,2,0,1,1,1.0,"místo bylo pro všechny, kdo splnili požadavky školy",49.0,,vypsáno,1,1,1
Liberecký kraj,Jablonec nad Nisou,Jablonec nad Nisou,"Gymnázium Dr. A. Randy, přísp. org.",600171744,Gymnázium se sportovní přípravou,79-42-K/41,tenis,Gymnázia 4letá,4,2,2,1,1.0,0.5,1,0,1,0,1.0,"místo bylo pro všechny, kdo splnili požadavky školy",50.0,,"nevypsáno, i když obor nebyl naplněn",,,
Liberecký kraj,Jablonec nad Nisou,Jablonec nad Nisou,"Gymnázium Dr. A. Randy, přísp. org.",600171744,Gymnázium se sportovní přípravou,79-42-K/41,volejbal - dívky,Gymnázia 4letá,4,6,8,7,1.333,1.167,6,0,2,0,1.0,"místo bylo pro všechny, kdo splnili požadavky školy",71.67,,nevypsáno,,,
Liberecký kraj,Jablonec nad Nisou,Jablonec nad Nisou,"Gymnázium, příspěvková organizace",600010449,Gymnázium,79-41-K/41,,Gymnázia 4letá,4,60,127,49,2.117,0.817,59,6,0,61,0.908,dostala se většina soutěžících uchazečů,73.31,51.0,"nevypsáno, i když obor nebyl naplněn",,,
Liberecký kraj,Jablonec nad Nisou,Jablonec nad Nisou,"SPŠ technická, příspěvková organizace",600010490,Strojírenství,23-41-M/01,se zaměřením na 3D technologie,SOŠ,4,30,52,4,1.733,0.133,10,0,1,41,1.0,"místo bylo pro všechny, kdo splnili požadavky školy",40.89,,"nevypsáno, i když obor nebyl naplněn",,,
Liberecký kraj,Jablonec nad Nisou,Jablonec nad Nisou,"SPŠ technická, příspěvková organizace",600010490,Mechanik seřizovač,23-45-L/01,CNC stroje (doplňující obor Obráběč kovů),SOU s maturitou,4,10,29,5,2.9,0.5,9,0,0,20,1.0,"místo bylo pro všechny, kdo splnili požadavky školy",37.56,,vypsáno,1,1,1
Liberecký kraj,Jablonec nad Nisou,Jablonec nad Nisou,"SPŠ technická, příspěvková organizace",600010490,Mechanik elektrotechnik,26-41-L/01,robotika (doplňující obor Elektrikář),SOU s maturitou,4,20,78,20,3.9,1.0,20,8,4,46,0.714,dostala se většina soutěžících uchazečů,46.85,29.0,nevypsáno,,,
Liberecký kraj,Jablonec nad Nisou,Jablonec nad Nisou,"SPŠ technická, příspěvková organizace",600010490,Elektrotechnika,26-41-M/01,mechatronika,SOŠ,4,30,88,8,2.933,0.267,16,0,4,68,1.0,"místo bylo pro všechny, kdo splnili požadavky školy",38.62,16.0,vypsáno,1,3,1
Liberecký kraj,Jablonec nad Nisou,Jablonec nad Nisou,"SŠ řem.a služ.,příspěvková organizace",600010481,Podnikání,64-41-L/51,,Nástavby,2,28,127,56,4.536,2.0,28,53,4,42,0.346,těžké,38.79,29.0,nevypsáno,,,
Liberecký kraj,Jablonec nad Nisou,Jablonec nad Nisou,"SŠ řem.a služ.,příspěvková organizace",600010481,Bezpečnostně právní činnost,68-42-M/01,,SOŠ,4,30,143,64,4.767,2.133,30,53,8,52,0.361,těžké,55.57,43.0,nevypsáno,,,
Liberecký kraj,Jablonec nad Nisou,Jablonec nad Nisou,"VOŠ mez.obch.a OA,příspěvková organizace",600020380,Obchodní akademie,63-41-M/02,cestovní ruch,SOŠ,4,60,191,62,3.183,1.033,60,27,1,103,0.69,dostala se většina soutěžících uchazečů,60.95,41.0,nevypsáno,,,
Liberecký kraj,Jablonec nad Nisou,Jablonec nad Nisou,"VOŠ mez.obch.a OA,příspěvková organizace",600020380,Obchodní akademie,63-41-M/02,zahraniční obchod,SOŠ,4,30,127,45,4.233,1.5,30,26,3,68,0.536,středně těžké,72.23,51.0,nevypsáno,,,
Liberecký kraj,Semily,Jilemnice,"Gymn., SOŠ a Střední zdravot. škola",600171752,Praktická sestra,53-41-M/03,,SOŠ,4,28,56,21,2.0,0.75,25,0,2,29,1.0,"místo bylo pro všechny, kdo splnili požadavky školy",29.52,10.0,vypsáno,3,11,3
Liberecký kraj,Semily,Jilemnice,"Gymn., SOŠ a Střední zdravot. škola",600171752,Gymnázium,79-41-K/41,,Gymnázia 4letá,4,15,62,11,4.133,0.733,15,2,1,44,0.882,dostala se většina soutěžících uchazečů,59.0,35.0,nevypsáno,,,
Liberecký kraj,Semily,Jilemnice,"Gymn., SOŠ a Střední zdravot. škola",600171752,Gymnázium,79-41-K/81,,Gymnázia 8letá,8,28,53,22,1.893,0.786,27,0,2,24,1.0,"místo bylo pro všechny, kdo splnili požadavky školy",42.37,18.0,"nevypsáno, i když obor nebyl naplněn",,,
Liberecký kraj,Semily,Jilemnice,"Gymn., SOŠ a Střední zdravot. škola",600171752,Gymnázium se sportovní přípravou,79-42-K/41,,Gymnázia 4letá,4,15,25,16,1.667,1.067,15,2,4,4,0.882,dostala se většina soutěžících uchazečů,60.53,36.0,nevypsáno,,,
Liberecký kraj,Liberec,Liberec,"Doctrina- Podještědské gymnázium, s.r.o.",600010538,Gymnázium,79-41-K/41,,Gymnázia 4letá,4,26,71,41,2.731,1.577,26,17,3,25,0.605,středně těžké,81.23,61.0,nevypsáno,,,
Liberecký kraj,Liberec,Liberec,"Doctrina- Podještědské gymnázium, s.r.o.",600010538,Gymnázium,79-41-K/81,,Gymnázia 8letá,8,24,67,26,2.792,1.083,24,19,8,16,0.558,středně těžké,53.5,32.0,nevypsáno,,,
Liberecký kraj,Liberec,Liberec,"G a SOŠ pedag.,příspěvková organizace",600010589,Předškolní a mimoškolní pedagogika,75-31-M/01,,SOŠ,4,30,104,58,3.467,1.933,30,20,31,23,0.6,středně těžké,65.3,52.0,nevypsáno,,,
Liberecký kraj,Liberec,Liberec,"G a SOŠ pedag.,příspěvková organizace",600010589,Gymnázium,79-41-K/41,,Gymnázia 4letá,4,60,203,112,3.383,1.867,60,60,5,78,0.5,středně těžké,82.48,64.0,nevypsáno,,,
Liberecký kraj,Liberec,Liberec,"G a SOŠ pedag.,příspěvková organizace",600010589,Gymnázium,79-41-K/81,,Gymnázia 8letá,8,30,184,94,6.133,3.133,30,66,53,35,0.312,velmi těžké,70.03,62.0,nevypsáno,,,
Liberecký kraj,Liberec,Liberec,"Gymn.F.X.Šaldy, příspěvková organizace",600010554,Gymnázium,79-41-K/41,,Gymnázia 4letá,4,90,194,98,2.156,1.089,90,28,7,69,0.763,dostala se většina soutěžících uchazečů,79.92,65.0,nevypsáno,,,
Liberecký kraj,Liberec,Liberec,"Gymn.F.X.Šaldy, příspěvková organizace",600010554,Gymnázium,79-41-K/81,,Gymnázia 8letá,8,30,180,81,6.0,2.7,28,61,49,40,0.315,velmi těžké,69.75,58.0,"nevypsáno, i když obor nebyl naplněn",,,
Liberecký kraj,Liberec,Liberec,"Gymn.F.X.Šaldy, příspěvková organizace",600010554,Dvojjazyčné gymnázium,79-43-K/61,,Gymnázia 6letá,6,30,77,76,2.567,2.533,26,21,26,0,0.553,středně těžké,60.27,45.0,"nevypsáno, i když obor nebyl naplněn",,,
Liberecký kraj,Liberec,Liberec,"OA a Jazyk.škola, příspěvková organizace",600010571,Obchodní akademie,63-41-M/02,,SOŠ,4,60,288,105,4.8,1.75,60,74,19,135,0.448,těžké,67.87,54.0,nevypsáno,,,
Liberecký kraj,Liberec,Liberec,"OA a Jazyk.škola, příspěvková organizace",600010571,Ekonomické lyceum,78-42-M/02,,Lycea,4,60,227,83,3.783,1.383,60,48,14,105,0.556,středně těžké,69.28,56.0,nevypsáno,,,
Liberecký kraj,Liberec,Liberec,SOŠ obchodní s.r.o.,600010520,Obchodní akademie,63-41-M/02,,SOŠ,4,24,163,40,6.792,1.667,25,38,18,83,0.397,těžké,56.54,49.0,nevypsáno,,,
Liberecký kraj,Liberec,Liberec,SPŠ a VOŠ,600020398,Informační technologie,18-20-M/01,,SOŠ,4,60,166,96,2.767,1.6,60,37,16,53,0.619,středně těžké,72.55,58.0,nevypsáno,,,
Liberecký kraj,Liberec,Liberec,SPŠ a VOŠ,600020398,Strojírenství,23-41-M/01,,SOŠ,4,60,143,40,2.383,0.667,47,0,8,88,1.0,"místo bylo pro všechny, kdo splnili požadavky školy",58.52,30.0,vypsáno,13,9,5
Liberecký kraj,Liberec,Liberec,SPŠ a VOŠ,600020398,Elektrotechnika,26-41-M/01,,SOŠ,4,90,218,108,2.422,1.2,90,27,14,87,0.769,dostala se většina soutěžících uchazečů,65.78,47.0,nevypsáno,,,
Liberecký kraj,Liberec,Liberec,SPŠ a VOŠ,600020398,Textilnictví,31-41-M/01,,SOŠ,4,15,25,2,1.667,0.133,2,0,6,17,1.0,"místo bylo pro všechny, kdo splnili požadavky školy",38.0,,vypsáno,13,42,13
Liberecký kraj,Liberec,Liberec,SPŠ a VOŠ,600020398,Oděvnictví,31-43-M/01,,SOŠ,4,15,70,13,4.667,0.867,10,0,19,41,1.0,"místo bylo pro všechny, kdo splnili požadavky školy",52.5,32.0,vypsáno,5,42,4
Liberecký kraj,Liberec,Liberec,SPŠ a VOŠ,600020398,Technické lyceum,78-42-M/01,,Lycea,4,60,127,42,2.117,0.7,48,0,7,72,1.0,"místo bylo pro všechny, kdo splnili požadavky školy",61.81,31.0,vypsáno,12,23,9
Liberecký kraj,Liberec,Liberec,"SPŠ stavební, příspěvková organizace",600010562,Stavebnictví,36-47-M/01,Architektura a konstrukce pozemních staveb,SOŠ,4,90,251,108,2.789,1.2,90,40,0,121,0.692,dostala se většina soutěžících uchazečů,63.84,45.0,nevypsáno,,,
Liberecký kraj,Liberec,Liberec,"SPŠ stavební, příspěvková organizace",600010562,Stavebnictví,36-47-M/01,Projektování a konstrukce dopravních staveb,SOŠ,4,30,100,24,3.333,0.8,30,5,0,65,0.857,dostala se většina soutěžících uchazečů,54.8,30.0,nevypsáno,,,
Liberecký kraj,Liberec,Liberec,Střední zdrav. škola a VOŠ zdravotnická,600019713,Praktická sestra,53-41-M/03,,SOŠ,4,75,219,100,2.92,1.333,75,60,2,82,0.556,středně těžké,51.16,34.0,nevypsáno,,,
Liberecký kraj,Liberec,Liberec,"Střední škola Kateřinky - Liberec, s.r.o",600010601,Nábytkářská a dřevařská výroba,33-42-L/51,,Nástavby,2,16,24,23,1.5,1.438,16,7,0,1,0.696,dostala se většina soutěžících uchazečů,43.81,29.0,nevypsáno,,,
Liberecký kraj,Liberec,Liberec,"Střední škola Kateřinky - Liberec, s.r.o",600010601,Propagace,66-42-L/51,,Nástavby,2,16,25,20,1.562,1.25,16,7,0,2,0.696,dostala se většina soutěžících uchazečů,36.5,19.0,nevypsáno,,,
Liberecký kraj,Liberec,Liberec,"Střední škola Kateřinky - Liberec, s.r.o",600010601,Bezpečnostně právní činnost,68-42-M/01,,SOŠ,4,46,163,96,3.543,2.087,46,27,55,35,0.63,středně těžké,61.18,32.0,nevypsáno,,,
Liberecký kraj,Liberec,Liberec,"SŠ a MŠ, příspěvková organizace",600170594,Dopravní prostředky,23-45-M/01,počítačová automobilní diagnostika ,SOŠ,4,30,65,18,2.167,0.6,26,0,3,36,1.0,"místo bylo pro všechny, kdo splnili požadavky školy",35.35,20.0,vypsáno,3,14,2
Liberecký kraj,Liberec,Liberec,"SŠ a MŠ, příspěvková organizace",600170594,Mechanik elektrotechnik,26-41-L/01,počítačové řídicí a zabezpečovací systémy,SOU s maturitou,4,30,90,20,3.0,0.667,28,3,6,51,0.903,dostala se většina soutěžících uchazečů,37.74,22.0,vypsáno,1,5,1
Liberecký kraj,Liberec,Liberec,"SŠ a MŠ, příspěvková organizace",600170594,Mechanik elektrotechnik,26-41-L/51,,Nástavby,2,15,37,30,2.467,2.0,15,18,0,4,0.455,těžké,45.33,38.0,nevypsáno,,,
Liberecký kraj,Liberec,Liberec,"SŠ a MŠ, příspěvková organizace",600170594,Autotronik,39-41-L/51,,Nástavby,2,15,34,26,2.267,1.733,15,13,1,5,0.536,středně těžké,39.13,28.0,nevypsáno,,,
Liberecký kraj,Liberec,Liberec,"SŠ právní - Právní akademie, s.r.o",600010546,Veřejnosprávní činnost,68-43-M/01,,SOŠ,4,108,391,126,3.62,1.167,108,63,52,168,0.632,středně těžké,54.52,42.0,nevypsáno,,,
Liberecký kraj,Liberec,Liberec,"SŠ stroj.stav.a dopr., příspěvková org.",600170608,Průmyslová ekologie,16-02-M/01,,SOŠ,4,30,42,9,1.4,0.3,13,0,2,27,1.0,"místo bylo pro všechny, kdo splnili požadavky školy",41.92,24.0,vypsáno,17,36,17
Liberecký kraj,Liberec,Liberec,"SŠ stroj.stav.a dopr., příspěvková org.",600170608,Mechanik seřizovač,23-45-L/01,"pro CNC obráběcí stroje nebo pro CNC vstřikovací stroje, výběr zaměření od 2.ročníku",SOU s maturitou,4,60,34,6,0.567,0.1,13,0,3,18,1.0,"místo bylo pro všechny, kdo splnili požadavky školy",36.92,20.0,"nevypsáno, i když obor nebyl naplněn",,,
Liberecký kraj,Liberec,Liberec,"SŠ stroj.stav.a dopr., příspěvková org.",600170608,Technická zařízení budov,36-45-M/01,,SOŠ,4,16,39,3,2.438,0.188,9,0,0,30,1.0,"místo bylo pro všechny, kdo splnili požadavky školy",28.89,,vypsáno,7,14,5
Liberecký kraj,Liberec,Liberec,"SŠ stroj.stav.a dopr., příspěvková org.",600170608,Provoz a ekonomika dopravy,37-41-M/01,,SOŠ,4,30,89,22,2.967,0.733,30,9,2,48,0.769,dostala se většina soutěžících uchazečů,42.21,28.0,nevypsáno,,,
Liberecký kraj,Liberec,Liberec,"SŠ stroj.stav.a dopr., příspěvková org.",600170608,Mechanik instalatérských a elektrotechnických zařízení,39-41-L/02,,SOU s maturitou,4,24,72,23,3.0,0.958,24,5,3,40,0.828,dostala se většina soutěžících uchazečů,40.92,21.0,nevypsáno,,,
Liberecký kraj,Liberec,Liberec,"SŠ stroj.stav.a dopr., příspěvková org.",600170608,Podnikání,64-41-L/51,,Nástavby,2,30,141,57,4.7,1.9,29,49,9,54,0.372,těžké,43.38,25.0,"nevypsáno, i když obor nebyl naplněn",,,
Liberecký kraj,Liberec,Liberec,"SŠgastr.a služ.,příspěvková organizace",600010686,Gastronomie,65-41-L/01,,SOU s maturitou,4,30,69,10,2.3,0.333,29,1,5,33,0.967,dostala se většina soutěžících uchazečů,30.79,19.0,"nevypsáno, i když obor nebyl naplněn",,,
Liberecký kraj,Liberec,Liberec,"SŠgastr.a služ.,příspěvková organizace",600010686,Hotelnictví,65-42-M/01,,SOŠ,4,30,156,38,5.2,1.267,29,45,7,74,0.392,těžké,49.71,34.0,"nevypsáno, i když obor nebyl naplněn",,,
Liberecký kraj,Liberec,Liberec,"SŠgastr.a služ.,příspěvková organizace",600010686,Kosmetické služby,69-41-L/01,,SOU s maturitou,4,30,195,51,6.5,1.7,29,58,25,82,0.333,těžké,41.21,31.0,"nevypsáno, i když obor nebyl naplněn",,,
Liberecký kraj,Semily,Lomnice nad Popelkou,"Střední škola, příspěvková organizace",600170918,Nutriční asistent,53-41-M/02,,SOŠ,4,30,62,14,2.067,0.467,23,0,0,39,1.0,"místo bylo pro všechny, kdo splnili požadavky školy",36.41,13.0,vypsáno,7,30,7
Liberecký kraj,Semily,Lomnice nad Popelkou,"Střední škola, příspěvková organizace",600170918,Cestovní ruch,65-42-M/02,,SOŠ,4,30,91,22,3.033,0.733,29,5,0,56,0.853,dostala se většina soutěžících uchazečů,33.62,16.0,"nevypsáno, i když obor nebyl naplněn",,,
Liberecký kraj,Česká Lípa,Mimoň,"Gymnázium, příspěvková organizace",600010007,Gymnázium,79-41-K/81,,Gymnázia 8letá,8,30,56,30,1.867,1.0,24,17,0,9,0.585,středně těžké,38.42,23.0,vypsáno,4,6,4
Liberecký kraj,Česká Lípa,Nový Bor,"VOŠ sklář. a SŠ, příspěvková organizace",600020347,Předškolní a mimoškolní pedagogika,75-31-M/01,,SOŠ,4,30,53,36,1.767,1.2,30,10,1,12,0.75,dostala se většina soutěžících uchazečů,40.83,24.0,nevypsáno,,,
Liberecký kraj,Česká Lípa,Nový Bor,"VOŠ sklář. a SŠ, příspěvková organizace",600020347,Gymnázium,79-41-K/41,,Gymnázia 4letá,4,28,100,15,3.571,0.536,25,0,1,74,1.0,"místo bylo pro všechny, kdo splnili požadavky školy",56.68,38.0,vypsáno,5,8,3
Liberecký kraj,Semily,Semily,"Gymn.I.Olbrachta, příspěvková organizace",600012654,Gymnázium,79-41-K/41,,Gymnázia 4letá,4,30,79,24,2.633,0.8,28,0,0,51,1.0,"místo bylo pro všechny, kdo splnili požadavky školy",67.71,46.0,"nevypsáno, i když obor nebyl naplněn",,,
Liberecký kraj,Semily,Semily,"Gymn.I.Olbrachta, příspěvková organizace",600012654,Gymnázium,79-41-K/81,,Gymnázia 8letá,8,30,61,38,2.033,1.267,30,15,2,14,0.667,dostala se většina soutěžících uchazečů,45.4,31.0,nevypsáno,,,
Liberecký kraj,Semily,Semily,"Střední škola, Semily, přísp. organizace",600170896,Požární ochrana,39-08-M/01,Požární technik,SOŠ,4,30,86,44,2.867,1.467,30,25,0,31,0.545,středně těžké,49.53,24.0,nevypsáno,,,
Liberecký kraj,Semily,Semily,"Střední škola, Semily, přísp. organizace",600170896,Podnikání,64-41-L/51,,Nástavby,2,29,72,35,2.483,1.207,28,15,0,28,0.651,středně těžké,40.67,29.0,"nevypsáno, i když obor nebyl naplněn",,,
Liberecký kraj,Semily,Semily,"Waldorfská ZSŠ Semily, p.o.",600099296,Kombinované lyceum,78-42-M/06,,Lycea,4,30,74,23,2.467,0.767,29,0,6,38,1.0,"místo bylo pro všechny, kdo splnili požadavky školy",57.17,28.0,"nevypsáno, i když obor nebyl naplněn",,,
Liberecký kraj,Jablonec nad Nisou,Tanvald,Gymnázium,600010414,Gymnázium,79-41-K/81,,Gymnázia 8letá,8,30,71,42,2.367,1.4,29,28,0,13,0.509,středně těžké,57.93,43.0,vypsáno,1,13,1
Liberecký kraj,Semily,Turnov,"Gymnázium, příspěvková organizace",600012638,Gymnázium,79-41-K/41,Gymnázium všeobecné čtyřleté,Gymnázia 4letá,4,30,82,33,2.733,1.1,30,10,0,42,0.75,dostala se většina soutěžících uchazečů,79.37,66.0,nevypsáno,,,
Liberecký kraj,Semily,Turnov,"Gymnázium, příspěvková organizace",600012638,Gymnázium,79-41-K/81,Gymnázium všeobecné osmileté,Gymnázia 8letá,8,30,81,58,2.7,1.933,29,31,9,11,0.483,těžké,63.03,50.0,"nevypsáno, i když obor nebyl naplněn",,,
Liberecký kraj,Semily,Turnov,"Obch.akad.,Hotel.škola a Střed.odb.škola",691000093,Strojírenství,23-41-M/01,,SOŠ,4,30,54,21,1.8,0.7,29,0,1,24,1.0,"místo bylo pro všechny, kdo splnili požadavky školy",37.55,20.0,"nevypsáno, i když obor nebyl naplněn",,,
Liberecký kraj,Semily,Turnov,"Obch.akad.,Hotel.škola a Střed.odb.škola",691000093,Obchodní akademie,63-41-M/02,,SOŠ,4,30,136,37,4.533,1.233,30,26,5,75,0.536,středně těžké,60.27,47.0,nevypsáno,,,
Liberecký kraj,Semily,Turnov,"Obch.akad.,Hotel.škola a Střed.odb.škola",691000093,Hotelnictví,65-42-M/01,,SOŠ,4,30,125,35,4.167,1.167,30,24,12,59,0.556,středně těžké,46.9,39.0,nevypsáno,,,
Liberecký kraj,Semily,Turnov,"Obch.akad.,Hotel.škola a Střed.odb.škola",691000093,Cestovní ruch,65-42-M/02,,SOŠ,4,30,180,49,6.0,1.633,30,42,5,103,0.417,těžké,59.93,47.0,nevypsáno,,,
Liberecký kraj,Semily,Turnov,"SZdŠ, příspěvková organizace",600019802,Praktická sestra,53-41-M/03,,SOŠ,4,28,118,40,4.214,1.429,28,24,8,58,0.538,středně těžké,53.18,43.0,nevypsáno,,,
Liberecký kraj,Semily,Turnov,"SZdŠ, příspěvková organizace",600019802,Masér ve zdravotnictví,53-41-M/04,,SOŠ,4,16,72,22,4.5,1.375,16,13,5,38,0.552,středně těžké,58.19,40.0,nevypsáno,,,
Liberecký kraj,Semily,Turnov,"SZdŠ, příspěvková organizace",600019802,Sociální činnost,75-41-M/01,,SOŠ,4,14,56,16,4.0,1.143,14,20,2,20,0.412,těžké,49.29,40.0,nevypsáno,,,
Liberecký kraj,Semily,Turnov,"SZdŠ, příspěvková organizace",600019802,Zdravotnické lyceum,78-42-M/04,,Lycea,4,28,112,45,4.0,1.607,28,28,0,56,0.5,středně těžké,70.46,61.0,nevypsáno,,,
Liberecký kraj,Semily,Vysoké nad Jizerou,"ISŠ, příspěvková organizace",600170900,Logistické a finanční služby,37-42-L/51,,Nástavby,2,24,24,12,1.0,0.5,7,0,8,9,1.0,"místo bylo pro všechny, kdo splnili požadavky školy",36.14,,vypsáno,17,12,9
Liberecký kraj,Semily,Vysoké nad Jizerou,"ISŠ, příspěvková organizace",600170900,Autotronik,39-41-L/01,,SOU s maturitou,4,30,71,40,2.367,1.333,30,8,11,22,0.789,dostala se většina soutěžících uchazečů,50.63,31.0,nevypsáno,,,
Liberecký kraj,Česká Lípa,Česká Lípa,Euroškola Česká Lípa SOŠ s.r.o.,600010112,Ekonomika a podnikání,63-41-M/01,BEZPEČNOSTNÍ SLUŽBY,SOŠ,4,30,93,44,3.1,1.467,30,28,1,34,0.517,středně těžké,44.7,34.0,nevypsáno,,,
Liberecký kraj,Česká Lípa,Česká Lípa,Euroškola Česká Lípa SOŠ s.r.o.,600010112,Ekonomika a podnikání,63-41-M/01,MARKETING A REKLAMA,SOŠ,4,22,75,19,3.409,0.864,22,4,1,48,0.846,dostala se většina soutěžících uchazečů,37.05,23.0,nevypsáno,,,
Liberecký kraj,Česká Lípa,Česká Lípa,Euroškola Česká Lípa SOŠ s.r.o.,600010112,Hotelnictví,65-42-M/01,HOTELNICTVÍ a CESTOVNÍ RUCH,SOŠ,4,30,89,36,2.967,1.2,29,16,1,42,0.644,středně těžké,43.31,26.0,"nevypsáno, i když obor nebyl naplněn",,,
Liberecký kraj,Česká Lípa,Česká Lípa,"Gymnázium, příspěvková organizace",600009998,Gymnázium,79-41-K/41,,Gymnázia 4letá,4,60,115,73,1.917,1.217,60,16,0,39,0.789,dostala se většina soutěžících uchazečů,72.33,55.0,nevypsáno,,,
Liberecký kraj,Česká Lípa,Česká Lípa,"Gymnázium, příspěvková organizace",600009998,Gymnázium,79-41-K/81,,Gymnázia 8letá,8,30,85,64,2.833,2.133,30,39,0,16,0.435,těžké,59.77,46.0,nevypsáno,,,
Liberecký kraj,Česká Lípa,Česká Lípa,"Obchod. akademie, příspěvková organizace",600010015,Obchodní akademie,63-41-M/02,,SOŠ,4,60,187,43,3.117,0.717,60,2,0,125,0.968,dostala se většina soutěžících uchazečů,43.05,24.0,nevypsáno,,,
Liberecký kraj,Česká Lípa,Česká Lípa,"Obchod. akademie, příspěvková organizace",600010015,Veřejnosprávní činnost,68-43-M/01,,SOŠ,4,30,93,15,3.1,0.5,29,0,0,63,1.0,"místo bylo pro všechny, kdo splnili požadavky školy",36.41,10.0,"nevypsáno, i když obor nebyl naplněn",,,
Liberecký kraj,Česká Lípa,Česká Lípa,"Obchod. akademie, příspěvková organizace",600010015,Ekonomické lyceum,78-42-M/02,,Lycea,4,30,136,46,4.533,1.533,30,22,0,84,0.577,středně těžké,61.8,45.0,nevypsáno,,,
Liberecký kraj,Česká Lípa,Česká Lípa,"SPŠ, příspěvková organizace",600010040,Informační technologie,18-20-M/01,,SOŠ,4,60,118,37,1.967,0.617,59,0,0,59,1.0,"místo bylo pro všechny, kdo splnili požadavky školy",46.62,16.0,"nevypsáno, i když obor nebyl naplněn",,,
Liberecký kraj,Česká Lípa,Česká Lípa,"SPŠ, příspěvková organizace",600010040,Strojírenství,23-41-M/01,,SOŠ,4,30,53,10,1.767,0.333,16,0,0,37,1.0,"místo bylo pro všechny, kdo splnili požadavky školy",49.12,27.0,vypsáno,14,10,9
Liberecký kraj,Česká Lípa,Česká Lípa,"SPŠ, příspěvková organizace",600010040,Elektrotechnika,26-41-M/01,Mechatronika,SOŠ,4,30,112,56,3.733,1.867,30,33,0,49,0.476,těžké,66.27,49.0,nevypsáno,,,
Liberecký kraj,Česká Lípa,Česká Lípa,"SZdrŠ a SOŠ, příspěvková organizace",600010104,Ekologie a životní prostředí,16-01-M/01,,SOŠ,4,15,47,11,3.133,0.733,12,0,3,32,1.0,"místo bylo pro všechny, kdo splnili požadavky školy",37.75,16.0,vypsáno,4,15,4
Liberecký kraj,Česká Lípa,Česká Lípa,"SZdrŠ a SOŠ, příspěvková organizace",600010104,Praktická sestra,53-41-M/03,,SOŠ,4,45,103,47,2.289,1.044,45,11,6,41,0.804,dostala se většina soutěžících uchazečů,36.13,17.0,nevypsáno,,,
Liberecký kraj,Česká Lípa,Česká Lípa,"SZdrŠ a SOŠ, příspěvková organizace",600010104,Podnikání,64-41-L/51,,Nástavby,2,51,137,102,2.686,2.0,51,48,19,19,0.515,středně těžké,34.43,14.0,nevypsáno,,,
Liberecký kraj,Česká Lípa,Česká Lípa,Střední škola Klíč s.r.o.,600010082,Ekonomika a podnikání,63-41-M/01,"Personální řízení, 3D grafika a PC hry",SOŠ,4,30,67,28,2.233,0.933,30,1,0,36,0.968,dostala se většina soutěžících uchazečů,39.03,18.0,nevypsáno,,,
Liberecký kraj,Jablonec nad Nisou,Železný Brod,"SUPŠ sklářská, příspěvková organizace",600010422,Aplikovaná chemie,28-44-M/01,,SOŠ,4,25,62,17,2.48,0.68,20,0,4,38,1.0,"místo bylo pro všechny, kdo splnili požadavky školy",47.15,30.0,vypsáno,5,6,3
Liberecký kraj,Jablonec nad Nisou,Železný Brod,"SUPŠ sklářská, příspěvková organizace",600010422,Technologie silikátů,28-46-M/01,,SOŠ,4,5,3,2,0.6,0.4,2,0,1,0,1.0,"místo bylo pro všechny, kdo splnili požadavky školy",73.0,,vypsáno,3,2,0
Moravskoslezský kraj,Karviná,Bohumín,Gymnázium Fr.Živného,600016455,Gymnázium,79-41-K/41,,Gymnázia 4letá,4,30,107,45,3.567,1.5,29,21,0,56,0.58,středně těžké,64.03,47.0,"nevypsáno, i když obor nebyl naplněn",,,
Moravskoslezský kraj,Karviná,Bohumín,Gymnázium Fr.Živného,600016455,Gymnázium,79-41-K/81,,Gymnázia 8letá,8,30,74,41,2.467,1.367,28,22,0,22,0.56,středně těžké,44.61,27.0,vypsáno,4,14,4
Moravskoslezský kraj,Karviná,Bohumín,Střední škola,600016668,Provoz a ekonomika dopravy,37-41-M/01,,SOŠ,4,15,47,22,3.133,1.467,15,9,1,22,0.625,středně těžké,42.27,32.0,nevypsáno,,,
Moravskoslezský kraj,Karviná,Bohumín,Střední škola,600016668,Podnikání,64-41-L/51,,Nástavby,2,30,37,24,1.233,0.8,26,0,2,9,1.0,"místo bylo pro všechny, kdo splnili požadavky školy",23.12,10.0,vypsáno,4,9,4
Moravskoslezský kraj,Karviná,Bohumín,Střední škola,600016668,Sociální činnost,75-41-M/01,,SOŠ,4,15,24,4,1.6,0.267,9,0,1,14,1.0,"místo bylo pro všechny, kdo splnili požadavky školy",29.44,,vypsáno,6,22,6
Moravskoslezský kraj,Bruntál,Bruntál,Gymnázium,600016064,Gymnázium,79-41-K/41,,Gymnázia 4letá,4,30,94,30,3.133,1.0,30,5,2,57,0.857,dostala se většina soutěžících uchazečů,61.83,35.0,nevypsáno,,,
Moravskoslezský kraj,Bruntál,Bruntál,Gymnázium,600016064,Gymnázium,79-41-K/81,,Gymnázia 8letá,8,30,86,52,2.867,1.733,30,11,24,21,0.732,dostala se většina soutěžících uchazečů,38.97,25.0,nevypsáno,,,
Moravskoslezský kraj,Bruntál,Bruntál,SPŠ a OA,600016170,Informační technologie,18-20-M/01,,SOŠ,4,30,65,29,2.167,0.967,28,0,3,34,1.0,"místo bylo pro všechny, kdo splnili požadavky školy",50.29,27.0,vypsáno,2,2,1
Moravskoslezský kraj,Bruntál,Bruntál,SPŠ a OA,600016170,Strojírenství,23-41-M/01,,SOŠ,4,30,33,7,1.1,0.233,8,0,3,22,1.0,"místo bylo pro všechny, kdo splnili požadavky školy",44.5,,vypsáno,6,0,0
Moravskoslezský kraj,Bruntál,Bruntál,SPŠ a OA,600016170,Dopravní prostředky,23-45-M/01,,SOŠ,4,30,65,23,2.167,0.767,24,0,5,35,1.0,"místo bylo pro všechny, kdo splnili požadavky školy",40.91,20.0,vypsáno,5,1,0
Moravskoslezský kraj,Bruntál,Bruntál,SPŠ a OA,600016170,Elektrotechnika,26-41-M/01,,SOŠ,4,30,71,35,2.367,1.167,30,5,6,30,0.857,dostala se většina soutěžících uchazečů,48.73,31.0,nevypsáno,,,
Moravskoslezský kraj,Bruntál,Bruntál,SPŠ a OA,600016170,Obchodní akademie,63-41-M/02,,SOŠ,4,30,104,30,3.467,1.0,30,3,9,62,0.909,dostala se většina soutěžících uchazečů,46.83,27.0,nevypsáno,,,
Moravskoslezský kraj,Nový Jičín,Bílovec,Gymnázium M. Koperníka,600016773,Gymnázium,79-41-K/41,,Gymnázia 4letá,4,60,126,47,2.1,0.783,58,0,1,67,1.0,"místo bylo pro všechny, kdo splnili požadavky školy",59.21,26.0,"nevypsáno, i když obor nebyl naplněn",,,
Moravskoslezský kraj,Nový Jičín,Bílovec,Gymnázium M. Koperníka,600016773,Gymnázium,79-41-K/81,všeobecné,Gymnázia 8letá,8,30,66,52,2.2,1.733,29,17,9,10,0.63,středně těžké,56.34,40.0,"nevypsáno, i když obor nebyl naplněn",,,
Moravskoslezský kraj,Nový Jičín,Frenštát pod Radhoštěm,Gymnázium a SPŠ elektro. a informatiky,600016749,Informační technologie,18-20-M/01,,SOŠ,4,30,65,17,2.167,0.567,20,0,0,45,1.0,"místo bylo pro všechny, kdo splnili požadavky školy",55.8,34.0,vypsáno,10,6,2
Moravskoslezský kraj,Nový Jičín,Frenštát pod Radhoštěm,Gymnázium a SPŠ elektro. a informatiky,600016749,Elektrotechnika,26-41-M/01,,SOŠ,4,60,133,85,2.217,1.417,60,28,0,45,0.682,dostala se většina soutěžících uchazečů,60.47,41.0,nevypsáno,,,
Moravskoslezský kraj,Nový Jičín,Frenštát pod Radhoštěm,Gymnázium a SPŠ elektro. a informatiky,600016749,Gymnázium,79-41-K/41,,Gymnázia 4letá,4,30,135,29,4.5,0.967,30,18,0,87,0.625,středně těžké,69.6,53.0,nevypsáno,,,
Moravskoslezský kraj,Nový Jičín,Frenštát pod Radhoštěm,Gymnázium a SPŠ elektro. a informatiky,600016749,Gymnázium,79-41-K/81,,Gymnázia 8letá,8,30,74,41,2.467,1.367,26,19,6,19,0.578,středně těžké,59.19,41.0,"nevypsáno, i když obor nebyl naplněn",,,
Moravskoslezský kraj,Nový Jičín,Frenštát pod Radhoštěm,Hotelová škola,600171256,Podnikání,64-41-L/51,,Nástavby,2,34,59,29,1.735,0.853,34,3,3,19,0.919,dostala se většina soutěžících uchazečů,28.53,12.0,nevypsáno,,,
Moravskoslezský kraj,Nový Jičín,Frenštát pod Radhoštěm,Hotelová škola,600171256,Hotelnictví,65-42-M/01,,SOŠ,4,30,59,15,1.967,0.5,18,0,0,40,1.0,"místo bylo pro všechny, kdo splnili požadavky školy",38.56,16.0,vypsáno,8,6,3
Moravskoslezský kraj,Nový Jičín,Frenštát pod Radhoštěm,Hotelová škola,600171256,Cestovní ruch,65-42-M/02,,SOŠ,4,30,78,18,2.6,0.6,29,0,0,49,1.0,"místo bylo pro všechny, kdo splnili požadavky školy",36.55,18.0,"nevypsáno, i když obor nebyl naplněn",,,
Moravskoslezský kraj,Frýdek-Místek,Frýdek-Místek,Gymnázium Cihelní,600016234,Gymnázium,79-41-K/41,technické,Gymnázia 4letá,4,15,34,12,2.267,0.8,15,2,0,17,0.882,dostala se většina soutěžících uchazečů,64.0,51.0,nevypsáno,,,
Moravskoslezský kraj,Frýdek-Místek,Frýdek-Místek,Gymnázium Cihelní,600016234,Gymnázium,79-41-K/41,všeobecné,Gymnázia 4letá,4,45,145,69,3.222,1.533,45,35,1,64,0.562,středně těžké,74.73,58.0,nevypsáno,,,
Moravskoslezský kraj,Frýdek-Místek,Frýdek-Místek,Gymnázium Cihelní,600016234,Gymnázium,79-41-K/81,,Gymnázia 8letá,8,30,126,101,4.2,3.367,23,83,0,13,0.217,velmi těžké,67.17,51.0,vypsáno,9,31,9
Moravskoslezský kraj,Frýdek-Místek,Frýdek-Místek,Gymnázium Petra Bezruče,600016315,Gymnázium,79-41-K/61,,Gymnázia 6letá,6,90,203,155,2.256,1.722,76,63,26,24,0.547,středně těžké,50.99,37.0,vypsáno,24,52,23
Moravskoslezský kraj,Frýdek-Místek,Frýdek-Místek,PrimMat - Soukr. SŠ podnikatelská s.r.o.,600016358,Ekonomika a podnikání,63-41-M/01,Cestovní ruch,SOŠ,4,23,71,31,3.087,1.348,23,18,0,30,0.561,středně těžké,48.83,33.0,nevypsáno,,,
Moravskoslezský kraj,Frýdek-Místek,Frýdek-Místek,PrimMat - Soukr. SŠ podnikatelská s.r.o.,600016358,Ekonomika a podnikání,63-41-M/01,Internetové služby a aplikace,SOŠ,4,11,36,10,3.273,0.909,11,0,0,25,1.0,"místo bylo pro všechny, kdo splnili požadavky školy",49.09,25.0,nevypsáno,,,
Moravskoslezský kraj,Frýdek-Místek,Frýdek-Místek,PrimMat - Soukr. SŠ podnikatelská s.r.o.,600016358,Ekonomika a podnikání,63-41-M/01,Pozemní stavitelství,SOŠ,4,12,42,9,3.5,0.75,12,0,0,30,1.0,"místo bylo pro všechny, kdo splnili požadavky školy",49.33,37.0,nevypsáno,,,
Moravskoslezský kraj,Frýdek-Místek,Frýdek-Místek,SOŠ požár. ochrany a VOŠ požár. ochrany,680000062,Požární ochrana,39-08-M/01,Požární ochrana,SOŠ,4,30,111,77,3.7,2.567,30,46,12,23,0.395,těžké,58.97,40.0,nevypsáno,,,
Moravskoslezský kraj,Frýdek-Místek,Frýdek-Místek,"SPŠ, OA a JŠ s PSJZ",600016323,Informační technologie,18-20-M/01,,SOŠ,4,30,85,35,2.833,1.167,30,9,2,44,0.769,dostala se většina soutěžících uchazečů,58.17,39.0,nevypsáno,,,
Moravskoslezský kraj,Frýdek-Místek,Frýdek-Místek,"SPŠ, OA a JŠ s PSJZ",600016323,Strojírenství,23-41-M/01,,SOŠ,4,60,145,57,2.417,0.95,60,2,3,80,0.968,dostala se většina soutěžících uchazečů,54.12,25.0,nevypsáno,,,
Moravskoslezský kraj,Frýdek-Místek,Frýdek-Místek,"SPŠ, OA a JŠ s PSJZ",600016323,Technická zařízení budov,36-45-M/01,,SOŠ,4,30,95,35,3.167,1.167,30,15,1,49,0.667,dostala se většina soutěžících uchazečů,55.67,35.0,nevypsáno,,,
Moravskoslezský kraj,Frýdek-Místek,Frýdek-Místek,"SPŠ, OA a JŠ s PSJZ",600016323,Obchodní akademie,63-41-M/02,,SOŠ,4,30,122,31,4.067,1.033,30,12,3,77,0.714,dostala se většina soutěžících uchazečů,58.13,34.0,nevypsáno,,,
Moravskoslezský kraj,Frýdek-Místek,Frýdek-Místek,"SPŠ, OA a JŠ s PSJZ",600016323,Veřejnosprávní činnost,68-43-M/01,,SOŠ,4,30,115,34,3.833,1.133,30,25,2,58,0.545,středně těžké,56.07,43.0,nevypsáno,,,
Moravskoslezský kraj,Frýdek-Místek,Frýdek-Místek,"SPŠ, OA a JŠ s PSJZ",600016323,Technické lyceum,78-42-M/01,,Lycea,4,30,85,29,2.833,0.967,30,4,0,51,0.882,dostala se většina soutěžících uchazečů,64.4,42.0,nevypsáno,,,
Moravskoslezský kraj,Frýdek-Místek,Frýdek-Místek,"SPŠ, OA a JŠ s PSJZ",600016323,Ekonomické lyceum,78-42-M/02,,Lycea,4,30,119,28,3.967,0.933,30,17,0,72,0.638,středně těžké,56.6,46.0,nevypsáno,,,
Moravskoslezský kraj,Frýdek-Místek,Frýdek-Místek,"Soukromá SOŠ Frýdek-Místek, s.r.o",600016412,Veřejnosprávní činnost,68-43-M/01,,SOŠ,4,30,59,8,1.967,0.267,20,0,0,38,1.0,"místo bylo pro všechny, kdo splnili požadavky školy",33.25,15.0,vypsáno,9,33,9
Moravskoslezský kraj,Frýdek-Místek,Frýdek-Místek,"Soukromá SOŠ Frýdek-Místek, s.r.o",600016412,Sociální činnost,75-41-M/01,,SOŠ,4,30,27,7,0.9,0.233,10,0,0,17,1.0,"místo bylo pro všechny, kdo splnili požadavky školy",31.6,12.0,vypsáno,20,20,11
Moravskoslezský kraj,Frýdek-Místek,Frýdek-Místek,Střední odborná škola,600171191,Mechanik seřizovač,23-45-L/01,23-56-H/01 Obráběč kovů ,SOU s maturitou,4,30,31,9,1.033,0.3,11,0,1,19,1.0,"místo bylo pro všechny, kdo splnili požadavky školy",27.09,14.0,"nevypsáno, i když obor nebyl naplněn",,,
Moravskoslezský kraj,Frýdek-Místek,Frýdek-Místek,Střední odborná škola,600171191,Provoz a ekonomika dopravy,37-41-M/01,,SOŠ,4,30,71,17,2.367,0.567,23,0,1,47,1.0,"místo bylo pro všechny, kdo splnili požadavky školy",42.39,10.0,vypsáno,7,10,2
Moravskoslezský kraj,Frýdek-Místek,Frýdek-Místek,Střední odborná škola,600171191,Agropodnikání,41-41-M/01,,SOŠ,4,30,50,22,1.667,0.733,26,0,0,24,1.0,"místo bylo pro všechny, kdo splnili požadavky školy",36.96,11.0,vypsáno,4,8,4
Moravskoslezský kraj,Frýdek-Místek,Frýdek-Místek,Střední odborná škola,600171191,Podnikání,64-41-L/51,,Nástavby,2,60,115,68,1.917,1.133,60,13,3,39,0.822,dostala se většina soutěžících uchazečů,29.6,14.0,nevypsáno,,,
Moravskoslezský kraj,Frýdek-Místek,Frýdek-Místek,Střední zdravotnická škola,600020011,Praktická sestra,53-41-M/03,,SOŠ,4,60,177,69,2.95,1.15,60,33,0,84,0.645,středně těžké,48.43,34.0,nevypsáno,,,
Moravskoslezský kraj,Frýdek-Místek,Frýdek-Místek,Střední zdravotnická škola,600020011,Sociální činnost,75-41-M/01,,SOŠ,4,30,81,20,2.7,0.667,30,1,0,50,0.968,dostala se většina soutěžících uchazečů,35.87,17.0,nevypsáno,,,
Moravskoslezský kraj,Frýdek-Místek,Frýdek-Místek,"Střední škola gastro., oděv. a služeb",600016242,Oděvnictví,31-43-M/01,31-43-M/01 Oděvnictví,SOŠ,4,10,22,5,2.2,0.5,8,0,0,14,1.0,"místo bylo pro všechny, kdo splnili požadavky školy",32.14,,"nevypsáno, i když obor nebyl naplněn",,,
Moravskoslezský kraj,Frýdek-Místek,Frýdek-Místek,"Střední škola gastro., oděv. a služeb",600016242,Gastronomie,65-41-L/01,65-41-L/01 Gastronomie,SOU s maturitou,4,15,16,4,1.067,0.267,7,0,0,9,1.0,"místo bylo pro všechny, kdo splnili požadavky školy",25.29,,"nevypsáno, i když obor nebyl naplněn",,,
Moravskoslezský kraj,Frýdek-Místek,Frýdek-Místek,"Střední škola gastro., oděv. a služeb",600016242,Cestovní ruch,65-42-M/02,65-42-M/02 Cestovní ruch,SOŠ,4,20,92,30,4.6,1.5,20,16,1,55,0.556,středně těžké,34.6,26.0,nevypsáno,,,
Moravskoslezský kraj,Frýdek-Místek,Frýdek-Místek,"Střední škola gastro., oděv. a služeb",600016242,Kosmetické služby,69-41-L/01,69-41-L/01 Kosmetické služby,SOU s maturitou,4,15,83,26,5.533,1.733,15,21,3,44,0.417,těžké,47.2,33.0,nevypsáno,,,
Moravskoslezský kraj,Frýdek-Místek,Frýdek-Místek,"Střední škola inform.technologií, s.r.o.",600016374,Informační technologie,18-20-M/01,Kyberbezpečnost počítačových sítí,SOŠ,4,31,80,20,2.581,0.645,26,0,1,53,1.0,"místo bylo pro všechny, kdo splnili požadavky školy",38.96,16.0,vypsáno,4,0,0
Moravskoslezský kraj,Frýdek-Místek,Frýdek-Místek,"Střední škola inform.technologií, s.r.o.",600016374,Informační technologie,18-20-M/01,Programování internet věcí,SOŠ,4,31,78,24,2.516,0.774,26,0,0,51,1.0,"místo bylo pro všechny, kdo splnili požadavky školy",41.96,20.0,vypsáno,4,6,2
Moravskoslezský kraj,Frýdek-Místek,Frýdek-Místek,"Střední škola inform.technologií, s.r.o.",600016374,Obalová technika,34-42-M/01,Počítačová grafika,SOŠ,4,28,50,12,1.786,0.429,16,0,0,33,1.0,"místo bylo pro všechny, kdo splnili požadavky školy",43.27,10.0,vypsáno,9,4,0
Moravskoslezský kraj,Frýdek-Místek,Frýdek-Místek,Střední škola řemesel,600016307,Provozní elektrotechnika,26-41-L/52,,Nástavby,2,30,56,45,1.867,1.5,30,15,0,11,0.667,dostala se většina soutěžících uchazečů,38.53,26.0,nevypsáno,,,
Moravskoslezský kraj,Frýdek-Místek,Frýdek-Místek,Střední škola řemesel,600016307,Elektrotechnika,26-41-M/01,,SOŠ,4,24,62,11,2.583,0.458,18,0,0,44,1.0,"místo bylo pro všechny, kdo splnili požadavky školy",33.78,15.0,"nevypsáno, i když obor nebyl naplněn",,,
Moravskoslezský kraj,Frýdek-Místek,Frýdek-Místek,Střední škola řemesel,600016307,Nábytkářská a dřevařská výroba,33-42-L/51,,Nástavby,2,30,17,13,0.567,0.433,13,0,0,4,1.0,"místo bylo pro všechny, kdo splnili požadavky školy",25.38,15.0,vypsáno,10,2,1
Moravskoslezský kraj,Frýdek-Místek,Frýdek-Místek,Střední škola řemesel,600016307,Nábytkářská a dřevařská výroba,33-42-M/01,,SOŠ,4,24,31,8,1.292,0.333,11,0,0,20,1.0,"místo bylo pro všechny, kdo splnili požadavky školy",51.27,37.0,"nevypsáno, i když obor nebyl naplněn",,,
Moravskoslezský kraj,Frýdek-Místek,Frýdek-Místek,Střední škola řemesel,600016307,Stavebnictví,36-47-M/01,,SOŠ,4,24,53,13,2.208,0.542,19,0,0,34,1.0,"místo bylo pro všechny, kdo splnili požadavky školy",39.61,20.0,vypsáno,9,9,6
Moravskoslezský kraj,Frýdek-Místek,Frýdlant nad Ostravicí,Gymnázium,600016251,Gymnázium,79-41-K/41,,Gymnázia 4letá,4,30,120,48,4.0,1.6,30,33,4,53,0.476,těžké,74.57,65.0,nevypsáno,,,
Moravskoslezský kraj,Frýdek-Místek,Frýdlant nad Ostravicí,Gymnázium,600016251,Gymnázium,79-41-K/61,,Gymnázia 6letá,6,30,139,60,4.633,2.0,24,57,3,49,0.296,velmi těžké,53.0,37.0,vypsáno,8,30,3
Moravskoslezský kraj,Frýdek-Místek,Frýdlant nad Ostravicí,"Gymnázium BMA, s.r.o.",650007557,Gymnázium,79-41-K/41,,Gymnázia 4letá,4,49,100,81,2.041,1.653,47,38,1,12,0.553,středně těžké,73.66,51.0,"nevypsáno, i když obor nebyl naplněn",,,
Moravskoslezský kraj,Karviná,Havířov,Gymnázium,600016471,Gymnázium,79-41-K/41,,Gymnázia 4letá,4,30,99,37,3.3,1.233,30,16,0,53,0.652,středně těžké,70.7,53.0,nevypsáno,,,
Moravskoslezský kraj,Karviná,Havířov,Gymnázium,600016684,Gymnázium,79-41-K/41,,Gymnázia 4letá,4,60,168,87,2.8,1.45,60,40,0,68,0.6,středně těžké,68.88,50.0,nevypsáno,,,
Moravskoslezský kraj,Karviná,Havířov,Gymnázium,600016471,Gymnázium,79-41-K/81,,Gymnázia 8letá,8,30,107,34,3.567,1.133,29,39,0,38,0.426,těžké,51.97,38.0,"nevypsáno, i když obor nebyl naplněn",,,
Moravskoslezský kraj,Karviná,Havířov,Gymnázium,600016684,Gymnázium,79-41-K/81,,Gymnázia 8letá,8,30,109,63,3.633,2.1,29,48,0,31,0.377,těžké,55.48,39.0,"nevypsáno, i když obor nebyl naplněn",,,
Moravskoslezský kraj,Karviná,Havířov,Hotelová škola a Obchodní akademie s.r.o,600016641,Obchodní akademie,63-41-M/02,,SOŠ,4,68,123,25,1.809,0.368,44,0,0,78,1.0,"místo bylo pro všechny, kdo splnili požadavky školy",31.93,14.0,vypsáno,24,28,12
Moravskoslezský kraj,Karviná,Havířov,Hotelová škola a Obchodní akademie s.r.o,600016641,Hotelnictví,65-42-M/01,,SOŠ,4,68,143,70,2.103,1.029,66,17,0,58,0.795,dostala se většina soutěžících uchazečů,36.76,20.0,vypsáno,2,10,2
Moravskoslezský kraj,Karviná,Havířov,SPŠ elektrotechnická,600016579,Informační technologie,18-20-M/01,Informační technologie,SOŠ,4,60,112,39,1.867,0.65,43,0,2,66,1.0,"místo bylo pro všechny, kdo splnili požadavky školy",48.47,15.0,"nevypsáno, i když obor nebyl naplněn",,,
Moravskoslezský kraj,Karviná,Havířov,SPŠ elektrotechnická,600016579,Elektrotechnika,26-41-M/01,Řídicí systémy,SOŠ,4,30,85,29,2.833,0.967,30,5,1,49,0.857,dostala se většina soutěžících uchazečů,56.63,31.0,nevypsáno,,,
Moravskoslezský kraj,Karviná,Havířov,SPŠ stavební,600016552,Stavebnictví,36-47-M/01,,SOŠ,4,90,215,92,2.389,1.022,90,14,7,104,0.865,dostala se většina soutěžících uchazečů,58.63,33.0,nevypsáno,,,
Moravskoslezský kraj,Karviná,Havířov,Střední škola,600171230,Kosmetické služby,69-41-L/01,,SOU s maturitou,4,30,125,42,4.167,1.4,29,34,0,61,0.46,těžké,34.46,19.0,"nevypsáno, i když obor nebyl naplněn",,,
Moravskoslezský kraj,Karviná,Havířov,Střední škola,600171230,Sociální činnost,75-41-M/01,,SOŠ,4,30,95,15,3.167,0.5,29,9,0,56,0.763,dostala se většina soutěžících uchazečů,35.07,16.0,"nevypsáno, i když obor nebyl naplněn",,,
Moravskoslezský kraj,Karviná,Havířov,Střední škola,600171230,Pedagogické lyceum,78-42-M/03,,Lycea,4,59,220,92,3.729,1.559,58,63,1,97,0.479,těžké,54.64,34.0,"nevypsáno, i když obor nebyl naplněn",,,
Moravskoslezský kraj,Karviná,Havířov,Střední škola polytechnická,600016510,Mechanik strojů a zařízení,23-44-L/01,Mechanik strojů a zařízení (+ Strojní mechanik),SOU s maturitou,4,30,32,3,1.067,0.1,6,0,0,26,1.0,"místo bylo pro všechny, kdo splnili požadavky školy",35.83,,vypsáno,6,3,1
Moravskoslezský kraj,Karviná,Havířov,Střední škola polytechnická,600016510,Mechanik elektrotechnik,26-41-L/01,Digitální technika a mechatronika (+ Elektrikář),SOU s maturitou,4,30,55,23,1.833,0.767,25,0,0,29,1.0,"místo bylo pro všechny, kdo splnili požadavky školy",41.3,26.0,"nevypsáno, i když obor nebyl naplněn",,,
Moravskoslezský kraj,Karviná,Havířov,Střední škola polytechnická,600016510,Mechanik elektrotechnik,26-41-L/01,Počítačové systémy a sítě (+ Elektrikář),SOU s maturitou,4,30,49,13,1.633,0.433,16,0,0,33,1.0,"místo bylo pro všechny, kdo splnili požadavky školy",32.93,11.0,"nevypsáno, i když obor nebyl naplněn",,,
Moravskoslezský kraj,Karviná,Havířov,Střední škola polytechnická,600016510,Provozní elektrotechnika,26-41-L/52,Elektrotechnik pro provoz,Nástavby,2,30,18,10,0.6,0.333,11,0,2,4,1.0,"místo bylo pro všechny, kdo splnili požadavky školy",27.09,16.0,vypsáno,10,6,5
Moravskoslezský kraj,Karviná,Havířov,Střední škola polytechnická,600016510,Elektrotechnika,26-41-M/01,Elektotechnik pro informační technologie | Elektrotechnik pro alternativní zdroje energie a elektromobilitu,SOŠ,4,30,67,16,2.233,0.533,16,0,1,48,1.0,"místo bylo pro všechny, kdo splnili požadavky školy",35.44,8.0,"nevypsáno, i když obor nebyl naplněn",,,
Moravskoslezský kraj,Karviná,Havířov,SŠ technických oborů,600171205,Autotronik,39-41-L/01,,SOU s maturitou,4,30,64,33,2.133,1.1,30,7,1,26,0.811,dostala se většina soutěžících uchazečů,39.2,23.0,nevypsáno,,,
Moravskoslezský kraj,Karviná,Havířov,SŠ technických oborů,600171205,Podnikání,64-41-L/51,,Nástavby,2,30,95,51,3.167,1.7,30,27,0,38,0.526,středně těžké,36.73,16.0,nevypsáno,,,
Moravskoslezský kraj,Opava,Hlučín,Gymnázium Josefa Kainara,600017249,Gymnázium,79-41-K/41,,Gymnázia 4letá,4,30,100,39,3.333,1.3,30,12,1,57,0.714,dostala se většina soutěžících uchazečů,70.1,56.0,nevypsáno,,,
Moravskoslezský kraj,Opava,Hlučín,Gymnázium Josefa Kainara,600017249,Gymnázium,79-41-K/61,,Gymnázia 6letá,6,30,104,87,3.467,2.9,28,57,5,12,0.329,velmi těžké,65.39,47.0,vypsáno,7,22,7
Moravskoslezský kraj,Frýdek-Místek,Jablunkov,Střední škola,600171183,Informační technologie,18-20-M/01,IT v průmyslu,SOŠ,4,15,22,3,1.467,0.2,4,0,0,18,1.0,"místo bylo pro všechny, kdo splnili požadavky školy",49.5,,vypsáno,7,4,1
Moravskoslezský kraj,Frýdek-Místek,Jablunkov,Střední škola,600171183,Dopravní prostředky,23-45-M/01,Doprava a logistika,SOŠ,4,20,37,14,1.85,0.7,14,0,0,23,1.0,"místo bylo pro všechny, kdo splnili požadavky školy",36.0,21.0,vypsáno,6,2,1
Moravskoslezský kraj,Frýdek-Místek,Jablunkov,Střední škola,600171183,Obchodní akademie,63-41-M/02,Obchodní akademie,SOŠ,4,15,33,3,2.2,0.2,4,0,0,27,1.0,"místo bylo pro všechny, kdo splnili požadavky školy",26.75,,vypsáno,6,3,0
Moravskoslezský kraj,Karviná,Karviná,Gymnázium,600016480,Gymnázium,79-41-K/41,,Gymnázia 4letá,4,60,121,68,2.017,1.133,60,13,0,48,0.822,dostala se většina soutěžících uchazečů,65.83,47.0,nevypsáno,,,
Moravskoslezský kraj,Karviná,Karviná,Gymnázium,600016480,Gymnázium,79-41-K/81,,Gymnázia 8letá,8,30,85,69,2.833,2.3,29,43,0,12,0.403,těžké,54.28,43.0,"nevypsáno, i když obor nebyl naplněn",,,
Moravskoslezský kraj,Karviná,Karviná,Obchodní akademie a Česko - anglická ZŠ s.r.o.,600016617,Obchodní akademie,63-41-M/02,Karviná - Ekonomika a sport,SOŠ,4,30,114,43,3.8,1.433,30,16,11,57,0.652,středně těžké,54.17,40.0,nevypsáno,,,
Moravskoslezský kraj,Karviná,Karviná,Obchodní akademie a Česko - anglická ZŠ s.r.o.,600016617,Obchodní akademie,63-41-M/02,Ostrava - Fotbalová akademie,SOŠ,4,28,41,22,1.464,0.786,24,0,0,17,1.0,"místo bylo pro všechny, kdo splnili požadavky školy",41.12,20.0,"nevypsáno, i když obor nebyl naplněn",,,
Moravskoslezský kraj,Karviná,Karviná,Obchodní akademie a Česko - anglická ZŠ s.r.o.,600016617,Obchodní akademie,63-41-M/02,Ostrava - Trenérská akademie,SOŠ,4,21,58,16,2.762,0.762,20,0,9,29,1.0,"místo bylo pro všechny, kdo splnili požadavky školy",48.75,29.0,"nevypsáno, i když obor nebyl naplněn",,,
Moravskoslezský kraj,Karviná,Karviná,Obchodní akademie a Česko - anglická ZŠ s.r.o.,600016617,Ekonomické lyceum,78-42-M/02,Karviná - Ekonomické lyceum,Lycea,4,30,83,16,2.767,0.533,23,0,8,52,1.0,"místo bylo pro všechny, kdo splnili požadavky školy",47.83,32.0,"nevypsáno, i když obor nebyl naplněn",,,
Moravskoslezský kraj,Karviná,Karviná,SOŠ ochrany osob a majetku s.r.o.,600016706,Bezpečnostně právní činnost,68-42-M/01,Karviná - Bezpečnostně právní činnost,SOŠ,4,30,124,67,4.133,2.233,29,31,35,28,0.483,těžké,49.48,39.0,"nevypsáno, i když obor nebyl naplněn",,,
Moravskoslezský kraj,Karviná,Karviná,SOŠ ochrany osob a majetku s.r.o.,600016706,Bezpečnostně právní činnost,68-42-M/01,Ostrava - Bezpečnostně právní činnost,SOŠ,4,30,129,52,4.3,1.733,29,23,31,45,0.558,středně těžké,50.76,40.0,"nevypsáno, i když obor nebyl naplněn",,,
Moravskoslezský kraj,Karviná,Karviná,SOŠ ochrany osob a majetku s.r.o.,600016706,Bezpečnostně právní činnost,68-42-M/01,Zlín - Bezpečnostně právní činnost,SOŠ,4,44,119,47,2.705,1.068,44,14,20,41,0.759,dostala se většina soutěžících uchazečů,51.55,36.0,nevypsáno,,,
Moravskoslezský kraj,Karviná,Karviná,Střední průmyslová škola,600016676,Informační technologie,18-20-M/01,,SOŠ,4,30,92,28,3.067,0.933,30,4,1,57,0.882,dostala se většina soutěžících uchazečů,47.07,23.0,nevypsáno,,,
Moravskoslezský kraj,Karviná,Karviná,Střední průmyslová škola,600016676,Strojírenství,23-41-M/01,,SOŠ,4,60,111,33,1.85,0.55,49,0,0,62,1.0,"místo bylo pro všechny, kdo splnili požadavky školy",42.08,15.0,vypsáno,11,3,1
Moravskoslezský kraj,Karviná,Karviná,Střední průmyslová škola,600016676,Elektrotechnika,26-41-M/01,,SOŠ,4,30,112,49,3.733,1.633,30,22,0,60,0.577,středně těžké,60.6,44.0,nevypsáno,,,
Moravskoslezský kraj,Karviná,Karviná,Střední zdravotnická škola,600020029,Praktická sestra,53-41-M/03,,SOŠ,4,58,166,63,2.862,1.086,57,30,0,78,0.655,středně těžké,40.91,15.0,"nevypsáno, i když obor nebyl naplněn",,,
Moravskoslezský kraj,Karviná,Karviná,Střední zdravotnická škola,600020029,Zdravotnické lyceum,78-42-M/04,,Lycea,4,30,143,32,4.767,1.067,30,31,0,82,0.492,těžké,55.67,41.0,nevypsáno,,,
Moravskoslezský kraj,Karviná,Karviná,Střední škola techniky a služeb,600171248,Mechanik elektrotechnik,26-41-L/01,"Zabezpečovací, protipožární a regulační systémy, kombinace s oborem 26-51-H/01 Elektrikář",SOU s maturitou,4,15,21,2,1.4,0.133,4,0,0,17,1.0,"místo bylo pro všechny, kdo splnili požadavky školy",39.5,,vypsáno,11,6,2
Moravskoslezský kraj,Karviná,Karviná,Střední škola techniky a služeb,600171248,Logistické a finanční služby,37-42-M/01,Logistika v průmyslu,SOŠ,4,15,25,5,1.667,0.333,7,0,0,17,1.0,"místo bylo pro všechny, kdo splnili požadavky školy",32.83,,vypsáno,7,6,3
Moravskoslezský kraj,Karviná,Karviná,Střední škola techniky a služeb,600171248,Požární ochrana,39-08-M/01,"Požární technik, BOZP a krizové řízení",SOŠ,4,30,58,18,1.933,0.6,27,0,0,31,1.0,"místo bylo pro všechny, kdo splnili požadavky školy",32.7,12.0,vypsáno,3,9,3
Moravskoslezský kraj,Karviná,Karviná,Střední škola techniky a služeb,600171248,Mechanik instalatérských a elektrotechnických zařízení,39-41-L/02,kombinace s oborem 36-52-H/01 Instalatér,SOU s maturitou,4,15,20,8,1.333,0.533,8,0,0,12,1.0,"místo bylo pro všechny, kdo splnili požadavky školy",32.62,,vypsáno,7,4,1
Moravskoslezský kraj,Karviná,Karviná,Střední škola techniky a služeb,600171248,Ekonomika a podnikání,63-41-M/01,Specialista internetového obchodu,SOŠ,4,15,27,5,1.8,0.333,9,0,0,18,1.0,"místo bylo pro všechny, kdo splnili požadavky školy",26.38,,vypsáno,6,12,5
Moravskoslezský kraj,Karviná,Karviná,Střední škola techniky a služeb,600171248,Podnikání,64-41-L/51,,Nástavby,2,32,79,46,2.469,1.438,32,24,0,23,0.571,středně těžké,25.12,11.0,nevypsáno,,,
Moravskoslezský kraj,Ostrava-město,Klimkovice,Střední škola podnikatelská,600016862,Ekonomika a podnikání,63-41-M/01,,SOŠ,4,30,32,6,1.067,0.2,10,0,0,22,1.0,"místo bylo pro všechny, kdo splnili požadavky školy",34.4,17.0,vypsáno,18,24,10
Moravskoslezský kraj,Nový Jičín,Kopřivnice,SŠ a VOŠ Kopřivnice,600016781,Strojírenství,23-41-M/01,,SOŠ,4,30,47,12,1.567,0.4,17,0,0,30,1.0,"místo bylo pro všechny, kdo splnili požadavky školy",49.82,22.0,vypsáno,13,4,1
Moravskoslezský kraj,Nový Jičín,Kopřivnice,SŠ a VOŠ Kopřivnice,600016781,Provozní technika,23-43-L/51,,Nástavby,2,24,29,20,1.208,0.833,15,0,7,7,1.0,"místo bylo pro všechny, kdo splnili požadavky školy",24.67,15.0,vypsáno,9,1,0
Moravskoslezský kraj,Nový Jičín,Kopřivnice,SŠ a VOŠ Kopřivnice,600016781,Mechanik seřizovač,23-45-L/01,Programátor CNC,SOU s maturitou,4,24,51,21,2.125,0.875,22,0,2,27,1.0,"místo bylo pro všechny, kdo splnili požadavky školy",44.36,24.0,"nevypsáno, i když obor nebyl naplněn",,,
Moravskoslezský kraj,Nový Jičín,Kopřivnice,SŠ a VOŠ Kopřivnice,600016781,Logistické a finanční služby,37-42-M/01,,SOŠ,4,30,55,13,1.833,0.433,17,0,4,34,1.0,"místo bylo pro všechny, kdo splnili požadavky školy",47.0,32.0,vypsáno,13,8,2
Moravskoslezský kraj,Bruntál,Krnov,Gymnázium,600016056,Gymnázium,79-41-K/41,,Gymnázia 4letá,4,30,90,29,3.0,0.967,30,11,0,49,0.732,dostala se většina soutěžících uchazečů,66.67,53.0,nevypsáno,,,
Moravskoslezský kraj,Bruntál,Krnov,Gymnázium,600016056,Gymnázium,79-41-K/81,,Gymnázia 8letá,8,30,66,48,2.2,1.6,29,23,2,11,0.558,středně těžké,53.59,38.0,vypsáno,3,8,3
Moravskoslezský kraj,Bruntál,Krnov,SOŠ dopravy a cest. ruchu,600171167,Ekonomika a podnikání,63-41-M/01,Management v dopravě,SOŠ,4,60,91,43,1.517,0.717,42,0,12,36,1.0,"místo bylo pro všechny, kdo splnili požadavky školy",51.17,27.0,vypsáno,17,13,6
Moravskoslezský kraj,Bruntál,Krnov,SOŠ dopravy a cest. ruchu,600171167,Cestovní ruch,65-42-M/02,Management cestovního ruchu,SOŠ,4,30,139,33,4.633,1.1,29,5,30,74,0.853,dostala se většina soutěžících uchazečů,47.55,30.0,"nevypsáno, i když obor nebyl naplněn",,,
Moravskoslezský kraj,Bruntál,Krnov,SPgŠ a SZdŠ,600016099,Praktická sestra,53-41-M/03,,SOŠ,4,30,101,36,3.367,1.2,30,29,0,42,0.508,středně těžké,40.97,21.0,nevypsáno,,,
Moravskoslezský kraj,Bruntál,Krnov,SPgŠ a SZdŠ,600016099,Předškolní a mimoškolní pedagogika,75-31-M/01,,SOŠ,4,55,111,67,2.018,1.218,55,13,11,32,0.809,dostala se většina soutěžících uchazečů,52.02,32.0,nevypsáno,,,
Moravskoslezský kraj,Bruntál,Krnov,SPgŠ a SZdŠ,600016099,Pedagogické lyceum,78-42-M/03,,Lycea,4,30,153,53,5.1,1.767,30,38,0,85,0.441,těžké,63.63,36.0,nevypsáno,,,
Moravskoslezský kraj,Bruntál,Krnov,Střední škola průmyslová,600016145,Informační technologie,18-20-M/01,,SOŠ,4,30,42,9,1.4,0.3,14,0,3,25,1.0,"místo bylo pro všechny, kdo splnili požadavky školy",35.07,20.0,vypsáno,16,7,2
Moravskoslezský kraj,Bruntál,Krnov,Střední škola průmyslová,600016145,Mechanik seřizovač,23-45-L/01,23-56-H/01 Obráběč kovů,SOU s maturitou,4,24,13,4,0.542,0.167,5,0,0,8,1.0,"místo bylo pro všechny, kdo splnili požadavky školy",27.4,,"nevypsáno, i když obor nebyl naplněn",,,
Moravskoslezský kraj,Bruntál,Krnov,Střední škola průmyslová,600016145,Autotronik,39-41-L/01,23-68-H/01 Mechanik opravář motorových vozidel,SOU s maturitou,4,30,57,25,1.9,0.833,29,2,4,21,0.935,dostala se většina soutěžících uchazečů,39.1,20.0,"nevypsáno, i když obor nebyl naplněn",,,
Moravskoslezský kraj,Bruntál,Krnov,Střední škola průmyslová,600016145,Podnikání,64-41-L/51,,Nástavby,2,30,51,25,1.7,0.833,29,0,7,15,1.0,"místo bylo pro všechny, kdo splnili požadavky školy",29.59,18.0,vypsáno,1,10,1
Moravskoslezský kraj,Nový Jičín,Nový Jičín,"EDUCA - SOŠ, s.r.o.",600016901,Informační technologie,18-20-M/01,Multimédia ,SOŠ,4,16,28,9,1.75,0.562,11,0,0,17,1.0,"místo bylo pro všechny, kdo splnili požadavky školy",36.4,11.0,"nevypsáno, i když obor nebyl naplněn",,,
Moravskoslezský kraj,Nový Jičín,Nový Jičín,"EDUCA - SOŠ, s.r.o.",600016901,Informační technologie,18-20-M/01,Robotika ,SOŠ,4,14,24,4,1.714,0.286,7,0,0,16,1.0,"místo bylo pro všechny, kdo splnili požadavky školy",40.0,,"nevypsáno, i když obor nebyl naplněn",,,
Moravskoslezský kraj,Nový Jičín,Nový Jičín,"EDUCA - SOŠ, s.r.o.",600016901,Ekonomika a podnikání,63-41-M/01,Business a právo,SOŠ,4,12,51,8,4.25,0.667,11,4,0,35,0.733,dostala se většina soutěžících uchazečů,43.55,32.0,"nevypsáno, i když obor nebyl naplněn",,,
Moravskoslezský kraj,Nový Jičín,Nový Jičín,"EDUCA - SOŠ, s.r.o.",600016901,Ekonomika a podnikání,63-41-M/01,Management sportu a zdravý životní styl ,SOŠ,4,18,57,17,3.167,0.944,18,5,0,34,0.783,dostala se většina soutěžících uchazečů,44.28,23.0,nevypsáno,,,
Moravskoslezský kraj,Nový Jičín,Nový Jičín,"EDUCA - SOŠ, s.r.o.",600016901,Cestovní ruch,65-42-M/02,Cestovní ruch a animační služby,SOŠ,4,12,37,9,3.083,0.75,12,3,1,21,0.8,dostala se většina soutěžících uchazečů,39.08,25.0,nevypsáno,,,
Moravskoslezský kraj,Nový Jičín,Nový Jičín,Gymnázium,600016820,Gymnázium,79-41-K/41,,Gymnázia 4letá,4,60,157,60,2.617,1.0,60,21,1,75,0.741,dostala se většina soutěžících uchazečů,68.67,51.0,nevypsáno,,,
Moravskoslezský kraj,Nový Jičín,Nový Jičín,Gymnázium,600016820,Gymnázium,79-41-K/61,,Gymnázia 6letá,6,30,101,73,3.367,2.433,30,47,12,12,0.39,těžké,56.83,45.0,nevypsáno,,,
Moravskoslezský kraj,Nový Jičín,Nový Jičín,Mendelova střední škola,600020037,Informační technologie,18-20-M/01,,SOŠ,4,30,71,25,2.367,0.833,25,0,8,38,1.0,"místo bylo pro všechny, kdo splnili požadavky školy",50.6,30.0,vypsáno,5,3,0
Moravskoslezský kraj,Nový Jičín,Nový Jičín,Mendelova střední škola,600020037,Praktická sestra,53-41-M/03,,SOŠ,4,60,125,41,2.083,0.683,46,0,26,53,1.0,"místo bylo pro všechny, kdo splnili požadavky školy",43.07,24.0,vypsáno,14,12,4
Moravskoslezský kraj,Nový Jičín,Nový Jičín,Mendelova střední škola,600020037,Obchodní akademie,63-41-M/02,Marketingové komunikace,SOŠ,4,30,135,31,4.5,1.033,30,13,6,86,0.698,dostala se většina soutěžících uchazečů,55.79,41.0,nevypsáno,,,
Moravskoslezský kraj,Nový Jičín,Nový Jičín,Mendelova střední škola,600020037,Ekonomické lyceum,78-42-M/02,Zahraniční obchod s rozšířenou výukou cizích jazyků,Lycea,4,30,109,26,3.633,0.867,30,3,2,74,0.909,dostala se většina soutěžících uchazečů,61.47,49.0,nevypsáno,,,
Moravskoslezský kraj,Nový Jičín,Nový Jičín,Mendelova střední škola,600020037,Zdravotnické lyceum,78-42-M/04,,Lycea,4,30,140,44,4.667,1.467,30,30,4,76,0.5,středně těžké,63.57,50.0,nevypsáno,,,
Moravskoslezský kraj,Nový Jičín,Nový Jičín,Mendelova střední škola,600020037,Lyceum (režim pokusného ověřování),78-42-M/08,Právo a pedagogika v digitální době,Lycea,4,30,123,40,4.1,1.333,30,20,8,65,0.6,středně těžké,59.13,41.0,nevypsáno,,,
Moravskoslezský kraj,Nový Jičín,Nový Jičín,Střední škola technická a zemědělská,600016846,Ekologie a životní prostředí,16-01-M/01,,SOŠ,4,30,44,8,1.467,0.267,14,0,0,30,1.0,"místo bylo pro všechny, kdo splnili požadavky školy",46.14,19.0,vypsáno,10,7,4
Moravskoslezský kraj,Nový Jičín,Nový Jičín,Střední škola technická a zemědělská,600016846,Mechanik strojů a zařízení,23-44-L/01,,SOU s maturitou,4,30,43,14,1.433,0.467,16,0,0,26,1.0,"místo bylo pro všechny, kdo splnili požadavky školy",34.88,21.0,vypsáno,5,3,3
Moravskoslezský kraj,Nový Jičín,Nový Jičín,Střední škola technická a zemědělská,600016846,Agropodnikání,41-41-M/01,,SOŠ,4,30,39,10,1.3,0.333,12,0,0,27,1.0,"místo bylo pro všechny, kdo splnili požadavky školy",34.5,20.0,vypsáno,12,3,0
Moravskoslezský kraj,Nový Jičín,Nový Jičín,Střední škola technická a zemědělská,600016846,Podnikání,64-41-L/51,,Nástavby,2,30,63,37,2.1,1.233,30,10,0,23,0.75,dostala se většina soutěžících uchazečů,35.6,19.0,nevypsáno,,,
Moravskoslezský kraj,Nový Jičín,Odry,SPgŠ a SZdŠ svaté Anežky České,600016838,Praktická sestra,53-41-M/03,,SOŠ,4,20,37,8,1.85,0.4,14,0,2,21,1.0,"místo bylo pro všechny, kdo splnili požadavky školy",30.23,19.0,vypsáno,7,14,7
Moravskoslezský kraj,Nový Jičín,Odry,SPgŠ a SZdŠ svaté Anežky České,600016838,Masér ve zdravotnictví,53-41-M/04,,SOŠ,4,12,24,6,2.0,0.5,10,0,1,13,1.0,"místo bylo pro všechny, kdo splnili požadavky školy",30.33,,"nevypsáno, i když obor nebyl naplněn",,,
Moravskoslezský kraj,Nový Jičín,Odry,SPgŠ a SZdŠ svaté Anežky České,600016838,Předškolní a mimoškolní pedagogika,75-31-M/01,,SOŠ,4,46,87,52,1.891,1.13,46,7,13,21,0.868,dostala se většina soutěžících uchazečů,45.37,23.0,nevypsáno,,,
Moravskoslezský kraj,Nový Jičín,Odry,SPgŠ a SZdŠ svaté Anežky České,600016838,Pedagogické lyceum,78-42-M/03,,Lycea,4,16,64,16,4.0,1.0,16,4,1,43,0.8,dostala se většina soutěžících uchazečů,52.94,25.0,nevypsáno,,,
Moravskoslezský kraj,Nový Jičín,Odry,Střední škola,600016854,Podnikání,64-41-L/51,,Nástavby,2,30,66,34,2.2,1.133,26,0,21,19,1.0,"místo bylo pro všechny, kdo splnili požadavky školy",29.31,17.0,vypsáno,4,9,3
Moravskoslezský kraj,Opava,Opava,Masarykova střední škola,600017311,Chemik operátor,28-42-L/01,Chemik operátor/Chemik ,SOU s maturitou,4,30,41,10,1.367,0.333,14,0,0,27,1.0,"místo bylo pro všechny, kdo splnili požadavky školy",45.46,22.0,vypsáno,12,12,5
Moravskoslezský kraj,Opava,Opava,Masarykova střední škola,600017311,Agropodnikání,41-41-M/01,,SOŠ,4,30,100,49,3.333,1.633,30,25,0,45,0.545,středně těžké,58.6,40.0,nevypsáno,,,
Moravskoslezský kraj,Opava,Opava,Masarykova střední škola,600017311,Podnikání,64-41-L/51,,Nástavby,2,32,126,65,3.938,2.031,32,37,16,41,0.464,těžké,38.69,31.0,nevypsáno,,,
Moravskoslezský kraj,Opava,Opava,Masarykova střední škola,600017311,Přírodovědné lyceum,78-42-M/05,,Lycea,4,30,87,17,2.9,0.567,27,0,0,60,1.0,"místo bylo pro všechny, kdo splnili požadavky školy",50.93,28.0,vypsáno,5,18,5
Moravskoslezský kraj,Opava,Opava,Mendelovo gymnázium,600017320,Gymnázium,79-41-K/41,"Tvořím, tvoříš, tvoříme ...",Gymnázia 4letá,4,90,187,144,2.078,1.6,90,61,1,35,0.596,středně těžké,83.71,71.0,nevypsáno,,,
Moravskoslezský kraj,Opava,Opava,Mendelovo gymnázium,600017320,Gymnázium,79-41-K/81,"Tvořím, tvoříš, tvoříme ...",Gymnázia 8letá,8,30,93,83,3.1,2.767,29,51,5,7,0.362,těžké,67.31,52.0,"nevypsáno, i když obor nebyl naplněn",,,
Moravskoslezský kraj,Opava,Opava,OA a SOŠ logistická,600017257,Informační technologie,18-20-M/01,,SOŠ,4,30,99,23,3.3,0.767,29,0,9,61,1.0,"místo bylo pro všechny, kdo splnili požadavky školy",51.86,35.0,"nevypsáno, i když obor nebyl naplněn",,,
Moravskoslezský kraj,Opava,Opava,OA a SOŠ logistická,600017257,Provoz a ekonomika dopravy,37-41-M/01,,SOŠ,4,30,83,23,2.767,0.767,19,0,15,49,1.0,"místo bylo pro všechny, kdo splnili požadavky školy",48.89,32.0,vypsáno,11,23,11
Moravskoslezský kraj,Opava,Opava,OA a SOŠ logistická,600017257,Logistické a finanční služby,37-42-M/01,,SOŠ,4,30,153,29,5.1,0.967,30,9,21,93,0.769,dostala se většina soutěžících uchazečů,49.1,33.0,nevypsáno,,,
Moravskoslezský kraj,Opava,Opava,OA a SOŠ logistická,600017257,Obchodní akademie,63-41-M/02,,SOŠ,4,60,251,73,4.183,1.217,60,34,19,138,0.638,středně těžké,61.82,41.0,nevypsáno,,,
Moravskoslezský kraj,Opava,Opava,OA a SOŠ logistická,600017257,Ekonomické lyceum,78-42-M/02,,Lycea,4,30,128,45,4.267,1.5,30,27,8,63,0.526,středně těžké,70.27,59.0,nevypsáno,,,
Moravskoslezský kraj,Opava,Opava,SOU stavební,600017419,Operátor dřevařské a nábytkářské výroby,33-41-L/01,33-56-H/01 Truhlář,SOU s maturitou,4,10,30,9,3.0,0.9,9,2,0,18,0.818,dostala se většina soutěžících uchazečů,44.0,,"nevypsáno, i když obor nebyl naplněn",,,
Moravskoslezský kraj,Opava,Opava,SOU stavební,600017419,Mechanik instalatérských a elektrotechnických zařízení,39-41-L/02,,SOU s maturitou,4,22,59,25,2.682,1.136,22,8,1,28,0.733,dostala se většina soutěžících uchazečů,41.5,30.0,nevypsáno,,,
Moravskoslezský kraj,Opava,Opava,Slezské gymnázium,600017265,Gymnázium,79-41-K/41,,Gymnázia 4letá,4,90,223,85,2.478,0.944,90,33,1,99,0.732,dostala se většina soutěžících uchazečů,74.33,63.0,nevypsáno,,,
Moravskoslezský kraj,Opava,Opava,Soukr.střední škola podnikatelská s.r.o.,600017401,Polygrafie,34-41-M/01,Polygrafie,SOŠ,4,8,9,5,1.125,0.625,7,0,0,2,1.0,"místo bylo pro všechny, kdo splnili požadavky školy",38.43,,"nevypsáno, i když obor nebyl naplněn",,,
Moravskoslezský kraj,Opava,Opava,Soukr.střední škola podnikatelská s.r.o.,600017401,Ekonomika a podnikání,63-41-M/01,Cestovní ruch a průvodcovství,SOŠ,4,7,31,5,4.429,0.714,7,4,0,20,0.636,středně těžké,37.14,,nevypsáno,,,
Moravskoslezský kraj,Opava,Opava,Soukr.střední škola podnikatelská s.r.o.,600017401,Ekonomika a podnikání,63-41-M/01,Marketingová komunikace,SOŠ,4,10,34,15,3.4,1.5,10,12,0,12,0.455,těžké,55.1,41.0,nevypsáno,,,
Moravskoslezský kraj,Opava,Opava,Soukr.střední škola podnikatelská s.r.o.,600017401,Ekonomika a podnikání,63-41-M/01,Multimediální a reklamní tvorba,SOŠ,4,12,44,10,3.667,0.833,12,7,0,25,0.632,středně těžké,53.08,33.0,nevypsáno,,,
Moravskoslezský kraj,Opava,Opava,Soukr.střední škola podnikatelská s.r.o.,600017401,Ekonomika a podnikání,63-41-M/01,Žurnalistika a mediální komunikace,SOŠ,4,7,25,11,3.571,1.571,7,6,0,12,0.538,středně těžké,62.29,,nevypsáno,,,
Moravskoslezský kraj,Opava,Opava,Soukr.střední škola podnikatelská s.r.o.,600017401,Veřejnosprávní činnost,68-43-M/01,Veřejnosprávní činnost,SOŠ,4,11,28,9,2.545,0.818,11,1,0,16,0.917,dostala se většina soutěžících uchazečů,38.55,19.0,nevypsáno,,,
Moravskoslezský kraj,Ostrava-město,Opava,Soukromá obchodní akademie Opava s.r.o.,600017290,Ekonomika a podnikání,63-41-M/01,,SOŠ,4,30,88,19,2.933,0.633,30,11,0,47,0.732,dostala se většina soutěžících uchazečů,40.27,18.0,nevypsáno,,,
Moravskoslezský kraj,Ostrava-město,Opava,Soukromá obchodní akademie Opava s.r.o.,600017290,Sociální činnost,75-41-M/01,,SOŠ,4,20,40,19,2.0,0.95,20,9,0,11,0.69,dostala se většina soutěžících uchazečů,37.7,27.0,nevypsáno,,,
Moravskoslezský kraj,Opava,Opava,Střední průmyslová škola stavební,600017389,Geodézie a katastr nemovitostí,36-46-M/01,,SOŠ,4,30,66,10,2.2,0.333,13,0,1,52,1.0,"místo bylo pro všechny, kdo splnili požadavky školy",52.92,30.0,vypsáno,17,10,2
Moravskoslezský kraj,Opava,Opava,Střední průmyslová škola stavební,600017389,Stavebnictví,36-47-M/01,,SOŠ,4,60,149,78,2.483,1.3,60,22,0,67,0.732,dostala se většina soutěžících uchazečů,64.13,47.0,nevypsáno,,,
Moravskoslezský kraj,Opava,Opava,Střední zdravotnická škola,600020061,Praktická sestra,53-41-M/03,,SOŠ,4,60,159,74,2.65,1.233,60,37,1,61,0.619,středně těžké,51.3,31.0,nevypsáno,,,
Moravskoslezský kraj,Opava,Opava,Střední zdravotnická škola,600020061,Zdravotnické lyceum,78-42-M/04,,Lycea,4,28,140,42,5.0,1.5,28,37,1,74,0.431,těžké,66.25,47.0,nevypsáno,,,
Moravskoslezský kraj,Opava,Opava,Střední škola průmyslová a umělecká,600017338,Informační technologie,18-20-M/01,se zaměřením na počítačové sítě a programování,SOŠ,4,30,78,41,2.6,1.367,30,14,2,32,0.682,dostala se většina soutěžících uchazečů,70.27,56.0,nevypsáno,,,
Moravskoslezský kraj,Opava,Opava,Střední škola průmyslová a umělecká,600017338,Strojírenství,23-41-M/01,se zaměřením na výpočetní techniku,SOŠ,4,60,118,36,1.967,0.6,42,0,2,74,1.0,"místo bylo pro všechny, kdo splnili požadavky školy",56.3,28.0,vypsáno,18,7,0
Moravskoslezský kraj,Opava,Opava,Střední škola technická,600171868,Mechanik seřizovač,23-45-L/01,,SOU s maturitou,4,30,43,11,1.433,0.367,13,0,2,28,1.0,"místo bylo pro všechny, kdo splnili požadavky školy",36.54,17.0,vypsáno,17,7,2
Moravskoslezský kraj,Opava,Opava,Střední škola technická,600171868,Podnikání,64-41-L/51,,Nástavby,2,30,109,30,3.633,1.0,29,15,14,50,0.659,středně těžké,31.76,22.0,"nevypsáno, i když obor nebyl naplněn",,,
Moravskoslezský kraj,Opava,Opava,SŠ hotelnictví a služeb a VOŠ,691002932,Podnikání,64-41-L/51,,Nástavby,2,30,128,49,4.267,1.633,29,43,4,51,0.403,těžké,37.24,23.0,"nevypsáno, i když obor nebyl naplněn",,,
Moravskoslezský kraj,Opava,Opava,SŠ hotelnictví a služeb a VOŠ,691002932,Hotelnictví,65-42-M/01,,SOŠ,4,60,120,32,2.0,0.533,59,0,1,60,1.0,"místo bylo pro všechny, kdo splnili požadavky školy",38.17,11.0,"nevypsáno, i když obor nebyl naplněn",,,
Moravskoslezský kraj,Opava,Opava,SŠ hotelnictví a služeb a VOŠ,691002932,Cestovní ruch,65-42-M/02,,SOŠ,4,30,202,47,6.733,1.567,30,52,1,119,0.366,těžké,55.0,40.0,nevypsáno,,,
Moravskoslezský kraj,Karviná,Orlová,Gymnázium Jana Šabršuly s.r.o.,650078331,Gymnázium,79-41-K/41,,Gymnázia 4letá,4,60,71,20,1.183,0.333,32,0,1,38,1.0,"místo bylo pro všechny, kdo splnili požadavky školy",45.06,21.0,vypsáno,28,11,5
Moravskoslezský kraj,Karviná,Orlová,Gymnázium a Obchodní akademie,600016536,Informační technologie,18-20-M/01,,SOŠ,4,30,52,17,1.733,0.567,17,0,4,31,1.0,"místo bylo pro všechny, kdo splnili požadavky školy",50.76,29.0,vypsáno,13,7,2
Moravskoslezský kraj,Karviná,Orlová,Gymnázium a Obchodní akademie,600016536,Obchodní akademie,63-41-M/02,,SOŠ,4,30,104,22,3.467,0.733,27,0,11,66,1.0,"místo bylo pro všechny, kdo splnili požadavky školy",45.37,24.0,vypsáno,3,7,3
Moravskoslezský kraj,Karviná,Orlová,Gymnázium a Obchodní akademie,600016536,Veřejnosprávní činnost,68-43-M/01,,SOŠ,4,30,78,22,2.6,0.733,30,1,9,38,0.968,dostala se většina soutěžících uchazečů,45.33,27.0,nevypsáno,,,
Moravskoslezský kraj,Karviná,Orlová,Gymnázium a Obchodní akademie,600016536,Gymnázium,79-41-K/41,,Gymnázia 4letá,4,30,142,46,4.733,1.533,30,30,0,82,0.5,středně těžké,67.77,54.0,nevypsáno,,,
Moravskoslezský kraj,Karviná,Orlová,Gymnázium a Obchodní akademie,600016536,Gymnázium,79-41-K/81,,Gymnázia 8letá,8,30,89,39,2.967,1.3,29,30,0,29,0.492,těžké,45.45,31.0,"nevypsáno, i když obor nebyl naplněn",,,
Moravskoslezský kraj,Karviná,Orlová,"SOŠ NET OFFICE Orlová, spol. s r.o.",600016587,Informační technologie,18-20-M/01,,SOŠ,4,34,42,13,1.235,0.382,20,0,0,22,1.0,"místo bylo pro všechny, kdo splnili požadavky školy",37.6,22.0,vypsáno,14,5,2
Moravskoslezský kraj,Ostrava-město,Ostrava,"1st IS of Ostrava - mez.gymnázium,s.r.o.",650076991,Gymnázium,79-41-K/41,,Gymnázia 4letá,4,15,19,9,1.267,0.6,9,0,2,8,1.0,"místo bylo pro všechny, kdo splnili požadavky školy",55.88,,vypsáno,4,2,2
Moravskoslezský kraj,Ostrava-město,Ostrava,"1st IS of Ostrava - mez.gymnázium,s.r.o.",650076991,Gymnázium,79-41-K/81,,Gymnázia 8letá,8,20,16,3,0.8,0.15,6,0,1,5,1.0,"místo bylo pro všechny, kdo splnili požadavky školy",22.0,,vypsáno,10,6,3
Moravskoslezský kraj,Ostrava-město,Ostrava,AGEL SZdzrŠ a VOŠ zdravotnická s.r.o.,691010366,Praktická sestra,53-41-M/03,Ostrava,SOŠ,4,30,105,21,3.5,0.7,30,28,2,45,0.517,středně těžké,41.37,29.0,nevypsáno,,,
Moravskoslezský kraj,Ostrava-město,Ostrava,AGEL SZdzrŠ a VOŠ zdravotnická s.r.o.,691010366,Praktická sestra,53-41-M/03,Český Těšín,SOŠ,4,60,130,38,2.167,0.633,59,1,3,66,0.983,dostala se většina soutěžících uchazečů,34.9,11.0,"nevypsáno, i když obor nebyl naplněn",,,
Moravskoslezský kraj,Ostrava-město,Ostrava,AGEL SZdzrŠ a VOŠ zdravotnická s.r.o.,691010366,Laboratorní asistent,53-43-M/01,,SOŠ,4,16,68,11,4.25,0.688,16,11,1,40,0.593,středně těžké,44.88,32.0,nevypsáno,,,
Moravskoslezský kraj,Ostrava-město,Ostrava,AGEL SZdzrŠ a VOŠ zdravotnická s.r.o.,691010366,Zdravotnické lyceum,78-42-M/04,,Lycea,4,25,111,40,4.44,1.6,25,31,1,54,0.446,těžké,61.16,50.0,nevypsáno,,,
Moravskoslezský kraj,Ostrava-město,Ostrava,"AHOL - Střední odborná škola, s.r.o.",600017664,Ortoticko - protetický technik,53-44-M/01,,SOŠ,4,12,36,15,3.0,1.25,11,3,2,19,0.786,dostala se většina soutěžících uchazečů,53.64,27.0,"nevypsáno, i když obor nebyl naplněn",,,
Moravskoslezský kraj,Ostrava-město,Ostrava,"AHOL - Střední odborná škola, s.r.o.",600017664,Ekonomika a podnikání,63-41-M/01,Digitální marketing a ekonomika,SOŠ,4,13,45,11,3.462,0.846,12,6,1,25,0.667,dostala se většina soutěžících uchazečů,38.42,22.0,"nevypsáno, i když obor nebyl naplněn",,,
Moravskoslezský kraj,Ostrava-město,Ostrava,"AHOL - Střední odborná škola, s.r.o.",600017664,Ekonomika a podnikání,63-41-M/01,Ekonomika v multimediální sféře,SOŠ,4,13,35,5,2.692,0.385,11,0,0,23,1.0,"místo bylo pro všechny, kdo splnili požadavky školy",33.82,10.0,"nevypsáno, i když obor nebyl naplněn",,,
Moravskoslezský kraj,Ostrava-město,Ostrava,"AHOL - Střední odborná škola, s.r.o.",600017664,Ekonomika a podnikání,63-41-M/01,Sportovní management,SOŠ,4,18,52,24,2.889,1.333,18,10,0,24,0.643,středně těžké,47.94,32.0,nevypsáno,,,
Moravskoslezský kraj,Ostrava-město,Ostrava,"AHOL - Střední odborná škola, s.r.o.",600017664,Veřejnosprávní činnost,68-43-M/01,Právo a veřejná správa,SOŠ,4,20,50,18,2.5,0.9,19,5,0,25,0.792,dostala se většina soutěžících uchazečů,42.68,26.0,"nevypsáno, i když obor nebyl naplněn",,,
Moravskoslezský kraj,Ostrava-město,Ostrava,"AHOL - Střední odborná škola, s.r.o.",600017664,Oční optik,69-42-M/01,,SOŠ,4,12,35,5,2.917,0.417,10,0,1,24,1.0,"místo bylo pro všechny, kdo splnili požadavky školy",32.4,13.0,"nevypsáno, i když obor nebyl naplněn",,,
Moravskoslezský kraj,Ostrava-město,Ostrava,"AHOL - Střední odborná škola, s.r.o.",600017664,Pedagogické lyceum,78-42-M/03,,Lycea,4,25,94,30,3.76,1.2,25,23,0,46,0.521,středně těžké,53.16,37.0,nevypsáno,,,
Moravskoslezský kraj,Ostrava-město,Ostrava,"AHOL-SŠ gastronomie, turismu a lázeňství",651035759,Gastronomie,65-41-L/01,Kuchař v moderní gastronomii,SOU s maturitou,4,30,25,6,0.833,0.2,8,0,2,14,1.0,"místo bylo pro všechny, kdo splnili požadavky školy",42.0,,vypsáno,15,7,3
Moravskoslezský kraj,Ostrava-město,Ostrava,"AHOL-SŠ gastronomie, turismu a lázeňství",651035759,Hotelnictví,65-42-M/01,Lázeňství a wellness,SOŠ,4,30,11,2,0.367,0.067,3,0,4,3,1.0,"místo bylo pro všechny, kdo splnili požadavky školy",33.67,,vypsáno,11,18,6
Moravskoslezský kraj,Ostrava-město,Ostrava,"AHOL-SŠ gastronomie, turismu a lázeňství",651035759,Hotelnictví,65-42-M/01,Moderní hotelové služby,SOŠ,4,30,19,6,0.633,0.2,6,0,0,13,1.0,"místo bylo pro všechny, kdo splnili požadavky školy",37.67,,vypsáno,9,19,6
Moravskoslezský kraj,Ostrava-město,Ostrava,"AHOL-SŠ gastronomie, turismu a lázeňství",651035759,Cestovní ruch,65-42-M/02,Provoz cestovní kanceláře,SOŠ,4,12,39,8,3.25,0.667,11,6,2,19,0.647,středně těžké,40.73,27.0,"nevypsáno, i když obor nebyl naplněn",,,
Moravskoslezský kraj,Ostrava-město,Ostrava,"AHOL-SŠ gastronomie, turismu a lázeňství",651035759,Cestovní ruch,65-42-M/02,Stevard v dopravních službách,SOŠ,4,12,28,8,2.333,0.667,12,4,4,8,0.75,dostala se většina soutěžících uchazečů,40.25,20.0,nevypsáno,,,
Moravskoslezský kraj,Ostrava-město,Ostrava,"BPA Ostrava, s. r. o., střední škola",600017729,Bezpečnostně právní činnost,68-42-M/01,,SOŠ,4,64,165,82,2.578,1.281,64,8,48,45,0.889,dostala se většina soutěžících uchazečů,45.73,30.0,nevypsáno,,,
Moravskoslezský kraj,Ostrava-město,Ostrava,Biskupské gymnázium v Ostravě,600017541,Gymnázium,79-41-K/41,,Gymnázia 4letá,4,30,72,15,2.4,0.5,26,0,5,41,1.0,"místo bylo pro všechny, kdo splnili požadavky školy",54.28,38.0,"nevypsáno, i když obor nebyl naplněn",,,
Moravskoslezský kraj,Ostrava-město,Ostrava,Biskupské gymnázium v Ostravě,600017541,Gymnázium,79-41-K/81,,Gymnázia 8letá,8,50,78,25,1.56,0.5,21,0,22,33,1.0,"místo bylo pro všechny, kdo splnili požadavky školy",43.0,33.0,"nevypsáno, i když obor nebyl naplněn",,,
Moravskoslezský kraj,Ostrava-město,Ostrava,Gymnázium,600017451,Gymnázium,79-41-K/41,,Gymnázia 4letá,4,30,124,59,4.133,1.967,29,41,4,49,0.414,těžké,76.57,66.0,"nevypsáno, i když obor nebyl naplněn",,,
Moravskoslezský kraj,Ostrava-město,Ostrava,Gymnázium,600017451,Gymnázium,79-41-K/81,,Gymnázia 8letá,8,60,210,100,3.5,1.667,60,47,22,81,0.561,středně těžké,59.97,41.0,nevypsáno,,,
Moravskoslezský kraj,Ostrava-město,Ostrava,Gymnázium,600017486,Gymnázium,79-41-K/81,všeobecné,Gymnázia 8letá,8,60,190,51,3.167,0.85,60,21,19,90,0.741,dostala se většina soutěžících uchazečů,42.75,30.0,nevypsáno,,,
Moravskoslezský kraj,Ostrava-město,Ostrava,Gymnázium EDUCAnet Ostrava s.r.o.,600016366,Gymnázium,79-41-K/41,Business & Management,Gymnázia 4letá,4,25,12,5,0.48,0.2,6,0,0,6,1.0,"místo bylo pro všechny, kdo splnili požadavky školy",41.83,,"nevypsáno, i když obor nebyl naplněn",,,
Moravskoslezský kraj,Ostrava-město,Ostrava,Gymnázium EDUCAnet Ostrava s.r.o.,600016366,Gymnázium,79-41-K/41,Gymnázium,Gymnázia 4letá,4,25,20,5,0.8,0.2,8,0,0,12,1.0,"místo bylo pro všechny, kdo splnili požadavky školy",48.75,,vypsáno,15,16,5
Moravskoslezský kraj,Ostrava-město,Ostrava,Gymnázium Hladnov a JŠ s právem SJZ,600017494,Gymnázium,79-41-K/41,anglický jazyk,Gymnázia 4letá,4,60,189,89,3.15,1.483,58,49,6,74,0.542,středně těžké,69.76,56.0,"nevypsáno, i když obor nebyl naplněn",,,
Moravskoslezský kraj,Ostrava-město,Ostrava,Gymnázium Hladnov a JŠ s právem SJZ,600017494,Gymnázium,79-41-K/41,všeobecné,Gymnázia 4letá,4,30,92,37,3.067,1.233,30,19,2,41,0.612,středně těžké,68.53,51.0,nevypsáno,,,
Moravskoslezský kraj,Ostrava-město,Ostrava,Gymnázium Hladnov a JŠ s právem SJZ,600017494,Dvojjazyčné gymnázium,79-43-K/61,španělský jazyk,Gymnázia 6letá,6,30,121,50,4.033,1.667,30,32,24,35,0.484,těžké,51.6,33.0,nevypsáno,,,
Moravskoslezský kraj,Ostrava-město,Ostrava,Gymnázium Olgy Havlové,600017478,Gymnázium,79-41-K/41,,Gymnázia 4letá,4,30,108,63,3.6,2.1,30,44,0,34,0.405,těžké,83.6,67.0,nevypsáno,,,
Moravskoslezský kraj,Ostrava-město,Ostrava,Gymnázium Olgy Havlové,600017478,Gymnázium,79-41-K/81,,Gymnázia 8letá,8,60,212,93,3.533,1.55,56,66,0,86,0.459,těžké,55.54,40.0,"nevypsáno, i když obor nebyl naplněn",,,
Moravskoslezský kraj,Ostrava-město,Ostrava,"Gymnázium, ZŠ a MŠ Hello s.r.o.",691000565,Gymnázium,79-41-K/41,4leté gymnázium,Gymnázia 4letá,4,52,98,28,1.885,0.538,40,0,1,57,1.0,"místo bylo pro všechny, kdo splnili požadavky školy",51.38,30.0,"nevypsáno, i když obor nebyl naplněn",,,
Moravskoslezský kraj,Ostrava-město,Ostrava,"Hotelová škola, Ostrava, příspěvková organizace",600171272,Podnikání,64-41-L/51,Podnikání,Nástavby,2,30,106,37,3.533,1.233,30,18,0,58,0.625,středně těžké,33.23,19.0,nevypsáno,,,
Moravskoslezský kraj,Ostrava-město,Ostrava,"Hotelová škola, Ostrava, příspěvková organizace",600171272,Gastronomie,65-41-L/01,"Hotelový a restaurační provoz, kombinace s oborem Kuchař-číšník (doplňující obor s VL)",SOU s maturitou,4,30,58,14,1.933,0.467,23,0,0,34,1.0,"místo bylo pro všechny, kdo splnili požadavky školy",33.43,13.0,vypsáno,7,24,7
Moravskoslezský kraj,Ostrava-město,Ostrava,"Hotelová škola, Ostrava, příspěvková organizace",600171272,Cestovní ruch,65-42-M/02,Služby cestovního ruchu,SOŠ,4,30,135,33,4.5,1.1,30,34,0,71,0.469,těžké,41.03,30.0,nevypsáno,,,
Moravskoslezský kraj,Ostrava-město,Ostrava,IUVENTAS-Soukr.gymnázium a SOŠ s.r.o.,650077393,Pedagogické lyceum,78-42-M/03,,Lycea,4,26,56,18,2.154,0.692,26,3,1,26,0.897,dostala se většina soutěžících uchazečů,42.88,24.0,nevypsáno,,,
Moravskoslezský kraj,Ostrava-město,Ostrava,IUVENTAS-Soukr.gymnázium a SOŠ s.r.o.,650077393,Zdravotnické lyceum,78-42-M/04,,Lycea,4,29,35,4,1.207,0.138,14,0,3,18,1.0,"místo bylo pro všechny, kdo splnili požadavky školy",43.36,16.0,vypsáno,15,27,9
Moravskoslezský kraj,Ostrava-město,Ostrava,IUVENTAS-Soukr.gymnázium a SOŠ s.r.o.,650077393,Přírodovědné lyceum,78-42-M/05,,Lycea,4,29,20,2,0.69,0.069,3,0,0,17,1.0,"místo bylo pro všechny, kdo splnili požadavky školy",40.67,,vypsáno,25,12,1
Moravskoslezský kraj,Ostrava-město,Ostrava,IUVENTAS-Soukr.gymnázium a SOŠ s.r.o.,650077393,Gymnázium,79-41-K/41,,Gymnázia 4letá,4,50,50,6,1.0,0.12,13,0,1,36,1.0,"místo bylo pro všechny, kdo splnili požadavky školy",47.15,30.0,vypsáno,8,13,5
Moravskoslezský kraj,Ostrava-město,Ostrava,IUVENTAS-Soukr.gymnázium a SOŠ s.r.o.,650077393,Gymnázium,79-41-K/81,,Gymnázia 8letá,8,17,34,6,2.0,0.353,14,0,2,17,1.0,"místo bylo pro všechny, kdo splnili požadavky školy",34.93,20.0,vypsáno,10,17,7
Moravskoslezský kraj,Ostrava-město,Ostrava,Jazykové gymnázium Pavla Tigrida,600017443,Gymnázium,79-41-K/41,Anglický jazyk (první cizí jazyk),Gymnázia 4letá,4,60,237,121,3.95,2.017,60,94,0,83,0.39,těžké,76.62,64.0,nevypsáno,,,
Moravskoslezský kraj,Ostrava-město,Ostrava,Jazykové gymnázium Pavla Tigrida,600017443,Gymnázium,79-41-K/41,Německý jazyk (první cizí jazyk),Gymnázia 4letá,4,30,68,19,2.267,0.633,30,4,0,34,0.882,dostala se většina soutěžících uchazečů,62.1,41.0,nevypsáno,,,
Moravskoslezský kraj,Ostrava-město,Ostrava,Jazykové gymnázium Pavla Tigrida,600017443,Gymnázium,79-41-K/61,Francouzský jazyk (první cizí jazyk),Gymnázia 6letá,6,30,102,54,3.4,1.8,27,46,0,26,0.37,těžké,49.26,37.0,"nevypsáno, i když obor nebyl naplněn",,,
Moravskoslezský kraj,Ostrava-město,Ostrava,Matiční gymnázium,600017508,Gymnázium,79-41-K/41,všeobecné,Gymnázia 4letá,4,30,132,40,4.4,1.333,30,33,2,67,0.476,těžké,71.9,56.0,nevypsáno,,,
Moravskoslezský kraj,Ostrava-město,Ostrava,Matiční gymnázium,600017508,Gymnázium,79-41-K/81,všeobecné,Gymnázia 8letá,8,60,203,143,3.383,2.383,60,94,2,47,0.39,těžké,66.38,50.0,nevypsáno,,,
Moravskoslezský kraj,Ostrava-město,Ostrava,"Moravskoslezská OA, s.r.o.",600016595,Obchodní akademie,63-41-M/02,,SOŠ,4,33,61,27,1.848,0.818,27,0,9,25,1.0,"místo bylo pro všechny, kdo splnili požadavky školy",41.93,29.0,vypsáno,3,27,3
Moravskoslezský kraj,Ostrava-město,Ostrava,OA a VOŠ sociálně právní,600017672,Obchodní akademie,63-41-M/02,,SOŠ,4,30,144,35,4.8,1.167,30,18,16,80,0.625,středně těžké,55.23,35.0,nevypsáno,,,
Moravskoslezský kraj,Ostrava-město,Ostrava,OA a VOŠ sociálně právní,600017672,Obchodní akademie,63-41-M/02,Zahraniční obchod,SOŠ,4,30,106,42,3.533,1.4,30,19,6,51,0.612,středně těžké,64.03,50.0,nevypsáno,,,
Moravskoslezský kraj,Ostrava-město,Ostrava,OA a VOŠ sociálně právní,600017672,Veřejnosprávní činnost,68-43-M/01,,SOŠ,4,30,99,28,3.3,0.933,30,8,11,50,0.789,dostala se většina soutěžících uchazečů,52.07,35.0,nevypsáno,,,
Moravskoslezský kraj,Ostrava-město,Ostrava,OA a VOŠ sociálně právní,600017672,Ekonomické lyceum,78-42-M/02,,Lycea,4,30,93,22,3.1,0.733,30,0,4,59,1.0,"místo bylo pro všechny, kdo splnili požadavky školy",57.0,30.0,nevypsáno,,,
Moravskoslezský kraj,Ostrava-město,Ostrava,Obchodní akademie,600017460,Informační technologie,18-20-M/01,ekonomické základy,SOŠ,4,30,101,18,3.367,0.6,30,6,4,61,0.833,dostala se většina soutěžících uchazečů,43.63,25.0,nevypsáno,,,
Moravskoslezský kraj,Ostrava-město,Ostrava,Obchodní akademie,600017460,Obchodní akademie,63-41-M/02,marketing a digitální technologie,SOŠ,4,30,163,42,5.433,1.4,30,25,10,98,0.545,středně těžké,55.2,30.0,nevypsáno,,,
Moravskoslezský kraj,Ostrava-město,Ostrava,Obchodní akademie,600017460,Obchodní akademie,63-41-M/02,účetnictví a daně,SOŠ,4,30,85,25,2.833,0.833,29,8,7,40,0.784,dostala se většina soutěžících uchazečů,49.28,33.0,"nevypsáno, i když obor nebyl naplněn",,,
Moravskoslezský kraj,Brno-město,Ostrava,"PORG - gymnázium, ZŠ a MŠ, o.p.s.",600006018,Gymnázium,79-41-K/81,8leté PORG Ostrava,Gymnázia 8letá,8,26,26,21,1.0,0.808,18,0,5,3,1.0,"místo bylo pro všechny, kdo splnili požadavky školy",58.28,40.0,vypsáno,8,9,4
Moravskoslezský kraj,Ostrava-město,Ostrava,"PRIGO, gymnázium 6leté a 4leté, s.r.o.",600017591,Gymnázium,79-41-K/41,Mezinárodní gymnázium,Gymnázia 4letá,4,34,40,7,1.176,0.206,10,0,2,27,1.0,"místo bylo pro všechny, kdo splnili požadavky školy",58.3,34.0,vypsáno,23,15,9
Moravskoslezský kraj,Ostrava-město,Ostrava,"PRIGO, gymnázium 6leté a 4leté, s.r.o.",600017591,Gymnázium,79-41-K/61,Mezinárodní gymnázium,Gymnázia 6letá,6,34,77,21,2.265,0.618,26,5,4,34,0.839,dostala se většina soutěžících uchazečů,33.81,23.0,vypsáno,4,24,4
Moravskoslezský kraj,Ostrava-město,Ostrava,"PRIGO, gymnázium 8leté a 4leté, s.r.o.",600016447,Gymnázium,79-41-K/41,Jazykové a humanitní gymnázium,Gymnázia 4letá,4,24,65,10,2.708,0.417,18,0,3,44,1.0,"místo bylo pro všechny, kdo splnili požadavky školy",49.72,26.0,"nevypsáno, i když obor nebyl naplněn",,,
Moravskoslezský kraj,Ostrava-město,Ostrava,"PRIGO, gymnázium 8leté a 4leté, s.r.o.",600016447,Gymnázium,79-41-K/41,Lékařské a přírodovědné gymnázium,Gymnázia 4letá,4,24,57,9,2.375,0.375,15,0,6,36,1.0,"místo bylo pro všechny, kdo splnili požadavky školy",52.0,31.0,"nevypsáno, i když obor nebyl naplněn",,,
Moravskoslezský kraj,Ostrava-město,Ostrava,"PRIGO, gymnázium 8leté a 4leté, s.r.o.",600016447,Gymnázium,79-41-K/81,,Gymnázia 8letá,8,30,83,14,2.767,0.467,25,8,3,42,0.758,dostala se většina soutěžících uchazečů,40.68,29.0,"nevypsáno, i když obor nebyl naplněn",,,
Moravskoslezský kraj,Ostrava-město,Ostrava,"PRIGO, střední škola, s.r.o.",600017567,Veterinářství,43-41-M/01,,SOŠ,4,30,85,38,2.833,1.267,30,10,15,30,0.75,dostala se většina soutěžících uchazečů,52.3,37.0,nevypsáno,,,
Moravskoslezský kraj,Ostrava-město,Ostrava,"PRIGO, střední škola, s.r.o.",600017567,Ekonomika a podnikání,63-41-M/01,,SOŠ,4,20,53,7,2.65,0.35,14,0,1,38,1.0,"místo bylo pro všechny, kdo splnili požadavky školy",37.86,22.0,vypsáno,6,13,5
Moravskoslezský kraj,Ostrava-město,Ostrava,"PRIGO, střední škola, s.r.o.",600017567,Obchodní akademie,63-41-M/02,,SOŠ,4,20,39,5,1.95,0.25,6,0,4,29,1.0,"místo bylo pro všechny, kdo splnili požadavky školy",46.0,,vypsáno,14,19,6
Moravskoslezský kraj,Ostrava-město,Ostrava,"PRIGO, střední škola, s.r.o.",600017567,Předškolní a mimoškolní pedagogika,75-31-M/01,,SOŠ,4,25,108,35,4.32,1.4,25,19,7,57,0.568,středně těžké,49.6,40.0,nevypsáno,,,
Moravskoslezský kraj,Ostrava-město,Ostrava,"RB SOU autoopravárenské, s.r.o.",600017761,Provozní technika,23-43-L/51,Provozní technika,Nástavby,2,30,14,6,0.467,0.2,8,0,0,6,1.0,"místo bylo pro všechny, kdo splnili požadavky školy",25.43,,"nevypsáno, i když obor nebyl naplněn",,,
Moravskoslezský kraj,Ostrava-město,Ostrava,SPŠ elektrotechniky a informatiky,600017583,Informační technologie,18-20-M/01,,SOŠ,4,90,267,141,2.967,1.567,90,64,7,106,0.584,středně těžké,66.36,49.0,nevypsáno,,,
Moravskoslezský kraj,Ostrava-město,Ostrava,SPŠ elektrotechniky a informatiky,600017583,Elektrotechnika,26-41-M/01,,SOŠ,4,60,204,81,3.4,1.35,60,38,7,99,0.612,středně těžké,65.68,47.0,nevypsáno,,,
Moravskoslezský kraj,Ostrava-město,Ostrava,SPŠ stavební,600017681,Geodézie a katastr nemovitostí,36-46-M/01,,SOŠ,4,30,86,16,2.867,0.533,21,0,4,61,1.0,"místo bylo pro všechny, kdo splnili požadavky školy",45.14,27.0,vypsáno,9,8,0
Moravskoslezský kraj,Ostrava-město,Ostrava,SPŠ stavební,600017681,Stavebnictví,36-47-M/01,,SOŠ,4,90,234,95,2.6,1.056,89,14,11,119,0.864,dostala se většina soutěžících uchazečů,54.31,31.0,"nevypsáno, i když obor nebyl naplněn",,,
Moravskoslezský kraj,Ostrava-město,Ostrava,SPŠ stavební,600017681,Technické lyceum,78-42-M/01,,Lycea,4,30,58,32,1.933,1.067,30,3,0,25,0.909,dostala se většina soutěžících uchazečů,65.8,46.0,nevypsáno,,,
Moravskoslezský kraj,Ostrava-město,Ostrava,SPŠCH akademika Heyrovského,600017753,Aplikovaná chemie,28-44-M/01,Aplikovaná chemie,SOŠ,4,78,148,74,1.897,0.949,78,9,3,58,0.897,dostala se většina soutěžících uchazečů,61.44,37.0,nevypsáno,,,
Moravskoslezský kraj,Ostrava-město,Ostrava,SPŠCH akademika Heyrovského,600017753,Přírodovědné lyceum,78-42-M/05,Přírodovědné lyceum 2.0,Lycea,4,30,122,44,4.067,1.467,29,32,4,56,0.475,těžké,67.55,54.0,"nevypsáno, i když obor nebyl naplněn",,,
Moravskoslezský kraj,Ostrava-město,Ostrava,SZdŠ a VOŠ zdravotnická Ostrava,600020070,Nutriční asistent,53-41-M/02,,SOŠ,4,30,91,22,3.033,0.733,30,12,1,48,0.714,dostala se většina soutěžících uchazečů,46.37,33.0,nevypsáno,,,
Moravskoslezský kraj,Ostrava-město,Ostrava,SZdŠ a VOŠ zdravotnická Ostrava,600020070,Praktická sestra,53-41-M/03,,SOŠ,4,60,227,104,3.783,1.733,60,82,2,83,0.423,těžké,53.27,41.0,nevypsáno,,,
Moravskoslezský kraj,Ostrava-město,Ostrava,SZdŠ a VOŠ zdravotnická Ostrava,600020070,Masér ve zdravotnictví,53-41-M/04,,SOŠ,4,24,81,26,3.375,1.083,24,23,1,33,0.511,středně těžké,53.04,39.0,nevypsáno,,,
Moravskoslezský kraj,Ostrava-město,Ostrava,SZdŠ a VOŠ zdravotnická Ostrava,600020070,Asistent zubního technika,53-44-M/03,,SOŠ,4,24,152,77,6.333,3.208,24,64,2,62,0.273,velmi těžké,61.88,55.0,nevypsáno,,,
Moravskoslezský kraj,Ostrava-město,Ostrava,SZdŠ a VOŠ zdravotnická Ostrava,600020070,Zdravotnické lyceum,78-42-M/04,,Lycea,4,30,214,87,7.133,2.9,30,101,3,80,0.229,velmi těžké,68.4,59.0,nevypsáno,,,
Moravskoslezský kraj,Ostrava-město,Ostrava,Sportovní gymnázium D. a  E. Zátopkových,600017516,Gymnázium,79-41-K/41,,Gymnázia 4letá,4,20,71,35,3.55,1.75,21,23,5,23,0.477,těžké,65.26,53.0,nevypsáno,,,
Moravskoslezský kraj,Ostrava-město,Ostrava,Sportovní gymnázium D. a  E. Zátopkových,600017516,Gymnázium,79-41-K/81,,Gymnázia 8letá,8,15,42,16,2.8,1.067,15,7,1,19,0.682,dostala se většina soutěžících uchazečů,36.6,19.0,nevypsáno,,,
Moravskoslezský kraj,Ostrava-město,Ostrava,Sportovní gymnázium D. a  E. Zátopkových,600017516,Gymnázium se sportovní přípravou,79-42-K/41,,Gymnázia 4letá,4,40,101,60,2.525,1.5,40,29,3,29,0.58,středně těžké,62.53,40.0,nevypsáno,,,
Moravskoslezský kraj,Ostrava-město,Ostrava,Sportovní gymnázium D. a  E. Zátopkových,600017516,Gymnázium se sportovní přípravou,79-42-K/81,,Gymnázia 8letá,8,15,31,23,2.067,1.533,15,9,1,6,0.625,středně těžké,37.27,19.0,nevypsáno,,,
Moravskoslezský kraj,Ostrava-město,Ostrava,Střední průmyslová škola,600017699,Strojírenství,23-41-M/01,Strojírenství - automobilní technika,SOŠ,4,30,67,20,2.233,0.667,27,0,1,38,1.0,"místo bylo pro všechny, kdo splnili požadavky školy",40.81,14.0,"nevypsáno, i když obor nebyl naplněn",,,
Moravskoslezský kraj,Ostrava-město,Ostrava,Střední průmyslová škola,600017699,Strojírenství,23-41-M/01,Strojírenství - robotika,SOŠ,4,30,75,18,2.5,0.6,26,0,1,48,1.0,"místo bylo pro všechny, kdo splnili požadavky školy",43.65,23.0,"nevypsáno, i když obor nebyl naplněn",,,
Moravskoslezský kraj,Ostrava-město,Ostrava,Střední průmyslová škola,600017699,Strojírenství,23-41-M/01,Strojírenství - výpočetní technika,SOŠ,4,30,58,14,1.933,0.467,18,0,0,40,1.0,"místo bylo pro všechny, kdo splnili požadavky školy",46.39,7.0,"nevypsáno, i když obor nebyl naplněn",,,
Moravskoslezský kraj,Ostrava-město,Ostrava,Střední průmyslová škola,600017699,Mechanik seřizovač,23-45-L/01,Mechanik seřizovač - mechatronik ,SOU s maturitou,4,30,30,7,1.0,0.233,9,0,1,19,1.0,"místo bylo pro všechny, kdo splnili požadavky školy",34.11,,vypsáno,14,7,4
Moravskoslezský kraj,Ostrava-město,Ostrava,Střední průmyslová škola,600017699,Ekonomika a podnikání,63-41-M/01,Management ve strojírenství,SOŠ,4,30,76,10,2.533,0.333,16,0,3,57,1.0,"místo bylo pro všechny, kdo splnili požadavky školy",29.5,16.0,vypsáno,10,29,10
Moravskoslezský kraj,Ostrava-město,Ostrava,Střední zahradnická škola,600017737,Zahradnictví,41-44-M/01,,SOŠ,4,30,64,20,2.133,0.667,20,0,8,35,1.0,"místo bylo pro všechny, kdo splnili požadavky školy",39.25,18.0,vypsáno,9,16,5
Moravskoslezský kraj,Ostrava-město,Ostrava,Střední zahradnická škola,600017737,Přírodovědné lyceum,78-42-M/05,,Lycea,4,30,77,9,2.567,0.3,18,0,2,57,1.0,"místo bylo pro všechny, kdo splnili požadavky školy",43.33,16.0,vypsáno,12,32,11
Moravskoslezský kraj,Ostrava-město,Ostrava,Střední škola Montessori lyceum Ostrava,691018634,Kombinované lyceum,78-42-M/06,,Lycea,4,20,19,13,0.95,0.65,13,0,0,6,1.0,"místo bylo pro všechny, kdo splnili požadavky školy",48.92,15.0,vypsáno,6,2,1
Moravskoslezský kraj,Ostrava-město,Ostrava,Střední škola elektrotechnická,600171302,Optik,23-62-L/01,Jemný mechanik,SOU s maturitou,4,30,53,20,1.767,0.667,26,0,2,25,1.0,"místo bylo pro všechny, kdo splnili požadavky školy",39.0,16.0,"nevypsáno, i když obor nebyl naplněn",,,
Moravskoslezský kraj,Ostrava-město,Ostrava,Střední škola elektrotechnická,600171302,Mechanik elektrotechnik,26-41-L/01,Elektrikář,SOU s maturitou,4,60,214,97,3.567,1.617,60,56,10,88,0.517,středně těžké,52.98,35.0,nevypsáno,,,
Moravskoslezský kraj,Ostrava-město,Ostrava,Střední škola elektrotechnická,600171302,Provozní elektrotechnika,26-41-L/52,,Nástavby,2,30,62,54,2.067,1.8,29,21,5,6,0.58,středně těžké,42.38,31.0,"nevypsáno, i když obor nebyl naplněn",,,
Moravskoslezský kraj,Ostrava-město,Ostrava,Střední škola prof. Zdeňka Matějčka,600026957,Informační technologie,18-20-M/01,,SOŠ,4,12,10,6,0.833,0.5,8,0,0,2,1.0,"místo bylo pro všechny, kdo splnili požadavky školy",43.38,,"nevypsáno, i když obor nebyl naplněn",,,
Moravskoslezský kraj,Ostrava-město,Ostrava,Střední škola prof. Zdeňka Matějčka,600026957,Hotelnictví,65-42-M/01,Hotelnictví a turismus,SOŠ,4,30,81,17,2.7,0.567,30,8,1,42,0.789,dostala se většina soutěžících uchazečů,34.1,17.0,nevypsáno,,,
Moravskoslezský kraj,Ostrava-město,Ostrava,Střední škola prof. Zdeňka Matějčka,600026957,Předškolní a mimoškolní pedagogika,75-31-M/01,,SOŠ,4,30,138,72,4.6,2.4,30,62,0,46,0.326,velmi těžké,61.53,46.0,nevypsáno,,,
Moravskoslezský kraj,Ostrava-město,Ostrava,Střední škola prof. Zdeňka Matějčka,600026957,Sociální činnost,75-41-M/01,,SOŠ,4,30,118,29,3.933,0.967,30,27,0,61,0.526,středně těžké,35.03,12.0,nevypsáno,,,
Moravskoslezský kraj,Ostrava-město,Ostrava,Střední škola služeb a podnikání,600171299,Fotograf,34-56-L/01,MULTIMEDIÁLNÍ TECHNIK – FOTOGRAF,SOU s maturitou,4,30,83,21,2.767,0.7,28,5,2,46,0.848,dostala se většina soutěžících uchazečů,35.15,15.0,"nevypsáno, i když obor nebyl naplněn",,,
Moravskoslezský kraj,Ostrava-město,Ostrava,Střední škola služeb a podnikání,600171299,Ekonomika a podnikání,63-41-M/01,MANAGEMENT OBCHODNÍCH FIREM A SPORTOVNÍCH KLUBŮ,SOŠ,4,30,132,29,4.4,0.967,30,31,1,70,0.492,těžké,43.57,25.0,nevypsáno,,,
Moravskoslezský kraj,Ostrava-město,Ostrava,Střední škola služeb a podnikání,600171299,Podnikání,64-41-L/51,Podnikání - denní ,Nástavby,2,60,163,79,2.717,1.317,60,30,0,73,0.667,dostala se většina soutěžících uchazečů,35.41,13.0,nevypsáno,,,
Moravskoslezský kraj,Ostrava-město,Ostrava,Střední škola služeb a podnikání,600171299,Kosmetické služby,69-41-L/01,KOSMETICKÉ SLUŽBY,SOU s maturitou,4,26,163,59,6.269,2.269,25,70,4,63,0.263,velmi těžké,41.4,26.0,"nevypsáno, i když obor nebyl naplněn",,,
Moravskoslezský kraj,Ostrava-město,Ostrava,Střední škola služeb a podnikání,600171299,Masér sportovní a rekondiční,69-41-L/02,69-53-H/01 Rekondiční a sportovní masér,SOU s maturitou,4,30,122,40,4.067,1.333,30,29,0,63,0.508,středně těžké,44.63,27.0,nevypsáno,,,
Moravskoslezský kraj,Ostrava-město,Ostrava,Střední škola technická a dopravní,600171311,Mechanik elektrotechnik,26-41-L/01,Elektromechanik pro zařízení a přístroje,SOU s maturitou,4,30,53,13,1.767,0.433,21,0,1,31,1.0,"místo bylo pro všechny, kdo splnili požadavky školy",37.86,19.0,vypsáno,9,12,6
Moravskoslezský kraj,Ostrava-město,Ostrava,Střední škola technická a dopravní,600171311,Provoz a ekonomika dopravy,37-41-M/01,,SOŠ,4,30,58,20,1.933,0.667,27,0,0,31,1.0,"místo bylo pro všechny, kdo splnili požadavky školy",40.35,13.0,vypsáno,3,5,1
Moravskoslezský kraj,Ostrava-město,Ostrava,Střední škola technická a dopravní,600171311,Autotronik,39-41-L/01,Autoelektrikář,SOU s maturitou,4,20,86,39,4.3,1.95,20,31,1,34,0.392,těžké,54.85,31.0,nevypsáno,,,
Moravskoslezský kraj,Ostrava-město,Ostrava,Střední škola technická a dopravní,600171311,Autotronik,39-41-L/01,Mechanik opravář motorových vozidel,SOU s maturitou,4,10,51,25,5.1,2.5,10,20,0,21,0.333,těžké,60.1,44.0,nevypsáno,,,
Moravskoslezský kraj,Ostrava-město,Ostrava,Střední škola technická a dopravní,600171311,Autotronik,39-41-L/51,,Nástavby,2,30,40,34,1.333,1.133,30,5,1,4,0.857,dostala se většina soutěžících uchazečů,32.93,13.0,nevypsáno,,,
Moravskoslezský kraj,Ostrava-město,Ostrava,Střední škola teleinformatiky,600017656,Informační technologie,18-20-M/01,,SOŠ,4,90,206,55,2.289,0.611,52,0,49,105,1.0,"místo bylo pro všechny, kdo splnili požadavky školy",56.2,40.0,vypsáno,8,16,8
Moravskoslezský kraj,Ostrava-město,Ostrava,Střední škola teleinformatiky,600017656,Telekomunikace,26-45-M/01,Informační a komunikační technologie,SOŠ,4,30,85,30,2.833,1.0,30,3,5,47,0.909,dostala se většina soutěžících uchazečů,50.5,33.0,nevypsáno,,,
Moravskoslezský kraj,Ostrava-město,Ostrava,SŠ stavební a dřevozpracující,600017702,Operátor dřevařské a nábytkářské výroby,33-41-L/01,Technik CNC dřevoobráběcích strojů,SOU s maturitou,4,24,49,16,2.042,0.667,17,0,1,30,1.0,"místo bylo pro všechny, kdo splnili požadavky školy",35.47,14.0,vypsáno,6,4,2
Moravskoslezský kraj,Ostrava-město,Ostrava,SŠ stavební a dřevozpracující,600017702,Nábytkářská a dřevařská výroba,33-42-L/51,Dřevařská a nábytkářská výroba,Nástavby,2,15,17,14,1.133,0.933,12,0,2,3,1.0,"místo bylo pro všechny, kdo splnili požadavky školy",39.08,24.0,"nevypsáno, i když obor nebyl naplněn",,,
Moravskoslezský kraj,Ostrava-město,Ostrava,SŠ stavební a dřevozpracující,600017702,Stavební provoz,36-44-L/51,,Nástavby,2,15,14,12,0.933,0.8,13,0,1,0,1.0,"místo bylo pro všechny, kdo splnili požadavky školy",29.0,15.0,vypsáno,2,0,0
Moravskoslezský kraj,Ostrava-město,Ostrava,"SŠ, ZŠ a MŠ Monty School",651040060,Kombinované lyceum,78-42-M/06,,Lycea,4,10,21,11,2.1,1.1,10,1,1,9,0.909,dostala se většina soutěžících uchazečů,63.8,40.0,nevypsáno,,,
Moravskoslezský kraj,Ostrava-město,Ostrava,VÍTKOVICKÁ SPŠ,650069021,Informační technologie,18-20-M/01,programátor a vývojář aplikací,SOŠ,4,30,44,9,1.467,0.3,14,0,3,24,1.0,"místo bylo pro všechny, kdo splnili požadavky školy",29.86,17.0,vypsáno,16,18,2
Moravskoslezský kraj,Ostrava-město,Ostrava,VÍTKOVICKÁ SPŠ,650069021,Mechanik seřizovač,23-45-L/01,L0 + H - Obráběč kovů,SOU s maturitou,4,30,17,2,0.567,0.067,3,0,0,14,1.0,"místo bylo pro všechny, kdo splnili požadavky školy",27.0,,"nevypsáno, i když obor nebyl naplněn",,,
Moravskoslezský kraj,Ostrava-město,Ostrava,VÍTKOVICKÁ SPŠ,650069021,Letecký mechanik,23-45-L/02,,SOU s maturitou,4,30,76,30,2.533,1.0,29,9,1,36,0.763,dostala se většina soutěžících uchazečů,46.9,23.0,"nevypsáno, i když obor nebyl naplněn",,,
Moravskoslezský kraj,Ostrava-město,Ostrava,VÍTKOVICKÁ SPŠ,650069021,Mechanik elektrotechnik,26-41-L/01,L0 + H Elektrikář - slaboproud,SOU s maturitou,4,30,64,15,2.133,0.5,22,0,1,41,1.0,"místo bylo pro všechny, kdo splnili požadavky školy",34.38,16.0,"nevypsáno, i když obor nebyl naplněn",,,
Moravskoslezský kraj,Ostrava-město,Ostrava,VÍTKOVICKÁ SPŠ,650069021,Ekonomika a podnikání,63-41-M/01,řízení lidských zdrojů,SOŠ,4,30,47,9,1.567,0.3,14,0,1,31,1.0,"místo bylo pro všechny, kdo splnili požadavky školy",33.43,20.0,vypsáno,16,40,16
Moravskoslezský kraj,Ostrava-město,Ostrava,Waldorfská ZŠ a SŠ,600144933,Kombinované lyceum,78-42-M/06,,Lycea,4,30,72,29,2.4,0.967,29,4,5,33,0.879,dostala se většina soutěžících uchazečů,51.9,26.0,"nevypsáno, i když obor nebyl naplněn",,,
Moravskoslezský kraj,Ostrava-město,Ostrava,Wichterlovo gymnázium,600017648,Gymnázium,79-41-K/41,,Gymnázia 4letá,4,60,184,68,3.067,1.133,59,33,6,85,0.641,středně těžké,68.48,51.0,"nevypsáno, i když obor nebyl naplněn",,,
Moravskoslezský kraj,Ostrava-město,Ostrava,Wichterlovo gymnázium,600017648,Gymnázium,79-41-K/81,Matematika a příroda,Gymnázia 8letá,8,30,145,44,4.833,1.467,30,45,0,70,0.4,těžké,60.93,45.0,nevypsáno,,,
Moravskoslezský kraj,Ostrava-město,Ostrava,Wichterlovo gymnázium,600017648,Gymnázium,79-41-K/81,Mluvíme anglicky,Gymnázia 8letá,8,30,118,18,3.933,0.6,30,22,2,64,0.577,středně těžké,45.27,33.0,nevypsáno,,,
Moravskoslezský kraj,Karviná,Petrovice u Karviné,"Střední odborné učiliště DAKOL, s.r.o.",600016633,Mechanik strojů a zařízení,23-44-L/01,Strojní mechanik,SOU s maturitou,4,23,7,3,0.304,0.13,3,0,0,4,1.0,"místo bylo pro všechny, kdo splnili požadavky školy",21.67,,"nevypsáno, i když obor nebyl naplněn",,,
Moravskoslezský kraj,Karviná,Petrovice u Karviné,"Střední odborné učiliště DAKOL, s.r.o.",600016633,Reprodukční grafik pro média,34-53-L/01,Reprodukční grafik,SOU s maturitou,4,14,17,6,1.214,0.429,5,0,3,8,1.0,"místo bylo pro všechny, kdo splnili požadavky školy",29.4,,vypsáno,8,0,0
Moravskoslezský kraj,Karviná,Petrovice u Karviné,"Střední odborné učiliště DAKOL, s.r.o.",600016633,Podnikání,64-41-L/51,,Nástavby,2,30,31,6,1.033,0.2,11,0,0,20,1.0,"místo bylo pro všechny, kdo splnili požadavky školy",22.0,13.0,vypsáno,19,13,9
Moravskoslezský kraj,Karviná,Petrovice u Karviné,"VOŠ DAKOL a Střední škola DAKOL, o.p.s.",600016625,Hotelnictví,65-42-M/01,,SOŠ,4,17,27,7,1.588,0.412,12,0,2,13,1.0,"místo bylo pro všechny, kdo splnili požadavky školy",22.17,12.0,vypsáno,6,11,5
Moravskoslezský kraj,Karviná,Petrovice u Karviné,"VOŠ DAKOL a Střední škola DAKOL, o.p.s.",600016625,Hotelnictví,65-42-M/01,"Hotelový animátor, sport a výživa",SOŠ,4,17,11,3,0.647,0.176,4,0,1,6,1.0,"místo bylo pro všechny, kdo splnili požadavky školy",31.25,,"nevypsáno, i když obor nebyl naplněn",,,
Moravskoslezský kraj,Karviná,Petrovice u Karviné,"VOŠ DAKOL a Střední škola DAKOL, o.p.s.",600016625,Masér sportovní a rekondiční,69-41-L/02,,SOU s maturitou,4,15,26,7,1.733,0.467,14,3,1,7,0.824,dostala se většina soutěžících uchazečů,29.29,21.0,"nevypsáno, i když obor nebyl naplněn",,,
Moravskoslezský kraj,Karviná,Petrovice u Karviné,"VOŠ DAKOL a Střední škola DAKOL, o.p.s.",600016625,Předškolní a mimoškolní pedagogika,75-31-M/01,,SOŠ,4,46,120,46,2.609,1.0,45,17,8,49,0.726,dostala se většina soutěžících uchazečů,41.89,26.0,"nevypsáno, i když obor nebyl naplněn",,,
Moravskoslezský kraj,Nový Jičín,Příbor,Masarykovo gymnázium,600016714,Gymnázium,79-41-K/41,,Gymnázia 4letá,4,60,124,89,2.067,1.483,60,36,0,28,0.625,středně těžké,76.78,62.0,nevypsáno,,,
Moravskoslezský kraj,Nový Jičín,Příbor,Masarykovo gymnázium,600016714,Gymnázium,79-41-K/81,,Gymnázia 8letá,8,30,84,61,2.8,2.033,30,31,7,16,0.492,těžké,63.17,48.0,nevypsáno,,,
Moravskoslezský kraj,Bruntál,Rýmařov,Gymnázium a SOŠ,600016188,Masér sportovní a rekondiční,69-41-L/02,69-53-H/01 Rekondiční a sportovní masér,SOU s maturitou,4,20,23,7,1.15,0.35,10,0,1,12,1.0,"místo bylo pro všechny, kdo splnili požadavky školy",33.6,18.0,vypsáno,14,3,0
Moravskoslezský kraj,Bruntál,Rýmařov,Gymnázium a SOŠ,600016188,Gymnázium,79-41-K/41,,Gymnázia 4letá,4,10,29,9,2.9,0.9,10,1,2,16,0.909,dostala se většina soutěžících uchazečů,55.9,33.0,nevypsáno,,,
Moravskoslezský kraj,Bruntál,Rýmařov,Gymnázium a SOŠ,600016188,Gymnázium,79-41-K/81,,Gymnázia 8letá,8,24,44,33,1.833,1.375,24,10,2,8,0.706,dostala se většina soutěžících uchazečů,42.12,26.0,nevypsáno,,,
Moravskoslezský kraj,Nový Jičín,Studénka,"Střední škola ekon.-podnikatel., o.p.s.",600016803,Obchodní akademie,63-41-M/02,"cestovní ruch, digitální marketing nebo výpočetní technika",SOŠ,4,25,29,9,1.16,0.36,13,0,0,16,1.0,"místo bylo pro všechny, kdo splnili požadavky školy",34.54,20.0,"nevypsáno, i když obor nebyl naplněn",,,
Moravskoslezský kraj,Nový Jičín,Studénka,"Střední škola ekon.-podnikatel., o.p.s.",600016803,Podnikání,64-41-L/51,,Nástavby,2,30,41,17,1.367,0.567,18,0,2,21,1.0,"místo bylo pro všechny, kdo splnili požadavky školy",26.44,11.0,vypsáno,12,12,9
Moravskoslezský kraj,Nový Jičín,Studénka,"Střední škola ekon.-podnikatel., o.p.s.",600016803,Ekonomické lyceum,78-42-M/02,"Cestovní ruch, digitální marketing nebo výpočetní technika",Lycea,4,20,11,1,0.55,0.05,2,0,0,9,1.0,"místo bylo pro všechny, kdo splnili požadavky školy",17.0,,"nevypsáno, i když obor nebyl naplněn",,,
Moravskoslezský kraj,Frýdek-Místek,Třinec,Gymnázium,600016269,Gymnázium,79-41-K/41,,Gymnázia 4letá,4,60,135,89,2.25,1.483,60,21,13,41,0.741,dostala se většina soutěžících uchazečů,72.68,57.0,nevypsáno,,,
Moravskoslezský kraj,Frýdek-Místek,Třinec,Gymnázium,600016269,Gymnázium,79-41-K/81,,Gymnázia 8letá,8,30,84,62,2.8,2.067,29,23,20,11,0.558,středně těžké,58.52,49.0,"nevypsáno, i když obor nebyl naplněn",,,
Moravskoslezský kraj,Frýdek-Místek,Třinec,Střední průmyslová škola Třineckých železáren,691000662,Hutník operátor,21-43-L/01,Management kvality v průmyslu,SOU s maturitou,4,30,1,0,0.033,0.0,0,0,0,1,,"místo bylo pro všechny, kdo splnili požadavky školy",,,"nevypsáno, i když obor nebyl naplněn",,,
Moravskoslezský kraj,Frýdek-Místek,Třinec,Střední průmyslová škola Třineckých železáren,691000662,Mechanik strojů a zařízení,23-44-L/01,Mechanik strojů a zařízení s 3D modelováním,SOU s maturitou,4,30,11,0,0.367,0.0,0,0,0,11,,"místo bylo pro všechny, kdo splnili požadavky školy",,,"nevypsáno, i když obor nebyl naplněn",,,
Moravskoslezský kraj,Frýdek-Místek,Třinec,Střední průmyslová škola Třineckých železáren,691000662,Elektrotechnika,26-41-M/01,Automatizované systémy a IT,SOŠ,4,30,42,15,1.4,0.5,17,0,0,25,1.0,"místo bylo pro všechny, kdo splnili požadavky školy",41.38,23.0,vypsáno,12,2,0
Moravskoslezský kraj,Frýdek-Místek,Třinec,Střední průmyslová škola Třineckých železáren,691000662,Provoz a ekonomika dopravy,37-41-M/01,Ekonomika a logistika podniku,SOŠ,4,30,23,7,0.767,0.233,9,0,0,14,1.0,"místo bylo pro všechny, kdo splnili požadavky školy",28.78,,"nevypsáno, i když obor nebyl naplněn",,,
Moravskoslezský kraj,Frýdek-Místek,Třinec,TŘINECKÁ OBCHODNÍ AKADEMIE IT a VS,600016340,Informační technologie,18-20-M/01,,SOŠ,4,22,36,20,1.636,0.909,20,0,1,15,1.0,"místo bylo pro všechny, kdo splnili požadavky školy",50.0,18.0,"nevypsáno, i když obor nebyl naplněn",,,
Moravskoslezský kraj,Frýdek-Místek,Třinec,TŘINECKÁ OBCHODNÍ AKADEMIE IT a VS,600016340,Obchodní akademie,63-41-M/02,,SOŠ,4,18,68,14,3.778,0.778,18,0,1,49,1.0,"místo bylo pro všechny, kdo splnili požadavky školy",46.39,19.0,nevypsáno,,,
Moravskoslezský kraj,Frýdek-Místek,Třinec,TŘINECKÁ OBCHODNÍ AKADEMIE IT a VS,600016340,Veřejnosprávní činnost,68-43-M/01,,SOŠ,4,24,64,17,2.667,0.708,22,0,2,40,1.0,"místo bylo pro všechny, kdo splnili požadavky školy",45.64,25.0,"nevypsáno, i když obor nebyl naplněn",,,
Moravskoslezský kraj,Opava,Vítkov,Základní škola a gymnázium,600143074,Gymnázium,79-41-K/41,,Gymnázia 4letá,4,25,24,5,0.96,0.2,7,0,1,16,1.0,"místo bylo pro všechny, kdo splnili požadavky školy",48.14,,"nevypsáno, i když obor nebyl naplněn",,,
Moravskoslezský kraj,Opava,Vítkov,Základní škola a gymnázium,600143074,Gymnázium,79-41-K/81,,Gymnázia 8letá,8,25,29,20,1.16,0.8,17,0,0,7,1.0,"místo bylo pro všechny, kdo splnili požadavky školy",31.65,13.0,"nevypsáno, i když obor nebyl naplněn",,,
Moravskoslezský kraj,Karviná,Český Těšín,Albrechtova střední škola,600171213,Ekologie a životní prostředí,16-01-M/01,,SOŠ,4,15,54,13,3.6,0.867,15,3,0,36,0.833,dostala se většina soutěžících uchazečů,53.53,38.0,nevypsáno,,,
Moravskoslezský kraj,Karviná,Český Těšín,Albrechtova střední škola,600171213,Polygrafie,34-41-M/01,,SOŠ,4,30,56,13,1.867,0.433,17,0,0,39,1.0,"místo bylo pro všechny, kdo splnili požadavky školy",29.88,15.0,vypsáno,13,9,1
Moravskoslezský kraj,Karviná,Český Těšín,Albrechtova střední škola,600171213,Agropodnikání,41-41-M/01,,SOŠ,4,15,42,14,2.8,0.933,14,0,0,27,1.0,"místo bylo pro všechny, kdo splnili požadavky školy",38.93,22.0,"nevypsáno, i když obor nebyl naplněn",,,
Moravskoslezský kraj,Karviná,Český Těšín,Albrechtova střední škola,600171213,Podnikání,64-41-L/51,,Nástavby,2,30,80,56,2.667,1.867,30,26,3,21,0.536,středně těžké,29.83,14.0,nevypsáno,,,
Moravskoslezský kraj,Karviná,Český Těšín,Albrechtova střední škola,600171213,Hotelnictví,65-42-M/01,Hotelnictví a turismus,SOŠ,4,60,121,31,2.017,0.517,42,0,0,79,1.0,"místo bylo pro všechny, kdo splnili požadavky školy",32.07,13.0,"nevypsáno, i když obor nebyl naplněn",,,
Moravskoslezský kraj,Karviná,Český Těšín,Gymnázium Josefa Božka,600016463,Gymnázium,79-41-K/41,,Gymnázia 4letá,4,30,102,32,3.4,1.067,30,12,0,60,0.714,dostala se většina soutěžících uchazečů,66.93,51.0,nevypsáno,,,
Moravskoslezský kraj,Karviná,Český Těšín,Gymnázium Josefa Božka,600016463,Gymnázium,79-41-K/81,,Gymnázia 8letá,8,30,88,45,2.933,1.5,30,30,0,28,0.5,středně těžké,55.66,40.0,nevypsáno,,,
Moravskoslezský kraj,Karviná,Český Těšín,Obchodní akademie,600016609,Obchodní akademie,63-41-M/02,polský jazyk vyučovací,SOŠ,4,15,51,6,3.4,0.4,9,0,0,41,1.0,"místo bylo pro všechny, kdo splnili požadavky školy",49.78,,vypsáno,5,3,2
Moravskoslezský kraj,Karviná,Český Těšín,Obchodní akademie,600016609,Obchodní akademie,63-41-M/02,český jazyk vyučovací,SOŠ,4,45,164,44,3.644,0.978,45,10,2,107,0.818,dostala se většina soutěžících uchazečů,54.38,29.0,nevypsáno,,,
Moravskoslezský kraj,Karviná,Český Těšín,Obchodní akademie,600016609,Ekonomické lyceum,78-42-M/02,,Lycea,4,30,129,23,4.3,0.767,30,8,1,90,0.789,dostala se většina soutěžících uchazečů,60.07,45.0,nevypsáno,,,
Moravskoslezský kraj,Karviná,Český Těšín,Polské gymnázium - Polskie Gimnazjum,600016501,Gymnázium,79-41-K/41,,Gymnázia 4letá,4,80,116,92,1.45,1.15,80,9,6,21,0.899,dostala se většina soutěžících uchazečů,67.38,39.0,nevypsáno,,,
Moravskoslezský kraj,Opava,Šilheřovice,"Střední škola HGS SČMSD, s.r.o.",600017346,Nutriční asistent,53-41-M/02,,SOŠ,4,15,20,5,1.333,0.333,9,0,0,11,1.0,"místo bylo pro všechny, kdo splnili požadavky školy",35.89,,vypsáno,6,11,6
Moravskoslezský kraj,Opava,Šilheřovice,"Střední škola HGS SČMSD, s.r.o.",600017346,Podnikání,64-41-L/51,,Nástavby,2,23,37,19,1.609,0.826,23,6,0,8,0.793,dostala se většina soutěžících uchazečů,25.26,17.0,nevypsáno,,,
Moravskoslezský kraj,Opava,Šilheřovice,"Střední škola HGS SČMSD, s.r.o.",600017346,Hotelnictví,65-42-M/01,,SOŠ,4,32,15,2,0.469,0.062,4,0,0,10,1.0,"místo bylo pro všechny, kdo splnili požadavky školy",25.75,,vypsáno,6,6,2
Moravskoslezský kraj,Opava,Šilheřovice,"Střední škola HGS SČMSD, s.r.o.",600017346,Cestovní ruch,65-42-M/02,,SOŠ,4,32,39,10,1.219,0.312,16,0,0,22,1.0,"místo bylo pro všechny, kdo splnili požadavky školy",31.13,13.0,vypsáno,7,12,6
Moravskoslezský kraj,Opava,Šilheřovice,"Střední škola HGS SČMSD, s.r.o.",600017346,Přírodovědné lyceum,78-42-M/05,,Lycea,4,20,5,1,0.25,0.05,2,0,0,3,1.0,"místo bylo pro všechny, kdo splnili požadavky školy",29.0,,vypsáno,6,5,0
Olomoucký kraj,Přerov,Hranice,Gymnázium,600017788,Gymnázium,79-41-K/41,,Gymnázia 4letá,4,30,101,47,3.367,1.567,30,27,0,44,0.526,středně těžké,71.77,57.0,nevypsáno,,,
Olomoucký kraj,Přerov,Hranice,Gymnázium,600017788,Gymnázium,79-41-K/61,,Gymnázia 6letá,6,30,90,74,3.0,2.467,30,40,14,6,0.429,těžké,67.07,50.0,nevypsáno,,,
Olomoucký kraj,Přerov,Hranice,Střední lesnická škola,600017770,Lesnictví,41-46-M/01,M,SOŠ,4,90,128,73,1.422,0.811,89,0,0,39,1.0,"místo bylo pro všechny, kdo splnili požadavky školy",48.16,23.0,"nevypsáno, i když obor nebyl naplněn",,,
Olomoucký kraj,Přerov,Hranice,Střední odborná škola Hranice,600017931,Informační technologie,18-20-M/01,Správce informačních systémů,SOŠ,4,15,17,5,1.133,0.333,4,0,5,8,1.0,"místo bylo pro všechny, kdo splnili požadavky školy",39.0,,"nevypsáno, i když obor nebyl naplněn",,,
Olomoucký kraj,Přerov,Hranice,Střední odborná škola Hranice,600017931,Cestovní ruch,65-42-M/02,,SOŠ,4,20,31,7,1.55,0.35,5,0,8,18,1.0,"místo bylo pro všechny, kdo splnili požadavky školy",47.2,,"nevypsáno, i když obor nebyl naplněn",,,
Olomoucký kraj,Přerov,Hranice,Střední odborná škola Hranice,600017931,Bezpečnostně právní činnost,68-42-M/01,Bezpečnost a právo,SOŠ,4,40,93,23,2.325,0.575,40,1,14,38,0.976,dostala se většina soutěžících uchazečů,42.77,20.0,vypsáno,8,24,8
Olomoucký kraj,Přerov,Hranice,Střední průmyslová škola Hranice,600017907,Provozní technika,23-43-L/51,,Nástavby,2,30,6,1,0.2,0.033,3,0,1,2,1.0,"místo bylo pro všechny, kdo splnili požadavky školy",29.0,,vypsáno,19,23,19
Olomoucký kraj,Přerov,Hranice,Střední průmyslová škola Hranice,600017907,Mechanik strojů a zařízení,23-44-L/01,Strojní mechanik,SOU s maturitou,4,30,49,17,1.633,0.567,19,0,1,29,1.0,"místo bylo pro všechny, kdo splnili požadavky školy",45.63,25.0,vypsáno,5,2,1
Olomoucký kraj,Přerov,Hranice,Střední průmyslová škola Hranice,600017907,Aplikovaná chemie,28-44-M/01,,SOŠ,4,30,61,21,2.033,0.7,26,0,1,34,1.0,"místo bylo pro všechny, kdo splnili požadavky školy",56.54,27.0,vypsáno,4,5,4
Olomoucký kraj,Přerov,Hranice,Střední průmyslová škola Hranice,600017907,Nábytkářská a dřevařská výroba,33-42-L/51,,Nástavby,2,15,6,3,0.4,0.2,1,0,1,3,1.0,"místo bylo pro všechny, kdo splnili požadavky školy",68.0,,vypsáno,10,4,4
Olomoucký kraj,Přerov,Hranice,Střední průmyslová škola Hranice,600017907,Nábytkářská a dřevařská výroba,33-42-M/01,,SOŠ,4,15,19,10,1.267,0.667,12,0,0,7,1.0,"místo bylo pro všechny, kdo splnili požadavky školy",42.25,31.0,vypsáno,3,2,0
Olomoucký kraj,Přerov,Hranice,Střední průmyslová škola Hranice,600017907,Stavební materiály,36-43-M/01,,SOŠ,4,15,20,2,1.333,0.133,3,0,0,17,1.0,"místo bylo pro všechny, kdo splnili požadavky školy",28.33,,vypsáno,12,6,4
Olomoucký kraj,Přerov,Hranice,Střední průmyslová škola Hranice,600017907,Požární ochrana,39-08-M/01,,SOŠ,4,30,94,43,3.133,1.433,30,29,5,30,0.508,středně těžké,54.13,40.0,nevypsáno,,,
Olomoucký kraj,Přerov,Hranice,Střední zdravotnická škola,600020088,Praktická sestra,53-41-M/03,,SOŠ,4,60,120,41,2.0,0.683,53,0,10,57,1.0,"místo bylo pro všechny, kdo splnili požadavky školy",38.21,20.0,vypsáno,7,17,7
Olomoucký kraj,Přerov,Hranice,Střední zdravotnická škola,600020088,Ortoticko - protetický technik,53-44-M/01,,SOŠ,4,15,33,6,2.2,0.4,10,0,0,23,1.0,"místo bylo pro všechny, kdo splnili požadavky školy",43.0,20.0,vypsáno,5,5,3
Olomoucký kraj,Přerov,Hranice,Střední zdravotnická škola,600020088,Bezpečnostně právní činnost,68-42-M/01,Záchranářství a ochrana obyvatel,SOŠ,4,16,71,37,4.438,2.312,16,30,9,16,0.348,těžké,65.56,50.0,nevypsáno,,,
Olomoucký kraj,Jeseník,Jeseník,Gymnázium,600018351,Gymnázium,79-41-K/41,,Gymnázia 4letá,4,30,83,29,2.767,0.967,30,8,2,43,0.789,dostala se většina soutěžících uchazečů,63.3,47.0,nevypsáno,,,
Olomoucký kraj,Jeseník,Jeseník,Gymnázium,600018351,Gymnázium,79-41-K/81,,Gymnázia 8letá,8,30,51,48,1.7,1.6,30,8,11,2,0.789,dostala se většina soutěžících uchazečů,51.87,39.0,nevypsáno,,,
Olomoucký kraj,Jeseník,Jeseník,Gymnázium,600018351,Gymnázium se sportovní přípravou,79-42-K/41,,Gymnázia 4letá,4,30,23,13,0.767,0.433,17,0,0,6,1.0,"místo bylo pro všechny, kdo splnili požadavky školy",52.47,32.0,"nevypsáno, i když obor nebyl naplněn",,,
Olomoucký kraj,Jeseník,Jeseník,HŠ Vincenze Priessnitze a OA Jeseník,600018342,Obchodní akademie,63-41-M/02,Zaměření na zahraniční obchod,SOŠ,4,30,78,14,2.6,0.467,25,0,1,52,1.0,"místo bylo pro všechny, kdo splnili požadavky školy",39.84,21.0,vypsáno,5,14,5
Olomoucký kraj,Jeseník,Jeseník,HŠ Vincenze Priessnitze a OA Jeseník,600018342,Hotelnictví,65-42-M/01,Zaměření na cestovní ruch,SOŠ,4,60,67,24,1.117,0.4,27,0,2,37,1.0,"místo bylo pro všechny, kdo splnili požadavky školy",31.11,15.0,vypsáno,32,16,6
Olomoucký kraj,Jeseník,Jeseník,Střední průmyslová škola Jeseník,600018334,Informační technologie,18-20-M/01,,SOŠ,4,30,41,20,1.367,0.667,17,0,6,18,1.0,"místo bylo pro všechny, kdo splnili požadavky školy",39.65,27.0,vypsáno,13,3,0
Olomoucký kraj,Jeseník,Jeseník,Střední průmyslová škola Jeseník,600018334,Strojírenství,23-41-M/01,,SOŠ,4,15,29,5,1.933,0.333,5,0,5,19,1.0,"místo bylo pro všechny, kdo splnili požadavky školy",46.2,,vypsáno,10,1,0
Olomoucký kraj,Jeseník,Jeseník,Střední průmyslová škola Jeseník,600018334,Provozní technika,23-43-L/51,,Nástavby,2,15,19,16,1.267,1.067,14,4,0,0,0.778,dostala se většina soutěžících uchazečů,25.21,15.0,vypsáno,1,2,0
Olomoucký kraj,Jeseník,Jeseník,Střední průmyslová škola Jeseník,600018334,Provozní elektrotechnika,26-41-L/52,,Nástavby,2,15,7,6,0.467,0.4,5,0,1,1,1.0,"místo bylo pro všechny, kdo splnili požadavky školy",23.2,,vypsáno,10,2,1
Olomoucký kraj,Jeseník,Jeseník,Střední průmyslová škola Jeseník,600018334,Stavebnictví,36-47-M/01,,SOŠ,4,30,46,8,1.533,0.267,6,0,5,35,1.0,"místo bylo pro všechny, kdo splnili požadavky školy",48.67,,vypsáno,24,3,2
Olomoucký kraj,Jeseník,Jeseník,Střední průmyslová škola Jeseník,600018334,Bezpečnostně právní činnost,68-42-M/01,,SOŠ,4,15,48,19,3.2,1.267,13,0,17,17,1.0,"místo bylo pro všechny, kdo splnili požadavky školy",42.62,25.0,vypsáno,2,5,1
Olomoucký kraj,Jeseník,Jeseník,Střední průmyslová škola Jeseník,600018334,Kosmetické služby,69-41-L/01,,SOU s maturitou,4,15,51,15,3.4,1.0,12,0,18,21,1.0,"místo bylo pro všechny, kdo splnili požadavky školy",40.83,31.0,vypsáno,3,12,0
Olomoucký kraj,Jeseník,Jeseník,"SŠ gastronomie, farmářství a služeb",600018318,Nutriční asistent,53-41-M/02,,SOŠ,4,15,18,0,1.2,0.0,1,0,0,17,1.0,"místo bylo pro všechny, kdo splnili požadavky školy",30.0,,vypsáno,14,1,1
Olomoucký kraj,Jeseník,Jeseník,"SŠ gastronomie, farmářství a služeb",600018318,Masér ve zdravotnictví,53-41-M/04,,SOŠ,4,15,19,6,1.267,0.4,9,0,1,9,1.0,"místo bylo pro všechny, kdo splnili požadavky školy",39.0,,vypsáno,6,3,2
Olomoucký kraj,Jeseník,Jeseník,"SŠ gastronomie, farmářství a služeb",600018318,Podnikání,64-41-L/51,,Nástavby,2,30,30,16,1.0,0.533,16,0,5,9,1.0,"místo bylo pro všechny, kdo splnili požadavky školy",35.12,20.0,vypsáno,14,7,4
Olomoucký kraj,Přerov,Kojetín,Gymnázium,600017974,Gymnázium,79-41-K/41,,Gymnázia 4letá,4,30,107,14,3.567,0.467,30,3,3,71,0.909,dostala se většina soutěžících uchazečů,56.53,39.0,nevypsáno,,,
Olomoucký kraj,Přerov,Kojetín,Gymnázium,600017974,Gymnázium,79-41-K/81,,Gymnázia 8letá,8,30,64,30,2.133,1.0,25,0,15,22,1.0,"místo bylo pro všechny, kdo splnili požadavky školy",44.72,32.0,"nevypsáno, i když obor nebyl naplněn",,,
Olomoucký kraj,Prostějov,Konice,ZŠ a gymnázium města Konice,600015149,Gymnázium,79-41-K/81,,Gymnázia 8letá,8,30,60,29,2.0,0.967,27,19,1,10,0.587,středně těžké,49.48,34.0,"nevypsáno, i když obor nebyl naplněn",,,
Olomoucký kraj,Přerov,Lipník nad Bečvou,Gymnázium,600017923,Gymnázium,79-41-K/81,Gymnázium všeobecné,Gymnázia 8letá,8,30,52,26,1.733,0.867,25,6,0,16,0.806,dostala se většina soutěžících uchazečů,40.16,20.0,vypsáno,4,31,4
Olomoucký kraj,Přerov,Lipník nad Bečvou,SPŠ stavební,600017869,Stavebnictví,36-47-M/01,,SOŠ,4,60,140,66,2.333,1.1,60,11,7,62,0.845,dostala se většina soutěžících uchazečů,59.13,38.0,nevypsáno,,,
Olomoucký kraj,Přerov,Lipník nad Bečvou,Střední škola elektrotechnická,600171337,Informační technologie,18-20-M/01,Programování a počítačové systémy,SOŠ,4,30,54,17,1.8,0.567,19,0,6,28,1.0,"místo bylo pro všechny, kdo splnili požadavky školy",47.22,22.0,vypsáno,11,6,0
Olomoucký kraj,Přerov,Lipník nad Bečvou,Střední škola elektrotechnická,600171337,Mechanik elektrotechnik,26-41-L/01,"Silnoproud, slaboproud a energetika",SOU s maturitou,4,30,52,16,1.733,0.533,18,0,1,33,1.0,"místo bylo pro všechny, kdo splnili požadavky školy",36.83,23.0,vypsáno,10,4,2
Olomoucký kraj,Přerov,Lipník nad Bečvou,Střední škola elektrotechnická,600171337,Elektrotechnika,26-41-M/01,"Programování, automatizace a robotika",SOŠ,4,30,32,6,1.067,0.2,8,0,0,24,1.0,"místo bylo pro všechny, kdo splnili požadavky školy",49.0,,vypsáno,20,2,1
Olomoucký kraj,Olomouc,Litovel,Gymnázium Jana Opletala,600017117,Gymnázium,79-41-K/41,,Gymnázia 4letá,4,30,120,28,4.0,0.933,30,18,1,71,0.625,středně těžké,74.73,65.0,nevypsáno,,,
Olomoucký kraj,Olomouc,Litovel,Gymnázium Jana Opletala,600017117,Gymnázium,79-41-K/81,,Gymnázia 8letá,8,30,97,54,3.233,1.8,31,24,18,25,0.564,středně těžké,60.03,48.0,nevypsáno,,,
Olomoucký kraj,Olomouc,Litovel,Střední odborná škola,600017087,Mechanik elektrotechnik,26-41-L/01,,SOU s maturitou,4,15,20,6,1.333,0.4,9,0,0,11,1.0,"místo bylo pro všechny, kdo splnili požadavky školy",31.12,,vypsáno,6,2,0
Olomoucký kraj,Olomouc,Litovel,Střední odborná škola,600017087,Fotograf,34-56-L/01,,SOU s maturitou,4,15,16,4,1.067,0.267,9,0,1,6,1.0,"místo bylo pro všechny, kdo splnili požadavky školy",28.78,,vypsáno,6,8,4
Olomoucký kraj,Olomouc,Lutín,Sigmundova střední škola strojírenská,600017192,Provozní technika,23-43-L/51,,Nástavby,2,30,25,20,0.833,0.667,19,0,3,3,1.0,"místo bylo pro všechny, kdo splnili požadavky školy",32.11,19.0,vypsáno,11,4,2
Olomoucký kraj,Olomouc,Lutín,Sigmundova střední škola strojírenská,600017192,Mechanik seřizovač,23-45-L/01,Management ve strojírenství,SOU s maturitou,4,20,36,8,1.8,0.4,11,0,1,24,1.0,"místo bylo pro všechny, kdo splnili požadavky školy",36.09,22.0,vypsáno,9,4,1
Olomoucký kraj,Olomouc,Lutín,Sigmundova střední škola strojírenská,600017192,Mechanik seřizovač,23-45-L/01,Programátor CNC,SOU s maturitou,4,40,71,24,1.775,0.6,35,0,1,36,1.0,"místo bylo pro všechny, kdo splnili požadavky školy",36.82,17.0,vypsáno,5,3,1
Olomoucký kraj,Šumperk,Mohelnice,SPŠ elektrotechniky a informatiky,600017982,Informační technologie,18-20-M/01,,SOŠ,4,30,110,37,3.667,1.233,30,13,1,66,0.698,dostala se většina soutěžících uchazečů,55.43,40.0,nevypsáno,,,
Olomoucký kraj,Šumperk,Mohelnice,SPŠ elektrotechniky a informatiky,600017982,Elektrotechnika,26-41-M/01,,SOŠ,4,60,90,35,1.5,0.583,39,0,1,50,1.0,"místo bylo pro všechny, kdo splnili požadavky školy",44.77,20.0,vypsáno,20,5,4
Olomoucký kraj,Šumperk,Mohelnice,Střední škola technická Mohelnice,600171396,Mechanik seřizovač,23-45-L/01,,SOU s maturitou,4,15,9,2,0.6,0.133,0,0,3,6,,"místo bylo pro všechny, kdo splnili požadavky školy",,,vypsáno,10,1,0
Olomoucký kraj,Šumperk,Mohelnice,Střední škola technická Mohelnice,600171396,Mechanik elektrotechnik,26-41-L/01,,SOU s maturitou,4,15,37,9,2.467,0.6,10,0,6,21,1.0,"místo bylo pro všechny, kdo splnili požadavky školy",42.4,26.0,vypsáno,5,1,0
Olomoucký kraj,Olomouc,Olomouc,CÍRKEVNÍ GYMNÁZIUM NĚMECKÉHO ŘÁDU,600017036,Gymnázium,79-41-K/41,,Gymnázia 4letá,4,22,105,70,4.773,3.182,22,57,1,25,0.278,velmi těžké,86.95,72.0,nevypsáno,,,
Olomoucký kraj,Olomouc,Olomouc,CÍRKEVNÍ GYMNÁZIUM NĚMECKÉHO ŘÁDU,600017036,Gymnázium,79-41-K/81,,Gymnázia 8letá,8,22,192,95,8.727,4.318,22,120,4,46,0.155,velmi těžké,81.14,69.0,nevypsáno,,,
Olomoucký kraj,Olomouc,Olomouc,Gymnázium,600016927,Gymnázium,79-41-K/41,,Gymnázia 4letá,4,58,205,135,3.534,2.328,58,98,6,43,0.372,těžké,83.48,77.0,nevypsáno,,,
Olomoucký kraj,Olomouc,Olomouc,Gymnázium,600016935,Gymnázium,79-41-K/41,tělesná výchova,Gymnázia 4letá,4,28,113,81,4.036,2.893,28,57,9,19,0.329,velmi těžké,76.5,66.0,nevypsáno,,,
Olomoucký kraj,Olomouc,Olomouc,Gymnázium,600016935,Gymnázium,79-41-K/41,všeobecné s rozšířenou výukou NJ,Gymnázia 4letá,4,14,47,18,3.357,1.286,14,11,2,20,0.56,středně těžké,71.14,60.0,nevypsáno,,,
Olomoucký kraj,Olomouc,Olomouc,Gymnázium,600016935,Gymnázium,79-41-K/41,všeobecné s rozšířenou výukou ŠJ,Gymnázia 4letá,4,14,83,36,5.929,2.571,14,36,4,29,0.28,velmi těžké,80.93,75.0,nevypsáno,,,
Olomoucký kraj,Olomouc,Olomouc,Gymnázium,600016927,Gymnázium,79-41-K/81,,Gymnázia 8letá,8,58,308,131,5.31,2.259,58,110,65,75,0.345,těžké,71.74,60.0,nevypsáno,,,
Olomoucký kraj,Olomouc,Olomouc,Gymnázium,600016935,Gymnázium,79-41-K/81,,Gymnázia 8letá,8,28,285,98,10.179,3.5,28,106,71,80,0.209,velmi těžké,69.71,63.0,nevypsáno,,,
Olomoucký kraj,Olomouc,Olomouc,Gymnázium,600016927,Dvojjazyčné gymnázium,79-43-K/61,,Gymnázia 6letá,6,58,241,163,4.155,2.81,58,77,76,30,0.43,těžké,66.5,53.0,nevypsáno,,,
Olomoucký kraj,Olomouc,Olomouc,Gymnázium,600016935,Dvojjazyčné gymnázium,79-43-K/61,,Gymnázia 6letá,6,28,203,61,7.25,2.179,26,42,72,61,0.382,těžké,56.69,49.0,"nevypsáno, i když obor nebyl naplněn",,,
Olomoucký kraj,Olomouc,Olomouc,Moravská střední škola s.r.o,600019349,Ekonomika a podnikání,63-41-M/01,cestovní ruch,SOŠ,4,15,87,21,5.8,1.4,15,23,1,48,0.395,těžké,58.2,47.0,nevypsáno,,,
Olomoucký kraj,Olomouc,Olomouc,Moravská střední škola s.r.o,600019349,Ekonomika a podnikání,63-41-M/01,nová média a marketingová komunikace,SOŠ,4,15,57,17,3.8,1.133,15,12,2,28,0.556,středně těžké,57.33,41.0,nevypsáno,,,
Olomoucký kraj,Olomouc,Olomouc,Moravská střední škola s.r.o,600019349,Gastronomie,65-41-L/01,,SOU s maturitou,4,15,26,9,1.733,0.6,13,0,1,12,1.0,"místo bylo pro všechny, kdo splnili požadavky školy",37.62,17.0,vypsáno,4,10,2
Olomoucký kraj,Olomouc,Olomouc,Moravská střední škola s.r.o,600019349,Obchodník,66-41-L/01,management a marketing,SOU s maturitou,4,15,40,13,2.667,0.867,15,2,0,23,0.882,dostala se většina soutěžících uchazečů,40.4,26.0,nevypsáno,,,
Olomoucký kraj,Olomouc,Olomouc,Moravská střední škola s.r.o,600019349,Předškolní a mimoškolní pedagogika,75-31-M/01,,SOŠ,4,20,136,53,6.8,2.65,20,52,4,60,0.278,velmi těžké,60.65,50.0,nevypsáno,,,
Olomoucký kraj,Olomouc,Olomouc,Obchodní akademie,600017109,Obchodní akademie,63-41-M/02,,SOŠ,4,60,236,94,3.933,1.567,60,61,15,100,0.496,těžké,69.18,58.0,nevypsáno,,,
Olomoucký kraj,Olomouc,Olomouc,Obchodní akademie,600017109,Ekonomické lyceum,78-42-M/02,,Lycea,4,60,293,72,4.883,1.2,60,74,11,148,0.448,těžké,71.07,64.0,nevypsáno,,,
Olomoucký kraj,Olomouc,Olomouc,SPŠ strojnická,600017010,Informační technologie,18-20-M/01,,SOŠ,4,60,180,102,3.0,1.7,60,54,0,66,0.526,středně těžké,72.82,56.0,nevypsáno,,,
Olomoucký kraj,Olomouc,Olomouc,SPŠ strojnická,600017010,Strojírenství,23-41-M/01,,SOŠ,4,90,213,78,2.367,0.867,90,22,0,101,0.804,dostala se většina soutěžících uchazečů,62.62,44.0,nevypsáno,,,
Olomoucký kraj,Olomouc,Olomouc,SZdŠ a VOŠ zdr. E. Pöttinga a JŠ s PSJZ,600020053,Nutriční asistent,53-41-M/02,,SOŠ,4,15,87,22,5.8,1.467,15,26,0,46,0.366,těžké,62.47,51.0,nevypsáno,,,
Olomoucký kraj,Olomouc,Olomouc,SZdŠ a VOŠ zdr. E. Pöttinga a JŠ s PSJZ,600020053,Praktická sestra,53-41-M/03,,SOŠ,4,105,280,129,2.667,1.229,104,63,0,112,0.623,středně těžké,56.38,41.0,"nevypsáno, i když obor nebyl naplněn",,,
Olomoucký kraj,Olomouc,Olomouc,SZdŠ a VOŠ zdr. E. Pöttinga a JŠ s PSJZ,600020053,Laboratorní asistent,53-43-M/01,,SOŠ,4,30,153,40,5.1,1.333,30,35,0,88,0.462,těžké,63.07,48.0,nevypsáno,,,
Olomoucký kraj,Olomouc,Olomouc,Slovanské gymnázium,600016943,Gymnázium,79-41-K/41,,Gymnázia 4letá,4,90,272,126,3.022,1.4,89,85,9,88,0.511,středně těžké,78.78,67.0,"nevypsáno, i když obor nebyl naplněn",,,
Olomoucký kraj,Olomouc,Olomouc,Slovanské gymnázium,600016943,Gymnázium,79-41-K/81,,Gymnázia 8letá,8,60,305,90,5.083,1.5,60,89,68,88,0.403,těžké,68.02,57.0,nevypsáno,,,
Olomoucký kraj,Olomouc,Olomouc,Slovanské gymnázium,600016943,Dvojjazyčné gymnázium,79-43-K/61,,Gymnázia 6letá,6,30,171,26,5.7,0.867,28,76,2,63,0.269,velmi těžké,57.36,45.0,"nevypsáno, i když obor nebyl naplněn",,,
Olomoucký kraj,Olomouc,Olomouc,Střední odborná škola Olomouc s.r.o.,600017141,Veřejnosprávní činnost,68-43-M/01,,SOŠ,4,46,175,38,3.804,0.826,45,21,20,88,0.682,dostala se většina soutěžících uchazečů,54.51,31.0,"nevypsáno, i když obor nebyl naplněn",,,
Olomoucký kraj,Olomouc,Olomouc,Střední odborná škola Olomouc s.r.o.,600017141,Informační služby,72-41-M/01,,SOŠ,4,23,67,15,2.913,0.652,18,0,10,39,1.0,"místo bylo pro všechny, kdo splnili požadavky školy",41.89,25.0,vypsáno,5,25,3
Olomoucký kraj,Olomouc,Olomouc,Střední odborná škola obchodu a služeb,600017061,Podnikání,64-41-L/51,,Nástavby,2,30,183,67,6.1,2.233,30,25,76,52,0.545,středně těžké,38.73,22.0,nevypsáno,,,
Olomoucký kraj,Olomouc,Olomouc,Střední odborná škola obchodu a služeb,600017061,Gastronomie,65-41-L/01,kombinace  s oborem 65-51-H/01 Kuchař - číšník,SOU s maturitou,4,15,27,4,1.8,0.267,4,0,11,12,1.0,"místo bylo pro všechny, kdo splnili požadavky školy",41.0,,"nevypsáno, i když obor nebyl naplněn",,,
Olomoucký kraj,Olomouc,Olomouc,Střední odborná škola služeb s.r.o.,600017028,Cestovní ruch,65-42-M/02,Management cestovního ruchu,SOŠ,4,32,118,36,3.688,1.125,32,32,1,53,0.5,středně těžké,58.16,44.0,nevypsáno,,,
Olomoucký kraj,Olomouc,Olomouc,Střední škola grafiky a médií Olomouc,600017168,Obalová technika,34-42-M/01,,SOŠ,4,15,58,6,3.867,0.4,12,0,5,41,1.0,"místo bylo pro všechny, kdo splnili požadavky školy",43.0,32.0,vypsáno,3,9,3
Olomoucký kraj,Olomouc,Olomouc,Střední škola grafiky a médií Olomouc,600017168,Tiskař na polygrafických strojích,34-52-L/01,34-52-H/01,SOU s maturitou,4,7,18,2,2.571,0.286,1,0,3,14,1.0,"místo bylo pro všechny, kdo splnili požadavky školy",42.0,,vypsáno,6,7,3
Olomoucký kraj,Olomouc,Olomouc,Střední škola grafiky a médií Olomouc,600017168,Reprodukční grafik pro média,34-53-L/01,34-53-H/01,SOU s maturitou,4,53,180,62,3.396,1.17,53,19,21,87,0.736,dostala se většina soutěžících uchazečů,55.36,39.0,nevypsáno,,,
Olomoucký kraj,Olomouc,Olomouc,Střední škola logistiky a chemie,600016986,Aplikovaná chemie,28-44-M/01,,SOŠ,4,50,126,41,2.52,0.82,49,3,8,65,0.942,dostala se většina soutěžících uchazečů,59.2,34.0,"nevypsáno, i když obor nebyl naplněn",,,
Olomoucký kraj,Olomouc,Olomouc,Střední škola logistiky a chemie,600016986,Provoz a ekonomika dopravy,37-41-M/01,zasilatelství,SOŠ,4,29,109,29,3.759,1.0,28,14,10,56,0.667,dostala se většina soutěžících uchazečů,52.79,32.0,"nevypsáno, i když obor nebyl naplněn",,,
Olomoucký kraj,Olomouc,Olomouc,Střední škola logistiky a chemie,600016986,Logistické a finanční služby,37-42-M/01,,SOŠ,4,29,118,12,4.069,0.414,29,9,9,71,0.763,dostala se většina soutěžících uchazečů,47.97,33.0,nevypsáno,,,
Olomoucký kraj,Olomouc,Olomouc,Střední škola logistiky a chemie,600016986,Logistické a finanční služby,37-42-M/01,sportovní management,SOŠ,4,28,137,49,4.893,1.75,28,49,9,51,0.364,těžké,59.71,49.0,nevypsáno,,,
Olomoucký kraj,Olomouc,Olomouc,Střední škola polytechnická,600017095,Provozní technika,23-43-L/51,,Nástavby,2,30,31,15,1.033,0.5,19,0,3,8,1.0,"místo bylo pro všechny, kdo splnili požadavky školy",30.11,12.0,"nevypsáno, i když obor nebyl naplněn",,,
Olomoucký kraj,Olomouc,Olomouc,Střední škola polytechnická,600017095,Nábytkářská a dřevařská výroba,33-42-L/51,,Nástavby,2,30,15,14,0.5,0.467,12,0,2,1,1.0,"místo bylo pro všechny, kdo splnili požadavky školy",27.92,17.0,"nevypsáno, i když obor nebyl naplněn",,,
Olomoucký kraj,Olomouc,Olomouc,Střední škola polytechnická,600017095,Stavební provoz,36-44-L/51,,Nástavby,2,30,34,28,1.133,0.933,28,0,2,3,1.0,"místo bylo pro všechny, kdo splnili požadavky školy",26.86,13.0,"nevypsáno, i když obor nebyl naplněn",,,
Olomoucký kraj,Olomouc,Olomouc,Střední škola polytechnická,600017095,Mechanik instalatérských a elektrotechnických zařízení,39-41-L/02,,SOU s maturitou,4,30,67,24,2.233,0.8,26,0,8,33,1.0,"místo bylo pro všechny, kdo splnili požadavky školy",39.19,25.0,"nevypsáno, i když obor nebyl naplněn",,,
Olomoucký kraj,Olomouc,Olomouc,Střední škola polytechnická,600017095,Obchodník,66-41-L/01,se zaměřením obchodní činnosti v technických oborech,SOU s maturitou,4,30,30,3,1.0,0.1,6,0,2,21,1.0,"místo bylo pro všechny, kdo splnili požadavky školy",37.5,,vypsáno,22,38,21
Olomoucký kraj,Olomouc,Olomouc,Střední škola stavební - HORSTAV,651035741,Stavebnictví,36-47-M/01,,SOŠ,4,28,96,50,3.429,1.786,28,16,18,34,0.636,středně těžké,64.07,48.0,nevypsáno,,,
Olomoucký kraj,Olomouc,Olomouc,Střední škola technických profesí,600017133,Mechanik strojů a zařízení,23-44-L/01,23-44-L/01,SOU s maturitou,4,15,25,5,1.667,0.333,10,0,0,14,1.0,"místo bylo pro všechny, kdo splnili požadavky školy",27.4,17.0,"nevypsáno, i když obor nebyl naplněn",,,
Olomoucký kraj,Olomouc,Olomouc,Střední škola technických profesí,600017133,Mechanik elektrotechnik,26-41-L/01,26-41-L/01 Výpočetní a elektronické systémy,SOU s maturitou,4,30,80,12,2.667,0.4,30,2,0,48,0.938,dostala se většina soutěžících uchazečů,38.43,19.0,nevypsáno,,,
Olomoucký kraj,Olomouc,Olomouc,Střední škola technických profesí,600017133,Mechanik elektrotechnik,26-41-L/01,26-51-H/02 Elektrikář - silnoproud,SOU s maturitou,4,30,94,37,3.133,1.233,30,25,0,39,0.545,středně těžké,51.23,38.0,nevypsáno,,,
Olomoucký kraj,Olomouc,Olomouc,Střední škola technických profesí,600017133,Telekomunikace,26-45-M/01,26-45-M/01,SOŠ,4,30,31,6,1.033,0.2,11,0,0,20,1.0,"místo bylo pro všechny, kdo splnili požadavky školy",39.73,22.0,"nevypsáno, i když obor nebyl naplněn",,,
Olomoucký kraj,Olomouc,Olomouc,Střední škola technických profesí,600017133,Podnikání,64-41-L/51,64-41-L/51,Nástavby,2,30,122,34,4.067,1.133,28,37,0,55,0.431,těžké,37.79,27.0,"nevypsáno, i když obor nebyl naplněn",,,
Olomoucký kraj,Olomouc,Olomouc,Střední škola zemědělská a zahradnická,600017125,Agropodnikání,41-41-M/01,,SOŠ,4,30,85,28,2.833,0.933,30,4,14,37,0.882,dostala se většina soutěžících uchazečů,46.03,25.0,nevypsáno,,,
Olomoucký kraj,Olomouc,Olomouc,Střední škola zemědělská a zahradnická,600017125,Chovatelství,41-43-M/02,Chov koní a jezdecký sport,SOŠ,4,15,65,16,4.333,1.067,15,6,14,30,0.714,dostala se většina soutěžících uchazečů,54.6,37.0,nevypsáno,,,
Olomoucký kraj,Olomouc,Olomouc,Střední škola zemědělská a zahradnická,600017125,Zahradnictví,41-44-M/01,,SOŠ,4,15,30,2,2.0,0.133,3,0,6,21,1.0,"místo bylo pro všechny, kdo splnili požadavky školy",46.0,,vypsáno,12,25,7
Olomoucký kraj,Olomouc,Olomouc,Střední škola zemědělská a zahradnická,600017125,Podnikání,64-41-L/51,,Nástavby,2,30,123,37,4.1,1.233,23,0,72,28,1.0,"místo bylo pro všechny, kdo splnili požadavky školy",42.17,24.0,vypsáno,7,29,7
Olomoucký kraj,Olomouc,Olomouc,"SŠ, ZŠ a MŠ prof. V. Vejdovského",600026612,Masér sportovní a rekondiční,69-41-L/02,,SOU s maturitou,4,20,61,10,3.05,0.5,20,4,1,36,0.833,dostala se většina soutěžících uchazečů,41.45,27.0,nevypsáno,,,
Olomoucký kraj,Olomouc,Olomouc,"SŠ, ZŠ a MŠ prof. V. Vejdovského",600026612,Sociální činnost,75-41-M/01,,SOŠ,4,19,80,16,4.211,0.842,18,14,0,47,0.562,středně těžké,44.94,38.0,"nevypsáno, i když obor nebyl naplněn",,,
Olomoucký kraj,Olomouc,Olomouc,VOŠ a SPŠ elektrotechnická,600017176,Elektrotechnika,26-41-M/01,Automatizační a komunikační systémy,SOŠ,4,60,177,84,2.95,1.4,60,33,4,80,0.645,středně těžké,68.43,52.0,nevypsáno,,,
Olomoucký kraj,Olomouc,Olomouc,VOŠ a SPŠ elektrotechnická,600017176,Technické lyceum,78-42-M/01,Technické lyceum s IT specializací,Lycea,4,30,88,19,2.933,0.633,26,0,2,60,1.0,"místo bylo pro všechny, kdo splnili požadavky školy",58.17,30.0,vypsáno,4,24,4
Olomoucký kraj,Olomouc,Olomouc,Waldorfská střední škola Olomouc s.r.o.,600017966,Kombinované lyceum,78-42-M/06,,Lycea,4,30,44,16,1.467,0.533,23,0,8,13,1.0,"místo bylo pro všechny, kdo splnili požadavky školy",46.83,30.0,vypsáno,9,12,7
Olomoucký kraj,Prostějov,Prostějov,"ART ECON - Střední škola, s.r.o.",600015297,Ekonomika a podnikání,63-41-M/01,zaměření Firemní management,SOŠ,4,24,48,7,2.0,0.292,13,0,4,31,1.0,"místo bylo pro všechny, kdo splnili požadavky školy",43.69,29.0,"nevypsáno, i když obor nebyl naplněn",,,
Olomoucký kraj,Prostějov,Prostějov,"ART ECON - Střední škola, s.r.o.",600015297,Ekonomika a podnikání,63-41-M/01,zaměření Sportovní management,SOŠ,4,30,46,6,1.533,0.2,8,0,6,32,1.0,"místo bylo pro všechny, kdo splnili požadavky školy",36.75,,vypsáno,9,18,9
Olomoucký kraj,Prostějov,Prostějov,"ART ECON - Střední škola, s.r.o.",600015297,Veřejnosprávní činnost,68-43-M/01,zaměření Státní služba a správní řízení,SOŠ,4,26,44,6,1.692,0.231,13,0,6,26,1.0,"místo bylo pro všechny, kdo splnili požadavky školy",40.0,27.0,vypsáno,10,30,10
Olomoucký kraj,Prostějov,Prostějov,"Cyrilometodějské G, ZŠ a MŠ v Prostějově",600015211,Gymnázium,79-41-K/81,všeobecné,Gymnázia 8letá,8,30,147,69,4.9,2.3,30,82,0,35,0.268,velmi těžké,70.43,52.0,nevypsáno,,,
Olomoucký kraj,Prostějov,Prostějov,Gymnázium Jiřího Wolkera,600015157,Gymnázium,79-41-K/41,všeobecné,Gymnázia 4letá,4,30,118,59,3.933,1.967,30,44,1,43,0.405,těžké,79.67,68.0,nevypsáno,,,
Olomoucký kraj,Prostějov,Prostějov,Gymnázium Jiřího Wolkera,600015157,Gymnázium,79-41-K/81,English for the future,Gymnázia 8letá,8,60,190,127,3.167,2.117,58,60,38,32,0.492,těžké,56.26,44.0,"nevypsáno, i když obor nebyl naplněn",,,
Olomoucký kraj,Prostějov,Prostějov,Gymnázium Jiřího Wolkera,600015157,Gymnázium se sportovní přípravou,79-42-K/41,basketbal,Gymnázia 4letá,4,5,10,5,2.0,1.0,5,0,2,3,1.0,"místo bylo pro všechny, kdo splnili požadavky školy",57.8,,nevypsáno,,,
Olomoucký kraj,Prostějov,Prostějov,Gymnázium Jiřího Wolkera,600015157,Gymnázium se sportovní přípravou,79-42-K/41,fotbal,Gymnázia 4letá,4,6,18,10,3.0,1.667,6,6,1,5,0.5,středně těžké,73.67,,nevypsáno,,,
Olomoucký kraj,Prostějov,Prostějov,Gymnázium Jiřího Wolkera,600015157,Gymnázium se sportovní přípravou,79-42-K/41,házená,Gymnázia 4letá,4,4,9,3,2.25,0.75,3,0,2,4,1.0,"místo bylo pro všechny, kdo splnili požadavky školy",51.67,,"nevypsáno, i když obor nebyl naplněn",,,
Olomoucký kraj,Prostějov,Prostějov,Gymnázium Jiřího Wolkera,600015157,Gymnázium se sportovní přípravou,79-42-K/41,individuální - olympijské sporty,Gymnázia 4letá,4,6,20,4,3.333,0.667,6,1,3,10,0.857,dostala se většina soutěžících uchazečů,59.83,,nevypsáno,,,
Olomoucký kraj,Prostějov,Prostějov,Gymnázium Jiřího Wolkera,600015157,Gymnázium se sportovní přípravou,79-42-K/41,tenis,Gymnázia 4letá,4,3,4,4,1.333,1.333,3,0,1,0,1.0,"místo bylo pro všechny, kdo splnili požadavky školy",51.0,,nevypsáno,,,
Olomoucký kraj,Prostějov,Prostějov,Gymnázium Jiřího Wolkera,600015157,Gymnázium se sportovní přípravou,79-42-K/41,volejbal (dívky),Gymnázia 4letá,4,5,9,3,1.8,0.6,5,0,0,4,1.0,"místo bylo pro všechny, kdo splnili požadavky školy",59.4,,nevypsáno,,,
Olomoucký kraj,Prostějov,Prostějov,Obchodní akademie,600015173,Obchodní akademie,63-41-M/02,,SOŠ,4,60,214,80,3.567,1.333,60,33,21,100,0.645,středně těžké,63.17,50.0,nevypsáno,,,
Olomoucký kraj,Prostějov,Prostějov,Reálné gymnázium a ZŠ Otto Wichterleho,600015301,Gymnázium,79-41-K/41,4leté studium (z 9. tříd ZŠ),Gymnázia 4letá,4,30,91,42,3.033,1.4,30,23,0,38,0.566,středně těžké,78.03,65.0,nevypsáno,,,
Olomoucký kraj,Prostějov,Prostějov,Reálné gymnázium a ZŠ Otto Wichterleho,600015301,Gymnázium,79-41-K/61,6leté studium (ze 7. tříd ZŠ),Gymnázia 6letá,6,30,70,53,2.333,1.767,30,34,0,6,0.469,těžké,52.83,42.0,nevypsáno,,,
Olomoucký kraj,Prostějov,Prostějov,"SOŠ podnikání a obchodu, spol. s r.o.",600015246,Ekonomika a podnikání,63-41-M/01,Marketing turismu a wellness služby,SOŠ,4,8,39,13,4.875,1.625,8,11,0,20,0.421,těžké,60.12,,nevypsáno,,,
Olomoucký kraj,Prostějov,Prostějov,"SOŠ podnikání a obchodu, spol. s r.o.",600015246,Ekonomika a podnikání,63-41-M/01,Marketingové komunikace a žurnalistika,SOŠ,4,8,22,3,2.75,0.375,7,0,0,14,1.0,"místo bylo pro všechny, kdo splnili požadavky školy",48.14,,"nevypsáno, i když obor nebyl naplněn",,,
Olomoucký kraj,Prostějov,Prostějov,"SOŠ podnikání a obchodu, spol. s r.o.",600015246,Ekonomika a podnikání,63-41-M/01,Mezinárodní obchod a projektové řízení,SOŠ,4,18,68,18,3.778,1.0,18,19,0,31,0.486,těžké,59.17,46.0,nevypsáno,,,
Olomoucký kraj,Prostějov,Prostějov,"SOŠ podnikání a obchodu, spol. s r.o.",600015246,Ekonomika a podnikání,63-41-M/01,Sportovní management,SOŠ,4,18,59,31,3.278,1.722,18,18,0,23,0.5,středně těžké,53.94,39.0,nevypsáno,,,
Olomoucký kraj,Prostějov,Prostějov,SOŠ průmyslová a SOU strojírenské,610300580,Strojírenství,23-41-M/01,,SOŠ,4,30,43,6,1.433,0.2,12,0,0,31,1.0,"místo bylo pro všechny, kdo splnili požadavky školy",43.83,23.0,vypsáno,15,7,4
Olomoucký kraj,Prostějov,Prostějov,SOŠ průmyslová a SOU strojírenské,610300580,Mechanik strojů a zařízení,23-44-L/01,,SOU s maturitou,4,12,13,1,1.083,0.083,0,0,1,11,,"místo bylo pro všechny, kdo splnili požadavky školy",,,"nevypsáno, i když obor nebyl naplněn",,,
Olomoucký kraj,Prostějov,Prostějov,SOŠ průmyslová a SOU strojírenské,610300580,Mechanik seřizovač,23-45-L/01,,SOU s maturitou,4,20,10,0,0.5,0.0,0,0,0,10,,"místo bylo pro všechny, kdo splnili požadavky školy",,,"nevypsáno, i když obor nebyl naplněn",,,
Olomoucký kraj,Prostějov,Prostějov,SOŠ průmyslová a SOU strojírenské,610300580,Elektrotechnika,26-41-M/01,,SOŠ,4,30,81,28,2.7,0.933,30,10,1,40,0.75,dostala se většina soutěžících uchazečů,53.13,33.0,nevypsáno,,,
Olomoucký kraj,Prostějov,Prostějov,SOŠ průmyslová a SOU strojírenské,610300580,Stavebnictví,36-47-M/01,,SOŠ,4,30,75,14,2.5,0.467,25,0,0,50,1.0,"místo bylo pro všechny, kdo splnili požadavky školy",42.92,21.0,vypsáno,5,2,0
Olomoucký kraj,Prostějov,Prostějov,Střední odborná škola,600015289,Gastronomie,65-41-L/01,Kuchař,SOU s maturitou,4,15,21,5,1.4,0.333,8,0,0,12,1.0,"místo bylo pro všechny, kdo splnili požadavky školy",30.25,,vypsáno,6,8,4
Olomoucký kraj,Prostějov,Prostějov,Střední odborná škola,600015289,Kosmetické služby,69-41-L/01,,SOU s maturitou,4,20,107,29,5.35,1.45,19,37,0,50,0.339,těžké,45.32,35.0,"nevypsáno, i když obor nebyl naplněn",,,
Olomoucký kraj,Prostějov,Prostějov,Střední zdravotnická škola,600019951,Praktická sestra,53-41-M/03,,SOŠ,4,60,180,49,3.0,0.817,60,22,6,92,0.732,dostala se většina soutěžících uchazečů,45.33,27.0,nevypsáno,,,
Olomoucký kraj,Prostějov,Prostějov,"SŠ automobilní Prostějov, s.r.o.",600015319,Provozní technika,23-43-L/51,,Nástavby,2,12,24,18,2.0,1.5,12,1,7,4,0.923,dostala se většina soutěžících uchazečů,35.5,27.0,nevypsáno,,,
Olomoucký kraj,Prostějov,Prostějov,"SŠ automobilní Prostějov, s.r.o.",600015319,Podnikání,64-41-L/51,,Nástavby,2,18,21,19,1.167,1.056,17,0,3,1,1.0,"místo bylo pro všechny, kdo splnili požadavky školy",32.82,19.0,"nevypsáno, i když obor nebyl naplněn",,,
Olomoucký kraj,Prostějov,Prostějov,"TRIVIS-Střední škola veřejnoprávní,s.r.o",650003578,Bezpečnostně právní činnost,68-42-M/01,Veřejnoprávní ochrana,SOŠ,4,64,151,67,2.359,1.047,64,34,0,53,0.653,středně těžké,53.02,30.0,nevypsáno,,,
Olomoucký kraj,Prostějov,Prostějov,Švehlova střední škola polytechnická,600015165,Technologie potravin,29-41-M/01,,SOŠ,4,15,16,2,1.067,0.133,2,0,0,13,1.0,"místo bylo pro všechny, kdo splnili požadavky školy",29.5,,vypsáno,10,15,8
Olomoucký kraj,Prostějov,Prostějov,Švehlova střední škola polytechnická,600015165,Analýza potravin,29-42-M/01,,SOŠ,4,24,42,6,1.75,0.25,10,0,0,32,1.0,"místo bylo pro všechny, kdo splnili požadavky školy",40.1,25.0,vypsáno,4,5,1
Olomoucký kraj,Prostějov,Prostějov,Švehlova střední škola polytechnická,600015165,Autotronik,39-41-L/01,,SOU s maturitou,4,26,69,22,2.654,0.846,26,7,0,36,0.788,dostala se většina soutěžících uchazečů,42.85,24.0,nevypsáno,,,
Olomoucký kraj,Prostějov,Prostějov,Švehlova střední škola polytechnická,600015165,Podnikání,64-41-L/51,,Nástavby,2,28,116,69,4.143,2.464,28,56,2,30,0.333,těžké,40.71,31.0,nevypsáno,,,
Olomoucký kraj,Přerov,Přerov,Gymnázium Jakuba Škody,600017915,Gymnázium,79-41-K/41,,Gymnázia 4letá,4,60,174,78,2.9,1.3,60,30,0,84,0.667,dostala se většina soutěžících uchazečů,69.43,53.0,nevypsáno,,,
Olomoucký kraj,Přerov,Přerov,Gymnázium Jakuba Škody,600017915,Gymnázium,79-41-K/81,,Gymnázia 8letá,8,60,119,95,1.983,1.583,60,26,22,11,0.698,dostala se většina soutěžících uchazečů,56.48,42.0,nevypsáno,,,
Olomoucký kraj,Přerov,Přerov,Gymnázium Jana Blahoslava a SPgŠ,600017842,Předškolní a mimoškolní pedagogika,75-31-M/01,Předškolní a mimoškolní pedagogika,SOŠ,4,120,222,120,1.85,1.0,120,25,17,60,0.828,dostala se většina soutěžících uchazečů,52.6,31.0,nevypsáno,,,
Olomoucký kraj,Přerov,Přerov,Gymnázium Jana Blahoslava a SPgŠ,600017842,Pedagogické lyceum,78-42-M/03,Pedagogické lyceum,Lycea,4,30,132,34,4.4,1.133,30,22,2,78,0.577,středně těžké,64.93,51.0,nevypsáno,,,
Olomoucký kraj,Přerov,Přerov,Gymnázium Jana Blahoslava a SPgŠ,600017842,Gymnázium,79-41-K/41,Čtyřleté gymnázium - živé jazyky,Gymnázia 4letá,4,30,104,16,3.467,0.533,30,7,0,67,0.811,dostala se většina soutěžících uchazečů,61.77,51.0,nevypsáno,,,
Olomoucký kraj,Přerov,Přerov,Gymnázium Jana Blahoslava a SPgŠ,600017842,Gymnázium,79-41-K/61,Šestileté gymnázium - živé jazyky,Gymnázia 6letá,6,30,96,54,3.2,1.8,30,24,26,16,0.556,středně těžké,48.37,39.0,nevypsáno,,,
Olomoucký kraj,Přerov,Přerov,Obch.akademie a Jazyk.škola s právem SJZ,600017796,Obchodní akademie,63-41-M/02,Firemní management a Sportovní management,SOŠ,4,60,170,57,2.833,0.95,60,7,12,91,0.896,dostala se většina soutěžících uchazečů,51.4,29.0,nevypsáno,,,
Olomoucký kraj,Přerov,Přerov,Obch.akademie a Jazyk.škola s právem SJZ,600017796,Obchodní akademie,63-41-M/02,Zahraniční obchod,SOŠ,4,30,101,27,3.367,0.9,30,1,5,65,0.968,dostala se většina soutěžících uchazečů,57.07,33.0,nevypsáno,,,
Olomoucký kraj,Přerov,Přerov,Střední průmyslová škola,600017818,Strojírenství,23-41-M/01,,SOŠ,4,30,51,22,1.7,0.733,20,0,1,29,1.0,"místo bylo pro všechny, kdo splnili požadavky školy",43.8,28.0,vypsáno,9,3,1
Olomoucký kraj,Přerov,Přerov,Střední průmyslová škola,600017818,Elektrotechnika,26-41-M/01,Automatizace,SOŠ,4,30,71,31,2.367,1.033,29,3,1,37,0.906,dostala se většina soutěžících uchazečů,59.83,39.0,"nevypsáno, i když obor nebyl naplněn",,,
Olomoucký kraj,Přerov,Přerov,Střední průmyslová škola,600017818,Elektrotechnika,26-41-M/01,Technika počítačů,SOŠ,4,29,70,19,2.414,0.655,20,0,3,46,1.0,"místo bylo pro všechny, kdo splnili požadavky školy",51.4,30.0,vypsáno,9,3,2
Olomoucký kraj,Přerov,Přerov,Střední průmyslová škola,600017818,Technické lyceum,78-42-M/01,Informační technologie,Lycea,4,30,48,15,1.6,0.5,16,0,2,30,1.0,"místo bylo pro všechny, kdo splnili požadavky školy",61.38,30.0,"nevypsáno, i když obor nebyl naplněn",,,
Olomoucký kraj,Přerov,Přerov,Střední škola gastronomie a služeb,600171361,Podnikání,64-41-L/51,,Nástavby,2,30,109,58,3.633,1.933,29,41,11,27,0.414,těžké,39.0,26.0,"nevypsáno, i když obor nebyl naplněn",,,
Olomoucký kraj,Přerov,Přerov,Střední škola gastronomie a služeb,600171361,Hotelnictví,65-42-M/01,,SOŠ,4,30,91,24,3.033,0.8,30,8,3,50,0.789,dostala se většina soutěžících uchazečů,38.31,27.0,nevypsáno,,,
Olomoucký kraj,Přerov,Přerov,Střední škola gastronomie a služeb,600171361,Kosmetické služby,69-41-L/01,,SOU s maturitou,4,14,71,20,5.071,1.429,13,12,3,42,0.52,středně těžké,40.5,33.0,"nevypsáno, i když obor nebyl naplněn",,,
Olomoucký kraj,Přerov,Přerov,Střední škola gastronomie a služeb,600171361,Kosmetické služby,69-41-L/01,Vizážista,SOU s maturitou,4,16,70,17,4.375,1.062,15,15,2,37,0.5,středně těžké,47.07,37.0,"nevypsáno, i když obor nebyl naplněn",,,
Olomoucký kraj,Přerov,Přerov,Střední škola technická,600171370,Mechanik seřizovač,23-45-L/01,,SOU s maturitou,4,12,4,2,0.333,0.167,2,0,0,1,1.0,"místo bylo pro všechny, kdo splnili požadavky školy",24.0,,vypsáno,9,2,0
Olomoucký kraj,Přerov,Přerov,Střední škola technická,600171370,Dopravní prostředky,23-45-M/01,,SOŠ,4,15,16,6,1.067,0.4,7,0,0,9,1.0,"místo bylo pro všechny, kdo splnili požadavky školy",37.14,,vypsáno,8,4,4
Olomoucký kraj,Přerov,Přerov,Střední škola technická,600171370,Optik,23-62-L/01,,SOU s maturitou,4,12,23,7,1.917,0.583,8,0,0,15,1.0,"místo bylo pro všechny, kdo splnili požadavky školy",33.88,,vypsáno,4,4,0
Olomoucký kraj,Přerov,Přerov,Střední škola technická,600171370,Elektrotechnika,26-41-M/01,,SOŠ,4,15,20,5,1.333,0.333,7,0,0,13,1.0,"místo bylo pro všechny, kdo splnili požadavky školy",35.0,,vypsáno,8,4,2
Olomoucký kraj,Přerov,Přerov,Střední škola technická,600171370,Provoz a ekonomika dopravy,37-41-M/01,,SOŠ,4,12,26,6,2.167,0.5,7,0,0,19,1.0,"místo bylo pro všechny, kdo splnili požadavky školy",39.57,,vypsáno,5,3,1
Olomoucký kraj,Přerov,Přerov,Střední škola zemědělská,600017834,Agropodnikání,41-41-M/01,"Chovatel koní, jezdec",SOŠ,4,15,45,20,3.0,1.333,15,10,1,19,0.6,středně těžké,47.2,35.0,nevypsáno,,,
Olomoucký kraj,Přerov,Přerov,Střední škola zemědělská,600017834,Agropodnikání,41-41-M/01,Ochrana přírody a prostředí,SOŠ,4,15,30,9,2.0,0.6,11,0,0,19,1.0,"místo bylo pro všechny, kdo splnili požadavky školy",38.36,11.0,vypsáno,4,3,1
Olomoucký kraj,Přerov,Přerov,Střední škola zemědělská,600017834,Agropodnikání,41-41-M/01,Provoz a služby,SOŠ,4,15,44,13,2.933,0.867,15,3,0,26,0.833,dostala se většina soutěžících uchazečů,39.27,19.0,nevypsáno,,,
Olomoucký kraj,Přerov,Přerov,Střední škola zemědělská,600017834,Mechanizace zemědělství a lesního hospodářství,41-45-L/51,,Nástavby,2,30,43,39,1.433,1.3,24,0,15,3,1.0,"místo bylo pro všechny, kdo splnili požadavky školy",33.21,13.0,vypsáno,6,3,2
Olomoucký kraj,Přerov,Přerov,Střední škola zemědělská,600017834,Mechanizace a služby,41-45-M/01,Provozní technika,SOŠ,4,15,38,20,2.533,1.333,15,6,0,17,0.714,dostala se většina soutěžících uchazečů,53.2,36.0,nevypsáno,,,
Olomoucký kraj,Olomouc,Uničov,Gymnázium,600016960,Gymnázium,79-41-K/41,,Gymnázia 4letá,4,30,87,21,2.9,0.7,30,5,2,50,0.857,dostala se většina soutěžících uchazečů,61.4,41.0,nevypsáno,,,
Olomoucký kraj,Olomouc,Uničov,Gymnázium,600016960,Gymnázium,79-41-K/81,,Gymnázia 8letá,8,30,73,35,2.433,1.167,29,11,10,22,0.725,dostala se většina soutěžících uchazečů,50.1,38.0,"nevypsáno, i když obor nebyl naplněn",,,
Olomoucký kraj,Olomouc,Uničov,"SOŠ Uničov, s.r.o.",600017214,Hotelnictví,65-42-M/01,Hotelnictví a cestovní ruch,SOŠ,4,30,77,24,2.567,0.8,27,9,1,37,0.75,dostala se většina soutěžících uchazečů,37.48,23.0,vypsáno,5,13,4
Olomoucký kraj,Olomouc,Uničov,SPŠ a SOU,600017079,Průmyslová ekologie,16-02-M/01,,SOŠ,4,15,24,6,1.6,0.4,7,0,0,17,1.0,"místo bylo pro všechny, kdo splnili požadavky školy",45.57,,vypsáno,8,8,2
Olomoucký kraj,Olomouc,Uničov,SPŠ a SOU,600017079,Strojírenství,23-41-M/01,,SOŠ,4,30,31,4,1.033,0.133,8,0,1,22,1.0,"místo bylo pro všechny, kdo splnili požadavky školy",42.25,,vypsáno,7,2,0
Olomoucký kraj,Olomouc,Uničov,SPŠ a SOU,600017079,Mechanik seřizovač,23-45-L/01,,SOU s maturitou,4,15,12,6,0.8,0.4,7,0,0,5,1.0,"místo bylo pro všechny, kdo splnili požadavky školy",31.86,,vypsáno,8,0,0
Olomoucký kraj,Olomouc,Uničov,SPŠ a SOU,600017079,Obchodní akademie,63-41-M/02,,SOŠ,4,30,80,13,2.667,0.433,30,1,1,48,0.968,dostala se většina soutěžících uchazečů,40.3,20.0,nevypsáno,,,
Olomoucký kraj,Olomouc,Velký Újezd,"SOŠ a SOU služeb Velký Újezd, s.r.o.",600017231,Podnikání,64-41-L/51,,Nástavby,2,20,42,28,2.1,1.4,20,3,10,9,0.87,dostala se většina soutěžících uchazečů,31.65,20.0,nevypsáno,,,
Olomoucký kraj,Šumperk,Zábřeh,Gymnázium,600018008,Gymnázium,79-41-K/41,,Gymnázia 4letá,4,30,86,31,2.867,1.033,30,9,0,47,0.769,dostala se většina soutěžících uchazečů,73.5,57.0,nevypsáno,,,
Olomoucký kraj,Šumperk,Zábřeh,Gymnázium,600018008,Gymnázium,79-41-K/81,,Gymnázia 8letá,8,30,68,41,2.267,1.367,30,13,11,14,0.698,dostala se většina soutěžících uchazečů,53.4,39.0,nevypsáno,,,
Olomoucký kraj,Šumperk,Zábřeh,Střední škola sociální péče a služeb,600018067,Podnikání,64-41-L/51,,Nástavby,2,60,131,64,2.183,1.067,60,17,19,35,0.779,dostala se většina soutěžících uchazečů,29.57,20.0,nevypsáno,,,
Olomoucký kraj,Šumperk,Zábřeh,Střední škola sociální péče a služeb,600018067,Sociální činnost,75-41-M/01,,SOŠ,4,60,119,31,1.983,0.517,32,0,12,75,1.0,"místo bylo pro všechny, kdo splnili požadavky školy",38.22,16.0,vypsáno,25,14,6
Olomoucký kraj,Šumperk,Zábřeh,VOŠ a Střední škola automobilní,600018091,Dopravní prostředky,23-45-M/01,,SOŠ,4,15,7,0,0.467,0.0,0,0,2,5,,"místo bylo pro všechny, kdo splnili požadavky školy",,,"nevypsáno, i když obor nebyl naplněn",,,
Olomoucký kraj,Šumperk,Zábřeh,VOŠ a Střední škola automobilní,600018091,Autotronik,39-41-L/01,Automechanik 23-68-H/01,SOU s maturitou,4,60,83,42,1.383,0.7,38,0,12,33,1.0,"místo bylo pro všechny, kdo splnili požadavky školy",44.84,22.0,"nevypsáno, i když obor nebyl naplněn",,,
Olomoucký kraj,Olomouc,Šternberk,Gymnázium,600016951,Gymnázium,79-41-K/41,zaměření ŠVP JAZYKOVÉ,Gymnázia 4letá,4,15,41,17,2.733,1.133,15,9,0,17,0.625,středně těžké,70.33,57.0,nevypsáno,,,
Olomoucký kraj,Olomouc,Šternberk,Gymnázium,600016951,Gymnázium,79-41-K/41,zaměření ŠVP VŠEOBECNÉ,Gymnázia 4letá,4,15,50,26,3.333,1.733,15,19,0,16,0.441,těžké,76.73,67.0,nevypsáno,,,
Olomoucký kraj,Olomouc,Šternberk,Gymnázium,600016951,Gymnázium,79-41-K/81,,Gymnázia 8letá,8,30,77,48,2.567,1.6,30,19,9,19,0.612,středně těžké,62.77,48.0,nevypsáno,,,
Olomoucký kraj,Olomouc,Šternberk,SOŠ lesnická a strojírenská,600016994,Ekologie a životní prostředí,16-01-M/01,,SOŠ,4,23,38,9,1.652,0.391,13,0,3,22,1.0,"místo bylo pro všechny, kdo splnili požadavky školy",37.46,25.0,vypsáno,10,17,2
Olomoucký kraj,Olomouc,Šternberk,SOŠ lesnická a strojírenská,600016994,Podnikání,64-41-L/51,,Nástavby,2,23,81,39,3.522,1.696,23,16,13,29,0.59,středně těžké,36.09,26.0,nevypsáno,,,
Olomoucký kraj,Šumperk,Šumperk,Gymnázium,600018016,Gymnázium,79-41-K/41,,Gymnázia 4letá,4,90,214,135,2.378,1.5,90,55,4,65,0.621,středně těžké,75.91,59.0,nevypsáno,,,
Olomoucký kraj,Šumperk,Šumperk,Gymnázium,600018016,Gymnázium,79-41-K/81,,Gymnázia 8letá,8,30,85,65,2.833,2.167,30,25,18,12,0.545,středně těžké,66.27,51.0,nevypsáno,,,
Olomoucký kraj,Šumperk,Šumperk,Obch.akademie a Jazyk.škola s právem SJZ,600018041,Obchodní akademie,63-41-M/02,,SOŠ,4,30,119,31,3.967,1.033,30,17,0,72,0.638,středně těžké,52.93,37.0,nevypsáno,,,
Olomoucký kraj,Šumperk,Šumperk,Obch.akademie a Jazyk.škola s právem SJZ,600018041,Ekonomické lyceum,78-42-M/02,,Lycea,4,30,101,22,3.367,0.733,30,2,0,69,0.938,dostala se většina soutěžících uchazečů,55.97,40.0,nevypsáno,,,
Olomoucký kraj,Šumperk,Šumperk,SZdrŠ a VOŠ zdravotnická,600020096,Praktická sestra,53-41-M/03,,SOŠ,4,60,135,48,2.25,0.8,60,3,4,68,0.952,dostala se většina soutěžících uchazečů,41.13,20.0,nevypsáno,,,
Olomoucký kraj,Šumperk,Šumperk,Střední odborná škola,600018075,Ekologie a životní prostředí,16-01-M/01,,SOŠ,4,15,43,13,2.867,0.867,15,1,0,27,0.938,dostala se většina soutěžících uchazečů,42.33,22.0,nevypsáno,,,
Olomoucký kraj,Šumperk,Šumperk,Střední odborná škola,600018075,Agropodnikání,41-41-M/01,,SOŠ,4,15,43,14,2.867,0.933,15,4,0,24,0.789,dostala se většina soutěžících uchazečů,36.27,22.0,nevypsáno,,,
Olomoucký kraj,Šumperk,Šumperk,Střední odborná škola,600018075,Cestovní ruch,65-42-M/02,,SOŠ,4,30,143,31,4.767,1.033,30,14,1,98,0.682,dostala se většina soutěžících uchazečů,45.47,33.0,nevypsáno,,,
Olomoucký kraj,Šumperk,Šumperk,Střední odborná škola,600018075,Cestovní ruch,65-42-M/02,hotelový provoz,SOŠ,4,30,80,25,2.667,0.833,30,3,0,47,0.909,dostala se většina soutěžících uchazečů,44.27,24.0,nevypsáno,,,
Olomoucký kraj,Šumperk,Šumperk,Střední odborná škola,600018075,Přírodovědné lyceum,78-42-M/05,,Lycea,4,30,66,24,2.2,0.8,27,0,1,38,1.0,"místo bylo pro všechny, kdo splnili požadavky školy",58.93,36.0,"nevypsáno, i když obor nebyl naplněn",,,
Olomoucký kraj,Šumperk,Šumperk,Střední škola řemesel,600171388,Strojírenství,23-41-M/01,Obsluha CNC strojů,SOŠ,4,15,14,1,0.933,0.067,1,0,0,13,1.0,"místo bylo pro všechny, kdo splnili požadavky školy",43.0,,"nevypsáno, i když obor nebyl naplněn",,,
Olomoucký kraj,Šumperk,Šumperk,Střední škola řemesel,600171388,Mechanik strojů a zařízení,23-44-L/01,v kombinaci s oborem 23-51-H/01 Strojní mechanik,SOU s maturitou,4,15,21,4,1.4,0.267,7,0,0,14,1.0,"místo bylo pro všechny, kdo splnili požadavky školy",28.14,,vypsáno,8,1,1
Olomoucký kraj,Šumperk,Šumperk,Střední škola řemesel,600171388,Provozní elektrotechnika,26-41-L/52,Elektrotechnik pro robotiku a automatizaci,Nástavby,2,15,24,21,1.6,1.4,14,0,8,2,1.0,"místo bylo pro všechny, kdo splnili požadavky školy",35.36,26.0,"nevypsáno, i když obor nebyl naplněn",,,
Olomoucký kraj,Šumperk,Šumperk,Střední škola řemesel,600171388,Nábytkářská a dřevařská výroba,33-42-M/01,Nábytkářství,SOŠ,4,15,27,7,1.8,0.467,10,0,2,15,1.0,"místo bylo pro všechny, kdo splnili požadavky školy",36.0,21.0,vypsáno,5,1,1
Olomoucký kraj,Šumperk,Šumperk,Střední škola řemesel,600171388,Stavebnictví,36-47-M/01,Stavitelství,SOŠ,4,30,36,8,1.2,0.267,10,0,0,25,1.0,"místo bylo pro všechny, kdo splnili požadavky školy",44.5,24.0,vypsáno,4,2,0
Olomoucký kraj,Šumperk,Šumperk,Střední škola řemesel,600171388,Podnikání,64-41-L/51,,Nástavby,2,30,107,60,3.567,2.0,30,1,49,27,0.968,dostala se většina soutěžících uchazečů,36.63,24.0,nevypsáno,,,
Olomoucký kraj,Šumperk,Šumperk,Střední škola řemesel,600171388,Obchodník,66-41-L/01,v kombinaci s oborem 66-51-H/01 Prodavač,SOU s maturitou,4,15,39,9,2.6,0.6,12,0,4,23,1.0,"místo bylo pro všechny, kdo splnili požadavky školy",29.0,14.0,vypsáno,3,6,3
Olomoucký kraj,Šumperk,Šumperk,Vyšší odborná škola a Stř.průmysl.škola,600018083,Informační technologie,18-20-M/01,,SOŠ,4,60,110,41,1.833,0.683,52,0,1,57,1.0,"místo bylo pro všechny, kdo splnili požadavky školy",51.96,19.0,vypsáno,8,5,2
Olomoucký kraj,Šumperk,Šumperk,Vyšší odborná škola a Stř.průmysl.škola,600018083,Strojírenství,23-41-M/01,,SOŠ,4,30,68,19,2.267,0.633,25,0,0,43,1.0,"místo bylo pro všechny, kdo splnili požadavky školy",44.48,22.0,vypsáno,5,2,1
Olomoucký kraj,Šumperk,Šumperk,Vyšší odborná škola a Stř.průmysl.škola,600018083,Elektrotechnika,26-41-M/01,,SOŠ,4,30,84,27,2.8,0.9,30,3,0,51,0.909,dostala se většina soutěžících uchazečů,50.0,23.0,nevypsáno,,,
Olomoucký kraj,Šumperk,Šumperk,Vyšší odborná škola a Stř.průmysl.škola,600018083,Technické lyceum,78-42-M/01,,Lycea,4,30,81,30,2.7,1.0,30,6,0,45,0.833,dostala se většina soutěžících uchazečů,68.73,56.0,nevypsáno,,,
Pardubický kraj,Ústí nad Orlicí,Choceň,Obchodní akademie a SOŠ cestovního ruchu,600013031,Obchodní akademie,63-41-M/02,,SOŠ,4,60,270,93,4.5,1.55,60,59,5,146,0.504,středně těžké,60.28,47.0,nevypsáno,,,
Pardubický kraj,Ústí nad Orlicí,Choceň,Obchodní akademie a SOŠ cestovního ruchu,600013031,Cestovní ruch,65-42-M/02,,SOŠ,4,30,190,61,6.333,2.033,30,56,9,95,0.349,těžké,61.13,50.0,nevypsáno,,,
Pardubický kraj,Ústí nad Orlicí,Choceň,Obchodní akademie a SOŠ cestovního ruchu,600013031,Veřejnosprávní činnost,68-43-M/01,,SOŠ,4,30,103,26,3.433,0.867,30,12,6,55,0.714,dostala se většina soutěžících uchazečů,52.63,39.0,nevypsáno,,,
Pardubický kraj,Chrudim,Chrudim,Bohemia - Hotel.škola a SPgŠ a ZŠ s.r.o.,600011925,Pedagogické lyceum,78-42-M/03,Humanitní studia,Lycea,4,45,147,44,3.267,0.978,45,19,2,81,0.703,dostala se většina soutěžících uchazečů,55.93,36.0,nevypsáno,,,
Pardubický kraj,Chrudim,Chrudim,Bohemia - Hotel.škola a SPgŠ a ZŠ s.r.o.,600011925,Pedagogické lyceum,78-42-M/03,Tělesná výchova a sport,Lycea,4,23,85,24,3.696,1.043,23,17,2,43,0.575,středně těžké,52.13,37.0,nevypsáno,,,
Pardubický kraj,Chrudim,Chrudim,Gymnázium Josefa Ressela,600011887,Gymnázium,79-41-K/41,ŠVP zpracovaný podle RVP G určený pro 1. - 4. ročník čtyřletého vzdělávání,Gymnázia 4letá,4,60,163,57,2.717,0.95,60,17,2,84,0.779,dostala se většina soutěžících uchazečů,73.45,59.0,nevypsáno,,,
Pardubický kraj,Chrudim,Chrudim,Gymnázium Josefa Ressela,600011887,Gymnázium,79-41-K/81,ŠVP zpracovaný podle RVP ZV a RVP G určený pro primu až oktávu osmiletého vzdělávání,Gymnázia 8letá,8,30,105,66,3.5,2.2,30,47,13,15,0.39,těžké,61.27,50.0,nevypsáno,,,
Pardubický kraj,Chrudim,Chrudim,Obchodní akademie,600011879,Obchodní akademie,63-41-M/02,,SOŠ,4,81,285,110,3.519,1.358,81,52,6,146,0.609,středně těžké,65.24,46.0,nevypsáno,,,
Pardubický kraj,Chrudim,Chrudim,SOŠ a SOU obchodu a služeb,600170772,Informační technologie,18-20-M/01,,SOŠ,4,30,85,21,2.833,0.7,28,0,7,49,1.0,"místo bylo pro všechny, kdo splnili požadavky školy",38.96,26.0,"nevypsáno, i když obor nebyl naplněn",,,
Pardubický kraj,Chrudim,Chrudim,SOŠ a SOU obchodu a služeb,600170772,Podnikání,64-41-L/51,,Nástavby,2,30,165,94,5.5,3.133,28,63,37,35,0.308,velmi těžké,41.5,30.0,"nevypsáno, i když obor nebyl naplněn",,,
Pardubický kraj,Chrudim,Chrudim,SOŠ a SOU obchodu a služeb,600170772,Gastronomie,65-41-L/01,,SOU s maturitou,4,30,49,13,1.633,0.433,13,0,10,25,1.0,"místo bylo pro všechny, kdo splnili požadavky školy",42.31,31.0,vypsáno,7,25,6
Pardubický kraj,Chrudim,Chrudim,Střední průmyslová škola Chrudim,600011984,Strojírenství,23-41-M/01,,SOŠ,4,31,49,13,1.581,0.419,15,0,4,30,1.0,"místo bylo pro všechny, kdo splnili požadavky školy",44.27,29.0,vypsáno,17,12,3
Pardubický kraj,Chrudim,Chrudim,Střední průmyslová škola Chrudim,600011984,Mechanik strojů a zařízení,23-44-L/01,,SOU s maturitou,4,12,25,4,2.083,0.333,4,0,3,18,1.0,"místo bylo pro všechny, kdo splnili požadavky školy",45.25,,vypsáno,8,8,2
Pardubický kraj,Chrudim,Chrudim,Střední průmyslová škola Chrudim,600011984,Elektrotechnika,26-41-M/01,Mechatronika,SOŠ,4,32,93,22,2.906,0.688,31,0,6,56,1.0,"místo bylo pro všechny, kdo splnili požadavky školy",45.48,25.0,"nevypsáno, i když obor nebyl naplněn",,,
Pardubický kraj,Chrudim,Chrudim,SŠ zdravotnická a sociální Chrudim,600019781,Praktická sestra,53-41-M/03,,SOŠ,4,60,180,80,3.0,1.333,60,22,16,82,0.732,dostala se většina soutěžících uchazečů,49.82,30.0,nevypsáno,,,
Pardubický kraj,Chrudim,Chrudim,SŠ zdravotnická a sociální Chrudim,600019781,Sociální činnost,75-41-M/01,,SOŠ,4,24,90,13,3.75,0.542,22,0,8,60,1.0,"místo bylo pro všechny, kdo splnili požadavky školy",39.95,25.0,vypsáno,2,16,1
Pardubický kraj,Chrudim,Chrudim,SŠ zemědělská a VOŠ,651033772,Ekologie a životní prostředí,16-01-M/01,Vodohospodář,SOŠ,4,27,90,16,3.333,0.593,25,0,5,58,1.0,"místo bylo pro všechny, kdo splnili požadavky školy",39.48,25.0,"nevypsáno, i když obor nebyl naplněn",,,
Pardubický kraj,Chrudim,Chrudim,SŠ zemědělská a VOŠ,651033772,Agropodnikání,41-41-M/01,,SOŠ,4,50,115,45,2.3,0.9,45,0,13,57,1.0,"místo bylo pro všechny, kdo splnili požadavky školy",40.84,25.0,vypsáno,6,12,1
Pardubický kraj,Pardubice,Chvaletice,Střední odborné učiliště zemědělské,600012450,Mechanizace a služby,41-45-M/01,Mechanizace a služby,SOŠ,4,20,6,1,0.3,0.05,1,0,0,4,1.0,"místo bylo pro všechny, kdo splnili požadavky školy",34.0,,vypsáno,16,9,2
Pardubický kraj,Chrudim,Hlinsko,Gymnázium K. V. Raise a SOU,600011852,Gymnázium,79-41-K/41,,Gymnázia 4letá,4,30,92,24,3.067,0.8,26,0,0,66,1.0,"místo bylo pro všechny, kdo splnili požadavky školy",66.15,42.0,vypsáno,4,2,2
Pardubický kraj,Chrudim,Hlinsko,Gymnázium K. V. Raise a SOU,600011852,Gymnázium,79-41-K/81,,Gymnázia 8letá,8,30,34,14,1.133,0.467,11,0,5,18,1.0,"místo bylo pro všechny, kdo splnili požadavky školy",47.91,34.0,vypsáno,9,29,9
Pardubický kraj,Pardubice,Holice,Gymnázium Dr. Emila Holuba,600012301,Gymnázium,79-41-K/41,,Gymnázia 4letá,4,30,131,36,4.367,1.2,30,22,2,77,0.577,středně těžké,75.1,66.0,nevypsáno,,,
Pardubický kraj,Pardubice,Holice,Gymnázium Dr. Emila Holuba,600012301,Gymnázium,79-41-K/81,,Gymnázia 8letá,8,30,102,52,3.4,1.733,27,32,20,20,0.458,těžké,58.11,43.0,"nevypsáno, i když obor nebyl naplněn",,,
Pardubický kraj,Pardubice,Holice,Střední škola automobilní Holice,600170837,Provozní technika,23-43-L/51,,Nástavby,2,15,43,29,2.867,1.933,15,22,0,6,0.405,těžké,44.87,24.0,nevypsáno,,,
Pardubický kraj,Pardubice,Holice,Střední škola automobilní Holice,600170837,Dopravní prostředky,23-45-M/01,,SOŠ,4,16,42,11,2.625,0.688,16,0,3,23,1.0,"místo bylo pro všechny, kdo splnili požadavky školy",39.19,25.0,nevypsáno,,,
Pardubický kraj,Pardubice,Holice,Střední škola automobilní Holice,600170837,Autotronik,39-41-L/01,23-68-H/01 Mechanik opravář motorových vozidel ,SOU s maturitou,4,24,122,69,5.083,2.875,24,44,18,36,0.353,těžké,57.38,44.0,nevypsáno,,,
Pardubický kraj,Pardubice,Holice,Střední škola automobilní Holice,600170837,Autotronik,39-41-L/01,26-57-H/01 Autoelektrikář,SOU s maturitou,4,20,73,25,3.65,1.25,20,14,10,29,0.588,středně těžké,58.2,40.0,nevypsáno,,,
Pardubický kraj,Svitavy,Jevíčko,"Gymnázium, Jevíčko, A. K. Vitáka 452",600012751,Kombinované lyceum,78-42-M/06,,Lycea,4,30,61,12,2.033,0.4,20,0,1,40,1.0,"místo bylo pro všechny, kdo splnili požadavky školy",54.2,42.0,vypsáno,10,3,1
Pardubický kraj,Svitavy,Jevíčko,"Gymnázium, Jevíčko, A. K. Vitáka 452",600012751,Gymnázium,79-41-K/41,humanitní,Gymnázia 4letá,4,30,63,12,2.1,0.4,24,0,1,38,1.0,"místo bylo pro všechny, kdo splnili požadavky školy",56.17,39.0,vypsáno,6,8,3
Pardubický kraj,Svitavy,Jevíčko,"Gymnázium, Jevíčko, A. K. Vitáka 452",600012751,Gymnázium,79-41-K/41,všeobecné,Gymnázia 4letá,4,30,87,37,2.9,1.233,30,13,0,44,0.698,dostala se většina soutěžících uchazečů,69.67,54.0,nevypsáno,,,
Pardubický kraj,Ústí nad Orlicí,Králíky,Střední škola technická a sociální Králíky,600013090,Podnikání,64-41-L/51,,Nástavby,2,30,47,32,1.567,1.067,29,8,1,8,0.784,dostala se většina soutěžících uchazečů,37.66,16.0,"nevypsáno, i když obor nebyl naplněn",,,
Pardubický kraj,Ústí nad Orlicí,Králíky,Střední škola technická a sociální Králíky,600013090,Sociální činnost,75-41-M/01,,SOŠ,4,32,14,4,0.438,0.125,5,0,6,3,1.0,"místo bylo pro všechny, kdo splnili požadavky školy",33.6,,vypsáno,25,5,2
Pardubický kraj,Ústí nad Orlicí,Lanškroun,Gymnázium Lanškroun,600013057,Gymnázium,79-41-K/41,,Gymnázia 4letá,4,30,91,29,3.033,0.967,30,5,3,53,0.857,dostala se většina soutěžících uchazečů,62.87,50.0,nevypsáno,,,
Pardubický kraj,Ústí nad Orlicí,Lanškroun,Gymnázium Lanškroun,600013057,Gymnázium,79-41-K/81,,Gymnázia 8letá,8,30,53,36,1.767,1.2,28,0,14,9,1.0,"místo bylo pro všechny, kdo splnili požadavky školy",48.43,35.0,"nevypsáno, i když obor nebyl naplněn",,,
Pardubický kraj,Ústí nad Orlicí,Lanškroun,SOŠ a SOU Lanškroun,600171833,Mechanik elektrotechnik,26-41-L/01,,SOU s maturitou,4,30,42,13,1.4,0.433,12,0,3,27,1.0,"místo bylo pro všechny, kdo splnili požadavky školy",40.0,25.0,"nevypsáno, i když obor nebyl naplněn",,,
Pardubický kraj,Ústí nad Orlicí,Lanškroun,SOŠ a SOU Lanškroun,600171833,Kosmetické služby,69-41-L/01,,SOU s maturitou,4,30,84,28,2.8,0.933,22,0,26,36,1.0,"místo bylo pro všechny, kdo splnili požadavky školy",35.09,25.0,"nevypsáno, i když obor nebyl naplněn",,,
Pardubický kraj,Ústí nad Orlicí,Lanškroun,Střední škola zemědělská a veterinární,600013146,Agropodnikání,41-41-M/01,,SOŠ,4,30,82,31,2.733,1.033,25,0,16,40,1.0,"místo bylo pro všechny, kdo splnili požadavky školy",48.48,26.0,"nevypsáno, i když obor nebyl naplněn",,,
Pardubický kraj,Ústí nad Orlicí,Lanškroun,Střední škola zemědělská a veterinární,600013146,Veterinářství,43-41-M/01,,SOŠ,4,60,154,77,2.567,1.283,60,31,17,46,0.659,středně těžké,56.45,40.0,nevypsáno,,,
Pardubický kraj,Ústí nad Orlicí,Letohrad,"Letohradské soukromé gymnázium, z.ú.",600013120,Gymnázium,79-41-K/81,,Gymnázia 8letá,8,26,69,35,2.654,1.346,26,13,0,30,0.667,dostala se většina soutěžících uchazečů,55.38,38.0,nevypsáno,,,
Pardubický kraj,Ústí nad Orlicí,Letohrad,Průmyslová střední škola Letohrad,600013201,Strojírenství,23-41-M/01,,SOŠ,4,20,31,9,1.55,0.45,10,0,2,19,1.0,"místo bylo pro všechny, kdo splnili požadavky školy",48.9,34.0,vypsáno,5,1,0
Pardubický kraj,Ústí nad Orlicí,Letohrad,Průmyslová střední škola Letohrad,600013201,Geodézie a katastr nemovitostí,36-46-M/01,,SOŠ,4,20,65,20,3.25,1.0,20,2,6,37,0.909,dostala se většina soutěžících uchazečů,53.7,37.0,nevypsáno,,,
Pardubický kraj,Ústí nad Orlicí,Letohrad,Průmyslová střední škola Letohrad,600013201,Stavebnictví,36-47-M/01,,SOŠ,4,40,81,30,2.025,0.75,32,0,2,47,1.0,"místo bylo pro všechny, kdo splnili požadavky školy",50.75,30.0,vypsáno,6,5,1
Pardubický kraj,Svitavy,Litomyšl,Gymnázium Aloise Jiráska,600012701,Gymnázium,79-41-K/41,79-41-K/41 Gymnázium ,Gymnázia 4letá,4,30,107,36,3.567,1.2,30,20,3,54,0.6,středně těžké,74.77,56.0,nevypsáno,,,
Pardubický kraj,Svitavy,Litomyšl,Gymnázium Aloise Jiráska,600012701,Gymnázium,79-41-K/81,79-41-K/81 Gymnázium,Gymnázia 8letá,8,30,83,35,2.767,1.167,30,9,13,31,0.769,dostala se většina soutěžících uchazečů,54.1,33.0,nevypsáno,,,
Pardubický kraj,Svitavy,Litomyšl,Soukromá SOŠ TRADING CENTRE s.r.o.,600012841,Ekonomika a podnikání,63-41-M/01, Management obchodu,SOŠ,4,54,127,41,2.352,0.759,54,0,14,59,1.0,"místo bylo pro všechny, kdo splnili požadavky školy",53.33,36.0,nevypsáno,,,
Pardubický kraj,Svitavy,Litomyšl,Střední škola zahradnická a technická,691002797,Chovatel cizokrajných zvířat,41-43-L/01,,SOU s maturitou,4,68,116,71,1.706,1.044,66,3,19,26,0.957,dostala se většina soutěžících uchazečů,46.89,25.0,vypsáno,3,13,2
Pardubický kraj,Svitavy,Litomyšl,Střední škola zahradnická a technická,691002797,Zahradnictví,41-44-M/01,"Floristika, Zahradní architektura",SOŠ,4,30,55,17,1.833,0.567,18,0,4,33,1.0,"místo bylo pro všechny, kdo splnili požadavky školy",49.22,26.0,"nevypsáno, i když obor nebyl naplněn",,,
Pardubický kraj,Svitavy,Litomyšl,Střední škola zahradnická a technická,691002797,Mechanizace a služby,41-45-M/01,Provoz mechanizace a služby; Dopravní a servisní služby; Výpočetní technika a automatizace; Logistika a administrativa dopravy,SOŠ,4,44,104,45,2.364,1.023,44,2,4,54,0.957,dostala se většina soutěžících uchazečů,46.57,28.0,nevypsáno,,,
Pardubický kraj,Svitavy,Litomyšl,VOŠ pedagogická a SPgŠ,600012794,Předškolní a mimoškolní pedagogika,75-31-M/01,,SOŠ,4,90,312,170,3.467,1.889,90,109,12,101,0.452,těžké,63.79,39.0,nevypsáno,,,
Pardubický kraj,Svitavy,Litomyšl,VOŠ pedagogická a SPgŠ,600012794,Pedagogické lyceum,78-42-M/03,,Lycea,4,30,119,47,3.967,1.567,29,32,2,55,0.475,těžké,66.21,42.0,"nevypsáno, i když obor nebyl naplněn",,,
Pardubický kraj,Svitavy,Moravská Třebová,Gymnázium a Letecká SOŠ,600012760,Technické lyceum,78-42-M/01,Letectví,Lycea,4,30,60,33,2.0,1.1,30,3,3,24,0.909,dostala se většina soutěžících uchazečů,66.03,41.0,nevypsáno,,,
Pardubický kraj,Svitavy,Moravská Třebová,Gymnázium a Letecká SOŠ,600012760,Gymnázium,79-41-K/81,,Gymnázia 8letá,8,30,37,27,1.233,0.9,14,0,15,8,1.0,"místo bylo pro všechny, kdo splnili požadavky školy",40.93,31.0,vypsáno,18,18,16
Pardubický kraj,Svitavy,Moravská Třebová,Integrovaná střední škola,600012816,Hotelnictví,65-42-M/01,Hotelnictví,SOŠ,4,23,34,10,1.478,0.435,11,0,2,21,1.0,"místo bylo pro všechny, kdo splnili požadavky školy",39.82,25.0,vypsáno,12,15,4
Pardubický kraj,Svitavy,Moravská Třebová,Integrovaná střední škola,600012816,Bezpečnostně právní činnost,68-42-M/01,Bezpečnostně právní činnost,SOŠ,4,46,129,64,2.804,1.391,46,39,7,37,0.541,středně těžké,53.98,41.0,nevypsáno,,,
Pardubický kraj,Svitavy,Moravská Třebová,Integrovaná střední škola,600012816,Sociální činnost,75-41-M/01,Sociální činnost,SOŠ,4,23,39,12,1.696,0.522,10,0,6,23,1.0,"místo bylo pro všechny, kdo splnili požadavky školy",39.6,30.0,vypsáno,13,14,5
Pardubický kraj,Svitavy,Moravská Třebová,Vojenská SŠ a VOŠ Ministerstva obrany,690000014,Strojírenství,23-41-M/01,specialista vzdušných sil - pobočka Sokolov,SOŠ,4,30,47,35,1.567,1.167,18,0,21,8,1.0,"místo bylo pro všechny, kdo splnili požadavky školy",50.22,36.0,vypsáno,12,11,8
Pardubický kraj,Svitavy,Moravská Třebová,Vojenská SŠ a VOŠ Ministerstva obrany,690000014,Elektrotechnika,26-41-M/01,ICT specialista,SOŠ,4,32,70,33,2.188,1.031,30,0,15,25,1.0,"místo bylo pro všechny, kdo splnili požadavky školy",57.87,38.0,"nevypsáno, i když obor nebyl naplněn",,,
Pardubický kraj,Svitavy,Moravská Třebová,Vojenská SŠ a VOŠ Ministerstva obrany,690000014,Elektrotechnika,26-41-M/01,specialista vzdušných sil,SOŠ,4,32,98,63,3.062,1.969,32,19,24,23,0.627,středně těžké,64.22,51.0,nevypsáno,,,
Pardubický kraj,Svitavy,Moravská Třebová,Vojenská SŠ a VOŠ Ministerstva obrany,690000014,Vojenské lyceum,78-42-M/07,,Lycea,4,96,244,199,2.542,2.073,96,32,92,24,0.75,dostala se většina soutěžících uchazečů,66.12,45.0,nevypsáno,,,
Pardubický kraj,Pardubice,Pardubice,"AGYS - Anglické gymnázium a SOŠ, s.r.o.",600012298,Obchodní akademie,63-41-M/02,,SOŠ,4,18,66,19,3.667,1.056,18,12,0,36,0.6,středně těžké,56.44,41.0,nevypsáno,,,
Pardubický kraj,Pardubice,Pardubice,"AGYS - Anglické gymnázium a SOŠ, s.r.o.",600012298,Ekonomické lyceum,78-42-M/02,,Lycea,4,30,81,25,2.7,0.833,30,13,3,35,0.698,dostala se většina soutěžících uchazečů,66.63,53.0,nevypsáno,,,
Pardubický kraj,Pardubice,Pardubice,"AGYS - Anglické gymnázium a SOŠ, s.r.o.",600012298,Gymnázium,79-41-K/41,,Gymnázia 4letá,4,29,96,58,3.31,2.0,29,41,3,23,0.414,těžké,75.1,64.0,nevypsáno,,,
Pardubický kraj,Pardubice,Pardubice,"DELTA- SŠ informatiky a ekonomie, s.r.o.",600012417,Informační technologie,18-20-M/01,,SOŠ,4,50,70,49,1.4,0.98,39,0,17,13,1.0,"místo bylo pro všechny, kdo splnili požadavky školy",73.67,52.0,vypsáno,10,6,1
Pardubický kraj,Pardubice,Pardubice,Gymnázium,600012310,Gymnázium,79-41-K/41,,Gymnázia 4letá,4,60,189,96,3.15,1.6,60,49,3,77,0.55,středně těžké,80.95,69.0,nevypsáno,,,
Pardubický kraj,Pardubice,Pardubice,Gymnázium,600012310,Gymnázium,79-41-K/81,,Gymnázia 8letá,8,60,239,172,3.983,2.867,54,107,42,30,0.335,těžké,71.08,57.0,vypsáno,5,28,5
Pardubický kraj,Pardubice,Pardubice,"Gymnázium, Pardubice, Mozartova 449",600012425,Gymnázium,79-41-K/41,,Gymnázia 4letá,4,90,167,124,1.856,1.378,90,44,2,31,0.672,dostala se většina soutěžících uchazečů,85.72,71.0,nevypsáno,,,
Pardubický kraj,Pardubice,Pardubice,"Labská SOŠ a SOU Pardubice, s. r. o.",600012514,Hotelnictví,65-42-M/01,Hotelnictví a event management,SOŠ,4,20,74,18,3.7,0.9,20,13,3,38,0.606,středně těžké,37.65,27.0,nevypsáno,,,
Pardubický kraj,Pardubice,Pardubice,"Labská SOŠ a SOU Pardubice, s. r. o.",600012514,Veřejnosprávní činnost,68-43-M/01,,SOŠ,4,32,136,40,4.25,1.25,31,29,4,71,0.517,středně těžké,54.74,41.0,"nevypsáno, i když obor nebyl naplněn",,,
Pardubický kraj,Pardubice,Pardubice,Obchodní akademie a JŠ s právem SJZ,600012328,Obchodní akademie,63-41-M/02,63-41-M/02,SOŠ,4,90,379,101,4.211,1.122,89,69,13,207,0.563,středně těžké,61.14,47.0,"nevypsáno, i když obor nebyl naplněn",,,
Pardubický kraj,Pardubice,Pardubice,SPŠ elektrotechnická a VOŠ,691005559,Informační technologie,18-20-M/01,Počítačová grafika,SOŠ,4,25,75,24,3.0,0.96,25,3,7,40,0.893,dostala se většina soutěžících uchazečů,56.64,36.0,nevypsáno,,,
Pardubický kraj,Pardubice,Pardubice,SPŠ elektrotechnická a VOŠ,691005559,Informační technologie,18-20-M/01,Vývoj aplikací,SOŠ,4,60,124,45,2.067,0.75,55,0,6,63,1.0,"místo bylo pro všechny, kdo splnili požadavky školy",56.2,28.0,"nevypsáno, i když obor nebyl naplněn",,,
Pardubický kraj,Pardubice,Pardubice,SPŠ elektrotechnická a VOŠ,691005559,Mechanik elektrotechnik,26-41-L/01,,SOU s maturitou,4,25,76,35,3.04,1.4,25,13,6,32,0.658,středně těžké,65.72,44.0,nevypsáno,,,
Pardubický kraj,Pardubice,Pardubice,SPŠ elektrotechnická a VOŠ,691005559,Provozní elektrotechnika,26-41-L/52,,Nástavby,2,20,52,33,2.6,1.65,20,13,8,11,0.606,středně těžké,44.3,34.0,nevypsáno,,,
Pardubický kraj,Pardubice,Pardubice,SPŠ elektrotechnická a VOŠ,691005559,Elektrotechnika,26-41-M/01,IT systémy,SOŠ,4,25,81,41,3.24,1.64,24,18,5,33,0.571,středně těžké,71.5,57.0,"nevypsáno, i když obor nebyl naplněn",,,
Pardubický kraj,Pardubice,Pardubice,SPŠ elektrotechnická a VOŠ,691005559,Elektrotechnika,26-41-M/01,Průmyslová automatizace,SOŠ,4,25,64,29,2.56,1.16,24,8,0,31,0.75,dostala se většina soutěžících uchazečů,70.71,49.0,"nevypsáno, i když obor nebyl naplněn",,,
Pardubický kraj,Pardubice,Pardubice,SPŠ elektrotechnická a VOŠ,691005559,Elektrotechnika,26-41-M/01,Řídicí systémy,SOŠ,4,25,89,30,3.56,1.2,24,9,0,55,0.727,dostala se většina soutěžících uchazečů,71.62,53.0,"nevypsáno, i když obor nebyl naplněn",,,
Pardubický kraj,Pardubice,Pardubice,SPŠ elektrotechnická a VOŠ,691005559,Telekomunikace,26-45-M/01,Internet věcí,SOŠ,4,25,40,7,1.6,0.28,9,0,2,29,1.0,"místo bylo pro všechny, kdo splnili požadavky školy",51.78,,vypsáno,6,9,5
Pardubický kraj,Pardubice,Pardubice,SPŠ potravinářství a služeb,600012352,Technologie potravin,29-41-L/51,,Nástavby,2,30,42,19,1.4,0.633,20,0,11,10,1.0,"místo bylo pro všechny, kdo splnili požadavky školy",33.4,25.0,"nevypsáno, i když obor nebyl naplněn",,,
Pardubický kraj,Pardubice,Pardubice,SPŠ potravinářství a služeb,600012352,Technologie potravin,29-41-M/01,management potravinářských výrob,SOŠ,4,60,45,7,0.75,0.117,14,0,4,27,1.0,"místo bylo pro všechny, kdo splnili požadavky školy",43.21,26.0,"nevypsáno, i když obor nebyl naplněn",,,
Pardubický kraj,Pardubice,Pardubice,SPŠ potravinářství a služeb,600012352,Technologie potravin,29-41-M/01,mlynářství a výroba krmiv,SOŠ,4,15,3,2,0.2,0.133,1,0,1,1,1.0,"místo bylo pro všechny, kdo splnili požadavky školy",49.0,,"nevypsáno, i když obor nebyl naplněn",,,
Pardubický kraj,Pardubice,Pardubice,SPŠ potravinářství a služeb,600012352,Analýza potravin,29-42-M/01,Výživový poradce,SOŠ,4,30,83,5,2.767,0.167,20,0,5,58,1.0,"místo bylo pro všechny, kdo splnili požadavky školy",37.0,25.0,"nevypsáno, i když obor nebyl naplněn",,,
Pardubický kraj,Pardubice,Pardubice,SPŠ potravinářství a služeb,600012352,Analýza potravin,29-42-M/01,hodnocení kvality,SOŠ,4,30,44,5,1.467,0.167,13,0,1,30,1.0,"místo bylo pro všechny, kdo splnili požadavky školy",43.67,30.0,"nevypsáno, i když obor nebyl naplněn",,,
Pardubický kraj,Pardubice,Pardubice,Sportovní gymnázium,600012409,Gymnázium se sportovní přípravou,79-42-K/41,Gymnázium se sportovní přípravou,Gymnázia 4letá,4,60,139,92,2.317,1.533,60,19,27,33,0.759,dostala se většina soutěžících uchazečů,66.47,46.0,nevypsáno,,,
Pardubický kraj,Pardubice,Pardubice,Střední odborné učiliště plynárenské,600012484,Technik plynových zařízení a tepelných soustav,36-45-L/52,,Nástavby,2,22,38,36,1.727,1.636,22,7,8,1,0.759,dostala se většina soutěžících uchazečů,42.73,28.0,nevypsáno,,,
Pardubický kraj,Pardubice,Pardubice,Střední odborné učiliště plynárenské,600012484,Mechanik instalatérských a elektrotechnických zařízení,39-41-L/02,,SOU s maturitou,4,28,77,36,2.75,1.286,28,17,5,27,0.622,středně těžké,48.71,26.0,nevypsáno,,,
Pardubický kraj,Pardubice,Pardubice,Střední průmyslová škola chemická,600012433,Aplikovaná chemie,28-44-M/01,,SOŠ,4,78,149,68,1.91,0.872,69,0,14,65,1.0,"místo bylo pro všechny, kdo splnili požadavky školy",63.4,38.0,vypsáno,8,12,2
Pardubický kraj,Pardubice,Pardubice,Střední průmyslová škola chemická,600012433,Požární ochrana,39-08-M/01,,SOŠ,4,26,65,26,2.5,1.0,26,0,17,22,1.0,"místo bylo pro všechny, kdo splnili požadavky školy",52.42,29.0,nevypsáno,,,
Pardubický kraj,Pardubice,Pardubice,Střední průmyslová škola chemická,600012433,Bezpečnostní služby,68-42-L/51,,Nástavby,2,26,43,26,1.654,1.0,8,0,27,8,1.0,"místo bylo pro všechny, kdo splnili požadavky školy",43.88,,vypsáno,9,16,4
Pardubický kraj,Pardubice,Pardubice,Střední průmyslová škola chemická,600012433,Bezpečnostně právní činnost,68-42-M/01,,SOŠ,4,52,209,110,4.019,2.115,52,53,43,61,0.495,těžké,65.17,53.0,nevypsáno,,,
Pardubický kraj,Pardubice,Pardubice,Střední průmyslová škola chemická,600012433,Vlasová kosmetika,69-41-L/52,,Nástavby,2,26,61,40,2.346,1.538,12,0,45,4,1.0,"místo bylo pro všechny, kdo splnili požadavky školy",44.58,30.0,vypsáno,6,13,3
Pardubický kraj,Pardubice,Pardubice,Střední průmyslová škola chemická,600012433,Lyceum (režim pokusného ověřování),78-42-M/08,,Lycea,4,26,57,12,2.192,0.462,17,0,5,34,1.0,"místo bylo pro všechny, kdo splnili požadavky školy",58.94,39.0,vypsáno,8,14,3
Pardubický kraj,Pardubice,Pardubice,Střední zdravotnická škola Pardubice,600019799,Praktická sestra,53-41-M/03,,SOŠ,4,60,157,51,2.617,0.85,60,2,21,74,0.968,dostala se většina soutěžících uchazečů,44.75,26.0,nevypsáno,,,
Pardubický kraj,Pardubice,Pardubice,Střední zdravotnická škola Pardubice,600019799,Zdravotnické lyceum,78-42-M/04,,Lycea,4,30,115,43,3.833,1.433,29,22,16,47,0.569,středně těžké,69.31,57.0,"nevypsáno, i když obor nebyl naplněn",,,
Pardubický kraj,Pardubice,Pardubice,Střední zdravotnická škola Pardubice,600019799,Lyceum (režim pokusného ověřování),78-42-M/08,,Lycea,4,30,76,9,2.533,0.3,14,0,8,53,1.0,"místo bylo pro všechny, kdo splnili požadavky školy",52.14,37.0,vypsáno,16,47,16
Pardubický kraj,Pardubice,Pardubice,"SŠ cestovního ruchu a grafického designu, s.r.o.",600012468,Cestovní ruch,65-42-M/02,,SOŠ,4,60,196,68,3.267,1.133,59,38,8,90,0.608,středně těžké,56.75,38.0,"nevypsáno, i když obor nebyl naplněn",,,
Pardubický kraj,Svitavy,Polička,Gymnázium,600012859,Gymnázium,79-41-K/41,,Gymnázia 4letá,4,30,84,56,2.8,1.867,30,28,0,26,0.517,středně těžké,79.83,67.0,nevypsáno,,,
Pardubický kraj,Svitavy,Polička,Gymnázium,600012859,Gymnázium,79-41-K/81,,Gymnázia 8letá,8,30,55,46,1.833,1.533,29,6,12,7,0.829,dostala se většina soutěžících uchazečů,58.0,38.0,"nevypsáno, i když obor nebyl naplněn",,,
Pardubický kraj,Svitavy,Polička,"SOŠ a SOU, Polička, Čs. armády 485",600012735,Gastronomie,65-41-L/01,,SOU s maturitou,4,30,36,15,1.2,0.5,16,0,1,19,1.0,"místo bylo pro všechny, kdo splnili požadavky školy",44.12,25.0,vypsáno,6,6,4
Pardubický kraj,Svitavy,Polička,"SOŠ a SOU, Polička, Čs. armády 485",600012735,Hotelnictví,65-42-M/01,,SOŠ,4,30,94,27,3.133,0.9,27,1,10,53,0.964,dostala se většina soutěžících uchazečů,42.19,26.0,"nevypsáno, i když obor nebyl naplněn",,,
Pardubický kraj,Svitavy,Polička,"SŠ obch. a služeb SČMSD, Polička, s.r.o.",600012808,Obchodník,66-41-L/01,Grafika v marketingu,SOU s maturitou,4,23,20,2,0.87,0.087,4,0,1,15,1.0,"místo bylo pro všechny, kdo splnili požadavky školy",28.25,,vypsáno,6,6,0
Pardubický kraj,Svitavy,Polička,"SŠ obch. a služeb SČMSD, Polička, s.r.o.",600012808,Veřejnosprávní činnost,68-43-M/01,Personalistika a mzdy,SOŠ,4,23,65,12,2.826,0.522,21,0,1,43,1.0,"místo bylo pro všechny, kdo splnili požadavky školy",38.24,23.0,vypsáno,5,4,0
Pardubický kraj,Svitavy,Polička,"SŠ obch. a služeb SČMSD, Polička, s.r.o.",600012808,Kosmetické služby,69-41-L/01,Výživové poradenství,SOU s maturitou,4,23,63,23,2.739,1.0,22,4,6,30,0.846,dostala se většina soutěžících uchazečů,34.09,21.0,"nevypsáno, i když obor nebyl naplněn",,,
Pardubický kraj,Pardubice,Přelouč,Gymnázium a grafická SOŠ Přelouč,691003009,Reprodukční grafik pro média,34-53-L/01,Multimediální design pro reklamu a propagaci,SOU s maturitou,4,46,112,26,2.435,0.565,30,0,26,56,1.0,"místo bylo pro všechny, kdo splnili požadavky školy",46.57,28.0,vypsáno,16,33,9
Pardubický kraj,Pardubice,Přelouč,Gymnázium a grafická SOŠ Přelouč,691003009,Fotograf,34-56-L/01,Reklamní fotografie,SOU s maturitou,4,15,40,16,2.667,1.067,12,0,8,20,1.0,"místo bylo pro všechny, kdo splnili požadavky školy",47.27,30.0,vypsáno,5,7,4
Pardubický kraj,Pardubice,Přelouč,Gymnázium a grafická SOŠ Přelouč,691003009,Gymnázium,79-41-K/81,Gymnázium,Gymnázia 8letá,8,30,78,47,2.6,1.567,26,18,13,17,0.591,středně těžké,46.69,34.0,"nevypsáno, i když obor nebyl naplněn",,,
Pardubický kraj,Pardubice,Rybitví,"EDUCA Pardubice - SOŠ, s.r.o.",600012522,Informační technologie,18-20-M/01,,SOŠ,4,30,66,11,2.2,0.367,14,0,3,49,1.0,"místo bylo pro všechny, kdo splnili požadavky školy",44.43,32.0,vypsáno,16,27,16
Pardubický kraj,Pardubice,Rybitví,"EDUCA Pardubice - SOŠ, s.r.o.",600012522,Ekonomika a podnikání,63-41-M/01,,SOŠ,4,30,144,38,4.8,1.267,29,30,8,76,0.492,těžké,54.32,41.0,"nevypsáno, i když obor nebyl naplněn",,,
Pardubický kraj,Pardubice,Rybitví,SPŠ stavební Pardubice,600170853,Operátor dřevařské a nábytkářské výroby,33-41-L/01,Operátor dřevařské a nábytkářské výroby ,SOU s maturitou,4,12,50,17,4.167,1.417,12,7,3,28,0.632,středně těžké,45.33,31.0,nevypsáno,,,
Pardubický kraj,Pardubice,Rybitví,SPŠ stavební Pardubice,600170853,Stavebnictví,36-47-M/01,Pozemní stavitelství ,SOŠ,4,60,218,75,3.633,1.25,60,34,5,119,0.638,středně těžké,55.92,29.0,nevypsáno,,,
Pardubický kraj,Chrudim,Skuteč,Gymnázium Suverénního řádu maltéz.rytířů,691000719,Bezpečnostně právní činnost,68-42-M/01,,SOŠ,4,32,41,20,1.281,0.625,25,0,0,15,1.0,"místo bylo pro všechny, kdo splnili požadavky školy",43.88,23.0,vypsáno,7,17,7
Pardubický kraj,Chrudim,Skuteč,Gymnázium Suverénního řádu maltéz.rytířů,691000719,Gymnázium,79-41-K/41,,Gymnázia 4letá,4,25,52,4,2.08,0.16,5,0,1,46,1.0,"místo bylo pro všechny, kdo splnili požadavky školy",64.2,,vypsáno,10,4,0
Pardubický kraj,Chrudim,Skuteč,Gymnázium Suverénního řádu maltéz.rytířů,691000719,Gymnázium,79-41-K/81,,Gymnázia 8letá,8,25,27,13,1.08,0.52,16,0,0,10,1.0,"místo bylo pro všechny, kdo splnili požadavky školy",45.38,20.0,vypsáno,8,31,8
Pardubický kraj,Svitavy,Svitavy,"Gymnázium, OA a JŠ s právem SJZ Svitavy",600012786,Obchodní akademie,63-41-M/02,,SOŠ,4,30,133,27,4.433,0.9,30,15,3,85,0.667,dostala se většina soutěžících uchazečů,58.1,40.0,nevypsáno,,,
Pardubický kraj,Svitavy,Svitavy,"Gymnázium, OA a JŠ s právem SJZ Svitavy",600012786,Gymnázium,79-41-K/41,,Gymnázia 4letá,4,30,102,40,3.4,1.333,30,22,3,47,0.577,středně těžké,73.13,59.0,nevypsáno,,,
Pardubický kraj,Svitavy,Svitavy,"Gymnázium, OA a JŠ s právem SJZ Svitavy",600012786,Gymnázium,79-41-K/81,,Gymnázia 8letá,8,30,56,38,1.867,1.267,30,0,13,13,1.0,"místo bylo pro všechny, kdo splnili požadavky školy",51.63,31.0,nevypsáno,,,
Pardubický kraj,Svitavy,Svitavy,Střední škola technická Svitavy,600012824,Mechanik strojů a zařízení,23-44-L/01,23-51-H/01 Strojní mechanik,SOU s maturitou,4,32,7,2,0.219,0.062,3,0,1,3,1.0,"místo bylo pro všechny, kdo splnili požadavky školy",34.33,,vypsáno,29,3,0
Pardubický kraj,Svitavy,Svitavy,Střední škola technická Svitavy,600012824,Mechanik seřizovač,23-45-L/01,23-56-H/01 Obráběč kovů,SOU s maturitou,4,32,24,7,0.75,0.219,6,0,1,17,1.0,"místo bylo pro všechny, kdo splnili požadavky školy",40.6,,vypsáno,26,1,0
Pardubický kraj,Svitavy,Svitavy,VOŠ zdravotnická a SzdravŠ Svitavy,600019811,Praktická sestra,53-41-M/03,,SOŠ,4,56,130,42,2.321,0.75,56,6,5,63,0.903,dostala se většina soutěžících uchazečů,47.43,28.0,nevypsáno,,,
Pardubický kraj,Svitavy,Svitavy,VOŠ zdravotnická a SzdravŠ Svitavy,600019811,Masér ve zdravotnictví,53-41-M/04,,SOŠ,4,20,70,19,3.5,0.95,20,11,6,33,0.645,středně těžké,49.55,34.0,nevypsáno,,,
Pardubický kraj,Chrudim,Třemošnice,"SOŠ a SOU technické, Třemošnice, Sportovní 322",600011941,Strojírenství,23-41-M/01,Ekonomika a informační systémy,SOŠ,4,30,11,2,0.367,0.067,0,0,2,9,,"místo bylo pro všechny, kdo splnili požadavky školy",,,"nevypsáno, i když obor nebyl naplněn",,,
Pardubický kraj,Chrudim,Třemošnice,"SOŠ a SOU technické, Třemošnice, Sportovní 322",600011941,Mechanik strojů a zařízení,23-44-L/01,Servis údržba a montáž strojírenských zařízení v kombinaci s oborem 23-56-H/01 Obráběč kovů (L0 + H maturita + výuční list ve 3. ročníku),SOU s maturitou,4,24,2,1,0.083,0.042,1,0,0,1,1.0,"místo bylo pro všechny, kdo splnili požadavky školy",36.0,,"nevypsáno, i když obor nebyl naplněn",,,
Pardubický kraj,Chrudim,Třemošnice,"SOŠ a SOU technické, Třemošnice, Sportovní 322",600011941,Mechanik seřizovač,23-45-L/01,Programování a obsluha CNC strojů v kombinaci s oborem 23-56-H/01 Obráběč kovů (L0 + H maturita + výuční list ve 3. ročníku),SOU s maturitou,4,24,9,2,0.375,0.083,1,0,1,7,1.0,"místo bylo pro všechny, kdo splnili požadavky školy",36.0,,"nevypsáno, i když obor nebyl naplněn",,,
Pardubický kraj,Chrudim,Třemošnice,"SOŠ a SOU technické, Třemošnice, Sportovní 322",600011941,Operátor dřevařské a nábytkářské výroby,33-41-L/01,Truhlář a návrhář konstrukcí v kombinaci s oborem 33-56-H/01 Truhlář (L0 + H maturita + výuční list ve 3. ročníku),SOU s maturitou,4,24,6,2,0.25,0.083,2,0,1,3,1.0,"místo bylo pro všechny, kdo splnili požadavky školy",44.0,,"nevypsáno, i když obor nebyl naplněn",,,
Pardubický kraj,Chrudim,Třemošnice,"SOŠ a SOU technické, Třemošnice, Sportovní 322",600011941,Lyceum (režim pokusného ověřování),78-42-M/08,Operátor bezpilotních systémů,Lycea,4,30,36,7,1.2,0.233,13,0,2,21,1.0,"místo bylo pro všechny, kdo splnili požadavky školy",38.62,30.0,vypsáno,10,10,8
Pardubický kraj,Ústí nad Orlicí,Vysoké Mýto,Gymnázium,600013073,Gymnázium,79-41-K/41,,Gymnázia 4letá,4,30,87,21,2.9,0.7,30,0,0,57,1.0,"místo bylo pro všechny, kdo splnili požadavky školy",64.3,36.0,nevypsáno,,,
Pardubický kraj,Ústí nad Orlicí,Vysoké Mýto,Gymnázium,600013073,Gymnázium,79-41-K/81,,Gymnázia 8letá,8,30,66,45,2.2,1.5,30,8,13,15,0.789,dostala se většina soutěžících uchazečů,51.37,38.0,nevypsáno,,,
Pardubický kraj,Ústí nad Orlicí,Vysoké Mýto,Střední škola stavební Vysoké Mýto,600170977,Stavebnictví,36-47-M/01,,SOŠ,4,62,146,64,2.355,1.032,62,11,3,70,0.849,dostala se většina soutěžících uchazečů,63.98,40.0,nevypsáno,,,
Pardubický kraj,Ústí nad Orlicí,Vysoké Mýto,Střední škola technická Vysoké Mýto,600170993,Strojírenství,23-41-M/01,Počítačová grafika ve strojírenství,SOŠ,4,48,14,3,0.292,0.062,3,0,0,11,1.0,"místo bylo pro všechny, kdo splnili požadavky školy",44.33,,vypsáno,18,6,1
Pardubický kraj,Ústí nad Orlicí,Vysoké Mýto,Střední škola technická Vysoké Mýto,600170993,Provozní technika,23-43-L/51,,Nástavby,2,24,41,24,1.708,1.0,22,0,10,9,1.0,"místo bylo pro všechny, kdo splnili požadavky školy",33.86,25.0,"nevypsáno, i když obor nebyl naplněn",,,
Pardubický kraj,Ústí nad Orlicí,Vysoké Mýto,Střední škola technická Vysoké Mýto,600170993,Mechanik strojů a zařízení,23-44-L/01,Mechanik strojů a zařízení L+H,SOU s maturitou,4,48,14,2,0.292,0.042,4,0,2,8,1.0,"místo bylo pro všechny, kdo splnili požadavky školy",41.5,,vypsáno,20,3,1
Pardubický kraj,Ústí nad Orlicí,Vysoké Mýto,"SŠ podnikání Vysoké Mýto, s.r.o.",600013103,Ekonomika a podnikání,63-41-M/01,Anglický jazyk pro odbornou praxi,SOŠ,4,15,62,20,4.133,1.333,15,12,4,31,0.556,středně těžké,57.47,50.0,nevypsáno,,,
Pardubický kraj,Ústí nad Orlicí,Vysoké Mýto,"SŠ podnikání Vysoké Mýto, s.r.o.",600013103,Ekonomika a podnikání,63-41-M/01,Internetové podnikání,SOŠ,4,15,44,19,2.933,1.267,15,10,1,18,0.6,středně těžké,60.4,44.0,nevypsáno,,,
Pardubický kraj,Ústí nad Orlicí,Ústí nad Orlicí,Gymnázium,600013065,Gymnázium,79-41-K/41,,Gymnázia 4letá,4,30,78,42,2.6,1.4,30,14,3,31,0.682,dostala se většina soutěžících uchazečů,77.2,63.0,nevypsáno,,,
Pardubický kraj,Ústí nad Orlicí,Ústí nad Orlicí,Gymnázium,600013065,Gymnázium,79-41-K/81,,Gymnázia 8letá,8,30,107,40,3.567,1.333,29,16,15,46,0.644,středně těžké,63.03,45.0,vypsáno,1,8,1
Pardubický kraj,Ústí nad Orlicí,Ústí nad Orlicí,Střední škola uměleckoprůmyslová,600013138,Obalová technika,34-42-M/01,Reklama a propagace,SOŠ,4,30,40,4,1.333,0.133,8,0,3,29,1.0,"místo bylo pro všechny, kdo splnili požadavky školy",40.25,,vypsáno,22,20,8
Pardubický kraj,Ústí nad Orlicí,Ústí nad Orlicí,SŠ automobilní Ústí nad Orlicí,600013197,Průmyslová ekologie,16-02-M/01,,SOŠ,4,10,11,1,1.1,0.1,0,0,4,7,,"místo bylo pro všechny, kdo splnili požadavky školy",,,vypsáno,10,20,9
Pardubický kraj,Ústí nad Orlicí,Ústí nad Orlicí,SŠ automobilní Ústí nad Orlicí,600013197,Provozní technika,23-43-L/51,,Nástavby,2,24,36,26,1.5,1.083,24,3,1,8,0.889,dostala se většina soutěžících uchazečů,44.0,22.0,nevypsáno,,,
Pardubický kraj,Ústí nad Orlicí,Ústí nad Orlicí,SŠ automobilní Ústí nad Orlicí,600013197,Dopravní prostředky,23-45-M/01,,SOŠ,4,20,46,16,2.3,0.8,12,0,10,23,1.0,"místo bylo pro všechny, kdo splnili požadavky školy",42.17,30.0,vypsáno,7,18,7
Pardubický kraj,Ústí nad Orlicí,Ústí nad Orlicí,SŠ automobilní Ústí nad Orlicí,600013197,Autotronik,39-41-L/01,Autoelektrikář (AU+AEL),SOU s maturitou,4,22,61,16,2.773,0.727,19,0,11,31,1.0,"místo bylo pro všechny, kdo splnili požadavky školy",39.58,30.0,vypsáno,3,13,3
Pardubický kraj,Ústí nad Orlicí,Ústí nad Orlicí,SŠ automobilní Ústí nad Orlicí,600013197,Autotronik,39-41-L/01,Mechanik opravář motorových vozidel (AU+MOMV),SOU s maturitou,4,22,81,47,3.682,2.136,22,16,18,25,0.579,středně těžké,56.05,40.0,nevypsáno,,,
Pardubický kraj,Ústí nad Orlicí,Ústí nad Orlicí,VOŠ a SŠ zdravotnická a sociální,600019837,Praktická sestra,53-41-M/03,,SOŠ,4,50,104,44,2.08,0.88,49,0,9,46,1.0,"místo bylo pro všechny, kdo splnili požadavky školy",45.33,28.0,"nevypsáno, i když obor nebyl naplněn",,,
Pardubický kraj,Ústí nad Orlicí,Ústí nad Orlicí,VOŠ a SŠ zdravotnická a sociální,600019837,Sociální činnost,75-41-M/01,,SOŠ,4,20,70,18,3.5,0.9,20,3,11,36,0.87,dostala se většina soutěžících uchazečů,43.2,26.0,nevypsáno,,,
Pardubický kraj,Ústí nad Orlicí,Česká Třebová,Gymnázium,600013022,Gymnázium,79-41-K/41,všeobecné,Gymnázia 4letá,4,30,105,39,3.5,1.3,30,20,1,54,0.6,středně těžké,69.7,55.0,nevypsáno,,,
Pardubický kraj,Ústí nad Orlicí,Česká Třebová,Gymnázium,600013022,Gymnázium,79-41-K/81,všeobecné,Gymnázia 8letá,8,30,70,45,2.333,1.5,30,7,13,20,0.811,dostala se většina soutěžících uchazečů,56.17,39.0,nevypsáno,,,
Pardubický kraj,Ústí nad Orlicí,Česká Třebová,Střední škola technická a dopravní,600013162,Informační technologie,18-20-M/01,,SOŠ,4,45,90,34,2.0,0.756,38,0,8,44,1.0,"místo bylo pro všechny, kdo splnili požadavky školy",51.79,36.0,vypsáno,5,8,4
Pardubický kraj,Ústí nad Orlicí,Česká Třebová,Střední škola technická a dopravní,600013162,Mechanik elektrotechnik,26-41-L/01,,SOU s maturitou,4,30,71,25,2.367,0.833,25,0,9,37,1.0,"místo bylo pro všechny, kdo splnili požadavky školy",52.64,34.0,vypsáno,3,4,0
Pardubický kraj,Ústí nad Orlicí,Česká Třebová,Střední škola technická a dopravní,600013162,Elektrotechnika,26-41-M/01,,SOŠ,4,30,98,38,3.267,1.267,30,5,7,56,0.857,dostala se většina soutěžících uchazečů,64.4,47.0,nevypsáno,,,
Pardubický kraj,Ústí nad Orlicí,Česká Třebová,Střední škola technická a dopravní,600013162,Operátor dřevařské a nábytkářské výroby,33-41-L/01,,SOU s maturitou,4,30,31,14,1.033,0.467,16,0,2,13,1.0,"místo bylo pro všechny, kdo splnili požadavky školy",39.88,25.0,vypsáno,4,2,0
Pardubický kraj,Ústí nad Orlicí,Česká Třebová,Střední škola technická a dopravní,600013162,Provoz a ekonomika dopravy,37-41-M/01,,SOŠ,4,45,114,51,2.533,1.133,45,4,14,51,0.918,dostala se většina soutěžících uchazečů,59.36,33.0,nevypsáno,,,
Pardubický kraj,Ústí nad Orlicí,Žamberk,Gymnázium Žamberk,600013081,Gymnázium,79-41-K/41,,Gymnázia 4letá,4,30,84,13,2.8,0.433,16,0,7,60,1.0,"místo bylo pro všechny, kdo splnili požadavky školy",60.75,39.0,vypsáno,13,13,7
Pardubický kraj,Ústí nad Orlicí,Žamberk,Gymnázium Žamberk,600013081,Gymnázium,79-41-K/81,,Gymnázia 8letá,8,30,81,42,2.7,1.4,30,13,12,26,0.698,dostala se většina soutěžících uchazečů,55.03,39.0,nevypsáno,,,
Pardubický kraj,Ústí nad Orlicí,Žamberk,SŠ gastronomická a technická Žamberk,600013171,Gastronomie,65-41-L/01,Kuchař-číšník,SOU s maturitou,4,30,15,3,0.5,0.1,4,0,3,7,1.0,"místo bylo pro všechny, kdo splnili požadavky školy",34.25,,vypsáno,7,4,2
Pardubický kraj,Ústí nad Orlicí,Žamberk,SŠ gastronomická a technická Žamberk,600013171,Obchodník,66-41-L/01,Prodavač,SOU s maturitou,4,30,9,1,0.3,0.033,2,0,1,6,1.0,"místo bylo pro všechny, kdo splnili požadavky školy",48.0,,vypsáno,8,3,1
Plzeňský kraj,Plzeň-jih,Blovice,Gymnázium,600009751,Gymnázium,79-41-K/41,,Gymnázia 4letá,4,32,102,35,3.188,1.094,32,17,1,52,0.653,středně těžké,67.81,51.0,nevypsáno,,,
Plzeňský kraj,Plzeň-jih,Blovice,Gymnázium,600009751,Gymnázium,79-41-K/81,,Gymnázia 8letá,8,32,61,49,1.906,1.531,32,10,14,5,0.762,dostala se většina soutěžících uchazečů,55.31,39.0,nevypsáno,,,
Plzeňský kraj,Tachov,Bor,Střední škola,600009963,Podnikání,64-41-L/51,,Nástavby,2,30,56,27,1.867,0.9,29,3,2,21,0.906,dostala se většina soutěžících uchazečů,24.17,11.0,"nevypsáno, i když obor nebyl naplněn",,,
Plzeňský kraj,Tachov,Bor,Střední škola,600009963,Gastronomie,65-41-L/01,kuchař - číšník ,SOU s maturitou,4,24,10,1,0.417,0.042,3,0,0,7,1.0,"místo bylo pro všechny, kdo splnili požadavky školy",26.67,,"nevypsáno, i když obor nebyl naplněn",,,
Plzeňský kraj,Domažlice,Domažlice,Gymnázium J.Š.Baara,600008908,Gymnázium,79-41-K/41,Otevřená škola,Gymnázia 4letá,4,30,48,29,1.6,0.967,30,1,0,17,0.968,dostala se většina soutěžících uchazečů,70.2,49.0,nevypsáno,,,
Plzeňský kraj,Domažlice,Domažlice,Gymnázium J.Š.Baara,600008908,Gymnázium,79-41-K/61,Otevřená škola,Gymnázia 6letá,6,32,54,48,1.688,1.5,29,17,0,5,0.63,středně těžké,52.24,38.0,"nevypsáno, i když obor nebyl naplněn",,,
Plzeňský kraj,Domažlice,Domažlice,Gymnázium J.Š.Baara,600008908,Gymnázium,79-41-K/81,Otevřená škola,Gymnázia 8letá,8,32,50,38,1.562,1.188,29,12,0,6,0.707,dostala se většina soutěžících uchazečů,47.45,33.0,"nevypsáno, i když obor nebyl naplněn",,,
Plzeňský kraj,Domažlice,Domažlice,Střední odborné učiliště,600008941,Mechanik seřizovač,23-45-L/01,,SOU s maturitou,4,30,37,15,1.233,0.5,17,0,1,19,1.0,"místo bylo pro všechny, kdo splnili požadavky školy",39.25,17.0,"nevypsáno, i když obor nebyl naplněn",,,
Plzeňský kraj,Domažlice,Domažlice,Střední odborné učiliště,600008941,Mechanik seřizovač,23-45-L/01,se zaměřením technologie zpracování plastů,SOU s maturitou,4,5,7,1,1.4,0.2,1,0,0,6,1.0,"místo bylo pro všechny, kdo splnili požadavky školy",53.0,,"nevypsáno, i když obor nebyl naplněn",,,
Plzeňský kraj,Domažlice,Domažlice,Střední odborné učiliště,600008941,Mechanik elektrotechnik,26-41-L/01,Automatizace a elektronické systémy,SOU s maturitou,4,12,31,11,2.583,0.917,12,2,1,16,0.857,dostala se většina soutěžících uchazečů,39.67,18.0,nevypsáno,,,
Plzeňský kraj,Domažlice,Domažlice,Střední odborné učiliště,600008941,Gastronomie,65-41-L/01,L0+H v zaměření 65-51-H/01 Kuchař-číšník  ,SOU s maturitou,4,15,26,12,1.733,0.8,12,0,0,14,1.0,"místo bylo pro všechny, kdo splnili požadavky školy",34.75,23.0,"nevypsáno, i když obor nebyl naplněn",,,
Plzeňský kraj,Domažlice,Domažlice,Střední odborné učiliště,600008941,Kosmetické služby,69-41-L/01,,SOU s maturitou,4,15,42,6,2.8,0.4,12,0,3,27,1.0,"místo bylo pro všechny, kdo splnili požadavky školy",28.58,14.0,"nevypsáno, i když obor nebyl naplněn",,,
Plzeňský kraj,Domažlice,Domažlice,"VOŠ, Obch.akademie a Střed.zdravot.škola",600008932,Informační technologie,18-20-M/01,,SOŠ,4,32,77,31,2.406,0.969,32,0,0,45,1.0,"místo bylo pro všechny, kdo splnili požadavky školy",46.72,14.0,nevypsáno,,,
Plzeňský kraj,Domažlice,Domažlice,"VOŠ, Obch.akademie a Střed.zdravot.škola",600008932,Praktická sestra,53-41-M/03,,SOŠ,4,30,57,17,1.9,0.567,26,0,0,31,1.0,"místo bylo pro všechny, kdo splnili požadavky školy",35.85,17.0,vypsáno,6,21,6
Plzeňský kraj,Domažlice,Domažlice,"VOŠ, Obch.akademie a Střed.zdravot.škola",600008932,Obchodní akademie,63-41-M/02,,SOŠ,4,30,94,24,3.133,0.8,26,0,0,68,1.0,"místo bylo pro všechny, kdo splnili požadavky školy",55.92,21.0,vypsáno,4,7,1
Plzeňský kraj,Klatovy,Horažďovice,Střední škola,600009408,Informační technologie,18-20-M/01,Vývoj aplikací a her,SOŠ,4,17,33,18,1.941,1.059,17,2,0,14,0.895,dostala se většina soutěžících uchazečů,44.18,17.0,nevypsáno,,,
Plzeňský kraj,Klatovy,Horažďovice,Střední škola,600009408,Ekonomika a podnikání,63-41-M/01,Marketingové a reklamní strategie,SOŠ,4,17,27,7,1.588,0.412,9,0,0,18,1.0,"místo bylo pro všechny, kdo splnili požadavky školy",49.78,,vypsáno,8,6,1
Plzeňský kraj,Klatovy,Horažďovice,Střední škola,600009408,Podnikání,64-41-L/51,Podnikání,Nástavby,2,30,65,28,2.167,0.933,30,8,6,21,0.789,dostala se většina soutěžících uchazečů,28.6,15.0,nevypsáno,,,
Plzeňský kraj,Klatovy,Horažďovice,Střední škola,600009408,Gastronomie,65-41-L/01,Food design,SOU s maturitou,4,16,14,9,0.875,0.562,10,0,0,4,1.0,"místo bylo pro všechny, kdo splnili požadavky školy",34.6,16.0,vypsáno,6,3,1
Plzeňský kraj,Domažlice,Horšovský Týn,SOŠ a SOU,600170454,Agropodnikání,41-41-M/01,,SOŠ,4,30,46,13,1.533,0.433,18,0,0,27,1.0,"místo bylo pro všechny, kdo splnili požadavky školy",35.61,14.0,vypsáno,3,2,1
Plzeňský kraj,Domažlice,Horšovský Týn,SOŠ a SOU,600170454,Podnikání,64-41-L/51,,Nástavby,2,59,79,57,1.339,0.966,59,6,0,14,0.908,dostala se většina soutěžících uchazečů,28.47,10.0,nevypsáno,,,
Plzeňský kraj,Domažlice,Horšovský Týn,SOŠ a SOU,600170454,Předškolní a mimoškolní pedagogika,75-31-M/01,,SOŠ,4,50,88,53,1.76,1.06,50,12,0,26,0.806,dostala se většina soutěžících uchazečů,44.1,23.0,nevypsáno,,,
Plzeňský kraj,Klatovy,Klatovy,Gymnázium Jaroslava Vrchlického,600009327,Gymnázium,79-41-K/41,,Gymnázia 4letá,4,60,112,44,1.867,0.733,50,0,0,62,1.0,"místo bylo pro všechny, kdo splnili požadavky školy",61.66,35.0,"nevypsáno, i když obor nebyl naplněn",,,
Plzeňský kraj,Klatovy,Klatovy,Gymnázium Jaroslava Vrchlického,600009327,Gymnázium,79-41-K/61,,Gymnázia 6letá,6,32,70,46,2.188,1.438,32,27,0,11,0.542,středně těžké,48.25,36.0,nevypsáno,,,
Plzeňský kraj,Klatovy,Klatovy,Gymnázium Jaroslava Vrchlického,600009327,Gymnázium,79-41-K/81,,Gymnázia 8letá,8,32,81,69,2.531,2.156,30,38,0,11,0.441,těžké,61.73,45.0,"nevypsáno, i když obor nebyl naplněn",,,
Plzeňský kraj,Klatovy,Klatovy,Střední průmyslová škola,600009335,Strojírenství,23-41-M/01,Strojírenství,SOŠ,4,30,65,17,2.167,0.567,25,0,0,40,1.0,"místo bylo pro všechny, kdo splnili požadavky školy",44.12,24.0,"nevypsáno, i když obor nebyl naplněn",,,
Plzeňský kraj,Klatovy,Klatovy,Střední průmyslová škola,600009335,Elektrotechnika,26-41-M/01,Elektrotechnika-Automatizační technika,SOŠ,4,30,91,49,3.033,1.633,30,20,1,40,0.6,středně těžké,62.9,48.0,nevypsáno,,,
Plzeňský kraj,Klatovy,Klatovy,Střední průmyslová škola,600009335,Ekonomika a podnikání,63-41-M/01,Informatika a reklama,SOŠ,4,30,106,28,3.533,0.933,30,6,0,70,0.833,dostala se většina soutěžících uchazečů,49.56,33.0,nevypsáno,,,
Plzeňský kraj,Klatovy,Klatovy,Střední škola zemědělská a potravinářská,600009424,Agropodnikání,41-41-M/01,,SOŠ,4,60,84,34,1.4,0.567,42,0,1,40,1.0,"místo bylo pro všechny, kdo splnili požadavky školy",38.02,10.0,vypsáno,17,9,4
Plzeňský kraj,Klatovy,Klatovy,Střední škola zemědělská a potravinářská,600009424,Ekonomika a podnikání,63-41-M/01,Informatika a ekonomika v podnikání,SOŠ,4,30,46,5,1.533,0.167,8,0,0,37,1.0,"místo bylo pro všechny, kdo splnili požadavky školy",31.75,,vypsáno,21,18,9
Plzeňský kraj,Klatovy,Klatovy,Střední škola zemědělská a potravinářská,600009424,Podnikání,64-41-L/51,,Nástavby,2,30,65,33,2.167,1.1,30,13,4,18,0.698,dostala se většina soutěžících uchazečů,31.9,17.0,nevypsáno,,,
Plzeňský kraj,Klatovy,Klatovy,Střední škola zemědělská a potravinářská,600009424,Gastronomie,65-41-L/01,,SOU s maturitou,4,30,29,7,0.967,0.233,6,0,1,22,1.0,"místo bylo pro všechny, kdo splnili požadavky školy",29.5,,"nevypsáno, i když obor nebyl naplněn",,,
Plzeňský kraj,Klatovy,Klatovy,Střední škola zemědělská a potravinářská,600009424,Veřejnosprávní činnost,68-43-M/01,,SOŠ,4,30,64,8,2.133,0.267,20,0,0,44,1.0,"místo bylo pro všechny, kdo splnili požadavky školy",40.35,20.0,vypsáno,10,18,6
Plzeňský kraj,Klatovy,Klatovy,"VOŠ,OA,Střed.zdrav.škola a JŠ s práv.SJZ",600009386,Praktická sestra,53-41-M/03,,SOŠ,4,30,89,38,2.967,1.267,29,18,2,39,0.617,středně těžké,47.31,31.0,"nevypsáno, i když obor nebyl naplněn",,,
Plzeňský kraj,Klatovy,Klatovy,"VOŠ,OA,Střed.zdrav.škola a JŠ s práv.SJZ",600009386,Obchodní akademie,63-41-M/02,Jazykové nebo Sportovní,SOŠ,4,60,190,65,3.167,1.083,60,19,2,109,0.759,dostala se většina soutěžících uchazečů,56.2,36.0,nevypsáno,,,
Plzeňský kraj,Klatovy,Klatovy,"VOŠ,OA,Střed.zdrav.škola a JŠ s práv.SJZ",600009386,Kosmetické služby,69-41-L/01,,SOU s maturitou,4,15,71,26,4.733,1.733,15,24,1,31,0.385,těžké,39.33,23.0,nevypsáno,,,
Plzeňský kraj,Klatovy,Klatovy,"VOŠ,OA,Střed.zdrav.škola a JŠ s práv.SJZ",600009386,Masér sportovní a rekondiční,69-41-L/02,,SOU s maturitou,4,15,46,8,3.067,0.533,15,5,0,26,0.75,dostala se většina soutěžících uchazečů,33.8,16.0,nevypsáno,,,
Plzeňský kraj,Klatovy,Klatovy,"VOŠ,OA,Střed.zdrav.škola a JŠ s práv.SJZ",600009386,Lyceum (režim pokusného ověřování),78-42-M/08,Humanitní s rozšířenou výukou jazyků zaměřených na cestovní ruch nebo Zdravotnictví a sociální služby,Lycea,4,30,103,24,3.433,0.8,29,0,0,74,1.0,"místo bylo pro všechny, kdo splnili požadavky školy",44.86,23.0,"nevypsáno, i když obor nebyl naplněn",,,
Plzeňský kraj,Plzeň-sever,Kralovice,Střední škola,600009815,Sociální činnost,75-41-M/01,,SOŠ,4,30,42,12,1.4,0.4,17,0,3,22,1.0,"místo bylo pro všechny, kdo splnili požadavky školy",34.47,15.0,vypsáno,12,12,5
Plzeňský kraj,Tachov,Planá,"Střední škola živnostenská a ZŠ, Planá",600009971,Praktická sestra,53-41-M/03,,SOŠ,4,17,25,11,1.471,0.647,11,0,6,8,1.0,"místo bylo pro všechny, kdo splnili požadavky školy",31.2,20.0,"nevypsáno, i když obor nebyl naplněn",,,
Plzeňský kraj,Tachov,Planá,"Střední škola živnostenská a ZŠ, Planá",600009971,Podnikání,64-41-L/51,,Nástavby,2,32,55,35,1.719,1.094,31,4,8,11,0.886,dostala se většina soutěžících uchazečů,29.45,21.0,"nevypsáno, i když obor nebyl naplněn",,,
Plzeňský kraj,Plzeň-sever,Plasy,"Gymnázium a Střední odborná škola, Plasy",600009793,Agropodnikání,41-41-M/01,,SOŠ,4,15,65,23,4.333,1.533,15,11,13,26,0.577,středně těžké,50.93,42.0,nevypsáno,,,
Plzeňský kraj,Plzeň-sever,Plasy,"Gymnázium a Střední odborná škola, Plasy",600009793,Veterinářství,43-41-M/01,,SOŠ,4,30,125,75,4.167,2.5,30,45,20,30,0.4,těžké,66.17,53.0,nevypsáno,,,
Plzeňský kraj,Plzeň-sever,Plasy,"Gymnázium a Střední odborná škola, Plasy",600009793,Obchodní akademie,63-41-M/02,,SOŠ,4,15,59,5,3.933,0.333,10,0,6,43,1.0,"místo bylo pro všechny, kdo splnili požadavky školy",46.44,,vypsáno,5,12,5
Plzeňský kraj,Plzeň-sever,Plasy,"Gymnázium a Střední odborná škola, Plasy",600009793,Gymnázium,79-41-K/41,,Gymnázia 4letá,4,30,98,17,3.267,0.567,30,1,0,67,0.968,dostala se většina soutěžících uchazečů,59.73,30.0,nevypsáno,,,
Plzeňský kraj,Plzeň-sever,Plasy,"Gymnázium a Střední odborná škola, Plasy",600009793,Gymnázium,79-41-K/81,,Gymnázia 8letá,8,32,58,42,1.812,1.312,31,11,6,9,0.738,dostala se většina soutěžících uchazečů,49.74,35.0,"nevypsáno, i když obor nebyl naplněn",,,
Plzeňský kraj,Plzeň-město,Plzeň,"Akademie hotelnictví a cest. ruchu - SŠ, s.r.o.",600009696,Podnikání,64-41-L/51,,Nástavby,2,18,59,14,3.278,0.778,17,5,25,11,0.773,dostala se většina soutěžících uchazečů,30.38,21.0,vypsáno,15,32,14
Plzeňský kraj,Plzeň-město,Plzeň,"Akademie hotelnictví a cest. ruchu - SŠ, s.r.o.",600009696,Hotelnictví,65-42-M/01,,SOŠ,4,25,37,10,1.48,0.4,8,0,14,14,1.0,"místo bylo pro všechny, kdo splnili požadavky školy",38.12,,vypsáno,15,47,13
Plzeňský kraj,Plzeň-město,Plzeň,"Akademie hotelnictví a cest. ruchu - SŠ, s.r.o.",600009696,Cestovní ruch,65-42-M/02,,SOŠ,4,30,68,18,2.267,0.6,27,0,14,26,1.0,"místo bylo pro všechny, kdo splnili požadavky školy",39.74,17.0,"nevypsáno, i když obor nebyl naplněn",,,
Plzeňský kraj,Plzeň-město,Plzeň,"Akademie hotelnictví a cest. ruchu - SŠ, s.r.o.",600009696,Lyceum (režim pokusného ověřování),78-42-M/08,,Lycea,4,30,31,4,1.033,0.133,6,0,4,21,1.0,"místo bylo pro všechny, kdo splnili požadavky školy",37.0,,vypsáno,24,21,7
Plzeňský kraj,Plzeň-město,Plzeň,"Bezp.práv.akad.Plzeň,s.r.o,střední škola",600009564,Bezpečnostně právní činnost,68-42-M/01,Bezpečnostně právní činnost,SOŠ,4,50,120,75,2.4,1.5,40,0,56,24,1.0,"místo bylo pro všechny, kdo splnili požadavky školy",54.9,32.0,vypsáno,10,19,10
Plzeňský kraj,Plzeň-město,Plzeň,"Bezp.práv.akad.Plzeň,s.r.o,střední škola",600009564,Veřejnosprávní činnost,68-43-M/01,Veřejnosprávní činnost,SOŠ,4,10,39,9,3.9,0.9,6,0,14,19,1.0,"místo bylo pro všechny, kdo splnili požadavky školy",46.0,,vypsáno,4,22,1
Plzeňský kraj,Plzeň-město,Plzeň,Církevní gymnázium,600009611,Gymnázium,79-41-K/81,,Gymnázia 8letá,8,64,284,140,4.438,2.188,64,108,56,56,0.372,těžké,71.02,59.0,nevypsáno,,,
Plzeňský kraj,Plzeň-město,Plzeň,Církevní základní škola a střední škola,600009785,Ekologie a životní prostředí,16-01-M/01,Zájmové a záchranné chovy,SOŠ,4,26,80,32,3.077,1.231,26,9,10,35,0.743,dostala se většina soutěžících uchazečů,56.0,39.0,nevypsáno,,,
Plzeňský kraj,Plzeň-město,Plzeň,Církevní základní škola a střední škola,600009785,Sociální činnost,75-41-M/01,Sociální činnost a pedagogika,SOŠ,4,28,121,35,4.321,1.25,28,16,17,60,0.636,středně těžké,50.75,33.0,nevypsáno,,,
Plzeňský kraj,Plzeň-město,Plzeň,Gymnázium,600009556,Gymnázium,79-41-K/41,matematika a přírodní vědy,Gymnázia 4letá,4,30,109,51,3.633,1.7,30,32,7,40,0.484,těžké,83.2,71.0,nevypsáno,,,
Plzeňský kraj,Plzeň-město,Plzeň,Gymnázium,600009556,Gymnázium,79-41-K/41,všeobecné,Gymnázia 4letá,4,30,123,59,4.1,1.967,30,49,7,37,0.38,těžké,82.47,71.0,nevypsáno,,,
Plzeňský kraj,Plzeň-město,Plzeň,Gymnázium,600009556,Gymnázium,79-41-K/61,všeobecné,Gymnázia 6letá,6,30,175,125,5.833,4.167,30,40,90,15,0.429,těžké,67.8,59.0,nevypsáno,,,
Plzeňský kraj,Plzeň-město,Plzeň,Gymnázium,600009556,Gymnázium,79-41-K/81,matematika a přírodní vědy,Gymnázia 8letá,8,30,274,81,9.133,2.7,30,58,97,89,0.341,těžké,75.23,67.0,nevypsáno,,,
Plzeňský kraj,Plzeň-město,Plzeň,"Gymnázium Františka Křižíka a ZŠ, s.r.o.",600009637,Gymnázium,79-41-K/41,,Gymnázia 4letá,4,30,65,31,2.167,1.033,30,11,1,23,0.732,dostala se většina soutěžících uchazečů,73.87,51.0,nevypsáno,,,
Plzeňský kraj,Plzeň-město,Plzeň,"Gymnázium Františka Křižíka a ZŠ, s.r.o.",600009637,Gymnázium,79-41-K/81,,Gymnázia 8letá,8,50,129,57,2.58,1.14,50,28,21,30,0.641,středně těžké,58.84,39.0,nevypsáno,,,
Plzeňský kraj,Plzeň-město,Plzeň,Gymnázium Luďka Pika,600009548,Gymnázium,79-41-K/41,,Gymnázia 4letá,4,30,120,65,4.0,2.167,30,44,10,36,0.405,těžké,84.0,76.0,nevypsáno,,,
Plzeňský kraj,Plzeň-město,Plzeň,Gymnázium Luďka Pika,600009548,Gymnázium,79-41-K/81,,Gymnázia 8letá,8,30,281,81,9.367,2.7,30,71,101,79,0.297,velmi těžké,78.27,67.0,nevypsáno,,,
Plzeňský kraj,Plzeň-město,Plzeň,Gymnázium Luďka Pika,600009548,Dvojjazyčné gymnázium,79-43-K/61,,Gymnázia 6letá,6,30,142,54,4.733,1.8,28,10,77,25,0.737,dostala se většina soutěžících uchazečů,58.21,48.0,"nevypsáno, i když obor nebyl naplněn",,,
Plzeňský kraj,Plzeň-město,Plzeň,Hotelová škola,600009700,Ekonomika a podnikání,63-41-M/01,Ekonomika a podnikání v potravinářství,SOŠ,4,30,92,14,3.067,0.467,30,9,0,53,0.769,dostala se většina soutěžících uchazečů,35.67,20.0,nevypsáno,,,
Plzeňský kraj,Plzeň-město,Plzeň,Hotelová škola,600009700,Gastronomie,65-41-L/51,,Nástavby,2,30,67,52,2.233,1.733,29,30,1,6,0.492,těžké,37.34,28.0,"nevypsáno, i když obor nebyl naplněn",,,
Plzeňský kraj,Plzeň-město,Plzeň,Hotelová škola,600009700,Hotelnictví,65-42-M/01,Hotelnictví a cestovní ruch,SOŠ,4,60,236,77,3.933,1.283,60,73,5,98,0.451,těžké,47.1,31.0,nevypsáno,,,
Plzeňský kraj,Plzeň-město,Plzeň,Integrovaná střední škola živnostenská,600170501,Oděvnictví,31-43-M/01,,SOŠ,4,16,46,9,2.875,0.562,16,0,2,28,1.0,"místo bylo pro všechny, kdo splnili požadavky školy",31.12,19.0,nevypsáno,,,
Plzeňský kraj,Plzeň-město,Plzeň,Integrovaná střední škola živnostenská,600170501,Ekonomika a podnikání,63-41-M/01,Asistent v právní a podnikové sféře,SOŠ,4,32,187,37,5.844,1.156,32,31,25,99,0.508,středně těžké,54.0,40.0,nevypsáno,,,
Plzeňský kraj,Plzeň-město,Plzeň,Integrovaná střední škola živnostenská,600170501,Ekonomika a podnikání,63-41-M/01,Bankovnictví a pojišťovnictví,SOŠ,4,32,116,25,3.625,0.781,31,12,14,58,0.721,dostala se většina soutěžících uchazečů,46.79,33.0,"nevypsáno, i když obor nebyl naplněn",,,
Plzeňský kraj,Plzeň-město,Plzeň,Integrovaná střední škola živnostenská,600170501,Podnikání,64-41-L/51,,Nástavby,2,32,234,82,7.312,2.562,32,113,0,89,0.221,velmi těžké,40.25,29.0,nevypsáno,,,
Plzeňský kraj,Plzeň-město,Plzeň,Integrovaná střední škola živnostenská,600170501,Kosmetické služby,69-41-L/01,,SOU s maturitou,4,32,176,59,5.5,1.844,32,69,4,71,0.317,velmi těžké,41.42,28.0,nevypsáno,,,
Plzeňský kraj,Plzeň-město,Plzeň,Masarykovo gymnázium,600009530,Gymnázium,79-41-K/41,Jazykovým vzděláním k porozumění,Gymnázia 4letá,4,30,113,60,3.767,2.0,30,31,15,37,0.492,těžké,78.23,67.0,nevypsáno,,,
Plzeňský kraj,Plzeň-město,Plzeň,Masarykovo gymnázium,600009530,Gymnázium,79-41-K/41,Všestranným vzděláním pro budoucnost - jazyková kombinace Aj - Nj,Gymnázia 4letá,4,30,112,52,3.733,1.733,30,28,14,40,0.517,středně těžké,81.63,72.0,nevypsáno,,,
Plzeňský kraj,Plzeň-město,Plzeň,Masarykovo gymnázium,600009530,Gymnázium,79-41-K/81,Jazykovým vzděláním k porozumění,Gymnázia 8letá,8,32,236,55,7.375,1.719,32,31,102,71,0.508,středně těžké,59.94,53.0,nevypsáno,,,
Plzeňský kraj,Plzeň-město,Plzeň,Masarykovo gymnázium,600009530,Gymnázium,79-41-K/81,Všestranným vzděláním pro budoucnost - jazyková kombinace Aj - Nj,Gymnázia 8letá,8,32,231,58,7.219,1.812,32,36,85,78,0.471,těžké,68.34,58.0,nevypsáno,,,
Plzeňský kraj,Plzeň-město,Plzeň,Obchodní akademie,600009599,Obchodní akademie,63-41-M/02,,SOŠ,4,124,400,129,3.226,1.04,124,66,21,189,0.653,středně těžké,62.27,43.0,nevypsáno,,,
Plzeňský kraj,Plzeň-město,Plzeň,Obchodní akademie,600009599,Ekonomické lyceum,78-42-M/02,,Lycea,4,32,118,35,3.688,1.094,32,12,7,67,0.727,dostala se většina soutěžících uchazečů,70.31,48.0,nevypsáno,,,
Plzeňský kraj,Plzeň-město,Plzeň,PLZEŇSKÁ OBCHODNÍ AKADEMIE s.r.o.,600009661,Obchodní akademie,63-41-M/02,,SOŠ,4,84,136,35,1.619,0.417,49,0,12,74,1.0,"místo bylo pro všechny, kdo splnili požadavky školy",44.12,25.0,vypsáno,36,87,36
Plzeňský kraj,Plzeň-město,Plzeň,"SOŠ obchodu, užitého umění a designu",600009602,Ekonomika a podnikání,63-41-M/01,cestovní ruch,SOŠ,4,32,241,98,7.531,3.062,32,116,0,93,0.216,velmi těžké,68.59,55.0,nevypsáno,,,
Plzeňský kraj,Plzeň-město,Plzeň,"SOŠ obchodu, užitého umění a designu",600009602,Ekonomika a podnikání,63-41-M/01,zahraniční obchod,SOŠ,4,32,169,48,5.281,1.5,32,54,1,82,0.372,těžké,65.47,50.0,nevypsáno,,,
Plzeňský kraj,Plzeň-město,Plzeň,"SOŠ obchodu, užitého umění a designu",600009602,Lyceum (režim pokusného ověřování),78-42-M/08,,Lycea,4,32,129,50,4.031,1.562,31,39,0,58,0.443,těžké,69.65,57.0,"nevypsáno, i když obor nebyl naplněn",,,
Plzeňský kraj,Plzeň-město,Plzeň,SPŠ strojnická a SOŠ profesora Švejcara,610100645,Strojírenství,23-41-M/01,,SOŠ,4,60,121,34,2.017,0.567,50,0,1,70,1.0,"místo bylo pro všechny, kdo splnili požadavky školy",51.51,12.0,"nevypsáno, i když obor nebyl naplněn",,,
Plzeňský kraj,Plzeň-město,Plzeň,SPŠ strojnická a SOŠ profesora Švejcara,610100645,Mechanik strojů a zařízení,23-44-L/01,Strojní mechanik,SOU s maturitou,4,12,31,6,2.583,0.5,8,0,0,23,1.0,"místo bylo pro všechny, kdo splnili požadavky školy",43.25,,"nevypsáno, i když obor nebyl naplněn",,,
Plzeňský kraj,Plzeň-město,Plzeň,SPŠ strojnická a SOŠ profesora Švejcara,610100645,Mechanik seřizovač,23-45-L/01,Obráběč kovů,SOU s maturitou,4,48,60,22,1.25,0.458,27,0,0,33,1.0,"místo bylo pro všechny, kdo splnili požadavky školy",38.65,12.0,"nevypsáno, i když obor nebyl naplněn",,,
Plzeňský kraj,Plzeň-město,Plzeň,SPŠ strojnická a SOŠ profesora Švejcara,610100645,Elektrotechnika,26-41-M/01,mechatronika - robotika,SOŠ,4,60,115,18,1.917,0.3,24,0,2,89,1.0,"místo bylo pro všechny, kdo splnili požadavky školy",42.58,10.0,"nevypsáno, i když obor nebyl naplněn",,,
Plzeňský kraj,Plzeň-město,Plzeň,SPŠ strojnická a SOŠ profesora Švejcara,610100645,Ekonomika a podnikání,63-41-M/01,ve strojírenství,SOŠ,4,30,106,20,3.533,0.667,30,0,2,74,1.0,"místo bylo pro všechny, kdo splnili požadavky školy",47.27,18.0,nevypsáno,,,
Plzeňský kraj,Plzeň-město,Plzeň,SPŠ strojnická a SOŠ profesora Švejcara,610100645,Veřejnosprávní činnost,68-43-M/01,,SOŠ,4,32,154,58,4.812,1.812,32,32,35,55,0.5,středně těžké,65.69,56.0,nevypsáno,,,
Plzeňský kraj,Plzeň-město,Plzeň,SPŠ strojnická a SOŠ profesora Švejcara,610100645,Sociální činnost,75-41-M/01,,SOŠ,4,60,147,28,2.45,0.467,60,20,2,65,0.75,dostala se většina soutěžících uchazečů,40.49,22.0,nevypsáno,,,
Plzeňský kraj,Plzeň-město,Plzeň,SPŠ strojnická a SOŠ profesora Švejcara,610100645,Pedagogické lyceum,78-42-M/03,Humanitní studia,Lycea,4,32,172,70,5.375,2.188,32,47,25,68,0.405,těžké,71.47,62.0,nevypsáno,,,
Plzeňský kraj,Plzeň-město,Plzeň,SPŠ strojnická a SOŠ profesora Švejcara,610100645,Pedagogické lyceum,78-42-M/03,Tělesná výchova,Lycea,4,32,123,48,3.844,1.5,32,28,19,44,0.533,středně těžké,65.56,47.0,nevypsáno,,,
Plzeňský kraj,Plzeň-město,Plzeň,"Sport.a podnikatel. střední škola,s.r.o.",600009726,Ekonomika a podnikání,63-41-M/01,Marketing a personální management (A) nebo Manažer zdravého životního stylu (E),SOŠ,4,30,121,33,4.033,1.1,30,26,5,60,0.536,středně těžké,48.53,27.0,nevypsáno,,,
Plzeňský kraj,Plzeň-město,Plzeň,"Sport.a podnikatel. střední škola,s.r.o.",600009726,Ekonomika a podnikání,63-41-M/01,Sportovní management (B),SOŠ,4,30,92,55,3.067,1.833,29,37,4,21,0.439,těžké,51.17,33.0,"nevypsáno, i když obor nebyl naplněn",,,
Plzeňský kraj,Plzeň-město,Plzeň,Sportovní gymnázium Plzeň,600009459,Gymnázium,79-41-K/41,,Gymnázia 4letá,4,30,101,73,3.367,2.433,30,36,25,10,0.455,těžké,71.8,64.0,nevypsáno,,,
Plzeňský kraj,Plzeň-město,Plzeň,Sportovní gymnázium Plzeň,600009459,Gymnázium,79-41-K/81,,Gymnázia 8letá,8,30,158,103,5.267,3.433,30,24,89,15,0.556,středně těžké,64.83,52.0,nevypsáno,,,
Plzeňský kraj,Plzeň-město,Plzeň,Sportovní gymnázium Plzeň,600009459,Gymnázium se sportovní přípravou,79-42-K/41,Atletika,Gymnázia 4letá,4,10,24,10,2.4,1.0,9,0,8,7,1.0,"místo bylo pro všechny, kdo splnili požadavky školy",56.11,,"nevypsáno, i když obor nebyl naplněn",,,
Plzeňský kraj,Plzeň-město,Plzeň,Sportovní gymnázium Plzeň,600009459,Gymnázium se sportovní přípravou,79-42-K/41,Judo,Gymnázia 4letá,4,5,7,2,1.4,0.4,5,0,0,2,1.0,"místo bylo pro všechny, kdo splnili požadavky školy",70.6,,nevypsáno,,,
Plzeňský kraj,Plzeň-město,Plzeň,Sportovní gymnázium Plzeň,600009459,Gymnázium se sportovní přípravou,79-42-K/41,Plavání,Gymnázia 4letá,4,4,11,10,2.75,2.5,4,6,0,1,0.4,těžké,73.0,,nevypsáno,,,
Plzeňský kraj,Plzeň-město,Plzeň,Sportovní gymnázium Plzeň,600009459,Gymnázium se sportovní přípravou,79-42-K/41,Sportovní střelba,Gymnázia 4letá,4,2,2,2,1.0,1.0,2,0,0,0,1.0,"místo bylo pro všechny, kdo splnili požadavky školy",50.5,,nevypsáno,,,
Plzeňský kraj,Plzeň-město,Plzeň,Sportovní gymnázium Plzeň,600009459,Gymnázium se sportovní přípravou,79-42-K/41,Tenis,Gymnázia 4letá,4,2,9,4,4.5,2.0,2,5,0,2,0.286,velmi těžké,74.0,,nevypsáno,,,
Plzeňský kraj,Plzeň-město,Plzeň,Sportovní gymnázium Plzeň,600009459,Gymnázium se sportovní přípravou,79-42-K/41,Volejbal - dívky,Gymnázia 4letá,4,7,20,15,2.857,2.143,7,7,4,2,0.5,středně těžké,72.14,,nevypsáno,,,
Plzeňský kraj,Plzeň-město,Plzeň,Střední odborné učiliště elektrotech.,610100581,Informační technologie,18-20-M/01,komerční praxe,SOŠ,4,56,97,25,1.732,0.446,41,0,0,56,1.0,"místo bylo pro všechny, kdo splnili požadavky školy",30.9,11.0,"nevypsáno, i když obor nebyl naplněn",,,
Plzeňský kraj,Plzeň-město,Plzeň,Střední odborné učiliště elektrotech.,610100581,Mechanik elektrotechnik,26-41-L/01,"elektronická zařízení, uč. obor 26-51-H/01 Elektrikář",SOU s maturitou,4,28,85,29,3.036,1.036,28,6,1,50,0.824,dostala se většina soutěžících uchazečů,40.71,15.0,nevypsáno,,,
Plzeňský kraj,Plzeň-město,Plzeň,Střední odborné učiliště elektrotech.,610100581,Mechanik elektrotechnik,26-41-L/01,"informační technologie, uč. obor 26-51-H/01 Elektrikář",SOU s maturitou,4,28,45,11,1.607,0.393,17,0,1,27,1.0,"místo bylo pro všechny, kdo splnili požadavky školy",32.75,8.0,"nevypsáno, i když obor nebyl naplněn",,,
Plzeňský kraj,Plzeň-město,Plzeň,Střední odborné učiliště elektrotech.,610100581,Mechanik elektrotechnik,26-41-L/01,"silnoproudá zařízení, uč. obor 26-51-H/02 Elektrikář silnoproud",SOU s maturitou,4,28,124,50,4.429,1.786,27,42,0,54,0.391,těžké,49.37,27.0,"nevypsáno, i když obor nebyl naplněn",,,
Plzeňský kraj,Plzeň-město,Plzeň,Střední odborné učiliště elektrotech.,610100581,Provozní elektrotechnika,26-41-L/52,,Nástavby,2,28,75,53,2.679,1.893,28,32,2,13,0.467,těžké,40.93,24.0,nevypsáno,,,
Plzeňský kraj,Plzeň-město,Plzeň,Střední odborné učiliště elektrotech.,610100581,Telekomunikace,26-45-M/01,informační a komunikační technologie,SOŠ,4,28,52,11,1.857,0.393,17,0,0,34,1.0,"místo bylo pro všechny, kdo splnili požadavky školy",37.59,15.0,"nevypsáno, i když obor nebyl naplněn",,,
Plzeňský kraj,Plzeň-město,Plzeň,Střední odborné učiliště elektrotech.,610100581,Mechanik instalatérských a elektrotechnických zařízení,39-41-L/02,Uč. obor Elektrikář silnoproud,SOU s maturitou,4,28,76,29,2.714,1.036,30,18,1,29,0.625,středně těžké,43.0,27.0,nevypsáno,,,
Plzeňský kraj,Plzeň-město,Plzeň,Střední odborné učiliště stavební,600009718,Nábytkářská a dřevařská výroba,33-42-L/51,,Nástavby,2,15,22,20,1.467,1.333,15,6,0,1,0.714,dostala se většina soutěžících uchazečů,37.0,17.0,nevypsáno,,,
Plzeňský kraj,Plzeň-město,Plzeň,Střední odborné učiliště stavební,600009718,Stavební provoz,36-44-L/51,,Nástavby,2,15,22,19,1.467,1.267,15,6,0,1,0.714,dostala se většina soutěžících uchazečů,28.87,19.0,nevypsáno,,,
Plzeňský kraj,Plzeň-město,Plzeň,Střední průmyslová škola dopravní,610100530,Dopravní prostředky,23-45-M/01,Diagnostika a servis silničních vozidel,SOŠ,4,30,92,25,3.067,0.833,24,0,21,46,1.0,"místo bylo pro všechny, kdo splnili požadavky školy",45.79,26.0,vypsáno,6,12,6
Plzeňský kraj,Plzeň-město,Plzeň,Střední průmyslová škola dopravní,610100530,Provoz a ekonomika dopravy,37-41-M/01,Bezpilotní systémy,SOŠ,4,15,58,17,3.867,1.133,15,1,8,34,0.938,dostala se většina soutěžících uchazečů,51.4,29.0,nevypsáno,,,
Plzeňský kraj,Plzeň-město,Plzeň,Střední průmyslová škola dopravní,610100530,Provoz a ekonomika dopravy,37-41-M/01,Drážní a městská doprava,SOŠ,4,15,39,23,2.6,1.533,14,5,8,11,0.737,dostala se většina soutěžících uchazečů,59.71,28.0,"nevypsáno, i když obor nebyl naplněn",,,
Plzeňský kraj,Plzeň-město,Plzeň,Střední průmyslová škola dopravní,610100530,Provoz a ekonomika dopravy,37-41-M/01,Komplexní logistika,SOŠ,4,30,54,7,1.8,0.233,10,0,13,31,1.0,"místo bylo pro všechny, kdo splnili požadavky školy",46.6,30.0,vypsáno,20,62,20
Plzeňský kraj,Plzeň-město,Plzeň,Střední průmyslová škola dopravní,610100530,Provoz a ekonomika dopravy,37-41-M/01,Manažer dopravy,SOŠ,4,60,137,36,2.283,0.6,42,0,23,72,1.0,"místo bylo pro všechny, kdo splnili požadavky školy",47.4,27.0,vypsáno,18,60,18
Plzeňský kraj,Plzeň-město,Plzeň,Střední průmyslová škola dopravní,610100530,Provoz a ekonomika dopravy,37-41-M/01,Vnitrostátní a mezinárodní autodoprava,SOŠ,4,30,57,12,1.9,0.4,13,0,11,33,1.0,"místo bylo pro všechny, kdo splnili požadavky školy",42.15,30.0,vypsáno,17,33,6
Plzeňský kraj,Plzeň-město,Plzeň,Střední průmyslová škola dopravní,610100530,Požární ochrana,39-08-M/01,,SOŠ,4,30,106,51,3.533,1.7,30,22,26,28,0.577,středně těžké,54.63,33.0,nevypsáno,,,
Plzeňský kraj,Plzeň-město,Plzeň,Střední průmyslová škola dopravní,610100530,Autotronik,39-41-L/01,39-41-L/01,SOU s maturitou,4,60,154,78,2.567,1.3,60,3,38,53,0.952,dostala se většina soutěžících uchazečů,44.72,30.0,nevypsáno,,,
Plzeňský kraj,Plzeň-město,Plzeň,Střední průmyslová škola dopravní,610100530,Podnikání,64-41-L/51,,Nástavby,2,30,151,50,5.033,1.667,30,3,81,37,0.909,dostala se většina soutěžících uchazečů,37.7,22.0,nevypsáno,,,
Plzeňský kraj,Plzeň-město,Plzeň,Střední průmyslová škola stavební,600009734,Geodézie a katastr nemovitostí,36-46-M/01,,SOŠ,4,30,78,29,2.6,0.967,26,0,13,39,1.0,"místo bylo pro všechny, kdo splnili požadavky školy",54.28,37.0,vypsáno,4,11,2
Plzeňský kraj,Plzeň-město,Plzeň,Střední průmyslová škola stavební,600009734,Stavebnictví,36-47-M/01,,SOŠ,4,90,215,78,2.389,0.867,82,0,35,98,1.0,"místo bylo pro všechny, kdo splnili požadavky školy",59.09,34.0,vypsáno,8,16,3
Plzeňský kraj,Plzeň-město,Plzeň,Střední průmyslová škola stavební,600009734,Technické lyceum,78-42-M/01,,Lycea,4,30,79,40,2.633,1.333,30,14,5,30,0.682,dostala se většina soutěžících uchazečů,77.8,70.0,nevypsáno,,,
Plzeňský kraj,Plzeň-město,Plzeň,Střední zdravot.škola a VOŠ zdravotnická,600019675,Nutriční asistent,53-41-M/02,,SOŠ,4,20,89,21,4.45,1.05,19,26,0,43,0.422,těžké,56.32,45.0,"nevypsáno, i když obor nebyl naplněn",,,
Plzeňský kraj,Plzeň-město,Plzeň,Střední zdravot.škola a VOŠ zdravotnická,600019675,Praktická sestra,53-41-M/03,,SOŠ,4,94,278,119,2.957,1.266,94,96,3,85,0.495,těžké,49.87,31.0,nevypsáno,,,
Plzeňský kraj,Plzeň-město,Plzeň,Střední zdravot.škola a VOŠ zdravotnická,600019675,Laboratorní asistent,53-43-M/01,,SOŠ,4,27,97,28,3.593,1.037,26,28,2,40,0.481,těžké,60.73,45.0,"nevypsáno, i když obor nebyl naplněn",,,
Plzeňský kraj,Plzeň-město,Plzeň,Střední zdravot.škola a VOŠ zdravotnická,600019675,Asistent zubního technika,53-44-M/03,,SOŠ,4,28,198,102,7.071,3.643,28,108,3,59,0.206,velmi těžké,65.5,57.0,nevypsáno,,,
Plzeňský kraj,Plzeň-město,Plzeň,Střední zdravot.škola a VOŠ zdravotnická,600019675,Masér sportovní a rekondiční,69-41-L/02,,SOU s maturitou,4,16,98,50,6.125,3.125,16,51,0,31,0.239,velmi těžké,63.12,52.0,nevypsáno,,,
Plzeňský kraj,Plzeň-město,Plzeň,Střední zdravot.škola a VOŠ zdravotnická,600019675,Zdravotnické lyceum,78-42-M/04,,Lycea,4,62,253,99,4.081,1.597,62,87,4,100,0.416,těžké,65.35,56.0,nevypsáno,,,
Plzeňský kraj,Plzeň-město,Plzeň,Střední škola Montessori Plzeň,691018197,Přírodovědné lyceum,78-42-M/05,,Lycea,4,20,10,2,0.5,0.1,3,0,2,5,1.0,"místo bylo pro všechny, kdo splnili požadavky školy",62.0,,"nevypsáno, i když obor nebyl naplněn",,,
Plzeňský kraj,Plzeň-město,Plzeň,SŠ informatiky a finančních služeb,600009467,Informační technologie,18-20-M/01,	Informační technologie se specializací na ekonomické a podnikatelské kompetence a zpracování a vizualizaci dat (IT ekonomické a zpracování dat) ,SOŠ,4,30,93,25,3.1,0.833,30,6,17,40,0.833,dostala se většina soutěžících uchazečů,51.13,35.0,nevypsáno,,,
Plzeňský kraj,Plzeň-město,Plzeň,SŠ informatiky a finančních služeb,600009467,Informační technologie,18-20-M/01,Informační technologie se specializací na datovou analytiku nebo grafiku na PC nebo programování a vývoj SW nebo na počítačové sítě a kybernetickou bezpečnost (IT technické) ,SOŠ,4,64,238,106,3.719,1.656,64,19,67,88,0.771,dostala se většina soutěžících uchazečů,59.94,42.0,nevypsáno,,,
Plzeňský kraj,Plzeň-město,Plzeň,SŠ informatiky a finančních služeb,600009467,Technické lyceum,78-42-M/01,Technické lyceum ,Lycea,4,30,46,10,1.533,0.333,14,0,5,26,1.0,"místo bylo pro všechny, kdo splnili požadavky školy",49.64,24.0,"nevypsáno, i když obor nebyl naplněn",,,
Plzeňský kraj,Plzeň-město,Plzeň,VOŠ a SPŠ elektrotechnická,600009491,Informační technologie,18-20-M/01,"Datová analýza, vývoj aplikací, správa systémů",SOŠ,4,90,201,79,2.233,0.878,77,0,33,91,1.0,"místo bylo pro všechny, kdo splnili požadavky školy",59.43,29.0,vypsáno,13,23,3
Plzeňský kraj,Plzeň-město,Plzeň,VOŠ a SPŠ elektrotechnická,600009491,Informační technologie,18-20-M/01,IT pro firmy a podnikání,SOŠ,4,30,106,27,3.533,0.9,30,1,14,61,0.968,dostala se většina soutěžících uchazečů,54.8,36.0,nevypsáno,,,
Plzeňský kraj,Plzeň-město,Plzeň,VOŠ a SPŠ elektrotechnická,600009491,Elektrotechnika,26-41-M/01,Elektrotechnika,SOŠ,4,90,187,92,2.078,1.022,85,0,18,84,1.0,"místo bylo pro všechny, kdo splnili požadavky školy",56.02,31.0,"nevypsáno, i když obor nebyl naplněn",,,
Plzeňský kraj,Plzeň-město,Plzeň,VOŠ a SPŠ elektrotechnická,600009491,Elektrotechnika,26-41-M/01,Internet věcí,SOŠ,4,30,61,35,2.033,1.167,30,0,10,21,1.0,"místo bylo pro všechny, kdo splnili požadavky školy",65.57,42.0,nevypsáno,,,
Plzeňský kraj,Plzeň-město,Plzeň,VOŠ a SPŠ elektrotechnická,600009491,Technické lyceum,78-42-M/01,Technické lyceum,Lycea,4,90,125,40,1.389,0.444,46,0,15,64,1.0,"místo bylo pro všechny, kdo splnili požadavky školy",67.35,44.0,vypsáno,44,14,1
Plzeňský kraj,Plzeň-město,Plzeň,Waldorfská ZŠ a SŠ Dobromysl z.ú.,691005648,Kombinované lyceum,78-42-M/06,,Lycea,4,30,50,18,1.667,0.6,17,0,15,18,1.0,"místo bylo pro všechny, kdo splnili požadavky školy",59.29,39.0,vypsáno,13,7,2
Plzeňský kraj,Rokycany,Rokycany,Gymnázium a Střední odborná škola,600009831,Informační technologie,18-20-M/01,Informační a databázové systémy,SOŠ,4,30,53,20,1.767,0.667,26,0,0,27,1.0,"místo bylo pro všechny, kdo splnili požadavky školy",48.12,19.0,"nevypsáno, i když obor nebyl naplněn",,,
Plzeňský kraj,Rokycany,Rokycany,Gymnázium a Střední odborná škola,600009831,Předškolní a mimoškolní pedagogika,75-31-M/01,,SOŠ,4,30,129,52,4.3,1.733,30,44,0,55,0.405,těžké,59.37,45.0,nevypsáno,,,
Plzeňský kraj,Rokycany,Rokycany,Gymnázium a Střední odborná škola,600009831,Ekonomické lyceum,78-42-M/02,,Lycea,4,30,121,21,4.033,0.7,30,15,1,75,0.667,dostala se většina soutěžících uchazečů,52.6,36.0,nevypsáno,,,
Plzeňský kraj,Rokycany,Rokycany,Gymnázium a Střední odborná škola,600009831,Gymnázium,79-41-K/41,Inspirace a vzdělání v souvislostech,Gymnázia 4letá,4,30,60,40,2.0,1.333,30,7,9,14,0.811,dostala se většina soutěžících uchazečů,76.17,58.0,nevypsáno,,,
Plzeňský kraj,Rokycany,Rokycany,Gymnázium a Střední odborná škola,600009831,Gymnázium,79-41-K/41,Moje škola,Gymnázia 4letá,4,30,113,49,3.767,1.633,30,31,3,49,0.492,těžké,74.73,65.0,nevypsáno,,,
Plzeňský kraj,Rokycany,Rokycany,Gymnázium a Střední odborná škola,600009831,Gymnázium,79-41-K/81,Moje škola,Gymnázia 8letá,8,30,106,58,3.533,1.933,29,23,25,28,0.558,středně těžké,60.45,49.0,"nevypsáno, i když obor nebyl naplněn",,,
Plzeňský kraj,Rokycany,Rokycany,Střední škola,600009858,Provozní technika,23-43-L/51,Provozní technika,Nástavby,2,30,40,11,1.333,0.367,13,0,9,18,1.0,"místo bylo pro všechny, kdo splnili požadavky školy",29.38,23.0,"nevypsáno, i když obor nebyl naplněn",,,
Plzeňský kraj,Rokycany,Rokycany,Střední škola,600009858,Mechanik seřizovač,23-45-L/01,Obráběč kovů,SOU s maturitou,4,48,28,12,0.583,0.25,13,0,1,14,1.0,"místo bylo pro všechny, kdo splnili požadavky školy",30.23,16.0,"nevypsáno, i když obor nebyl naplněn",,,
Plzeňský kraj,Rokycany,Rokycany,Střední škola,600009858,Mechanik seřizovač,23-45-L/51,Mechanik seřizovač,Nástavby,2,30,29,23,0.967,0.767,21,0,5,3,1.0,"místo bylo pro všechny, kdo splnili požadavky školy",32.14,16.0,"nevypsáno, i když obor nebyl naplněn",,,
Plzeňský kraj,Rokycany,Rokycany,Střední škola,600009858,Podnikání,64-41-L/51,Podnikání,Nástavby,2,30,166,61,5.533,2.033,30,57,16,63,0.345,těžké,32.87,24.0,nevypsáno,,,
Plzeňský kraj,Rokycany,Rokycany,Střední škola,600009858,Gastronomie,65-41-L/01,Gastronomie,SOU s maturitou,4,30,26,11,0.867,0.367,11,0,3,12,1.0,"místo bylo pro všechny, kdo splnili požadavky školy",30.36,19.0,"nevypsáno, i když obor nebyl naplněn",,,
Plzeňský kraj,Rokycany,Rokycany,Střední škola,600009858,Obchodník,66-41-L/01,Obchodník,SOU s maturitou,4,30,42,9,1.4,0.3,19,0,0,22,1.0,"místo bylo pro všechny, kdo splnili požadavky školy",31.53,19.0,"nevypsáno, i když obor nebyl naplněn",,,
Plzeňský kraj,Domažlice,Staňkov,"Soukromá SOŠ a Gymnázium BEAN, s.r.o.",600008924,Obchodní akademie,63-41-M/02,,SOŠ,4,25,23,7,0.92,0.28,9,0,3,11,1.0,"místo bylo pro všechny, kdo splnili požadavky školy",31.22,,vypsáno,8,1,1
Plzeňský kraj,Domažlice,Staňkov,"Soukromá SOŠ a Gymnázium BEAN, s.r.o.",600008924,Podnikání,64-41-L/51,,Nástavby,2,15,14,2,0.933,0.133,2,0,1,11,1.0,"místo bylo pro všechny, kdo splnili požadavky školy",41.5,,vypsáno,8,11,6
Plzeňský kraj,Domažlice,Staňkov,"Soukromá SOŠ a Gymnázium BEAN, s.r.o.",600008924,Gymnázium,79-41-K/41,,Gymnázia 4letá,4,20,5,0,0.25,0.0,2,0,0,3,1.0,"místo bylo pro všechny, kdo splnili požadavky školy",26.0,,vypsáno,8,1,0
Plzeňský kraj,Tachov,Stříbro,Gymnázium,600009947,Obchodní akademie,63-41-M/02,Podnikání a služby cestovního ruchu,SOŠ,4,30,72,21,2.4,0.7,28,0,3,41,1.0,"místo bylo pro všechny, kdo splnili požadavky školy",48.52,25.0,"nevypsáno, i když obor nebyl naplněn",,,
Plzeňský kraj,Tachov,Stříbro,Gymnázium,600009947,Gymnázium,79-41-K/41,Škola pro 21. století,Gymnázia 4letá,4,30,49,17,1.633,0.567,20,0,3,26,1.0,"místo bylo pro všechny, kdo splnili požadavky školy",55.0,34.0,vypsáno,10,8,5
Plzeňský kraj,Tachov,Stříbro,Gymnázium,600009947,Gymnázium,79-41-K/81,Škola pro 21. století,Gymnázia 8letá,8,30,52,42,1.733,1.4,30,0,16,6,1.0,"místo bylo pro všechny, kdo splnili požadavky školy",47.27,28.0,nevypsáno,,,
Plzeňský kraj,Tachov,Stříbro,Střední odborná škola,600009980,Informační technologie,18-20-M/01,,SOŠ,4,23,33,13,1.435,0.565,11,0,8,14,1.0,"místo bylo pro všechny, kdo splnili požadavky školy",54.0,32.0,vypsáno,12,7,0
Plzeňský kraj,Tachov,Stříbro,Střední odborná škola,600009980,Agropodnikání,41-41-M/01,,SOŠ,4,30,58,29,1.933,0.967,26,0,11,20,1.0,"místo bylo pro všechny, kdo splnili požadavky školy",43.19,26.0,vypsáno,4,6,2
Plzeňský kraj,Tachov,Stříbro,Střední odborná škola,600009980,Veřejnosprávní činnost,68-43-M/01,,SOŠ,4,30,76,14,2.533,0.467,15,0,16,45,1.0,"místo bylo pro všechny, kdo splnili požadavky školy",40.53,24.0,vypsáno,14,19,8
Plzeňský kraj,Tachov,Stříbro,Střední odborná škola,600009980,Přírodovědné lyceum,78-42-M/05,,Lycea,4,23,49,10,2.13,0.435,17,0,6,26,1.0,"místo bylo pro všechny, kdo splnili požadavky školy",53.18,27.0,vypsáno,6,11,3
Plzeňský kraj,Klatovy,Sušice,Gymnázium,600009360,Gymnázium,79-41-K/41,,Gymnázia 4letá,4,32,61,17,1.906,0.531,20,0,0,41,1.0,"místo bylo pro všechny, kdo splnili požadavky školy",63.84,27.0,"nevypsáno, i když obor nebyl naplněn",,,
Plzeňský kraj,Klatovy,Sušice,Gymnázium,600009360,Gymnázium,79-41-K/81,,Gymnázia 8letá,8,32,43,30,1.344,0.938,32,2,0,9,0.941,dostala se většina soutěžících uchazečů,42.72,20.0,nevypsáno,,,
Plzeňský kraj,Klatovy,Sušice,Střední odborná škola a SOU,600009416,Elektrotechnika,26-41-M/01,,SOŠ,4,19,30,10,1.579,0.526,13,0,0,17,1.0,"místo bylo pro všechny, kdo splnili požadavky školy",42.0,26.0,vypsáno,6,2,1
Plzeňský kraj,Klatovy,Sušice,Střední odborná škola a SOU,600009416,Autotronik,39-41-L/01,,SOU s maturitou,4,15,17,6,1.133,0.4,9,0,0,8,1.0,"místo bylo pro všechny, kdo splnili požadavky školy",28.0,,vypsáno,6,5,2
Plzeňský kraj,Klatovy,Sušice,Střední odborná škola a SOU,600009416,Podnikání,64-41-L/51,,Nástavby,2,60,84,58,1.4,0.967,60,6,1,17,0.909,dostala se většina soutěžících uchazečů,28.1,14.0,nevypsáno,,,
Plzeňský kraj,Klatovy,Sušice,Střední odborná škola a SOU,600009416,Cestovní ruch,65-42-M/02,,SOŠ,4,26,49,14,1.885,0.538,20,0,1,28,1.0,"místo bylo pro všechny, kdo splnili požadavky školy",33.4,12.0,"nevypsáno, i když obor nebyl naplněn",,,
Plzeňský kraj,Klatovy,Sušice,Střední odborná škola a SOU,600009416,Sociální činnost,75-41-M/01,,SOŠ,4,30,43,12,1.433,0.4,14,0,0,28,1.0,"místo bylo pro všechny, kdo splnili požadavky školy",32.86,17.0,"nevypsáno, i když obor nebyl naplněn",,,
Plzeňský kraj,Tachov,Tachov,Gymnázium,600009955,Gymnázium,79-41-K/61,,Gymnázia 6letá,6,60,47,39,0.783,0.65,39,0,3,5,1.0,"místo bylo pro všechny, kdo splnili požadavky školy",38.28,20.0,"nevypsáno, i když obor nebyl naplněn",,,
Plzeňský kraj,Tachov,Tachov,Střední průmyslová škola,600170535,Informační technologie,18-20-M/01,,SOŠ,4,30,23,5,0.767,0.167,12,0,0,11,1.0,"místo bylo pro všechny, kdo splnili požadavky školy",37.56,,"nevypsáno, i když obor nebyl naplněn",,,
Plzeňský kraj,Tachov,Tachov,Střední průmyslová škola,600170535,Strojírenství,23-41-M/01,,SOŠ,4,15,5,2,0.333,0.133,2,0,0,3,1.0,"místo bylo pro všechny, kdo splnili požadavky školy",63.0,,vypsáno,13,0,0
Plzeňský kraj,Tachov,Tachov,Střední průmyslová škola,600170535,Mechanik seřizovač,23-45-L/01,23-56-H/01 Obráběč kovů,SOU s maturitou,4,15,21,8,1.4,0.533,8,0,0,13,1.0,"místo bylo pro všechny, kdo splnili požadavky školy",32.12,,"nevypsáno, i když obor nebyl naplněn",,,
Plzeňský kraj,Tachov,Tachov,Střední průmyslová škola,600170535,Mechanik elektrotechnik,26-41-L/01,26-52-H/01 Elektromechanik pro zařízení a přístroje,SOU s maturitou,4,15,23,12,1.533,0.8,12,0,0,11,1.0,"místo bylo pro všechny, kdo splnili požadavky školy",30.09,12.0,"nevypsáno, i když obor nebyl naplněn",,,
Plzeňský kraj,Tachov,Tachov,Střední průmyslová škola,600170535,Technická zařízení budov,36-45-M/01,,SOŠ,4,15,15,6,1.0,0.4,6,0,0,9,1.0,"místo bylo pro všechny, kdo splnili požadavky školy",39.67,,vypsáno,9,0,0
Plzeňský kraj,Tachov,Tachov,Střední průmyslová škola,600170535,Ekonomika a podnikání,63-41-M/01,,SOŠ,4,15,27,6,1.8,0.4,11,0,0,16,1.0,"místo bylo pro všechny, kdo splnili požadavky školy",30.27,17.0,vypsáno,4,4,3
Plzeňský kraj,Tachov,Tachov,Střední průmyslová škola,600170535,Technické lyceum,78-42-M/01,,Lycea,4,15,14,1,0.933,0.067,1,0,0,13,1.0,"místo bylo pro všechny, kdo splnili požadavky školy",42.0,,"nevypsáno, i když obor nebyl naplněn",,,
Středočeský kraj,Praha-východ,Babice,"OPEN GATE - gymnázium a ZŠ, s.r.o.",650068955,Gymnázium,79-41-K/81,,Gymnázia 8letá,8,36,90,57,2.5,1.583,36,39,0,15,0.48,těžké,76.97,58.0,nevypsáno,,,
Středočeský kraj,Benešov,Benešov,Gymnázium,600006671,Gymnázium,79-41-K/41,,Gymnázia 4letá,4,60,143,48,2.383,0.8,60,8,0,75,0.882,dostala se většina soutěžících uchazečů,71.08,53.0,nevypsáno,,,
Středočeský kraj,Benešov,Benešov,Gymnázium,600006671,Gymnázium,79-41-K/81,,Gymnázia 8letá,8,30,198,106,6.6,3.533,30,136,5,27,0.181,velmi těžké,73.67,64.0,nevypsáno,,,
Středočeský kraj,Benešov,Benešov,Integrovaná střední škola technická,600170098,Mechanik elektrotechnik,26-41-L/01,mechanik elektronik,SOU s maturitou,4,30,64,17,2.133,0.567,21,0,17,24,1.0,"místo bylo pro všechny, kdo splnili požadavky školy",42.1,30.0,vypsáno,7,11,5
Středočeský kraj,Benešov,Benešov,SOŠ a SZŠ,600006727,Praktická sestra,53-41-M/03,,SOŠ,4,30,90,32,3.0,1.067,30,20,0,40,0.6,středně těžké,50.33,33.0,nevypsáno,,,
Středočeský kraj,Benešov,Benešov,SOŠ a SZŠ,600006727,Asistent zubního technika,53-44-M/03,,SOŠ,4,24,106,52,4.417,2.167,24,49,7,26,0.329,velmi těžké,58.79,43.0,nevypsáno,,,
Středočeský kraj,Benešov,Benešov,SOŠ a SZŠ,600006727,Veřejnosprávní činnost,68-43-M/01,,SOŠ,4,20,93,28,4.65,1.4,20,20,0,53,0.5,středně těžké,54.95,46.0,nevypsáno,,,
Středočeský kraj,Benešov,Benešov,SOŠ a SZŠ,600006727,Sociální činnost,75-41-M/01,,SOŠ,4,20,85,31,4.25,1.55,20,23,0,42,0.465,těžké,46.2,31.0,nevypsáno,,,
Středočeský kraj,Benešov,Benešov,Vyšší odborná škola a Střední zem. škola,600006689,Agropodnikání,41-41-M/01,Chov koní a jezdectví,SOŠ,4,10,40,20,4.0,2.0,10,18,1,11,0.357,těžké,50.7,36.0,nevypsáno,,,
Středočeský kraj,Benešov,Benešov,Vyšší odborná škola a Střední zem. škola,600006689,Agropodnikání,41-41-M/01,Mechanizace v precizním zemědělství,SOŠ,4,10,23,4,2.3,0.4,8,0,0,14,1.0,"místo bylo pro všechny, kdo splnili požadavky školy",33.5,,vypsáno,2,0,0
Středočeský kraj,Benešov,Benešov,Vyšší odborná škola a Střední zem. škola,600006689,Agropodnikání,41-41-M/01,Podnikání v precizním zemědělství,SOŠ,4,10,24,9,2.4,0.9,10,0,0,14,1.0,"místo bylo pro všechny, kdo splnili požadavky školy",44.8,36.0,nevypsáno,,,
Středočeský kraj,Benešov,Benešov,Vyšší odborná škola a Střední zem. škola,600006689,Zahradnictví,41-44-M/01,Design městské zeleně,SOŠ,4,11,17,1,1.545,0.091,4,0,0,13,1.0,"místo bylo pro všechny, kdo splnili požadavky školy",24.5,,vypsáno,7,11,6
Středočeský kraj,Benešov,Benešov,Vyšší odborná škola a Střední zem. škola,600006689,Zahradnictví,41-44-M/01,Tvorba a údržba zeleně,SOŠ,4,10,18,7,1.8,0.7,8,0,0,10,1.0,"místo bylo pro všechny, kdo splnili požadavky školy",45.12,,vypsáno,2,4,1
Středočeský kraj,Benešov,Benešov,Vyšší odborná škola a Střední zem. škola,600006689,Veterinářství,43-41-M/01,PET specialista,SOŠ,4,15,59,22,3.933,1.467,15,22,1,21,0.405,těžké,52.67,37.0,nevypsáno,,,
Středočeský kraj,Benešov,Benešov,Vyšší odborná škola a Střední zem. škola,600006689,Veterinářství,43-41-M/01,Veterinární technik,SOŠ,4,15,58,28,3.867,1.867,15,24,0,19,0.385,těžké,62.93,43.0,nevypsáno,,,
Středočeský kraj,Benešov,Benešov,Vyšší odborná škola a Střední zem. škola,600006689,Přírodovědné lyceum,78-42-M/05,Věda a výzkum,Lycea,4,30,45,19,1.5,0.633,25,0,0,20,1.0,"místo bylo pro všechny, kdo splnili požadavky školy",61.88,29.0,vypsáno,5,12,4
Středočeský kraj,Benešov,Benešov,Vyšší odborná škola a Střední zem. škola,600006689,Lyceum (režim pokusného ověřování),78-42-M/08,"Humánní a veterinární medicína, AI v zemědělství",Lycea,4,20,39,13,1.95,0.65,17,0,0,22,1.0,"místo bylo pro všechny, kdo splnili požadavky školy",56.29,9.0,vypsáno,3,16,3
Středočeský kraj,Mladá Boleslav,Benátky nad Jizerou,"Základní škola a Střední škola Otevřeno, z. ú.",691009724,Kombinované lyceum,78-42-M/06,,Lycea,4,15,12,2,0.8,0.133,1,0,5,6,1.0,"místo bylo pro všechny, kdo splnili požadavky školy",31.0,,vypsáno,20,13,2
Středočeský kraj,Beroun,Beroun,Gymnázium Joachima Barranda,600006808,Gymnázium,79-41-K/41,,Gymnázia 4letá,4,60,126,57,2.1,0.95,60,12,0,54,0.833,dostala se většina soutěžících uchazečů,76.6,59.0,nevypsáno,,,
Středočeský kraj,Beroun,Beroun,Gymnázium Joachima Barranda,600006808,Gymnázium,79-41-K/81,,Gymnázia 8letá,8,30,187,126,6.233,4.2,30,134,0,23,0.183,velmi těžké,76.34,67.0,nevypsáno,,,
Středočeský kraj,Beroun,Beroun,"Manažerská akademie, soukromá SŠ",651027888,Veřejnosprávní činnost,68-43-M/01,Připraven na úspěšný a spokojený život,SOŠ,4,46,127,65,2.761,1.413,46,35,1,45,0.568,středně těžké,64.22,48.0,nevypsáno,,,
Středočeský kraj,Beroun,Beroun,"MŠ, ZŠ a gymnázium VIA BEROUN",691014566,Gymnázium,79-41-K/41,,Gymnázia 4letá,4,60,31,14,0.517,0.233,17,0,5,9,1.0,"místo bylo pro všechny, kdo splnili požadavky školy",67.31,47.0,vypsáno,10,3,2
Středočeský kraj,Beroun,Beroun,"OA, SPgŠ a JŠ s právem SJZ",600006832,Obchodní akademie,63-41-M/02,,SOŠ,4,30,220,45,7.333,1.5,30,22,49,119,0.577,středně těžké,60.97,47.0,nevypsáno,,,
Středočeský kraj,Beroun,Beroun,"OA, SPgŠ a JŠ s právem SJZ",600006832,Předškolní a mimoškolní pedagogika,75-31-M/01,,SOŠ,4,60,138,66,2.3,1.1,56,0,36,46,1.0,"místo bylo pro všechny, kdo splnili požadavky školy",51.95,24.0,vypsáno,4,10,3
Středočeský kraj,Beroun,Beroun,"OA, SPgŠ a JŠ s právem SJZ",600006832,Ekonomické lyceum,78-42-M/02,,Lycea,4,30,116,25,3.867,0.833,30,2,15,69,0.938,dostala se většina soutěžících uchazečů,64.5,45.0,nevypsáno,,,
Středočeský kraj,Beroun,Beroun,"OA, SPgŠ a JŠ s právem SJZ",600006832,Pedagogické lyceum,78-42-M/03,,Lycea,4,30,145,44,4.833,1.467,29,35,0,80,0.453,těžké,65.76,51.0,"nevypsáno, i když obor nebyl naplněn",,,
Středočeský kraj,Beroun,Beroun,"OA, SPgŠ a JŠ s právem SJZ",600006832,Lyceum (režim pokusného ověřování),78-42-M/08,,Lycea,4,30,69,16,2.3,0.533,20,0,12,37,1.0,"místo bylo pro všechny, kdo splnili požadavky školy",62.1,34.0,vypsáno,10,22,10
Středočeský kraj,Beroun,Beroun,SOŠ a SOU,600006859,Podnikání,64-41-L/51,,Nástavby,2,30,137,74,4.567,2.467,29,71,2,34,0.29,velmi těžké,40.14,29.0,"nevypsáno, i když obor nebyl naplněn",,,
Středočeský kraj,Beroun,Beroun,SOŠ a SOU,600006859,Cestovní ruch,65-42-M/02,,SOŠ,4,30,133,21,4.433,0.7,26,0,37,68,1.0,"místo bylo pro všechny, kdo splnili požadavky školy",41.08,25.0,vypsáno,3,33,2
Středočeský kraj,Beroun,Beroun,SOŠ a SOU,600006859,Lyceum (režim pokusného ověřování),78-42-M/08,,Lycea,4,60,103,12,1.717,0.2,25,0,13,65,1.0,"místo bylo pro všechny, kdo splnili požadavky školy",43.44,31.0,vypsáno,35,66,20
Středočeský kraj,Beroun,Beroun,Střední zdravotnická škola,600019497,Praktická sestra,53-41-M/03,,SOŠ,4,28,82,28,2.929,1.0,28,21,2,31,0.571,středně těžké,48.69,31.0,nevypsáno,,,
Středočeský kraj,Beroun,Beroun,Střední zdravotnická škola,600019497,Zdravotnické lyceum,78-42-M/04,,Lycea,4,28,93,38,3.321,1.357,28,14,14,37,0.667,dostala se většina soutěžících uchazečů,64.71,51.0,nevypsáno,,,
Středočeský kraj,Beroun,Beroun,Střední škola Baltimore z. ú.,691020094,Kombinované lyceum,78-42-M/06,,Lycea,4,46,19,2,0.413,0.043,5,0,0,13,1.0,"místo bylo pro všechny, kdo splnili požadavky školy",35.6,,vypsáno,40,5,2
Středočeský kraj,Praha-východ,Brandýs nad Labem-Stará Boleslav,Gymnázium J. S. Machara,600007774,Technické lyceum,78-42-M/01,,Lycea,4,30,65,17,2.167,0.567,23,0,10,32,1.0,"místo bylo pro všechny, kdo splnili požadavky školy",68.74,47.0,vypsáno,7,13,2
Středočeský kraj,Praha-východ,Brandýs nad Labem-Stará Boleslav,Gymnázium J. S. Machara,600007774,Gymnázium,79-41-K/41,,Gymnázia 4letá,4,30,94,41,3.133,1.367,30,14,5,45,0.682,dostala se většina soutěžících uchazečů,80.28,69.0,nevypsáno,,,
Středočeský kraj,Praha-východ,Brandýs nad Labem-Stará Boleslav,Gymnázium J. S. Machara,600007774,Gymnázium,79-41-K/81,,Gymnázia 8letá,8,30,233,123,7.767,4.1,30,82,85,36,0.268,velmi těžké,80.13,73.0,nevypsáno,,,
Středočeský kraj,Praha-východ,Brandýs nad Labem-Stará Boleslav,Střední zemědělská škola,600007731,Ekologie a životní prostředí,16-01-M/01,,SOŠ,4,30,105,19,3.5,0.633,30,6,0,69,0.833,dostala se většina soutěžících uchazečů,45.67,26.0,nevypsáno,,,
Středočeský kraj,Praha-východ,Brandýs nad Labem-Stará Boleslav,Střední zemědělská škola,600007731,Agropodnikání,41-41-M/01,Agropodnikání,SOŠ,4,15,52,19,3.467,1.267,15,12,0,25,0.556,středně těžké,49.13,24.0,nevypsáno,,,
Středočeský kraj,Praha-východ,Brandýs nad Labem-Stará Boleslav,Střední zemědělská škola,600007731,Agropodnikání,41-41-M/01,Chov koní a jezdectví,SOŠ,4,15,37,19,2.467,1.267,15,8,1,13,0.652,středně těžké,49.93,35.0,nevypsáno,,,
Středočeský kraj,Příbram,Březnice,VOŠ a SOŠ,600007871,Informační technologie,18-20-M/01,,SOŠ,4,30,52,10,1.733,0.333,15,0,1,35,1.0,"místo bylo pro všechny, kdo splnili požadavky školy",39.2,22.0,vypsáno,14,14,5
Středočeský kraj,Příbram,Březnice,VOŠ a SOŠ,600007871,Agropodnikání,41-41-M/01,,SOŠ,4,30,26,4,0.867,0.133,7,0,1,18,1.0,"místo bylo pro všechny, kdo splnili požadavky školy",37.71,,vypsáno,23,8,3
Středočeský kraj,Příbram,Březnice,VOŠ a SOŠ,600007871,Sociální činnost,75-41-M/01,,SOŠ,4,30,58,13,1.933,0.433,29,0,1,28,1.0,"místo bylo pro všechny, kdo splnili požadavky školy",28.79,15.0,vypsáno,1,7,1
Středočeský kraj,Příbram,Dobříš,Gymnázium Karla Čapka,600007812,Gymnázium,79-41-K/41,,Gymnázia 4letá,4,30,97,35,3.233,1.167,30,8,4,55,0.789,dostala se většina soutěžících uchazečů,75.63,54.0,nevypsáno,,,
Středočeský kraj,Příbram,Dobříš,Gymnázium Karla Čapka,600007812,Gymnázium,79-41-K/81,,Gymnázia 8letá,8,30,147,92,4.9,3.067,29,23,72,22,0.558,středně těžké,73.69,61.0,"nevypsáno, i když obor nebyl naplněn",,,
Středočeský kraj,Praha-západ,Dolní Břežany,"SŠ, ZŠ a MŠ da Vinci",691001529,Gymnázium,79-41-K/41,,Gymnázia 4letá,4,20,59,32,2.95,1.6,20,12,6,21,0.625,středně těžké,75.15,55.0,nevypsáno,,,
Středočeský kraj,Příbram,Dubno,SOŠ a SOU,600007928,Mechanik elektrotechnik,26-41-L/01,,SOU s maturitou,4,12,48,6,4.0,0.5,9,0,4,35,1.0,"místo bylo pro všechny, kdo splnili požadavky školy",37.44,,vypsáno,3,7,3
Středočeský kraj,Příbram,Dubno,SOŠ a SOU,600007928,Požární ochrana,39-08-M/01,,SOŠ,4,23,67,32,2.913,1.391,23,15,3,26,0.605,středně těžké,47.43,38.0,nevypsáno,,,
Středočeský kraj,Příbram,Dubno,SOŠ a SOU,600007928,Autotronik,39-41-L/01,,SOU s maturitou,4,24,55,25,2.292,1.042,24,4,3,24,0.857,dostala se většina soutěžících uchazečů,41.7,20.0,nevypsáno,,,
Středočeský kraj,Příbram,Dubno,SOŠ a SOU,600007928,Bezpečnostně právní činnost,68-42-M/01,,SOŠ,4,30,130,73,4.333,2.433,30,33,28,39,0.476,těžké,63.47,48.0,nevypsáno,,,
Středočeský kraj,Příbram,Hluboš,Střední odborné učiliště,600007880,Operátor dřevařské a nábytkářské výroby,33-41-L/01,,SOU s maturitou,4,30,24,11,0.8,0.367,10,0,5,9,1.0,"místo bylo pro všechny, kdo splnili požadavky školy",38.5,25.0,vypsáno,20,6,2
Středočeský kraj,Příbram,Hluboš,Střední odborné učiliště,600007880,Kosmetické služby,69-41-L/01,,SOU s maturitou,4,30,106,31,3.533,1.033,26,0,35,42,1.0,"místo bylo pro všechny, kdo splnili požadavky školy",31.81,23.0,vypsáno,1,8,1
Středočeský kraj,Mladá Boleslav,Horky nad Jizerou,SOŠ a SOU,600007511,Gastronomie,65-41-L/01,,SOU s maturitou,4,23,47,11,2.043,0.478,23,1,1,22,0.958,dostala se většina soutěžících uchazečů,30.17,20.0,nevypsáno,,,
Středočeský kraj,Mladá Boleslav,Horky nad Jizerou,SOŠ a SOU,600007511,Cestovní ruch,65-42-M/02,,SOŠ,4,30,126,37,4.2,1.233,30,34,2,60,0.469,těžké,43.7,28.0,nevypsáno,,,
Středočeský kraj,Praha-západ,Hostivice,Gymnázium,691002339,Gymnázium,79-41-K/41,,Gymnázia 4letá,4,44,171,32,3.886,0.727,42,1,27,99,0.977,dostala se většina soutěžících uchazečů,71.52,59.0,"nevypsáno, i když obor nebyl naplněn",,,
Středočeský kraj,Praha-západ,Hostivice,Gymnázium,691002339,Gymnázium,79-41-K/81,,Gymnázia 8letá,8,30,253,94,8.433,3.133,30,166,0,57,0.153,velmi těžké,76.67,68.0,nevypsáno,,,
Středočeský kraj,Beroun,Hořovice,Gymnázium Václava Hraběte,600006816,Gymnázium,79-41-K/41,,Gymnázia 4letá,4,30,78,38,2.6,1.267,30,13,0,35,0.698,dostala se většina soutěžících uchazečů,76.1,52.0,nevypsáno,,,
Středočeský kraj,Beroun,Hořovice,Gymnázium Václava Hraběte,600006816,Gymnázium,79-41-K/81,,Gymnázia 8letá,8,30,134,68,4.467,2.267,30,82,1,21,0.268,velmi těžké,68.13,58.0,nevypsáno,,,
Středočeský kraj,Beroun,Hořovice,SOŠ a SOU,600006841,Informační technologie,18-20-M/01,Informatika v ekonomice,SOŠ,4,23,76,25,3.304,1.087,21,0,20,34,1.0,"místo bylo pro všechny, kdo splnili požadavky školy",53.16,36.0,vypsáno,1,3,0
Středočeský kraj,Beroun,Hořovice,SOŠ a SOU,600006841,Strojírenství,23-41-M/01,Technologie a konstrukce,SOŠ,4,23,36,7,1.565,0.304,7,0,5,24,1.0,"místo bylo pro všechny, kdo splnili požadavky školy",55.0,,vypsáno,16,4,0
Středočeský kraj,Beroun,Hořovice,SOŠ a SOU,600006841,Mechanik elektrotechnik,26-41-L/01,Průmyslová elektronika a elektrotechnika,SOU s maturitou,4,12,38,16,3.167,1.333,11,0,8,18,1.0,"místo bylo pro všechny, kdo splnili požadavky školy",44.18,30.0,vypsáno,1,1,0
Středočeský kraj,Beroun,Hořovice,SOŠ a SOU,600006841,Veterinářství,43-41-M/01,Technik veterinárních služeb,SOŠ,4,17,43,14,2.529,0.824,15,0,11,17,1.0,"místo bylo pro všechny, kdo splnili požadavky školy",48.8,34.0,vypsáno,1,10,1
Středočeský kraj,Beroun,Hořovice,SOŠ a SOU,600006841,Ekonomika a podnikání,63-41-M/01,Ekonomika a informatika v podnikání,SOŠ,4,28,79,15,2.821,0.536,19,0,20,40,1.0,"místo bylo pro všechny, kdo splnili požadavky školy",46.22,36.0,vypsáno,9,14,3
Středočeský kraj,Beroun,Hořovice,SOŠ a SOU,600006841,Lyceum (režim pokusného ověřování),78-42-M/08,1) Přírodní a potravinové zdroje  2) Udržitelný rozvoj společnosti,Lycea,4,22,41,4,1.864,0.182,6,0,11,24,1.0,"místo bylo pro všechny, kdo splnili požadavky školy",58.0,,vypsáno,16,19,6
Středočeský kraj,Praha-západ,Jesenice,"Sunny Canadian IS-ZŠ a Gymnázium, s.r.o.",651024617,Gymnázium,79-41-K/41,,Gymnázia 4letá,4,27,44,30,1.63,1.111,27,3,7,7,0.9,dostala se většina soutěžících uchazečů,72.63,59.0,nevypsáno,,,
Středočeský kraj,Praha-západ,Jílové u Prahy,SOŠ a SOU,600007791,Ekologie a životní prostředí,16-01-M/01,Ekologie a životní prostředí,SOŠ,4,30,35,5,1.167,0.167,14,0,7,13,1.0,"místo bylo pro všechny, kdo splnili požadavky školy",46.23,25.0,"nevypsáno, i když obor nebyl naplněn",,,
Středočeský kraj,Praha-západ,Jílové u Prahy,SOŠ a SOU,600007791,Veřejnosprávní činnost,68-43-M/01,Veřejnosprávní činnost,SOŠ,4,30,36,4,1.2,0.133,10,0,11,15,1.0,"místo bylo pro všechny, kdo splnili požadavky školy",46.0,28.0,"nevypsáno, i když obor nebyl naplněn",,,
Středočeský kraj,Kladno,Kladno,"1. klad. soukr. SŠ a ZŠ (1.KŠPA), s.r.o.",600006930,Informační technologie,18-20-M/01,Informační technologie,SOŠ,4,30,27,6,0.9,0.2,8,0,1,18,1.0,"místo bylo pro všechny, kdo splnili požadavky školy",31.75,,"nevypsáno, i když obor nebyl naplněn",,,
Středočeský kraj,Kladno,Kladno,"1. klad. soukr. SŠ a ZŠ (1.KŠPA), s.r.o.",600006930,Ekonomika a podnikání,63-41-M/01,Management sportu,SOŠ,4,15,60,12,4.0,0.8,14,13,1,31,0.519,středně těžké,41.93,31.0,"nevypsáno, i když obor nebyl naplněn",,,
Středočeský kraj,Kladno,Kladno,"1. klad. soukr. SŠ a ZŠ (1.KŠPA), s.r.o.",600006930,Ekonomika a podnikání,63-41-M/01,Podnikání,SOŠ,4,15,49,2,3.267,0.133,12,1,1,32,0.923,dostala se většina soutěžících uchazečů,33.33,23.0,"nevypsáno, i když obor nebyl naplněn",,,
Středočeský kraj,Kladno,Kladno,"1. klad. soukr. SŠ a ZŠ (1.KŠPA), s.r.o.",600006930,Cestovní ruch,65-42-M/02,Cestovní ruch,SOŠ,4,30,84,13,2.8,0.433,29,5,2,47,0.853,dostala se většina soutěžících uchazečů,39.03,24.0,"nevypsáno, i když obor nebyl naplněn",,,
Středočeský kraj,Kladno,Kladno,"1. klad. soukr. SŠ a ZŠ (1.KŠPA), s.r.o.",600006930,Gymnázium,79-41-K/41,,Gymnázia 4letá,4,25,21,2,0.84,0.08,8,0,0,13,1.0,"místo bylo pro všechny, kdo splnili požadavky školy",39.43,,vypsáno,17,46,14
Středočeský kraj,Kladno,Kladno,Gymnázium,600006972,Gymnázium,79-41-K/41,,Gymnázia 4letá,4,90,316,118,3.511,1.311,90,76,3,147,0.542,středně těžké,79.04,65.0,nevypsáno,,,
Středočeský kraj,Kladno,Kladno,Gymnázium,600006972,Gymnázium,79-41-K/81,,Gymnázia 8letá,8,30,185,86,6.167,2.867,29,100,13,42,0.225,velmi těžké,71.48,62.0,"nevypsáno, i když obor nebyl naplněn",,,
Středočeský kraj,Kladno,Kladno,"SHŠ, VOŠ a JŠ s právem SJZ s.r.o.",600020207,Hotelnictví,65-42-M/01,,SOŠ,4,42,120,38,2.857,0.905,42,27,0,51,0.609,středně těžké,44.17,20.0,nevypsáno,,,
Středočeský kraj,Kladno,Kladno,SOŠ a SOU,600170128,Mechanik elektrotechnik,26-41-L/01,,SOU s maturitou,4,30,81,37,2.7,1.233,30,15,0,36,0.667,dostala se většina soutěžících uchazečů,49.63,35.0,nevypsáno,,,
Středočeský kraj,Kladno,Kladno,SOŠ a SOU,600170128,Požární ochrana,39-08-M/01,Strojník požární techniky,SOŠ,4,30,82,35,2.733,1.167,30,19,1,32,0.612,středně těžké,46.1,22.0,nevypsáno,,,
Středočeský kraj,Kladno,Kladno,SOŠ a SOU,600170128,Autotronik,39-41-L/01,,SOU s maturitou,4,24,77,23,3.208,0.958,23,11,0,42,0.676,dostala se většina soutěžících uchazečů,43.52,29.0,"nevypsáno, i když obor nebyl naplněn",,,
Středočeský kraj,Kladno,Kladno,SOŠ a SOU,600170128,Veřejnosprávní činnost,68-43-M/01,Bezpečnost a právo,SOŠ,4,30,151,59,5.033,1.967,30,66,0,55,0.312,velmi těžké,60.33,50.0,nevypsáno,,,
Středočeský kraj,Kladno,Kladno,SOŠ a SOU,600170128,Technické lyceum,78-42-M/01,Elektrotechnika a strojírenství,Lycea,4,30,29,1,0.967,0.033,7,0,4,18,1.0,"místo bylo pro všechny, kdo splnili požadavky školy",37.0,,"nevypsáno, i když obor nebyl naplněn",,,
Středočeský kraj,Kladno,Kladno,SPgŠ a SOŠ,600007065,Logistické a finanční služby,37-42-M/01,,SOŠ,4,30,125,30,4.167,1.0,29,8,30,57,0.784,dostala se většina soutěžících uchazečů,53.52,41.0,"nevypsáno, i když obor nebyl naplněn",,,
Středočeský kraj,Kladno,Kladno,SPgŠ a SOŠ,600007065,Předškolní a mimoškolní pedagogika,75-31-M/01,,SOŠ,4,30,95,45,3.167,1.5,30,11,30,24,0.732,dostala se většina soutěžících uchazečů,59.37,42.0,nevypsáno,,,
Středočeský kraj,Kladno,Kladno,SPgŠ a SOŠ,600007065,Sociální činnost,75-41-M/01,,SOŠ,4,30,105,26,3.5,0.867,21,0,49,35,1.0,"místo bylo pro všechny, kdo splnili požadavky školy",48.24,36.0,vypsáno,9,27,4
Středočeský kraj,Kladno,Kladno,SPgŠ a SOŠ,600007065,Pedagogické lyceum,78-42-M/03,,Lycea,4,30,139,48,4.633,1.6,30,9,51,49,0.769,dostala se většina soutěžících uchazečů,64.67,51.0,nevypsáno,,,
Středočeský kraj,Kladno,Kladno,SPgŠ a SOŠ,600007065,Kombinované lyceum,78-42-M/06,,Lycea,4,30,174,52,5.8,1.733,30,17,58,69,0.638,středně těžké,68.07,55.0,nevypsáno,,,
Středočeský kraj,Kladno,Kladno,SPŠ a VOŠ,600006905,Informační technologie,18-20-M/01,Informační technologie a podnikání,SOŠ,4,60,109,31,1.817,0.517,40,0,12,57,1.0,"místo bylo pro všechny, kdo splnili požadavky školy",45.79,24.0,vypsáno,20,66,19
Středočeský kraj,Kladno,Kladno,SPŠ a VOŠ,600006905,Strojírenství,23-41-M/01,3D modelování a technologie,SOŠ,4,30,56,12,1.867,0.4,18,0,1,37,1.0,"místo bylo pro všechny, kdo splnili požadavky školy",43.0,28.0,vypsáno,12,18,9
Středočeský kraj,Kladno,Kladno,SPŠ a VOŠ,600006905,Elektrotechnika,26-41-M/01,"Aplikace elektrotechniky, zaměření Automatizace a robotika ",SOŠ,4,15,46,13,3.067,0.867,15,6,1,24,0.714,dostala se většina soutěžících uchazečů,59.4,43.0,nevypsáno,,,
Středočeský kraj,Kladno,Kladno,SPŠ a VOŠ,600006905,Elektrotechnika,26-41-M/01,"Aplikace elektrotechniky, zaměření Elektroenergetika",SOŠ,4,15,59,14,3.933,0.933,15,4,1,39,0.789,dostala se většina soutěžících uchazečů,55.8,43.0,nevypsáno,,,
Středočeský kraj,Kladno,Kladno,SPŠ a VOŠ,600006905,Elektrotechnika,26-41-M/01,Elektronické počítačové systémy,SOŠ,4,30,59,20,1.967,0.667,23,0,2,34,1.0,"místo bylo pro všechny, kdo splnili požadavky školy",50.26,26.0,vypsáno,7,20,6
Středočeský kraj,Kladno,Kladno,SPŠ stavební a Obchodní akademie,600006964,Stavebnictví,36-47-M/01,,SOŠ,4,60,153,46,2.55,0.767,60,6,9,78,0.909,dostala se většina soutěžících uchazečů,54.27,40.0,nevypsáno,,,
Středočeský kraj,Kladno,Kladno,SPŠ stavební a Obchodní akademie,600006964,Obchodní akademie,63-41-M/02,,SOŠ,4,30,160,50,5.333,1.667,30,34,38,58,0.469,těžké,69.67,60.0,nevypsáno,,,
Středočeský kraj,Kladno,Kladno,SPŠ stavební a Obchodní akademie,600006964,Technické lyceum,78-42-M/01,,Lycea,4,28,83,43,2.964,1.536,28,14,7,34,0.667,dostala se většina soutěžících uchazečů,76.36,64.0,nevypsáno,,,
Středočeský kraj,Kladno,Kladno,SPŠ stavební a Obchodní akademie,600006964,Ekonomické lyceum,78-42-M/02,,Lycea,4,30,119,38,3.967,1.267,30,19,20,50,0.612,středně těžké,69.4,60.0,nevypsáno,,,
Středočeský kraj,Kladno,Kladno,Sportovní gymnázium,600171728,Gymnázium,79-41-K/41,všeobecné/s rozšířenou výukou tělesné výchovy,Gymnázia 4letá,4,31,144,35,4.645,1.129,31,30,5,78,0.508,středně těžké,72.71,61.0,nevypsáno,,,
Středočeský kraj,Kladno,Kladno,Sportovní gymnázium,600171728,Gymnázium,79-41-K/81,s rozšířenou výukou tělesné výchovy,Gymnázia 8letá,8,31,184,77,5.935,2.484,30,59,47,47,0.337,těžké,64.47,50.0,"nevypsáno, i když obor nebyl naplněn",,,
Středočeský kraj,Kladno,Kladno,Sportovní gymnázium,600171728,Gymnázium,79-41-K/81,všeobecné,Gymnázia 8letá,8,31,203,53,6.548,1.71,30,66,46,60,0.312,velmi těžké,62.63,51.0,"nevypsáno, i když obor nebyl naplněn",,,
Středočeský kraj,Kladno,Kladno,Sportovní gymnázium,600171728,Gymnázium se sportovní přípravou,79-42-K/41,,Gymnázia 4letá,4,32,163,77,5.094,2.406,32,45,29,57,0.416,těžké,71.91,54.0,nevypsáno,,,
Středočeský kraj,Kladno,Kladno,Střední zdrav. škola a VOŠ zdravotnická,600019519,Praktická sestra,53-41-M/03,,SOŠ,4,85,242,98,2.847,1.153,84,74,4,79,0.532,středně těžké,47.39,36.0,"nevypsáno, i když obor nebyl naplněn",,,
Středočeský kraj,Kladno,Kladno,Střední zdrav. škola a VOŠ zdravotnická,600019519,Zdravotnické lyceum,78-42-M/04,,Lycea,4,28,124,34,4.429,1.214,28,45,0,51,0.384,těžké,59.89,43.0,nevypsáno,,,
Středočeský kraj,Kladno,Kladno,Střední škola designu a řemesel,600007073,Technologie potravin,29-41-L/51,,Nástavby,2,15,46,39,3.067,2.6,15,3,26,2,0.833,dostala se většina soutěžících uchazečů,36.53,21.0,nevypsáno,,,
Středočeský kraj,Kladno,Kladno,Střední škola designu a řemesel,600007073,Nábytkářská a dřevařská výroba,33-42-L/51,,Nástavby,2,15,20,14,1.333,0.933,9,0,10,1,1.0,"místo bylo pro všechny, kdo splnili požadavky školy",38.89,,vypsáno,6,6,1
Středočeský kraj,Kladno,Kladno,Střední škola designu a řemesel,600007073,Nábytkářská a dřevařská výroba,33-42-M/01,,SOŠ,4,14,17,7,1.214,0.5,7,0,5,5,1.0,"místo bylo pro všechny, kdo splnili požadavky školy",41.57,,vypsáno,7,6,1
Středočeský kraj,Kladno,Kladno,ZŠ a SŠ Donum Felix s.r.o.,691008167,Pedagogické lyceum,78-42-M/03,,Lycea,4,6,9,6,1.5,1.0,3,0,5,1,1.0,"místo bylo pro všechny, kdo splnili požadavky školy",23.0,,"nevypsáno, i když obor nebyl naplněn",,,
Středočeský kraj,Kolín,Kolín,"Akademie ped., soc. a hot. - SOŠ, s.r.o.",610450671,Hotelnictví,65-42-M/01,Brno,SOŠ,4,30,22,4,0.733,0.133,4,0,7,11,1.0,"místo bylo pro všechny, kdo splnili požadavky školy",22.0,,vypsáno,20,10,4
Středočeský kraj,Kolín,Kolín,"Akademie ped., soc. a hot. - SOŠ, s.r.o.",610450671,Předškolní a mimoškolní pedagogika,75-31-M/01, Karviná,SOŠ,4,60,17,5,0.283,0.083,7,0,0,10,1.0,"místo bylo pro všechny, kdo splnili požadavky školy",22.43,,vypsáno,30,6,4
Středočeský kraj,Kolín,Kolín,"Akademie ped., soc. a hot. - SOŠ, s.r.o.",610450671,Předškolní a mimoškolní pedagogika,75-31-M/01,Brno,SOŠ,4,90,104,44,1.156,0.489,68,0,6,30,1.0,"místo bylo pro všechny, kdo splnili požadavky školy",43.0,21.0,vypsáno,12,8,2
Středočeský kraj,Kolín,Kolín,"Akademie ped., soc. a hot. - SOŠ, s.r.o.",610450671,Předškolní a mimoškolní pedagogika,75-31-M/01,Jihlava,SOŠ,4,20,6,1,0.3,0.05,2,0,3,1,1.0,"místo bylo pro všechny, kdo splnili požadavky školy",22.0,,"nevypsáno, i když obor nebyl naplněn",,,
Středočeský kraj,Kolín,Kolín,"Akademie ped., soc. a hot. - SOŠ, s.r.o.",610450671,Sociální činnost,75-41-M/01,Brno,SOŠ,4,30,23,5,0.767,0.167,3,0,7,13,1.0,"místo bylo pro všechny, kdo splnili požadavky školy",27.67,,vypsáno,20,13,4
Středočeský kraj,Kolín,Kolín,"Akademie ped., soc. a hot. - SOŠ, s.r.o.",610450671,Sociální činnost,75-41-M/01,Jihlava,SOŠ,4,20,4,2,0.2,0.1,1,0,2,1,1.0,"místo bylo pro všechny, kdo splnili požadavky školy",19.0,,"nevypsáno, i když obor nebyl naplněn",,,
Středočeský kraj,Kolín,Kolín,Gymnázium,600007081,Gymnázium,79-41-K/41,,Gymnázia 4letá,4,60,148,71,2.467,1.183,61,25,0,63,0.709,dostala se většina soutěžících uchazečů,75.25,61.0,nevypsáno,,,
Středočeský kraj,Kolín,Kolín,Gymnázium,600007081,Gymnázium,79-41-K/81,,Gymnázia 8letá,8,30,141,73,4.7,2.433,30,78,3,30,0.278,velmi těžké,66.07,53.0,nevypsáno,,,
Středočeský kraj,Kolín,Kolín,OSŠ podnikání a med. tvorby Kolín s.r.o.,600007146,Informační technologie,18-20-M/01,webové aplikace,SOŠ,4,10,24,6,2.4,0.6,10,0,6,8,1.0,"místo bylo pro všechny, kdo splnili požadavky školy",41.6,30.0,nevypsáno,,,
Středočeský kraj,Kolín,Kolín,OSŠ podnikání a med. tvorby Kolín s.r.o.,600007146,Obalová technika,34-42-M/01,produktový design,SOŠ,4,6,16,1,2.667,0.167,4,0,3,9,1.0,"místo bylo pro všechny, kdo splnili požadavky školy",41.0,,vypsáno,2,2,0
Středočeský kraj,Kolín,Kolín,OSŠ podnikání a med. tvorby Kolín s.r.o.,600007146,Požární ochrana,39-08-M/01,,SOŠ,4,6,15,6,2.5,1.0,6,1,3,5,0.857,dostala se většina soutěžících uchazečů,46.5,,nevypsáno,,,
Středočeský kraj,Kolín,Kolín,OSŠ podnikání a med. tvorby Kolín s.r.o.,600007146,Ekonomika a podnikání,63-41-M/01,,SOŠ,4,10,40,11,4.0,1.1,10,5,5,20,0.667,dostala se většina soutěžících uchazečů,56.3,27.0,nevypsáno,,,
Středočeský kraj,Kolín,Kolín,Obchodní akademie,600007090,Ekonomika a podnikání,63-41-M/01,,SOŠ,4,30,158,53,5.267,1.767,30,41,11,76,0.423,těžké,65.47,54.0,nevypsáno,,,
Středočeský kraj,Kolín,Kolín,Obchodní akademie,600007090,Obchodní akademie,63-41-M/02,,SOŠ,4,30,146,37,4.867,1.233,30,30,5,81,0.5,středně těžké,57.9,46.0,nevypsáno,,,
Středočeský kraj,Kolín,Kolín,Obchodní akademie,600007090,Ekonomické lyceum,78-42-M/02,,Lycea,4,30,112,13,3.733,0.433,30,1,3,78,0.968,dostala se většina soutěžících uchazečů,51.03,37.0,nevypsáno,,,
Středočeský kraj,Kolín,Kolín,SOŠ informatiky a spojů a SOU,600007189,Informační technologie,18-20-M/01,Herní tvorba a počítačová grafika,SOŠ,4,30,154,89,5.133,2.967,30,32,52,40,0.484,těžké,63.97,43.0,nevypsáno,,,
Středočeský kraj,Kolín,Kolín,SOŠ informatiky a spojů a SOU,600007189,Informační technologie,18-20-M/01,Kybernetická bezpečnost,SOŠ,4,30,106,57,3.533,1.9,30,19,25,32,0.612,středně těžké,67.27,53.0,nevypsáno,,,
Středočeský kraj,Kolín,Kolín,SOŠ informatiky a spojů a SOU,600007189,Informační technologie,18-20-M/01,Webové technologie a systémy,SOŠ,4,30,119,27,3.967,0.9,29,0,30,60,1.0,"místo bylo pro všechny, kdo splnili požadavky školy",57.62,41.0,vypsáno,1,10,1
Středočeský kraj,Kolín,Kolín,SOŠ informatiky a spojů a SOU,600007189,Ekonomika a podnikání,63-41-M/01,Bankovnictví a pojišťovnictví,SOŠ,4,30,90,21,3.0,0.7,27,0,16,46,1.0,"místo bylo pro všechny, kdo splnili požadavky školy",47.65,31.0,vypsáno,2,21,1
Středočeský kraj,Kolín,Kolín,SOŠ informatiky a spojů a SOU,600007189,Ekonomika a podnikání,63-41-M/01,Cestovní ruch a rekreologie,SOŠ,4,30,135,50,4.5,1.667,30,22,24,59,0.577,středně těžké,62.13,50.0,nevypsáno,,,
Středočeský kraj,Kolín,Kolín,SOŠ stavební a SOU stavební,600170136,Stavebnictví,36-47-M/01,,SOŠ,4,60,165,61,2.75,1.017,60,26,0,79,0.698,dostala se většina soutěžících uchazečů,52.37,35.0,nevypsáno,,,
Středočeský kraj,Kolín,Kolín,SOŠ stavební a SOU stavební,600170136,Mechanik instalatérských a elektrotechnických zařízení,39-41-L/02,,SOU s maturitou,4,30,83,24,2.767,0.8,30,4,0,49,0.882,dostala se většina soutěžících uchazečů,41.13,18.0,nevypsáno,,,
Středočeský kraj,Kolín,Kolín,SOŠ stavební a SOU stavební,600170136,Podnikání,64-41-L/51,,Nástavby,2,60,161,69,2.683,1.15,59,48,4,49,0.551,středně těžké,34.08,17.0,"nevypsáno, i když obor nebyl naplněn",,,
Středočeský kraj,Kolín,Kolín,SOŠ stavební a SOU stavební,600170136,Technické lyceum,78-42-M/01,,Lycea,4,28,20,2,0.714,0.071,4,0,0,16,1.0,"místo bylo pro všechny, kdo splnili požadavky školy",38.75,,vypsáno,24,25,14
Středočeský kraj,Kolín,Kolín,SPŠ strojírenská a JŠ s právem SJZ,600007171,Strojírenství,23-41-M/01,,SOŠ,4,60,110,31,1.833,0.517,43,0,3,64,1.0,"místo bylo pro všechny, kdo splnili požadavky školy",42.65,12.0,vypsáno,17,22,7
Středočeský kraj,Kolín,Kolín,SPŠ strojírenská a JŠ s právem SJZ,600007171,Mechanik elektrotechnik,26-41-L/01,,SOU s maturitou,4,24,110,32,4.583,1.333,24,21,0,65,0.533,středně těžké,53.88,44.0,nevypsáno,,,
Středočeský kraj,Kolín,Kolín,SPŠ strojírenská a JŠ s právem SJZ,600007171,Ekonomika a podnikání,63-41-M/01,,SOŠ,4,30,108,15,3.6,0.5,29,15,10,53,0.659,středně těžké,37.21,26.0,"nevypsáno, i když obor nebyl naplněn",,,
Středočeský kraj,Kolín,Kolín,SPŠ strojírenská a JŠ s právem SJZ,600007171,Podnikání,64-41-L/51,,Nástavby,2,30,149,49,4.967,1.633,30,34,11,74,0.469,těžké,32.83,15.0,nevypsáno,,,
Středočeský kraj,Kolín,Kolín,SPŠ strojírenská a JŠ s právem SJZ,600007171,Technické lyceum,78-42-M/01,,Lycea,4,30,90,11,3.0,0.367,25,0,0,65,1.0,"místo bylo pro všechny, kdo splnili požadavky školy",48.48,14.0,vypsáno,5,16,5
Středočeský kraj,Kolín,Kolín,SPŠ strojírenská a JŠ s právem SJZ,600007171,Lyceum (režim pokusného ověřování),78-42-M/08,,Lycea,4,30,139,71,4.633,2.367,30,60,0,49,0.333,těžké,61.8,52.0,nevypsáno,,,
Středočeský kraj,Kolín,Kolín,Střední zdrav. škola a VOŠ zdravotnická,600019527,Praktická sestra,53-41-M/03,,SOŠ,4,43,154,50,3.581,1.163,43,44,4,63,0.494,těžké,44.21,30.0,nevypsáno,,,
Středočeský kraj,Kolín,Kolín,Střední zdrav. škola a VOŠ zdravotnická,600019527,Laboratorní asistent,53-43-M/01,,SOŠ,4,30,74,19,2.467,0.633,30,0,3,41,1.0,"místo bylo pro všechny, kdo splnili požadavky školy",43.83,15.0,nevypsáno,,,
Středočeský kraj,Kolín,Kolín,Střední zdrav. škola a VOŠ zdravotnická,600019527,Zdravotnické lyceum,78-42-M/04,,Lycea,4,30,144,48,4.8,1.6,30,43,3,68,0.411,těžké,65.77,56.0,nevypsáno,,,
Středočeský kraj,Mělník,Kralupy nad Vltavou,Dvořákovo gymnázium,600007332,Gymnázium,79-41-K/41,,Gymnázia 4letá,4,60,198,76,3.3,1.267,60,52,0,86,0.536,středně těžké,75.95,65.0,nevypsáno,,,
Středočeský kraj,Mělník,Kralupy nad Vltavou,Dvořákovo gymnázium,600007332,Gymnázium,79-41-K/81,,Gymnázia 8letá,8,30,200,133,6.667,4.433,30,145,3,22,0.171,velmi těžké,78.63,70.0,nevypsáno,,,
Středočeský kraj,Beroun,Králův Dvůr,"MŠ Montessori Beroun, ZŠ a SŠ s.r.o.",691005265,Technické lyceum,78-42-M/01,Lyceum 21. století - Informační a digitální technologie,Lycea,4,15,15,7,1.0,0.467,10,0,0,5,1.0,"místo bylo pro všechny, kdo splnili požadavky školy",56.67,,vypsáno,5,3,1
Středočeský kraj,Beroun,Králův Dvůr,"MŠ Montessori Beroun, ZŠ a SŠ s.r.o.",691005265,Přírodovědné lyceum,78-42-M/05,Lyceum 21. století - Propojujeme přírodní a digitální svět,Lycea,4,15,5,1,0.333,0.067,1,0,0,4,1.0,"místo bylo pro všechny, kdo splnili požadavky školy",32.0,,vypsáno,15,3,2
Středočeský kraj,Kutná Hora,Kutná Hora,Církevní gymnázium,691006199,Gymnázium,79-41-K/81,,Gymnázia 8letá,8,32,145,46,4.531,1.438,28,72,1,40,0.28,velmi těžké,58.18,48.0,vypsáno,4,21,4
Středočeský kraj,Kutná Hora,Kutná Hora,"Digital Academy - Obch. akademie, s.r.o.",691016640,Obchodní akademie,63-41-M/02,,SOŠ,4,26,48,18,1.846,0.692,26,2,0,20,0.929,dostala se většina soutěžících uchazečů,40.92,20.0,vypsáno,19,22,9
Středočeský kraj,Kutná Hora,Kutná Hora,"Digital Academy - Obch. akademie, s.r.o.",691016640,Lyceum (režim pokusného ověřování),78-42-M/08,,Lycea,4,26,12,2,0.462,0.077,3,0,0,9,1.0,"místo bylo pro všechny, kdo splnili požadavky školy",37.67,,vypsáno,9,8,2
Středočeský kraj,Kutná Hora,Kutná Hora,Gymnázium Jiřího Ortena,600007219,Gymnázium,79-41-K/41,Školní vzdělávací program GJO,Gymnázia 4letá,4,64,122,100,1.906,1.562,64,38,0,20,0.627,středně těžké,79.98,67.0,nevypsáno,,,
Středočeský kraj,Kutná Hora,Kutná Hora,Gymnázium Jiřího Ortena,600007219,Gymnázium,79-41-K/81,Školní vzdělávací program GJO,Gymnázia 8letá,8,31,162,93,5.226,3.0,31,101,0,30,0.235,velmi těžké,69.26,56.0,nevypsáno,,,
Středočeský kraj,Kutná Hora,Kutná Hora,SOŠ a SOU řemesel,600007294,Podnikání,64-41-L/51,,Nástavby,2,30,107,43,3.567,1.433,30,15,18,44,0.667,dostala se většina soutěžících uchazečů,39.67,21.0,nevypsáno,,,
Středočeský kraj,Kutná Hora,Kutná Hora,SOŠ a SOU řemesel,600007294,Bezpečnostně právní činnost,68-42-M/01,,SOŠ,4,30,95,42,3.167,1.4,29,11,27,27,0.725,dostala se většina soutěžících uchazečů,50.62,34.0,"nevypsáno, i když obor nebyl naplněn",,,
Středočeský kraj,Kutná Hora,Kutná Hora,SOŠ a SOU řemesel,600007294,Veřejnosprávní činnost,68-43-M/01,,SOŠ,4,30,91,23,3.033,0.767,29,7,7,47,0.806,dostala se většina soutěžících uchazečů,46.5,27.0,"nevypsáno, i když obor nebyl naplněn",,,
Středočeský kraj,Kutná Hora,Kutná Hora,SOŠ a SOU řemesel,600007294,Kosmetické služby,69-41-L/01,,SOU s maturitou,4,24,103,40,4.292,1.667,24,10,29,40,0.706,dostala se většina soutěžících uchazečů,41.54,26.0,nevypsáno,,,
Středočeský kraj,Kutná Hora,Kutná Hora,SOŠ a SOU řemesel,600007294,Sociální činnost,75-41-M/01,,SOŠ,4,30,104,33,3.467,1.1,30,20,9,45,0.6,středně těžké,41.97,25.0,nevypsáno,,,
Středočeský kraj,Kutná Hora,Kutná Hora,"VOŠ, SPŠ a JŠ s právem SJZ",600007286,Informační technologie,18-20-M/01,,SOŠ,4,56,142,54,2.536,0.964,56,4,18,64,0.933,dostala se většina soutěžících uchazečů,57.91,35.0,nevypsáno,,,
Středočeský kraj,Kutná Hora,Kutná Hora,"VOŠ, SPŠ a JŠ s právem SJZ",600007286,Elektrotechnika,26-41-M/01,,SOŠ,4,100,188,92,1.88,0.92,90,0,22,76,1.0,"místo bylo pro všechny, kdo splnili požadavky školy",55.97,32.0,vypsáno,22,9,4
Středočeský kraj,Kutná Hora,Kutná Hora,"VOŠ, SPŠ a JŠ s právem SJZ",600007286,Technické lyceum,78-42-M/01,,Lycea,4,28,41,9,1.464,0.321,10,0,2,29,1.0,"místo bylo pro všechny, kdo splnili požadavky školy",59.8,35.0,vypsáno,18,3,0
Středočeský kraj,Rakovník,Křivoklát,Stř. lesnická škola a Stř. odb. učiliště,600007979,Lesnictví,41-46-M/01,,SOŠ,4,16,63,24,3.938,1.5,16,17,0,30,0.485,těžké,54.5,39.0,nevypsáno,,,
Středočeský kraj,Rakovník,Křivoklát,Stř. lesnická škola a Stř. odb. učiliště,600007979,Veterinářství,43-41-M/01,,SOŠ,4,16,64,33,4.0,2.062,15,26,0,22,0.366,těžké,54.73,46.0,"nevypsáno, i když obor nebyl naplněn",,,
Středočeský kraj,Mladá Boleslav,Loukovec,Střední odborné učiliště,600007537,Mechanik instalatérských a elektrotechnických zařízení,39-41-L/02,,SOU s maturitou,4,30,19,7,0.633,0.233,5,0,7,7,1.0,"místo bylo pro všechny, kdo splnili požadavky školy",40.2,,vypsáno,25,15,3
Středočeský kraj,Nymburk,Lysá nad Labem,Obchodní akademie,600007669,Obchodní akademie,63-41-M/02,,SOŠ,4,58,239,52,4.121,0.897,58,27,14,140,0.682,dostala se většina soutěžících uchazečů,58.9,41.0,nevypsáno,,,
Středočeský kraj,Nymburk,Lysá nad Labem,Střední škola designu,600007651,Ekonomika a podnikání,63-41-M/01,Produkční činnost v umění a reklamě,SOŠ,4,30,91,14,3.033,0.467,30,3,0,58,0.909,dostala se většina soutěžících uchazečů,42.37,15.0,nevypsáno,,,
Středočeský kraj,Mladá Boleslav,Mladá Boleslav,"Boleslav. soukr. SOŠ a Gymnázium, s.r.o.",600007464,Kosmetické služby,69-41-L/01,,SOU s maturitou,4,14,48,22,3.429,1.571,14,17,0,17,0.452,těžké,30.93,18.0,nevypsáno,,,
Středočeský kraj,Mladá Boleslav,Mladá Boleslav,"Boleslav. soukr. SOŠ a Gymnázium, s.r.o.",600007464,Předškolní a mimoškolní pedagogika,75-31-M/01,,SOŠ,4,38,72,25,1.895,0.658,38,6,0,28,0.864,dostala se většina soutěžících uchazečů,36.89,20.0,nevypsáno,,,
Středočeský kraj,Mladá Boleslav,Mladá Boleslav,"Boleslav. soukr. SOŠ a Gymnázium, s.r.o.",600007464,Gymnázium,79-41-K/41,,Gymnázia 4letá,4,46,38,4,0.826,0.087,18,0,0,20,1.0,"místo bylo pro všechny, kdo splnili požadavky školy",46.17,25.0,vypsáno,23,44,22
Středočeský kraj,Mladá Boleslav,Mladá Boleslav,Gymnázium,600007413,Gymnázium,79-41-K/81,,Gymnázia 8letá,8,60,202,109,3.367,1.817,60,93,1,48,0.392,těžké,57.9,44.0,nevypsáno,,,
Středočeský kraj,Mladá Boleslav,Mladá Boleslav,Gymnázium Dr. Josefa Pekaře,600007502,Gymnázium,79-41-K/41,,Gymnázia 4letá,4,90,206,126,2.289,1.4,90,45,0,71,0.667,dostala se většina soutěžících uchazečů,76.1,59.0,nevypsáno,,,
Středočeský kraj,Mladá Boleslav,Mladá Boleslav,Gymnázium Dr. Josefa Pekaře,600007502,Gymnázium,79-41-K/81,,Gymnázia 8letá,8,30,193,59,6.433,1.967,30,93,0,70,0.244,velmi těžké,63.37,45.0,nevypsáno,,,
Středočeský kraj,Mladá Boleslav,Mladá Boleslav,OA a JŠ s právem státní jazykové zkoušky,600007529,Obchodní akademie,63-41-M/02,,SOŠ,4,60,258,78,4.3,1.3,60,62,2,134,0.492,těžké,57.65,41.0,nevypsáno,,,
Středočeský kraj,Mladá Boleslav,Mladá Boleslav,OA a JŠ s právem státní jazykové zkoušky,600007529,Ekonomické lyceum,78-42-M/02,,Lycea,4,60,213,83,3.55,1.383,60,50,3,100,0.545,středně těžké,68.68,53.0,nevypsáno,,,
Středočeský kraj,Mladá Boleslav,Mladá Boleslav,SOŠ a SOU,610451049,Dopravní prostředky,23-45-M/01,,SOŠ,4,30,83,17,2.767,0.567,30,8,6,39,0.789,dostala se většina soutěžících uchazečů,41.6,25.0,nevypsáno,,,
Středočeský kraj,Mladá Boleslav,Mladá Boleslav,SOŠ a SOU,610451049,Požární ochrana,39-08-M/01,,SOŠ,4,30,85,40,2.833,1.333,30,26,1,28,0.536,středně těžké,46.53,18.0,nevypsáno,,,
Středočeský kraj,Mladá Boleslav,Mladá Boleslav,SOŠ a SOU,610451049,Podnikání,64-41-L/51,,Nástavby,2,30,158,56,5.267,1.867,30,24,34,70,0.556,středně těžké,39.7,29.0,nevypsáno,,,
Středočeský kraj,Mladá Boleslav,Mladá Boleslav,SOŠ a SOU,610451049,Veřejnosprávní činnost,68-43-M/01,,SOŠ,4,30,157,26,5.233,0.867,30,24,2,101,0.556,středně těžké,48.8,38.0,nevypsáno,,,
Středočeský kraj,Mladá Boleslav,Mladá Boleslav,SOŠ a SOU,610451049,Technické lyceum,78-42-M/01,,Lycea,4,30,93,13,3.1,0.433,30,6,6,51,0.833,dostala se většina soutěžících uchazečů,42.73,29.0,nevypsáno,,,
Středočeský kraj,Mladá Boleslav,Mladá Boleslav,SPgŠ a SOŠ služeb,600170179,Předškolní a mimoškolní pedagogika,75-31-M/01,Předškolní pedagogika,SOŠ,4,28,119,64,4.25,2.286,28,18,48,25,0.609,středně těžké,53.89,38.0,nevypsáno,,,
Středočeský kraj,Mladá Boleslav,Mladá Boleslav,SPgŠ a SOŠ služeb,600170179,Pedagogické lyceum,78-42-M/03,Pedagogické lyceum,Lycea,4,28,127,43,4.536,1.536,28,10,33,56,0.737,dostala se většina soutěžících uchazečů,53.57,28.0,nevypsáno,,,
Středočeský kraj,Mladá Boleslav,Mladá Boleslav,SPgŠ a SOŠ služeb,600170179,Lyceum (režim pokusného ověřování),78-42-M/08,Všeobecné lyceum,Lycea,4,28,123,42,4.393,1.5,28,18,29,48,0.609,středně těžké,54.07,29.0,nevypsáno,,,
Středočeský kraj,Mladá Boleslav,Mladá Boleslav,Střední průmyslová škola,600007448,Informační technologie,18-20-M/01,,SOŠ,4,60,174,53,2.9,0.883,60,41,0,73,0.594,středně těžké,57.78,39.0,nevypsáno,,,
Středočeský kraj,Mladá Boleslav,Mladá Boleslav,Střední průmyslová škola,600007448,Strojírenství,23-41-M/01,,SOŠ,4,30,77,16,2.567,0.533,30,0,0,47,1.0,"místo bylo pro všechny, kdo splnili požadavky školy",49.43,20.0,nevypsáno,,,
Středočeský kraj,Mladá Boleslav,Mladá Boleslav,Střední průmyslová škola,600007448,Technické lyceum,78-42-M/01,,Lycea,4,30,105,24,3.5,0.8,30,14,0,61,0.682,dostala se většina soutěžících uchazečů,62.07,45.0,nevypsáno,,,
Středočeský kraj,Mladá Boleslav,Mladá Boleslav,Střední zdrav. škola a VOŠ zdravotnická,600019543,Praktická sestra,53-41-M/03,,SOŠ,4,60,168,69,2.8,1.15,60,48,0,60,0.556,středně těžké,44.22,31.0,nevypsáno,,,
Středočeský kraj,Mladá Boleslav,Mladá Boleslav,Střední zdrav. škola a VOŠ zdravotnická,600019543,Zdravotnické lyceum,78-42-M/04,,Lycea,4,30,121,43,4.033,1.433,30,29,1,61,0.508,středně těžké,59.87,47.0,nevypsáno,,,
Středočeský kraj,Mladá Boleslav,Mladá Boleslav,"SŠ gastronomie a hotelnictví MB, s.r.o.",650075277,Hotelnictví,65-42-M/01,Hotelnictví a turismus,SOŠ,4,23,104,32,4.522,1.391,23,10,30,41,0.697,dostala se většina soutěžících uchazečů,47.22,30.0,nevypsáno,,,
Středočeský kraj,Mladá Boleslav,Mladá Boleslav,"SŠ gastronomie a hotelnictví MB, s.r.o.",650075277,Veřejnosprávní činnost,68-43-M/01,Veřejná správa a právo,SOŠ,4,23,75,11,3.261,0.478,19,0,9,47,1.0,"místo bylo pro všechny, kdo splnili požadavky školy",39.42,29.0,"nevypsáno, i když obor nebyl naplněn",,,
Středočeský kraj,Mladá Boleslav,Mladá Boleslav,SŠ podnikatelská HERMÉS MB s.r.o.,600007499,Obchodní akademie,63-41-M/02,,SOŠ,4,20,60,8,3.0,0.4,20,1,2,37,0.952,dostala se většina soutěžících uchazečů,29.55,12.0,nevypsáno,,,
Středočeský kraj,Mladá Boleslav,Mladá Boleslav,SŠ tradičních řemesel HERMÉS MB s.r.o.,600007481,Podnikání,64-41-L/51,,Nástavby,2,25,92,35,3.68,1.4,25,23,14,30,0.521,středně těžké,34.0,22.0,nevypsáno,,,
Středočeský kraj,Mladá Boleslav,Mladá Boleslav,SŠ tradičních řemesel HERMÉS MB s.r.o.,600007481,Gastronomie,65-41-L/01,,SOU s maturitou,4,12,23,0,1.917,0.0,9,0,5,9,1.0,"místo bylo pro všechny, kdo splnili požadavky školy",31.44,,vypsáno,15,38,15
Středočeský kraj,Mladá Boleslav,Mladá Boleslav,"ŠKODA AUTO a.s., SOU strojírenské, o.z.",600007545,Provozní technika,23-43-L/51,,Nástavby,2,20,36,32,1.8,1.6,20,6,10,0,0.769,dostala se většina soutěžících uchazečů,47.55,32.0,nevypsáno,,,
Středočeský kraj,Mladá Boleslav,Mladá Boleslav,"ŠKODA AUTO a.s., SOU strojírenské, o.z.",600007545,Mechanik seřizovač,23-45-L/01,,SOU s maturitou,4,30,127,65,4.233,2.167,30,52,15,30,0.366,těžké,64.8,56.0,nevypsáno,,,
Středočeský kraj,Mladá Boleslav,Mladá Boleslav,"ŠKODA AUTO a.s., SOU strojírenské, o.z.",600007545,Mechanik elektrotechnik,26-41-L/01,,SOU s maturitou,4,20,113,75,5.65,3.75,20,59,9,25,0.253,velmi těžké,74.25,64.0,nevypsáno,,,
Středočeský kraj,Mladá Boleslav,Mladá Boleslav,"ŠKODA AUTO a.s., SOU strojírenské, o.z.",600007545,Provozní elektrotechnika,26-41-L/52,,Nástavby,2,10,19,17,1.9,1.7,10,6,1,2,0.625,středně těžké,51.7,44.0,nevypsáno,,,
Středočeský kraj,Mladá Boleslav,Mladá Boleslav,"ŠKODA AUTO a.s., SOU strojírenské, o.z.",600007545,Elektrotechnika,26-41-M/01,,SOŠ,4,10,63,44,6.3,4.4,10,33,8,12,0.233,velmi těžké,78.2,70.0,nevypsáno,,,
Středočeský kraj,Mladá Boleslav,Mladá Boleslav,"ŠKODA AUTO a.s., SOU strojírenské, o.z.",600007545,Provoz a ekonomika dopravy,37-41-M/01,,SOŠ,4,24,95,48,3.958,2.0,24,28,11,32,0.462,těžké,63.0,47.0,nevypsáno,,,
Středočeský kraj,Mladá Boleslav,Mladá Boleslav,"ŠKODA AUTO a.s., SOU strojírenské, o.z.",600007545,Podnikání,64-41-L/51,,Nástavby,2,10,60,15,6.0,1.5,10,10,12,28,0.5,středně těžké,51.5,39.0,nevypsáno,,,
Středočeský kraj,Praha-východ,Mnichovice,Gymnázium a ZŠ T. G. Masaryka,600052257,Gymnázium,79-41-K/41,GYMNI,Gymnázia 4letá,4,25,106,52,4.24,2.08,25,31,10,40,0.446,těžké,76.16,63.0,nevypsáno,,,
Středočeský kraj,Mladá Boleslav,Mnichovo Hradiště,Gymnázium,600007421,Gymnázium,79-41-K/41,,Gymnázia 4letá,4,30,121,45,4.033,1.5,30,27,0,64,0.526,středně těžké,79.17,71.0,nevypsáno,,,
Středočeský kraj,Mladá Boleslav,Mnichovo Hradiště,Gymnázium,600007421,Gymnázium,79-41-K/81,,Gymnázia 8letá,8,29,128,73,4.414,2.517,26,68,2,29,0.277,velmi těžké,59.62,48.0,vypsáno,3,24,3
Středočeský kraj,Mělník,Mělník,Gymnázium Jana Palacha,600007316,Gymnázium,79-41-K/41,,Gymnázia 4letá,4,60,154,69,2.567,1.15,60,23,0,71,0.723,dostala se většina soutěžících uchazečů,71.82,57.0,nevypsáno,,,
Středočeský kraj,Mělník,Mělník,Gymnázium Jana Palacha,600007316,Gymnázium,79-41-K/81,,Gymnázia 8letá,8,30,139,68,4.633,2.267,29,86,0,23,0.252,velmi těžké,67.69,56.0,"nevypsáno, i když obor nebyl naplněn",,,
Středočeský kraj,Mělník,Mělník,Integrovaná střední škola technická,600170161,Provozní technika,23-43-L/51,,Nástavby,2,15,30,19,2.0,1.267,5,0,20,5,1.0,"místo bylo pro všechny, kdo splnili požadavky školy",39.6,,vypsáno,10,21,10
Středočeský kraj,Mělník,Mělník,Integrovaná střední škola technická,600170161,Mechanik strojů a zařízení,23-44-L/01,"Robotika, automatizace, strojírenství",SOU s maturitou,4,24,41,9,1.708,0.375,5,0,13,23,1.0,"místo bylo pro všechny, kdo splnili požadavky školy",42.8,,vypsáno,19,17,9
Středočeský kraj,Mělník,Mělník,Integrovaná střední škola technická,600170161,Mechanik elektrotechnik,26-41-L/01," 26-52-H/01 - Elektro, digitalizace, automatizace",SOU s maturitou,4,30,89,36,2.967,1.2,30,0,27,32,1.0,"místo bylo pro všechny, kdo splnili požadavky školy",46.43,31.0,nevypsáno,,,
Středočeský kraj,Mělník,Mělník,Integrovaná střední škola technická,600170161,Provozní elektrotechnika,26-41-L/52,,Nástavby,2,15,53,36,3.533,2.4,15,6,26,6,0.714,dostala se většina soutěžících uchazečů,40.4,32.0,nevypsáno,,,
Středočeský kraj,Mělník,Mělník,Integrovaná střední škola technická,600170161,Ekonomika a podnikání,63-41-M/01,"Řízení firem, Management sportu",SOŠ,4,30,158,56,5.267,1.867,30,32,35,61,0.484,těžké,55.97,43.0,nevypsáno,,,
Středočeský kraj,Mělník,Mělník,Integrovaná střední škola technická,600170161,Lyceum (režim pokusného ověřování),78-42-M/08,Management bezpečnosti a sportu,Lycea,4,30,47,9,1.567,0.3,15,0,7,25,1.0,"místo bylo pro všechny, kdo splnili požadavky školy",42.93,27.0,vypsáno,15,32,15
Středočeský kraj,Mělník,Mělník,"Soukromá SZŠ Mělník, o.p.s.",600019535,Praktická sestra,53-41-M/03,,SOŠ,4,62,142,57,2.29,0.919,62,20,3,57,0.756,dostala se většina soutěžících uchazečů,41.84,9.0,nevypsáno,,,
Středočeský kraj,Mělník,Mělník,Střední průmyslová škola stavební,600007375,Stavebnictví,36-47-M/01,,SOŠ,4,60,151,60,2.517,1.0,59,12,6,73,0.831,dostala se většina soutěžících uchazečů,58.97,35.0,"nevypsáno, i když obor nebyl naplněn",,,
Středočeský kraj,Mělník,Mělník,Česká zahrad. akademie Mělník - SŠ a VOŠ,600007383,Zahradnictví,41-44-M/01,,SOŠ,4,60,109,36,1.817,0.6,48,0,0,61,1.0,"místo bylo pro všechny, kdo splnili požadavky školy",40.32,14.0,vypsáno,12,20,12
Středočeský kraj,Mělník,Mělník,Česká zahrad. akademie Mělník - SŠ a VOŠ,600007383,Lyceum (režim pokusného ověřování),78-42-M/08,,Lycea,4,30,40,5,1.333,0.167,10,0,0,30,1.0,"místo bylo pro všechny, kdo splnili požadavky školy",51.89,,vypsáno,20,19,8
Středočeský kraj,Nymburk,Městec Králové,SOŠ a SOU,600007642,Nutriční asistent,53-41-M/02,,SOŠ,4,25,33,7,1.32,0.28,8,0,10,15,1.0,"místo bylo pro všechny, kdo splnili požadavky školy",37.5,,vypsáno,13,18,10
Středočeský kraj,Nymburk,Městec Králové,SOŠ a SOU,600007642,Podnikání,64-41-L/51,,Nástavby,2,12,63,27,5.25,2.25,13,10,22,19,0.565,středně těžké,34.85,26.0,nevypsáno,,,
Středočeský kraj,Nymburk,Městec Králové,SOŠ a SOU,600007642,Sociální činnost,75-41-L/51,,Nástavby,2,12,69,42,5.75,3.5,14,16,29,12,0.467,těžké,35.0,26.0,nevypsáno,,,
Středočeský kraj,Mělník,Neratovice,Gymnázium Františka Palackého,600007308,Gymnázium,79-41-K/41,,Gymnázia 4letá,4,30,121,20,4.033,0.667,30,6,7,78,0.833,dostala se většina soutěžících uchazečů,68.1,49.0,nevypsáno,,,
Středočeský kraj,Mělník,Neratovice,Gymnázium Františka Palackého,600007308,Gymnázium,79-41-K/81,,Gymnázia 8letá,8,30,194,87,6.467,2.9,30,65,63,36,0.316,velmi těžké,75.5,66.0,nevypsáno,,,
Středočeský kraj,Mělník,Neratovice,SOŠ a SOU,610450620,Informační technologie,18-20-M/01,,SOŠ,4,30,67,19,2.233,0.633,19,0,24,23,1.0,"místo bylo pro všechny, kdo splnili požadavky školy",53.11,40.0,vypsáno,11,19,7
Středočeský kraj,Mělník,Neratovice,SOŠ a SOU,610450620,Chemik operátor,28-42-L/01,,SOU s maturitou,4,12,12,5,1.0,0.417,5,0,1,6,1.0,"místo bylo pro všechny, kdo splnili požadavky školy",50.4,,vypsáno,7,5,1
Středočeský kraj,Mělník,Neratovice,SOŠ a SOU,610450620,Analýza potravin,29-42-M/01,,SOŠ,4,12,13,3,1.083,0.25,3,0,1,9,1.0,"místo bylo pro všechny, kdo splnili požadavky školy",63.0,,vypsáno,9,3,0
Středočeský kraj,Mělník,Neratovice,SOŠ a SOU,610450620,Hotelnictví,65-42-M/01,,SOŠ,4,30,52,5,1.733,0.167,6,0,29,17,1.0,"místo bylo pro všechny, kdo splnili požadavky školy",40.83,,vypsáno,24,34,4
Středočeský kraj,Mělník,Neratovice,SOŠ a SOU,610450620,Ekonomické lyceum,78-42-M/02,,Lycea,4,24,72,10,3.0,0.417,11,0,17,44,1.0,"místo bylo pro všechny, kdo splnili požadavky školy",45.27,34.0,vypsáno,13,35,12
Středočeský kraj,Benešov,Neveklov,Obchodní akademie,600006778,Ekonomika a podnikání,63-41-M/01,Sportovní management,SOŠ,4,24,113,45,4.708,1.875,24,32,5,52,0.429,těžké,60.42,49.0,nevypsáno,,,
Středočeský kraj,Benešov,Neveklov,Obchodní akademie,600006778,Obchodní akademie,63-41-M/02,,SOŠ,4,26,105,23,4.038,0.885,26,10,5,64,0.722,dostala se většina soutěžících uchazečů,54.04,42.0,nevypsáno,,,
Středočeský kraj,Benešov,Neveklov,Obchodní akademie,600006778,Ekonomické lyceum,78-42-M/02,,Lycea,4,24,77,10,3.208,0.417,24,1,1,51,0.96,dostala se většina soutěžících uchazečů,49.58,34.0,nevypsáno,,,
Středočeský kraj,Rakovník,Nové Strašecí,Gymnázium J. A. Komenského,600007961,Gymnázium,79-41-K/41,,Gymnázia 4letá,4,60,171,37,2.85,0.617,53,0,9,109,1.0,"místo bylo pro všechny, kdo splnili požadavky školy",59.34,34.0,vypsáno,7,31,7
Středočeský kraj,Rakovník,Nové Strašecí,Střední odborné učiliště,600007944,Provozní technika,23-43-L/51,,Nástavby,2,30,52,39,1.733,1.3,30,12,0,10,0.714,dostala se většina soutěžících uchazečů,33.27,18.0,nevypsáno,,,
Středočeský kraj,Nymburk,Nymburk,Gymnázium Bohumila Hrabala,600007634,Gymnázium,79-41-K/41,,Gymnázia 4letá,4,30,58,36,1.933,1.2,30,10,1,17,0.75,dostala se většina soutěžících uchazečů,80.37,66.0,nevypsáno,,,
Středočeský kraj,Nymburk,Nymburk,Gymnázium Bohumila Hrabala,600007634,Gymnázium,79-41-K/81,,Gymnázia 8letá,8,60,204,122,3.4,2.033,60,79,19,46,0.432,těžké,69.5,56.0,nevypsáno,,,
Středočeský kraj,Nymburk,Nymburk,SOŠ a SOU,600170195,Elektrotechnika,26-41-M/01,,SOŠ,4,30,79,23,2.633,0.767,19,0,21,39,1.0,"místo bylo pro všechny, kdo splnili požadavky školy",53.16,33.0,vypsáno,10,13,6
Středočeský kraj,Nymburk,Nymburk,SOŠ a SOU,600170195,Ekonomika a podnikání,63-41-M/01,Management volného času a sportu,SOŠ,4,30,129,27,4.3,0.9,29,0,31,68,1.0,"místo bylo pro všechny, kdo splnili požadavky školy",47.11,30.0,"nevypsáno, i když obor nebyl naplněn",,,
Středočeský kraj,Nymburk,Nymburk,SOŠ a SOU,600170195,Podnikání,64-41-L/51,,Nástavby,2,30,126,60,4.2,2.0,30,1,72,23,0.968,dostala se většina soutěžících uchazečů,42.3,33.0,nevypsáno,,,
Středočeský kraj,Nymburk,Nymburk,Střední zdrav. škola a VOŠ zdravotnická,600019551,Praktická sestra,53-41-M/03,,SOŠ,4,25,78,16,3.12,0.64,22,0,10,46,1.0,"místo bylo pro všechny, kdo splnili požadavky školy",39.82,25.0,vypsáno,3,54,3
Středočeský kraj,Nymburk,Nymburk,Střední zdrav. škola a VOŠ zdravotnická,600019551,Asistent zubního technika,53-44-M/03,,SOŠ,4,25,100,43,4.0,1.72,25,27,15,33,0.481,těžké,52.48,36.0,nevypsáno,,,
Středočeský kraj,Nymburk,Nymburk,Střední zdrav. škola a VOŠ zdravotnická,600019551,Zdravotnické lyceum,78-42-M/04,,Lycea,4,25,118,28,4.72,1.12,25,21,2,70,0.543,středně těžké,57.36,44.0,nevypsáno,,,
Středočeský kraj,Praha-východ,Odolena Voda,SŠ letecké a výpočetní techniky,600007707,Informační technologie,18-20-M/01,Správce operačních systémů,SOŠ,4,15,54,9,3.6,0.6,15,11,0,28,0.577,středně těžké,47.93,33.0,nevypsáno,,,
Středočeský kraj,Praha-východ,Odolena Voda,SŠ letecké a výpočetní techniky,600007707,Strojírenství,23-41-M/01,Letecká technika ,SOŠ,4,15,39,6,2.6,0.4,15,0,0,24,1.0,"místo bylo pro všechny, kdo splnili požadavky školy",49.27,29.0,nevypsáno,,,
Středočeský kraj,Praha-východ,Odolena Voda,SŠ letecké a výpočetní techniky,600007707,Letecký mechanik,23-45-L/02,,SOU s maturitou,4,60,168,83,2.8,1.383,60,52,0,56,0.536,středně těžké,61.62,46.0,nevypsáno,,,
Středočeský kraj,Nymburk,Poděbrady,EKO Gymnázium a SOŠ Multimediál. studií,600007570,Gymnázium,79-41-K/81,Gymnázium osmileté,Gymnázia 8letá,8,20,108,33,5.4,1.65,17,28,19,41,0.378,těžké,54.65,48.0,"nevypsáno, i když obor nebyl naplněn",,,
Středočeský kraj,Nymburk,Poděbrady,Gymnázium Jiřího z Poděbrad,600007553,Gymnázium,79-41-K/41,všeobecné,Gymnázia 4letá,4,60,166,69,2.767,1.15,60,26,1,79,0.698,dostala se většina soutěžících uchazečů,74.02,62.0,nevypsáno,,,
Středočeský kraj,Nymburk,Poděbrady,Gymnázium Jiřího z Poděbrad,600007553,Gymnázium,79-41-K/81,všeobecné,Gymnázia 8letá,8,30,197,73,6.567,2.433,30,96,1,70,0.238,velmi těžké,68.83,56.0,nevypsáno,,,
Středočeský kraj,Nymburk,Poděbrady,Hotelová škola,600007561,Hotelnictví,65-42-M/01,,SOŠ,4,90,229,72,2.544,0.8,89,22,0,118,0.802,dostala se většina soutěžících uchazečů,45.25,19.0,"nevypsáno, i když obor nebyl naplněn",,,
Středočeský kraj,Nymburk,Poděbrady,Hotelová škola,600007561,Lyceum (režim pokusného ověřování),78-42-M/08,,Lycea,4,30,52,5,1.733,0.167,13,0,0,38,1.0,"místo bylo pro všechny, kdo splnili požadavky školy",49.62,23.0,"nevypsáno, i když obor nebyl naplněn",,,
Středočeský kraj,Nymburk,Poděbrady,SOU společného stravování,600007685,Gastronomie,65-41-L/51,,Nástavby,2,24,36,27,1.5,1.125,24,6,2,4,0.8,dostala se většina soutěžících uchazečů,33.58,11.0,nevypsáno,,,
Středočeský kraj,Nymburk,Poděbrady,SZeŠ a SOŠ,600007600,Agropodnikání,41-41-M/01,,SOŠ,4,30,97,34,3.233,1.133,30,13,0,54,0.698,dostala se většina soutěžících uchazečů,48.1,28.0,nevypsáno,,,
Středočeský kraj,Nymburk,Poděbrady,SZeŠ a SOŠ,600007600,Veterinářství,43-41-M/01,,SOŠ,4,30,139,67,4.633,2.233,30,59,0,50,0.337,těžké,60.2,43.0,nevypsáno,,,
Středočeský kraj,Nymburk,Poděbrady,SZeŠ a SOŠ,600007600,Veřejnosprávní činnost,68-43-M/01,,SOŠ,4,30,115,22,3.833,0.733,30,14,0,71,0.682,dostala se většina soutěžících uchazečů,44.97,24.0,nevypsáno,,,
Středočeský kraj,Nymburk,Poděbrady,SZeŠ a SOŠ,600007600,Přírodovědné lyceum,78-42-M/05,,Lycea,4,30,78,12,2.6,0.4,18,0,0,60,1.0,"místo bylo pro všechny, kdo splnili požadavky školy",45.94,16.0,vypsáno,12,34,11
Středočeský kraj,Kolín,Poděbrady,ZŠ a SŠ JEDNA RADOST,691006474,Pedagogické lyceum,78-42-M/03,,Lycea,4,14,26,7,1.857,0.5,14,0,1,11,1.0,"místo bylo pro všechny, kdo splnili požadavky školy",34.29,15.0,nevypsáno,,,
Středočeský kraj,Příbram,Příbram,Gymnázium,600007847,Gymnázium,79-41-K/41,,Gymnázia 4letá,4,120,226,112,1.883,0.933,119,7,0,99,0.944,dostala se většina soutěžících uchazečů,67.17,43.0,"nevypsáno, i když obor nebyl naplněn",,,
Středočeský kraj,Příbram,Příbram,Gymnázium,600007847,Gymnázium,79-41-K/81,,Gymnázia 8letá,8,30,132,71,4.4,2.367,26,79,0,23,0.248,velmi těžké,64.62,53.0,"nevypsáno, i když obor nebyl naplněn",,,
Středočeský kraj,Příbram,Příbram,Obchodní akademie a Vyšší odborná škola,600007839,Obchodní akademie,63-41-M/02,,SOŠ,4,60,202,52,3.367,0.867,60,12,1,129,0.833,dostala se většina soutěžících uchazečů,52.98,31.0,nevypsáno,,,
Středočeský kraj,Příbram,Příbram,Obchodní akademie a Vyšší odborná škola,600007839,Ekonomické lyceum,78-42-M/02,,Lycea,4,30,94,17,3.133,0.567,20,0,0,74,1.0,"místo bylo pro všechny, kdo splnili požadavky školy",58.89,24.0,vypsáno,10,25,10
Středočeský kraj,Příbram,Příbram,SPŠ a VOŠ,600007821,Informační technologie,18-20-M/01,Informační technologie v průmyslu,SOŠ,4,30,88,29,2.933,0.967,30,2,4,52,0.938,dostala se většina soutěžících uchazečů,58.38,37.0,nevypsáno,,,
Středočeský kraj,Příbram,Příbram,SPŠ a VOŠ,600007821,Strojírenství,23-41-M/01,Strojírenství počítačové,SOŠ,4,30,91,22,3.033,0.733,30,1,0,60,0.968,dostala se většina soutěžících uchazečů,50.87,25.0,nevypsáno,,,
Středočeský kraj,Příbram,Příbram,SPŠ a VOŠ,600007821,Elektrotechnika,26-41-M/01,Počítačové technologie,SOŠ,4,60,129,50,2.15,0.833,60,0,5,64,1.0,"místo bylo pro všechny, kdo splnili požadavky školy",53.53,26.0,nevypsáno,,,
Středočeský kraj,Příbram,Příbram,SPŠ a VOŠ,600007821,Stavebnictví,36-47-M/01,Pozemní stavitelství a architektura,SOŠ,4,30,135,55,4.5,1.833,30,34,4,67,0.469,těžké,65.77,55.0,nevypsáno,,,
Středočeský kraj,Příbram,Příbram,Střední zdrav. škola a VOŠ zdravotnická,600019560,Praktická sestra,53-41-M/03,,SOŠ,4,54,131,45,2.426,0.833,54,12,0,65,0.818,dostala se většina soutěžících uchazečů,39.96,26.0,nevypsáno,,,
Středočeský kraj,Příbram,Příbram,Střední zdrav. škola a VOŠ zdravotnická,600019560,Masér ve zdravotnictví,53-41-M/04,,SOŠ,4,18,48,7,2.667,0.389,18,0,0,30,1.0,"místo bylo pro všechny, kdo splnili požadavky školy",37.89,17.0,nevypsáno,,,
Středočeský kraj,Příbram,Příbram,Střední zdrav. škola a VOŠ zdravotnická,600019560,Zdravotnické lyceum,78-42-M/04,,Lycea,4,22,92,22,4.182,1.0,22,9,0,61,0.71,dostala se většina soutěžících uchazečů,56.23,36.0,nevypsáno,,,
Středočeský kraj,Příbram,Příbram,"SŠ pedagogiky, cestovního ruchu a gastronomie",600170233,Podnikání,64-41-L/51,,Nástavby,2,30,100,61,3.333,2.033,29,40,9,21,0.42,těžké,39.79,25.0,"nevypsáno, i když obor nebyl naplněn",,,
Středočeský kraj,Příbram,Příbram,"SŠ pedagogiky, cestovního ruchu a gastronomie",600170233,Hotelnictví,65-42-M/01,,SOŠ,4,30,91,21,3.033,0.7,30,12,1,48,0.714,dostala se většina soutěžících uchazečů,35.9,17.0,nevypsáno,,,
Středočeský kraj,Příbram,Příbram,"SŠ pedagogiky, cestovního ruchu a gastronomie",600170233,Cestovní ruch,65-42-M/02,,SOŠ,4,30,158,40,5.267,1.333,29,36,1,91,0.446,těžké,48.14,32.0,"nevypsáno, i když obor nebyl naplněn",,,
Středočeský kraj,Příbram,Příbram,"SŠ pedagogiky, cestovního ruchu a gastronomie",600170233,Předškolní a mimoškolní pedagogika,75-31-M/01,,SOŠ,4,30,76,38,2.533,1.267,30,17,3,26,0.638,středně těžké,49.73,30.0,nevypsáno,,,
Středočeský kraj,Příbram,Příbram,"SŠ pedagogiky, cestovního ruchu a gastronomie",600170233,Pedagogické lyceum,78-42-M/03,,Lycea,4,30,120,21,4.0,0.7,30,5,1,84,0.857,dostala se většina soutěžících uchazečů,48.8,34.0,nevypsáno,,,
Středočeský kraj,Příbram,Příbram,"Waldorfská škola Příbram - MŠ, ZŠ a SŠ",610451251,Kombinované lyceum,78-42-M/06,,Lycea,4,30,49,14,1.633,0.467,10,0,16,23,1.0,"místo bylo pro všechny, kdo splnili požadavky školy",50.5,42.0,vypsáno,15,12,3
Středočeský kraj,Rakovník,Rakovník,Gymnázium Zikmunda Wintra,600007952,Gymnázium,79-41-K/41,,Gymnázia 4letá,4,60,104,49,1.733,0.817,47,0,12,45,1.0,"místo bylo pro všechny, kdo splnili požadavky školy",70.77,50.0,vypsáno,13,7,5
Středočeský kraj,Rakovník,Rakovník,Gymnázium Zikmunda Wintra,600007952,Gymnázium,79-41-K/81,,Gymnázia 8letá,8,30,76,59,2.533,1.967,29,8,32,6,0.784,dostala se většina soutěžících uchazečů,68.59,54.0,"nevypsáno, i když obor nebyl naplněn",,,
Středočeský kraj,Rakovník,Rakovník,"Masarykova obch. a zeměděl. akademie Rakovník, SOŠ",600007987,Agropodnikání,41-41-M/01,,SOŠ,4,30,51,11,1.7,0.367,11,0,5,35,1.0,"místo bylo pro všechny, kdo splnili požadavky školy",45.82,31.0,vypsáno,19,12,4
Středočeský kraj,Rakovník,Rakovník,"Masarykova obch. a zeměděl. akademie Rakovník, SOŠ",600007987,Chovatelství,41-43-M/02,,SOŠ,4,30,76,28,2.533,0.933,25,0,17,32,1.0,"místo bylo pro všechny, kdo splnili požadavky školy",46.16,30.0,vypsáno,3,15,3
Středočeský kraj,Rakovník,Rakovník,"Masarykova obch. a zeměděl. akademie Rakovník, SOŠ",600007987,Obchodní akademie,63-41-M/02,,SOŠ,4,30,126,18,4.2,0.6,22,0,7,97,1.0,"místo bylo pro všechny, kdo splnili požadavky školy",54.41,30.0,vypsáno,8,8,5
Středočeský kraj,Rakovník,Rakovník,"Masarykova obch. a zeměděl. akademie Rakovník, SOŠ",600007987,Obchodní akademie,63-41-M/02,Sportovní management,SOŠ,4,30,84,34,2.8,1.133,28,5,7,42,0.848,dostala se většina soutěžících uchazečů,55.36,44.0,"nevypsáno, i když obor nebyl naplněn",,,
Středočeský kraj,Rakovník,Rakovník,"Masarykova obch. a zeměděl. akademie Rakovník, SOŠ",600007987,Ekonomické lyceum,78-42-M/02,,Lycea,4,30,86,28,2.867,0.933,30,0,5,51,1.0,"místo bylo pro všechny, kdo splnili požadavky školy",62.23,44.0,nevypsáno,,,
Středočeský kraj,Rakovník,Rakovník,Střední průmyslová škola Emila Kolbena,600170241,Informační technologie,18-20-M/01,ŠKOLA MATRIXU,SOŠ,4,30,51,25,1.7,0.833,27,0,3,21,1.0,"místo bylo pro všechny, kdo splnili požadavky školy",50.7,15.0,vypsáno,3,2,0
Středočeský kraj,Rakovník,Rakovník,Střední průmyslová škola Emila Kolbena,600170241,Strojírenství,23-41-M/01,Robotika,SOŠ,4,60,45,15,0.75,0.25,18,0,2,25,1.0,"místo bylo pro všechny, kdo splnili požadavky školy",43.83,28.0,vypsáno,42,7,0
Středočeský kraj,Rakovník,Rakovník,Střední průmyslová škola Emila Kolbena,600170241,Elektrotechnika,26-41-M/01,Automatizace a systémy řízení,SOŠ,4,30,67,22,2.233,0.733,22,0,1,44,1.0,"místo bylo pro všechny, kdo splnili požadavky školy",46.32,22.0,vypsáno,8,5,0
Středočeský kraj,Rakovník,Rakovník,Střední průmyslová škola Emila Kolbena,600170241,Podnikání,64-41-L/51,Podnikání,Nástavby,2,30,98,43,3.267,1.433,30,14,26,28,0.682,dostala se většina soutěžících uchazečů,34.03,17.0,nevypsáno,,,
Středočeský kraj,Rakovník,Rakovník,Střední průmyslová škola Emila Kolbena,600170241,Lyceum (režim pokusného ověřování),78-42-M/08,Lyceum,Lycea,4,30,80,20,2.667,0.667,25,0,7,48,1.0,"místo bylo pro všechny, kdo splnili požadavky školy",38.64,24.0,vypsáno,5,11,4
Středočeský kraj,Příbram,Sedlčany,Gymnázium a SOŠ ekonomická,600007855,Obchodní akademie,63-41-M/02,,SOŠ,4,30,129,29,4.3,0.967,29,19,6,74,0.604,středně těžké,52.03,39.0,"nevypsáno, i když obor nebyl naplněn",,,
Středočeský kraj,Příbram,Sedlčany,Gymnázium a SOŠ ekonomická,600007855,Gymnázium,79-41-K/41,,Gymnázia 4letá,4,30,75,38,2.5,1.267,30,14,1,30,0.682,dostala se většina soutěžících uchazečů,71.3,58.0,nevypsáno,,,
Středočeský kraj,Příbram,Sedlčany,Gymnázium a SOŠ ekonomická,600007855,Gymnázium,79-41-K/81,,Gymnázia 8letá,8,30,94,64,3.133,2.133,29,50,0,14,0.367,těžké,64.1,51.0,"nevypsáno, i když obor nebyl naplněn",,,
Středočeský kraj,Příbram,Sedlčany,Střední odborné učiliště,600007901,Podnikání,64-41-L/51,,Nástavby,2,29,66,29,2.276,1.0,11,0,38,17,1.0,"místo bylo pro všechny, kdo splnili požadavky školy",35.82,26.0,vypsáno,19,16,6
Středočeský kraj,Kladno,Slaný,Gymnázium Václava Beneše Třebízského,600006913,Gymnázium,79-41-K/41,,Gymnázia 4letá,4,60,198,65,3.3,1.083,60,25,9,104,0.706,dostala se většina soutěžících uchazečů,71.68,58.0,nevypsáno,,,
Středočeský kraj,Kladno,Slaný,Gymnázium Václava Beneše Třebízského,600006913,Gymnázium,79-41-K/81,,Gymnázia 8letá,8,32,117,75,3.656,2.344,32,32,36,17,0.5,středně těžké,60.26,50.0,nevypsáno,,,
Středočeský kraj,Kladno,Slaný,Obchodní akademie Dr. Edvarda Beneše,600006921,Obchodní akademie,63-41-M/02,,SOŠ,4,60,190,62,3.167,1.033,59,11,44,75,0.843,dostala se většina soutěžících uchazečů,53.54,36.0,vypsáno,1,8,1
Středočeský kraj,Kladno,Slaný,Obchodní akademie Dr. Edvarda Beneše,600006921,Ekonomické lyceum,78-42-M/02,,Lycea,4,30,69,11,2.3,0.367,13,0,22,34,1.0,"místo bylo pro všechny, kdo splnili požadavky školy",58.54,45.0,vypsáno,17,24,13
Středočeský kraj,Kladno,Slaný,Střední odborná škola a Střední odborné učiliště,600170110,Technická zařízení budov,36-45-M/01,,SOŠ,4,30,35,6,1.167,0.2,11,0,8,15,1.0,"místo bylo pro všechny, kdo splnili požadavky školy",36.45,20.0,vypsáno,18,16,10
Středočeský kraj,Kladno,Stochov,Střední škola služeb a řemesel,600007022,Logistické a finanční služby,37-42-M/01,,SOŠ,4,30,49,6,1.633,0.2,7,0,22,20,1.0,"místo bylo pro všechny, kdo splnili požadavky školy",44.0,,vypsáno,23,55,23
Středočeský kraj,Kladno,Stochov,Střední škola služeb a řemesel,600007022,Podnikání,64-41-L/51,,Nástavby,2,28,120,57,4.286,2.036,28,18,45,29,0.609,středně těžké,36.57,26.0,nevypsáno,,,
Středočeský kraj,Kladno,Stochov,Střední škola služeb a řemesel,600007022,Hotelnictví,65-42-M/01,,SOŠ,4,30,65,14,2.167,0.467,15,0,18,32,1.0,"místo bylo pro všechny, kdo splnili požadavky školy",41.2,34.0,vypsáno,15,48,15
Středočeský kraj,Kladno,Stochov,Střední škola služeb a řemesel,600007022,Kosmetické služby,69-41-L/01,,SOU s maturitou,4,30,122,36,4.067,1.2,27,11,37,44,0.711,dostala se většina soutěžících uchazečů,35.3,25.0,vypsáno,3,16,3
Středočeský kraj,Praha-východ,Sulice,Střední škola a základní škola,691009201,Gymnázium,79-41-K/41,všeobecné gymnázium,Gymnázia 4letá,4,26,76,46,2.923,1.769,26,21,8,21,0.553,středně těžké,84.08,73.0,nevypsáno,,,
Středočeský kraj,Praha-východ,Světice,Základní škola a gymnázium Navis,691002207,Gymnázium,79-41-K/41,,Gymnázia 4letá,4,22,58,22,2.636,1.0,22,0,18,18,1.0,"místo bylo pro všechny, kdo splnili požadavky školy",72.41,51.0,nevypsáno,,,
Středočeský kraj,Benešov,Vlašim,Gymnázium,600006751,Gymnázium,79-41-K/41,Škola pro život,Gymnázia 4letá,4,60,146,58,2.433,0.967,60,3,6,77,0.952,dostala se většina soutěžících uchazečů,68.0,40.0,nevypsáno,,,
Středočeský kraj,Benešov,Vlašim,Gymnázium,600006751,Gymnázium,79-41-K/81,Škola pro život,Gymnázia 8letá,8,30,102,56,3.4,1.867,30,56,4,12,0.349,těžké,63.67,52.0,nevypsáno,,,
Středočeský kraj,Benešov,Vlašim,Obchodní akademie,600006701,Obchodní akademie,63-41-M/02,"Cestovní ruch, Ekonomika a podnikání, Informatika v ekonomice, Zahraniční obchod a mediální komunikace",SOŠ,4,60,180,41,3.0,0.683,52,0,7,121,1.0,"místo bylo pro všechny, kdo splnili požadavky školy",47.5,25.0,vypsáno,8,21,8
Středočeský kraj,Benešov,Vlašim,Obchodní akademie,600006701,Ekonomické lyceum,78-42-M/02,,Lycea,4,30,89,30,2.967,1.0,30,5,1,53,0.857,dostala se většina soutěžících uchazečů,62.4,40.0,nevypsáno,,,
Středočeský kraj,Benešov,Vlašim,SOŠ a SOU,600006760,Podnikání,64-41-L/51,,Nástavby,2,30,58,35,1.933,1.167,30,13,4,11,0.698,dostala se většina soutěžících uchazečů,37.7,22.0,nevypsáno,,,
Středočeský kraj,Benešov,Vlašim,SOŠ a SOU,600006760,Hotelnictví,65-42-M/01,,SOŠ,4,30,36,7,1.2,0.233,16,0,1,19,1.0,"místo bylo pro všechny, kdo splnili požadavky školy",31.6,12.0,"nevypsáno, i když obor nebyl naplněn",,,
Středočeský kraj,Benešov,Vlašim,Střední průmyslová škola,600006697,Informační technologie,18-20-M/01,IT pro průmysl,SOŠ,4,30,85,40,2.833,1.333,30,14,4,37,0.682,dostala se většina soutěžících uchazečů,57.53,40.0,nevypsáno,,,
Středočeský kraj,Benešov,Vlašim,Střední průmyslová škola,600006697,Strojírenství,23-41-M/01,Průmyslová automatizace a konstruování v CAD,SOŠ,4,12,29,6,2.417,0.5,6,0,2,21,1.0,"místo bylo pro všechny, kdo splnili požadavky školy",46.0,,"nevypsáno, i když obor nebyl naplněn",,,
Středočeský kraj,Benešov,Vlašim,Střední průmyslová škola,600006697,Mechanik seřizovač,23-45-L/01,,SOU s maturitou,4,24,39,14,1.625,0.583,16,0,7,16,1.0,"místo bylo pro všechny, kdo splnili požadavky školy",35.87,25.0,"nevypsáno, i když obor nebyl naplněn",,,
Středočeský kraj,Benešov,Vlašim,Střední průmyslová škola,600006697,Nábytkářská a dřevařská výroba,33-42-M/01,Návrhář nábytku a interiérů,SOŠ,4,16,38,7,2.375,0.438,12,0,7,18,1.0,"místo bylo pro všechny, kdo splnili požadavky školy",37.83,25.0,vypsáno,4,6,2
Středočeský kraj,Benešov,Vlašim,Střední průmyslová škola,600006697,Stavebnictví,36-47-M/01,Pozemní stavitelství,SOŠ,4,24,76,30,3.167,1.25,24,14,4,34,0.632,středně těžké,53.42,35.0,nevypsáno,,,
Středočeský kraj,Benešov,Vlašim,Střední průmyslová škola,600006697,Lyceum (režim pokusného ověřování),78-42-M/08,,Lycea,4,30,53,2,1.767,0.067,6,0,0,46,1.0,"místo bylo pro všechny, kdo splnili požadavky školy",36.33,,"nevypsáno, i když obor nebyl naplněn",,,
Středočeský kraj,Praha-východ,Čelákovice,Gymnázium,600007693,Gymnázium,79-41-K/41,,Gymnázia 4letá,4,30,95,22,3.167,0.733,30,11,0,54,0.732,dostala se většina soutěžících uchazečů,76.33,66.0,nevypsáno,,,
Středočeský kraj,Praha-východ,Čelákovice,Gymnázium,600007693,Gymnázium,79-41-K/81,,Gymnázia 8letá,8,30,240,53,8.0,1.767,30,111,28,71,0.213,velmi těžké,71.6,64.0,nevypsáno,,,
Středočeský kraj,Praha-východ,Čelákovice,Střední odborná škola Čelákovice s.r.o.,600007782,Sociální činnost,75-41-M/01,,SOŠ,4,30,14,5,0.467,0.167,1,0,13,0,1.0,"místo bylo pro všechny, kdo splnili požadavky školy",72.0,,vypsáno,29,39,24
Středočeský kraj,Kolín,Český Brod,Gymnázium,600007120,Gymnázium,79-41-K/41,,Gymnázia 4letá,4,30,97,36,3.233,1.2,30,21,0,46,0.588,středně těžké,78.97,71.0,nevypsáno,,,
Středočeský kraj,Kolín,Český Brod,Gymnázium,600007120,Gymnázium,79-41-K/81,,Gymnázia 8letá,8,30,163,87,5.433,2.9,30,99,1,33,0.233,velmi těžké,71.83,59.0,nevypsáno,,,
Středočeský kraj,Kolín,Český Brod,Střední škola managementu a grafiky,691015601,Informační technologie,18-20-M/01,Počítačová grafika a webdesign,SOŠ,4,32,55,7,1.719,0.219,5,0,15,35,1.0,"místo bylo pro všechny, kdo splnili požadavky školy",42.6,,"nevypsáno, i když obor nebyl naplněn",,,
Středočeský kraj,Kolín,Český Brod,Střední škola managementu a grafiky,691015601,Ekonomika a podnikání,63-41-M/01,Management a řízení lidských zdrojů,SOŠ,4,32,111,19,3.469,0.594,30,5,15,59,0.857,dostala se většina soutěžících uchazečů,54.63,41.0,"nevypsáno, i když obor nebyl naplněn",,,
Středočeský kraj,Kutná Hora,Čáslav,Gymnázium a SOŠ pedagogická,600007243,Předškolní a mimoškolní pedagogika,75-31-M/01,,SOŠ,4,30,81,52,2.7,1.733,30,33,0,18,0.476,těžké,57.97,40.0,nevypsáno,,,
Středočeský kraj,Kutná Hora,Čáslav,Gymnázium a SOŠ pedagogická,600007243,Pedagogické lyceum,78-42-M/03,,Lycea,4,30,86,32,2.867,1.067,30,17,0,39,0.638,středně těžké,59.5,49.0,nevypsáno,,,
Středočeský kraj,Kutná Hora,Čáslav,Gymnázium a SOŠ pedagogická,600007243,Gymnázium,79-41-K/41,,Gymnázia 4letá,4,30,105,24,3.5,0.8,30,10,0,65,0.75,dostala se většina soutěžících uchazečů,67.9,55.0,nevypsáno,,,
Středočeský kraj,Kutná Hora,Čáslav,Gymnázium a SOŠ pedagogická,600007243,Gymnázium,79-41-K/81,,Gymnázia 8letá,8,30,92,42,3.067,1.4,30,35,0,27,0.462,těžké,50.93,38.0,nevypsáno,,,
Středočeský kraj,Kutná Hora,Čáslav,SOŠ a SOU dopravní,600007260,Dopravní prostředky,23-45-M/01,,SOŠ,4,24,21,4,0.875,0.167,8,0,1,12,1.0,"místo bylo pro všechny, kdo splnili požadavky školy",29.12,,vypsáno,16,9,6
Středočeský kraj,Kutná Hora,Čáslav,SOŠ a SOU dopravní,600007260,Požární ochrana,39-08-M/01,,SOŠ,4,24,52,24,2.167,1.0,24,4,4,20,0.857,dostala se většina soutěžících uchazečů,40.17,24.0,nevypsáno,,,
Středočeský kraj,Kutná Hora,Čáslav,SOŠ a SOU dopravní,600007260,Autotronik,39-41-L/01,,SOU s maturitou,4,24,65,24,2.708,1.0,24,8,2,31,0.75,dostala se většina soutěžících uchazečů,42.5,26.0,nevypsáno,,,
Středočeský kraj,Kutná Hora,Čáslav,Střední zemědělská škola a Střední odbor. učiliště,600007278,Agropodnikání,41-41-M/01,Chovatelství,SOŠ,4,30,80,11,2.667,0.367,25,0,10,45,1.0,"místo bylo pro všechny, kdo splnili požadavky školy",38.44,22.0,vypsáno,5,10,4
Středočeský kraj,Kutná Hora,Čáslav,Střední zemědělská škola a Střední odbor. učiliště,600007278,Agropodnikání,41-41-M/01,Moderní zemědělství a nové technologie,SOŠ,4,30,40,18,1.333,0.6,18,0,2,20,1.0,"místo bylo pro všechny, kdo splnili požadavky školy",42.83,25.0,vypsáno,12,5,3
Středočeský kraj,Kutná Hora,Čáslav,Střední zemědělská škola a Střední odbor. učiliště,600007278,Veterinářství,43-41-M/01,,SOŠ,4,30,95,35,3.167,1.167,30,17,1,47,0.638,středně těžké,50.47,38.0,nevypsáno,,,
Středočeský kraj,Kutná Hora,Čáslav,Střední zemědělská škola a Střední odbor. učiliště,600007278,Ekonomika a podnikání,63-41-M/01,Cestovní ruch,SOŠ,4,30,53,8,1.767,0.267,12,0,5,36,1.0,"místo bylo pro všechny, kdo splnili požadavky školy",33.33,25.0,vypsáno,18,42,17
Středočeský kraj,Kutná Hora,Čáslav,Střední zemědělská škola a Střední odbor. učiliště,600007278,Podnikání,64-41-L/51,,Nástavby,2,23,94,44,4.087,1.913,23,7,41,23,0.767,dostala se většina soutěžících uchazečů,35.22,25.0,nevypsáno,,,
Středočeský kraj,Kutná Hora,Čáslav,"VOŠ, SPŠ a OA",600007251,Strojírenství,23-41-M/01,,SOŠ,4,30,58,18,1.933,0.6,18,0,2,37,1.0,"místo bylo pro všechny, kdo splnili požadavky školy",46.56,23.0,vypsáno,11,4,2
Středočeský kraj,Kutná Hora,Čáslav,"VOŠ, SPŠ a OA",600007251,Obchodní akademie,63-41-M/02,,SOŠ,4,60,143,43,2.383,0.717,51,0,6,85,1.0,"místo bylo pro všechny, kdo splnili požadavky školy",49.4,24.0,vypsáno,8,19,3
Středočeský kraj,Kutná Hora,Čáslav,"VOŠ, SPŠ a OA",600007251,Lyceum (režim pokusného ověřování),78-42-M/08,,Lycea,4,30,67,7,2.233,0.233,8,0,3,55,1.0,"místo bylo pro všechny, kdo splnili požadavky školy",58.12,,vypsáno,21,12,4
Středočeský kraj,Praha-východ,Říčany,Gymnázium,600007766,Gymnázium,79-41-K/41,,Gymnázia 4letá,4,60,209,77,3.483,1.283,60,35,17,97,0.632,středně těžké,77.88,66.0,nevypsáno,,,
Středočeský kraj,Praha-východ,Říčany,Gymnázium,600007766,Gymnázium,79-41-K/81,,Gymnázia 8letá,8,30,282,190,9.4,6.333,28,99,124,29,0.22,velmi těžké,80.43,73.0,"nevypsáno, i když obor nebyl naplněn",,,
Středočeský kraj,Praha-východ,Říčany,"Masarykovo klasické gymnázium, s.r.o.",610451219,Gymnázium,79-41-K/81,všeobecné ,Gymnázia 8letá,8,30,161,27,5.367,0.9,31,102,0,29,0.233,velmi těžké,62.84,21.0,nevypsáno,,,
Středočeský kraj,Praha-východ,Říčany,Střední odborná škola Říčany s.r.o.,691003921,Technologie potravin,29-41-L/51,,Nástavby,2,14,40,30,2.857,2.143,14,8,12,6,0.636,středně těžké,47.43,36.0,nevypsáno,,,
Středočeský kraj,Praha-východ,Říčany,Střední odborná škola Říčany s.r.o.,691003921,Ekonomické lyceum,78-42-M/02,,Lycea,4,20,23,5,1.15,0.25,5,0,9,9,1.0,"místo bylo pro všechny, kdo splnili požadavky školy",50.8,,vypsáno,15,40,14
Zlínský kraj,Uherské Hradiště,Bojkovice,Církevní SŠ pedagogická a sociální,600015491,Předškolní a mimoškolní pedagogika,75-31-M/01,DENNI,SOŠ,4,30,103,58,3.433,1.933,30,24,20,29,0.556,středně těžké,57.8,45.0,nevypsáno,,,
Zlínský kraj,Kroměříž,Bystřice pod Hostýnem,SŠ nábytk.a obch. Bystřice pod Hostýnem,600015068,Nábytkářská a dřevařská výroba,33-42-M/01,Výroba a tvorba nábytku pomocí CNC technologii,SOŠ,4,16,34,9,2.125,0.562,11,0,1,22,1.0,"místo bylo pro všechny, kdo splnili požadavky školy",52.55,21.0,vypsáno,1,0,0
Zlínský kraj,Kroměříž,Holešov,Gymnázium L. Jaroše,600015050,Gymnázium,79-41-K/41,,Gymnázia 4letá,4,60,227,70,3.783,1.167,60,46,1,120,0.566,středně těžké,69.72,54.0,nevypsáno,,,
Zlínský kraj,Kroměříž,Holešov,Gymnázium L. Jaroše,600015050,Gymnázium,79-41-K/81,,Gymnázia 8letá,8,30,91,63,3.033,2.1,30,37,7,17,0.448,těžké,63.93,50.0,nevypsáno,,,
Zlínský kraj,Kroměříž,Holešov,Vyšší polic.škola a Střed.polic.škola MV,680000054,Bezpečnostně právní činnost,68-42-M/01,,SOŠ,4,120,426,298,3.55,2.483,120,167,66,73,0.418,těžké,64.19,44.0,nevypsáno,,,
Zlínský kraj,Kroměříž,Kroměříž,Arcibiskupské gymnázium v Kroměříži,600015033,Gymnázium,79-41-K/41,,Gymnázia 4letá,4,92,221,129,2.402,1.402,92,51,7,71,0.643,středně těžké,74.59,58.0,nevypsáno,,,
Zlínský kraj,Kroměříž,Kroměříž,Arcibiskupské gymnázium v Kroměříži,600015033,Gymnázium,79-41-K/61,,Gymnázia 6letá,6,26,75,61,2.885,2.346,26,36,8,5,0.419,těžké,56.62,44.0,nevypsáno,,,
Zlínský kraj,Kroměříž,Kroměříž,Gymnázium Kroměříž,600014941,Gymnázium,79-41-K/41,,Gymnázia 4letá,4,30,79,26,2.633,0.867,30,11,0,38,0.732,dostala se většina soutěžících uchazečů,63.53,45.0,nevypsáno,,,
Zlínský kraj,Kroměříž,Kroměříž,Gymnázium Kroměříž,600014941,Gymnázium,79-41-K/81,,Gymnázia 8letá,8,60,96,53,1.6,0.883,48,0,16,29,1.0,"místo bylo pro všechny, kdo splnili požadavky školy",41.58,21.0,"nevypsáno, i když obor nebyl naplněn",,,
Zlínský kraj,Kroměříž,Kroměříž,Obchodní akademie Kroměříž,600014959,Informační technologie,18-20-M/01,,SOŠ,4,30,93,42,3.1,1.4,30,14,10,39,0.682,dostala se většina soutěžících uchazečů,57.13,37.0,nevypsáno,,,
Zlínský kraj,Kroměříž,Kroměříž,Obchodní akademie Kroměříž,600014959,Obchodní akademie,63-41-M/02,,SOŠ,4,30,114,23,3.8,0.767,29,0,7,78,1.0,"místo bylo pro všechny, kdo splnili požadavky školy",46.48,29.0,"nevypsáno, i když obor nebyl naplněn",,,
Zlínský kraj,Kroměříž,Kroměříž,Obchodní akademie Kroměříž,600014959,Ekonomické lyceum,78-42-M/02,,Lycea,4,30,106,27,3.533,0.9,29,7,3,66,0.806,dostala se většina soutěžících uchazečů,57.34,43.0,"nevypsáno, i když obor nebyl naplněn",,,
Zlínský kraj,Kroměříž,Kroměříž,SZŠ a VOŠ Kroměříž,600019942,Praktická sestra,53-41-M/03,,SOŠ,4,60,134,37,2.233,0.617,60,3,0,71,0.952,dostala se většina soutěžících uchazečů,40.78,23.0,nevypsáno,,,
Zlínský kraj,Kroměříž,Kroměříž,SZŠ a VOŠ Kroměříž,600019942,Sociální činnost,75-41-M/01,,SOŠ,4,30,52,10,1.733,0.333,19,0,0,33,1.0,"místo bylo pro všechny, kdo splnili požadavky školy",37.42,14.0,vypsáno,10,9,3
Zlínský kraj,Kroměříž,Kroměříž,Střední odborná škola sv. Jana Boska,691012105,Zahradnictví,41-44-L/51,,Nástavby,2,23,13,4,0.565,0.174,4,0,0,9,1.0,"místo bylo pro všechny, kdo splnili požadavky školy",23.25,,vypsáno,3,0,0
Zlínský kraj,Kroměříž,Kroměříž,Střední odborná škola sv. Jana Boska,691012105,Mechanizace zemědělství a lesního hospodářství,41-45-L/51,,Nástavby,2,23,17,16,0.739,0.696,16,0,0,1,1.0,"místo bylo pro všechny, kdo splnili požadavky školy",25.5,19.0,"nevypsáno, i když obor nebyl naplněn",,,
Zlínský kraj,Kroměříž,Kroměříž,Střední škola - COP technické Kroměříž,600171124,Provozní technika,23-43-L/51,,Nástavby,2,19,26,23,1.368,1.211,19,0,5,2,1.0,"místo bylo pro všechny, kdo splnili požadavky školy",34.53,13.0,vypsáno,2,3,0
Zlínský kraj,Kroměříž,Kroměříž,Střední škola - COP technické Kroměříž,600171124,Mechanik seřizovač,23-45-L/01,23-56-H/01 Obráběč kovů,SOU s maturitou,4,30,27,7,0.9,0.233,10,0,0,17,1.0,"místo bylo pro všechny, kdo splnili požadavky školy",34.0,20.0,vypsáno,10,4,1
Zlínský kraj,Kroměříž,Kroměříž,Střední škola - COP technické Kroměříž,600171124,Mechanik elektrotechnik,26-41-L/01,26-51-H/01 Elektrikář,SOU s maturitou,4,30,61,17,2.033,0.567,27,0,0,34,1.0,"místo bylo pro všechny, kdo splnili požadavky školy",42.04,20.0,vypsáno,3,8,3
Zlínský kraj,Kroměříž,Kroměříž,Střední škola - COP technické Kroměříž,600171124,Provozní elektrotechnika,26-41-L/52,,Nástavby,2,15,19,10,1.267,0.667,11,0,1,7,1.0,"místo bylo pro všechny, kdo splnili požadavky školy",32.82,21.0,vypsáno,1,1,1
Zlínský kraj,Kroměříž,Kroměříž,Střední škola - COP technické Kroměříž,600171124,Autotronik,39-41-L/01,23-68-H/01 Mechanik opravář motorových vozidel,SOU s maturitou,4,24,64,24,2.667,1.0,23,2,2,36,0.92,dostala se většina soutěžících uchazečů,39.26,22.0,"nevypsáno, i když obor nebyl naplněn",,,
Zlínský kraj,Kroměříž,Kroměříž,SŠ hotelová a služeb Kroměříž,600015092,Podnikání,64-41-L/51,,Nástavby,2,30,81,35,2.7,1.167,27,0,34,21,1.0,"místo bylo pro všechny, kdo splnili požadavky školy",34.15,10.0,vypsáno,3,10,1
Zlínský kraj,Kroměříž,Kroměříž,SŠ hotelová a služeb Kroměříž,600015092,Hotelnictví,65-42-M/01,ŠVP hotelnictví a cestovní ruch,SOŠ,4,45,116,27,2.578,0.6,31,0,21,64,1.0,"místo bylo pro všechny, kdo splnili požadavky školy",44.84,18.0,vypsáno,14,16,3
Zlínský kraj,Kroměříž,Kroměříž,SŠ hotelová a služeb Kroměříž,600015092,Hotelnictví,65-42-M/01,ŠVP hotelnictví a rekreologie,SOŠ,4,15,49,12,3.267,0.8,12,0,4,33,1.0,"místo bylo pro všechny, kdo splnili požadavky školy",37.33,24.0,vypsáno,3,8,1
Zlínský kraj,Kroměříž,Kroměříž,SŠ hotelová a služeb Kroměříž,600015092,Masér sportovní a rekondiční,69-41-L/02,,SOU s maturitou,4,30,54,16,1.8,0.533,19,0,7,28,1.0,"místo bylo pro všechny, kdo splnili požadavky školy",44.11,19.0,vypsáno,11,18,5
Zlínský kraj,Kroměříž,Kroměříž,Tauferova SOŠ veterinární Kroměříž,600015076,Veterinářství,43-41-M/01,,SOŠ,4,90,291,203,3.233,2.256,90,133,2,66,0.404,těžké,71.64,59.0,nevypsáno,,,
Zlínský kraj,Kroměříž,Kroměříž,VOŠ pedagog. a soc. a SPgŠ Kroměříž,600014991,Předškolní a mimoškolní pedagogika,75-31-M/01,,SOŠ,4,64,188,97,2.938,1.516,64,29,45,50,0.688,dostala se většina soutěžících uchazečů,59.27,41.0,nevypsáno,,,
Zlínský kraj,Kroměříž,Kroměříž,VOŠ potrav. a SPŠ mlékár. Kroměříž,600015106,Technologie potravin,29-41-M/01,,SOŠ,4,30,13,1,0.433,0.033,2,0,0,11,1.0,"místo bylo pro všechny, kdo splnili požadavky školy",40.5,,vypsáno,22,6,0
Zlínský kraj,Kroměříž,Kroměříž,VOŠ potrav. a SPŠ mlékár. Kroměříž,600015106,Analýza potravin,29-42-M/01,"Chemická, mikrobiální a senzorická analýza potravin",SOŠ,4,30,55,6,1.833,0.2,14,0,0,41,1.0,"místo bylo pro všechny, kdo splnili požadavky školy",40.93,18.0,vypsáno,16,4,2
Zlínský kraj,Uherské Hradiště,Kunovice,"Soukr.gymnázium, SOŠ a JŠ se SJZ, s.r.o.",600015572,Informační technologie,18-20-M/01,Informatika a kyberbezpečnost,SOŠ,4,40,2,0,0.05,0.0,0,0,0,1,,"místo bylo pro všechny, kdo splnili požadavky školy",,,vypsáno,35,3,2
Zlínský kraj,Uherské Hradiště,Kunovice,"Soukr.gymnázium, SOŠ a JŠ se SJZ, s.r.o.",600015572,Informační technologie,18-20-M/01,Informační technologie,SOŠ,4,40,6,1,0.15,0.025,2,0,0,4,1.0,"místo bylo pro všechny, kdo splnili požadavky školy",45.0,,vypsáno,35,2,1
Zlínský kraj,Uherské Hradiště,Kunovice,"Soukr.gymnázium, SOŠ a JŠ se SJZ, s.r.o.",600015572,Ekonomika a podnikání,63-41-M/01,Ekonomika a bezpečnost podniku,SOŠ,4,50,5,2,0.1,0.04,2,0,0,3,1.0,"místo bylo pro všechny, kdo splnili požadavky školy",35.5,,vypsáno,45,13,5
Zlínský kraj,Uherské Hradiště,Kunovice,"Soukr.gymnázium, SOŠ a JŠ se SJZ, s.r.o.",600015572,Ekonomika a podnikání,63-41-M/01,Komerční právo,SOŠ,4,50,2,0,0.04,0.0,0,0,0,2,,"místo bylo pro všechny, kdo splnili požadavky školy",,,vypsáno,45,7,1
Zlínský kraj,Uherské Hradiště,Kunovice,"Soukr.gymnázium, SOŠ a JŠ se SJZ, s.r.o.",600015572,Ekonomika a podnikání,63-41-M/01,Podnikání v kynologii,SOŠ,4,30,4,2,0.133,0.067,4,0,0,0,1.0,"místo bylo pro všechny, kdo splnili požadavky školy",32.5,,vypsáno,25,0,0
Zlínský kraj,Uherské Hradiště,Kunovice,"Soukr.gymnázium, SOŠ a JŠ se SJZ, s.r.o.",600015572,Gymnázium,79-41-K/41,Gymnázium - Živé jazyky,Gymnázia 4letá,4,30,3,0,0.1,0.0,1,0,0,2,1.0,"místo bylo pro všechny, kdo splnili požadavky školy",46.0,,"nevypsáno, i když obor nebyl naplněn",,,
Zlínský kraj,Uherské Hradiště,Kunovice,Střední škola letecká s.r.o.,650008006,Letecký mechanik,23-45-L/02,,SOU s maturitou,4,30,89,55,2.967,1.833,28,35,2,22,0.444,těžké,64.46,45.0,"nevypsáno, i když obor nebyl naplněn",,,
Zlínský kraj,Zlín,Luhačovice,Střední odborná škola,600171078,Ekonomika a podnikání,63-41-M/01,Management a marketingové komunikace,SOŠ,4,28,103,19,3.679,0.679,28,6,2,67,0.824,dostala se většina soutěžících uchazečů,42.86,26.0,nevypsáno,,,
Zlínský kraj,Zlín,Luhačovice,Střední odborná škola,600171078,Informační služby,72-41-M/01,Specialista informačních procesů,SOŠ,4,12,11,0,0.917,0.0,1,0,0,10,1.0,"místo bylo pro všechny, kdo splnili požadavky školy",16.0,,vypsáno,4,4,1
Zlínský kraj,Zlín,Luhačovice,Střední odborná škola,600171078,Informační služby,72-41-M/01,Specialista v oblasti knižní kultury,SOŠ,4,24,34,18,1.417,0.75,20,0,0,14,1.0,"místo bylo pro všechny, kdo splnili požadavky školy",46.95,16.0,vypsáno,3,4,1
Zlínský kraj,Zlín,Otrokovice,Gymnázium,600014312,Gymnázium,79-41-K/41,,Gymnázia 4letá,4,30,123,19,4.1,0.633,30,11,0,82,0.732,dostala se většina soutěžících uchazečů,65.93,43.0,nevypsáno,,,
Zlínský kraj,Zlín,Otrokovice,Gymnázium,600014312,Gymnázium,79-41-K/81,,Gymnázia 8letá,8,30,71,30,2.367,1.0,29,18,3,20,0.617,středně těžké,47.93,24.0,"nevypsáno, i když obor nebyl naplněn",,,
Zlínský kraj,Zlín,Otrokovice,Střední průmyslová škola Otrokovice,600014495,Aplikovaná chemie,28-44-M/01,,SOŠ,4,30,59,19,1.967,0.633,24,0,0,34,1.0,"místo bylo pro všechny, kdo splnili požadavky školy",52.71,18.0,"nevypsáno, i když obor nebyl naplněn",,,
Zlínský kraj,Zlín,Otrokovice,Střední průmyslová škola Otrokovice,600014495,Provoz a ekonomika dopravy,37-41-M/01,,SOŠ,4,23,48,18,2.087,0.783,23,5,0,20,0.821,dostala se většina soutěžících uchazečů,46.05,29.0,nevypsáno,,,
Zlínský kraj,Zlín,Otrokovice,Střední průmyslová škola Otrokovice,600014495,Mechanik instalatérských a elektrotechnických zařízení,39-41-L/02,,SOU s maturitou,4,24,94,47,3.917,1.958,24,36,0,34,0.4,těžké,63.21,43.0,nevypsáno,,,
Zlínský kraj,Zlín,Otrokovice,Střední průmyslová škola Otrokovice,600014495,Přírodovědné lyceum,78-42-M/05,,Lycea,4,24,67,11,2.792,0.458,16,0,0,51,1.0,"místo bylo pro všechny, kdo splnili požadavky školy",50.44,33.0,vypsáno,8,20,6
Zlínský kraj,Vsetín,Rožnov pod Radhoštěm,Gymnázium Rožnov pod Radhoštěm,600018211,Gymnázium,79-41-K/41,,Gymnázia 4letá,4,56,148,74,2.643,1.321,56,33,0,59,0.629,středně těžké,70.3,57.0,nevypsáno,,,
Zlínský kraj,Vsetín,Rožnov pod Radhoštěm,Gymnázium Rožnov pod Radhoštěm,600018211,Gymnázium,79-41-K/81,,Gymnázia 8letá,8,30,74,43,2.467,1.433,24,21,3,20,0.533,středně těžké,58.92,45.0,vypsáno,6,30,6
Zlínský kraj,Vsetín,Rožnov pod Radhoštěm,Střední škola zemědělská a přírodovědná,600018202,Ekologie a životní prostředí,16-01-M/01,,SOŠ,4,30,63,10,2.1,0.333,15,0,0,48,1.0,"místo bylo pro všechny, kdo splnili požadavky školy",47.73,21.0,vypsáno,15,6,0
Zlínský kraj,Vsetín,Rožnov pod Radhoštěm,Střední škola zemědělská a přírodovědná,600018202,Agropodnikání,41-41-M/01,,SOŠ,4,30,61,16,2.033,0.533,20,0,1,40,1.0,"místo bylo pro všechny, kdo splnili požadavky školy",42.05,20.0,vypsáno,10,4,2
Zlínský kraj,Vsetín,Rožnov pod Radhoštěm,"SŠ cest. ruchu a JŠ s právem SJZ, s.r.o.",600018181,Cestovní ruch,65-42-M/02,Management a turismus,SOŠ,4,60,62,14,1.033,0.233,20,0,0,41,1.0,"místo bylo pro všechny, kdo splnili požadavky školy",36.95,12.0,"nevypsáno, i když obor nebyl naplněn",,,
Zlínský kraj,Vsetín,Rožnov pod Radhoštěm,"SŠ cest. ruchu a JŠ s právem SJZ, s.r.o.",600018181,Cestovní ruch,65-42-M/02,Turismus a hotelnictví,SOŠ,4,25,17,4,0.68,0.16,3,0,3,11,1.0,"místo bylo pro všechny, kdo splnili požadavky školy",30.33,,"nevypsáno, i když obor nebyl naplněn",,,
Zlínský kraj,Vsetín,Rožnov pod Radhoštěm,"SŠ cest. ruchu a JŠ s právem SJZ, s.r.o.",600018181,Cestovní ruch,65-42-M/02,Turismus a moderní informační technologie,SOŠ,4,25,3,2,0.12,0.08,2,0,0,1,1.0,"místo bylo pro všechny, kdo splnili požadavky školy",33.0,,"nevypsáno, i když obor nebyl naplněn",,,
Zlínský kraj,Vsetín,Rožnov pod Radhoštěm,"SŠ cest. ruchu a JŠ s právem SJZ, s.r.o.",600018181,Cestovní ruch,65-42-M/02,Zážitkový turismus,SOŠ,4,25,17,3,0.68,0.12,4,0,1,12,1.0,"místo bylo pro všechny, kdo splnili požadavky školy",34.0,,"nevypsáno, i když obor nebyl naplněn",,,
Zlínský kraj,Vsetín,Rožnov pod Radhoštěm,"SŠ informatiky,elektrotechniky a řemesel",600018156,Informační technologie,18-20-M/01,Moderní informační technologie,SOŠ,4,58,98,34,1.69,0.586,41,0,4,53,1.0,"místo bylo pro všechny, kdo splnili požadavky školy",45.93,18.0,"nevypsáno, i když obor nebyl naplněn",,,
Zlínský kraj,Vsetín,Rožnov pod Radhoštěm,"SŠ informatiky,elektrotechniky a řemesel",600018156,Mechanik elektrotechnik,26-41-L/01,Elektrikář 26-51-H/01,SOU s maturitou,4,28,76,19,2.714,0.679,26,0,1,49,1.0,"místo bylo pro všechny, kdo splnili požadavky školy",47.65,32.0,"nevypsáno, i když obor nebyl naplněn",,,
Zlínský kraj,Vsetín,Rožnov pod Radhoštěm,"SŠ informatiky,elektrotechniky a řemesel",600018156,Podnikání,64-41-L/51,,Nástavby,2,28,86,51,3.071,1.821,28,15,22,21,0.651,středně těžké,35.5,22.0,nevypsáno,,,
Zlínský kraj,Vsetín,Rožnov pod Radhoštěm,"SŠ informatiky,elektrotechniky a řemesel",600018156,Technické lyceum,78-42-M/01,,Lycea,4,28,34,10,1.214,0.357,9,0,1,24,1.0,"místo bylo pro všechny, kdo splnili požadavky školy",59.22,,vypsáno,10,2,1
Zlínský kraj,Zlín,Slavičín,Gymnázium Jana Pivečky a SOŠ,600014321,Informační technologie,18-20-M/01,,SOŠ,4,24,44,11,1.833,0.458,13,0,0,31,1.0,"místo bylo pro všechny, kdo splnili požadavky školy",37.5,19.0,vypsáno,7,6,3
Zlínský kraj,Zlín,Slavičín,Gymnázium Jana Pivečky a SOŠ,600014321,Mechanik seřizovač,23-45-L/01,,SOU s maturitou,4,24,20,3,0.833,0.125,4,0,0,16,1.0,"místo bylo pro všechny, kdo splnili požadavky školy",41.0,,vypsáno,8,0,0
Zlínský kraj,Zlín,Slavičín,Gymnázium Jana Pivečky a SOŠ,600014321,Podnikání,64-41-L/51,,Nástavby,2,30,50,32,1.667,1.067,30,3,0,17,0.909,dostala se většina soutěžících uchazečů,33.33,17.0,nevypsáno,,,
Zlínský kraj,Zlín,Slavičín,Gymnázium Jana Pivečky a SOŠ,600014321,Gymnázium,79-41-K/41,,Gymnázia 4letá,4,30,154,38,5.133,1.267,30,17,0,107,0.638,středně těžké,68.2,47.0,nevypsáno,,,
Zlínský kraj,Zlín,Slavičín,Gymnázium Jana Pivečky a SOŠ,600014321,Gymnázium,79-41-K/81,,Gymnázia 8letá,8,30,56,51,1.867,1.7,30,25,0,1,0.545,středně těžké,49.37,38.0,nevypsáno,,,
Zlínský kraj,Uherské Hradiště,Staré Město,Střední odborná škola a Gymnázium,600015556,Mechanik seřizovač,23-45-L/01,,SOU s maturitou,4,23,7,1,0.304,0.043,3,0,0,4,1.0,"místo bylo pro všechny, kdo splnili požadavky školy",33.67,,vypsáno,18,4,2
Zlínský kraj,Uherské Hradiště,Staré Město,Střední odborná škola a Gymnázium,600015556,Stavebnictví,36-47-M/01,,SOŠ,4,30,76,25,2.533,0.833,30,3,3,40,0.909,dostala se většina soutěžících uchazečů,51.13,31.0,nevypsáno,,,
Zlínský kraj,Uherské Hradiště,Staré Město,Střední odborná škola a Gymnázium,600015556,Agropodnikání,41-41-M/01,Precizní zemědělství,SOŠ,4,22,27,5,1.227,0.227,7,0,6,14,1.0,"místo bylo pro všechny, kdo splnili požadavky školy",43.57,,vypsáno,15,11,7
Zlínský kraj,Uherské Hradiště,Staré Město,Střední odborná škola a Gymnázium,600015556,Ekonomika a podnikání,63-41-M/01,Sportovní management,SOŠ,4,28,138,27,4.929,0.964,28,21,2,87,0.571,středně těžké,50.85,40.0,nevypsáno,,,
Zlínský kraj,Uherské Hradiště,Staré Město,Střední odborná škola a Gymnázium,600015556,Gymnázium,79-41-K/41,,Gymnázia 4letá,4,53,236,46,4.453,0.868,53,14,10,159,0.791,dostala se většina soutěžících uchazečů,61.06,47.0,nevypsáno,,,
Zlínský kraj,Uherské Hradiště,Staré Město,Střední odborná škola a Gymnázium,600015556,Gymnázium,79-41-K/41,Informatika a robotika,Gymnázia 4letá,4,10,9,3,0.9,0.3,3,0,1,5,1.0,"místo bylo pro všechny, kdo splnili požadavky školy",59.33,,"nevypsáno, i když obor nebyl naplněn",,,
Zlínský kraj,Uherské Hradiště,Uherské Hradiště,"Academic School, Gymnázium, SOŠ, ZŠ a MŠ, s.r.o.",600001661,Informační technologie,18-20-M/01,Vývoj cloudových aplikací a správa firemních systémů,SOŠ,4,15,37,14,2.467,0.933,15,3,1,18,0.833,dostala se většina soutěžících uchazečů,51.5,34.0,nevypsáno,,,
Zlínský kraj,Uherské Hradiště,Uherské Hradiště,"Academic School, Gymnázium, SOŠ, ZŠ a MŠ, s.r.o.",600001661,Gymnázium,79-41-K/41,Gymnázium,Gymnázia 4letá,4,20,16,4,0.8,0.2,5,0,0,11,1.0,"místo bylo pro všechny, kdo splnili požadavky školy",52.0,,vypsáno,8,5,3
Zlínský kraj,Uherské Hradiště,Uherské Hradiště,Gymnázium,600015467,Gymnázium,79-41-K/41,,Gymnázia 4letá,4,120,246,150,2.05,1.25,120,46,0,80,0.723,dostala se většina soutěžících uchazečů,75.72,63.0,nevypsáno,,,
Zlínský kraj,Uherské Hradiště,Uherské Hradiště,Gymnázium,600015467,Gymnázium,79-41-K/81,,Gymnázia 8letá,8,60,161,126,2.683,2.1,57,77,0,24,0.425,těžké,63.67,51.0,"nevypsáno, i když obor nebyl naplněn",,,
Zlínský kraj,Uherské Hradiště,Uherské Hradiště,"MESIT střední škola, o.p.s.",600015611,Mechanik strojů a zařízení,23-44-L/01,,SOU s maturitou,4,15,27,3,1.8,0.2,6,0,1,20,1.0,"místo bylo pro všechny, kdo splnili požadavky školy",39.33,,vypsáno,6,5,3
Zlínský kraj,Uherské Hradiště,Uherské Hradiště,"MESIT střední škola, o.p.s.",600015611,Mechanik elektrotechnik,26-41-L/01,,SOU s maturitou,4,15,71,18,4.733,1.2,15,13,1,42,0.536,středně těžké,51.6,35.0,nevypsáno,,,
Zlínský kraj,Uherské Hradiště,Uherské Hradiště,"MESIT střední škola, o.p.s.",600015611,Provozní elektrotechnika,26-41-L/52,,Nástavby,2,14,37,25,2.643,1.786,14,11,1,11,0.56,středně těžké,49.29,31.0,nevypsáno,,,
Zlínský kraj,Uherské Hradiště,Uherské Hradiště,"MESIT střední škola, o.p.s.",600015611,Podnikání,64-41-L/51,,Nástavby,2,24,90,33,3.75,1.375,23,18,2,45,0.561,středně těžké,38.57,23.0,"nevypsáno, i když obor nebyl naplněn",,,
Zlínský kraj,Uherské Hradiště,Uherské Hradiště,"OA , VOŠ a Jazyková škola s právem SJZ",600015513,Informační technologie,18-20-M/01,,SOŠ,4,30,82,41,2.733,1.367,30,15,0,37,0.667,dostala se většina soutěžících uchazečů,71.33,56.0,nevypsáno,,,
Zlínský kraj,Uherské Hradiště,Uherské Hradiště,"OA , VOŠ a Jazyková škola s právem SJZ",600015513,Obchodní akademie,63-41-M/02,,SOŠ,4,90,291,91,3.233,1.011,90,36,0,165,0.714,dostala se většina soutěžících uchazečů,59.44,43.0,nevypsáno,,,
Zlínský kraj,Uherské Hradiště,Uherské Hradiště,Střední škola služeb s.r.o.,600015581,Podnikání,64-41-L/51,,Nástavby,2,30,72,28,2.4,0.933,29,7,3,32,0.806,dostala se většina soutěžících uchazečů,29.62,19.0,vypsáno,4,18,4
Zlínský kraj,Uherské Hradiště,Uherské Hradiště,Střední škola služeb s.r.o.,600015581,Kosmetické služby,69-41-L/01,Kosmetička,SOU s maturitou,4,20,79,19,3.95,0.95,20,16,0,43,0.556,středně těžké,39.3,28.0,nevypsáno,,,
Zlínský kraj,Uherské Hradiště,Uherské Hradiště,"SŠ prům., hotelová, zdravotnická a VOŠ",600015459,Strojírenství,23-41-M/01,,SOŠ,4,29,82,26,2.828,0.897,29,4,0,49,0.879,dostala se většina soutěžících uchazečů,48.14,26.0,nevypsáno,,,
Zlínský kraj,Uherské Hradiště,Uherské Hradiště,"SŠ prům., hotelová, zdravotnická a VOŠ",600015459,Elektrotechnika,26-41-M/01,,SOŠ,4,29,98,37,3.379,1.276,29,15,0,54,0.659,středně těžké,55.93,39.0,nevypsáno,,,
Zlínský kraj,Uherské Hradiště,Uherské Hradiště,"SŠ prům., hotelová, zdravotnická a VOŠ",600015459,Praktická sestra,53-41-M/03,,SOŠ,4,58,181,51,3.121,0.879,58,24,0,99,0.707,dostala se většina soutěžících uchazečů,48.09,31.0,nevypsáno,,,
Zlínský kraj,Uherské Hradiště,Uherské Hradiště,"SŠ prům., hotelová, zdravotnická a VOŠ",600015459,Hotelnictví,65-42-M/01,,SOŠ,4,58,197,45,3.397,0.776,55,9,7,123,0.859,dostala se většina soutěžících uchazečů,41.27,22.0,"nevypsáno, i když obor nebyl naplněn",,,
Zlínský kraj,Uherské Hradiště,Uherské Hradiště,"SŠ prům., hotelová, zdravotnická a VOŠ",600015459,Technické lyceum,78-42-M/01,,Lycea,4,29,72,6,2.483,0.207,13,0,0,59,1.0,"místo bylo pro všechny, kdo splnili požadavky školy",54.54,42.0,vypsáno,7,6,0
Zlínský kraj,Uherské Hradiště,Uherské Hradiště,"SŠ prům., hotelová, zdravotnická a VOŠ",600015459,Zdravotnické lyceum,78-42-M/04,,Lycea,4,29,107,35,3.69,1.207,29,20,0,58,0.592,středně těžké,63.1,49.0,nevypsáno,,,
Zlínský kraj,Uherské Hradiště,Uherský Brod,Gymnázium J.A.Komenského a JŠ s pr.SJZ,600015530,Gymnázium,79-41-K/41,,Gymnázia 4letá,4,60,149,80,2.483,1.333,59,35,0,54,0.628,středně těžké,73.81,48.0,"nevypsáno, i když obor nebyl naplněn",,,
Zlínský kraj,Uherské Hradiště,Uherský Brod,Gymnázium J.A.Komenského a JŠ s pr.SJZ,600015530,Gymnázium,79-41-K/81,,Gymnázia 8letá,8,30,98,70,3.267,2.333,29,51,0,17,0.362,těžké,65.21,54.0,"nevypsáno, i když obor nebyl naplněn",,,
Zlínský kraj,Uherské Hradiště,Uherský Brod,Střední odborné učiliště Uherský Brod,600015483,Chovatelství,41-43-M/02,,SOŠ,4,30,63,26,2.1,0.867,29,4,0,29,0.879,dostala se většina soutěžících uchazečů,42.0,21.0,"nevypsáno, i když obor nebyl naplněn",,,
Zlínský kraj,Uherské Hradiště,Uherský Brod,Střední odborné učiliště Uherský Brod,600015483,Podnikání,64-41-L/51,,Nástavby,2,30,83,45,2.767,1.5,29,24,0,29,0.547,středně těžké,36.59,14.0,"nevypsáno, i když obor nebyl naplněn",,,
Zlínský kraj,Uherské Hradiště,Uherský Brod,Střední prům. škola a Obchodní akademie,600015548,Informační technologie,18-20-M/01,,SOŠ,4,30,61,14,2.033,0.467,23,0,0,38,1.0,"místo bylo pro všechny, kdo splnili požadavky školy",47.85,17.0,"nevypsáno, i když obor nebyl naplněn",,,
Zlínský kraj,Uherské Hradiště,Uherský Brod,Střední prům. škola a Obchodní akademie,600015548,Strojírenství,23-41-M/01,,SOŠ,4,50,50,19,1.0,0.38,21,0,0,29,1.0,"místo bylo pro všechny, kdo splnili požadavky školy",47.53,23.0,vypsáno,4,2,0
Zlínský kraj,Uherské Hradiště,Uherský Brod,Střední prům. škola a Obchodní akademie,600015548,Mechanik elektrotechnik,26-41-L/01,,SOU s maturitou,4,30,80,28,2.667,0.933,30,6,0,44,0.833,dostala se většina soutěžících uchazečů,42.77,22.0,nevypsáno,,,
Zlínský kraj,Uherské Hradiště,Uherský Brod,Střední prům. škola a Obchodní akademie,600015548,Podnikání,64-41-L/51,,Nástavby,2,30,92,38,3.067,1.267,30,22,0,40,0.577,středně těžké,34.43,15.0,nevypsáno,,,
Zlínský kraj,Uherské Hradiště,Uherský Brod,Střední prům. škola a Obchodní akademie,600015548,Veřejnosprávní činnost,68-43-M/01,,SOŠ,4,25,74,19,2.96,0.76,25,6,0,43,0.806,dostala se většina soutěžících uchazečů,45.64,18.0,nevypsáno,,,
Zlínský kraj,Uherské Hradiště,Uherský Brod,Střední prům. škola a Obchodní akademie,600015548,Sociální činnost,75-41-M/01,,SOŠ,4,25,71,24,2.84,0.96,25,16,0,30,0.61,středně těžké,42.36,27.0,nevypsáno,,,
Zlínský kraj,Uherské Hradiště,Uherský Brod,Střední škola - COP technické,600171132,Informační technologie,18-20-M/01,automatizace a robotika,SOŠ,4,20,22,7,1.1,0.35,7,0,0,14,1.0,"místo bylo pro všechny, kdo splnili požadavky školy",41.86,,"nevypsáno, i když obor nebyl naplněn",,,
Zlínský kraj,Uherské Hradiště,Uherský Brod,Střední škola - COP technické,600171132,Mechanik seřizovač,23-45-L/01,Programátor CNC strojů (L0+H Obráběč kovů),SOU s maturitou,4,6,11,1,1.833,0.167,1,0,0,10,1.0,"místo bylo pro všechny, kdo splnili požadavky školy",68.0,,vypsáno,5,1,0
Zlínský kraj,Uherské Hradiště,Uherský Brod,Střední škola - COP technické,600171132,Technik - puškař,23-69-L/01,(L0+H Puškař),SOU s maturitou,4,48,66,31,1.375,0.646,39,0,0,27,1.0,"místo bylo pro všechny, kdo splnili požadavky školy",47.92,16.0,vypsáno,10,5,5
Zlínský kraj,Zlín,Valašské Klobouky,Gymnázium,600014339,Gymnázium,79-41-K/41,,Gymnázia 4letá,4,60,150,48,2.5,0.8,60,9,0,81,0.87,dostala se většina soutěžících uchazečů,58.67,37.0,nevypsáno,,,
Zlínský kraj,Zlín,Valašské Klobouky,Střední odborné učiliště,600014517,Podnikání,64-41-L/51,,Nástavby,2,30,66,29,2.2,0.967,30,12,0,24,0.714,dostala se většina soutěžících uchazečů,32.03,15.0,nevypsáno,,,
Zlínský kraj,Zlín,Valašské Klobouky,Střední odborné učiliště,600014517,Veřejnosprávní činnost,68-43-M/01,,SOŠ,4,30,30,11,1.0,0.367,9,0,0,19,1.0,"místo bylo pro všechny, kdo splnili požadavky školy",39.0,,vypsáno,12,9,6
Zlínský kraj,Vsetín,Valašské Meziříčí,Gymnázium Františka Palackého,600018148,Gymnázium,79-41-K/41,,Gymnázia 4letá,4,60,196,72,3.267,1.2,60,34,0,102,0.638,středně těžké,73.22,54.0,nevypsáno,,,
Zlínský kraj,Vsetín,Valašské Meziříčí,Gymnázium Františka Palackého,600018148,Gymnázium,79-41-K/61,,Gymnázia 6letá,6,30,80,52,2.667,1.733,26,33,2,15,0.441,těžké,54.15,41.0,vypsáno,4,33,4
Zlínský kraj,Vsetín,Valašské Meziříčí,ISŠ Valašské Meziříčí,600171400,Mechanik strojů a zařízení,23-44-L/01,Strojní mechanik,SOU s maturitou,4,10,23,4,2.3,0.4,10,2,0,11,0.833,dostala se většina soutěžících uchazečů,33.8,18.0,nevypsáno,,,
Zlínský kraj,Vsetín,Valašské Meziříčí,ISŠ Valašské Meziříčí,600171400,Mechanik elektrotechnik,26-41-L/01,Elektrikář,SOU s maturitou,4,20,64,25,3.2,1.25,20,12,0,32,0.625,středně těžké,48.8,39.0,nevypsáno,,,
Zlínský kraj,Vsetín,Valašské Meziříčí,ISŠ Valašské Meziříčí,600171400,Podnikání,64-41-L/51,,Nástavby,2,30,108,28,3.6,0.933,29,26,6,46,0.527,středně těžké,34.41,28.0,"nevypsáno, i když obor nebyl naplněn",,,
Zlínský kraj,Vsetín,Valašské Meziříčí,ISŠ Valašské Meziříčí,600171400,Přírodovědné lyceum,78-42-M/05,,Lycea,4,30,37,7,1.233,0.233,10,0,0,27,1.0,"místo bylo pro všechny, kdo splnili požadavky školy",41.5,19.0,vypsáno,15,7,4
Zlínský kraj,Vsetín,Valašské Meziříčí,"MŠ, ZŠ a SŠ pro sluchově postižené",600027210,Informační technologie,18-20-M/01,Počítačové systémy a aplikovaná elektrotechnika,SOŠ,4,6,16,9,2.667,1.5,6,3,0,7,0.667,dostala se většina soutěžících uchazečů,47.83,,nevypsáno,,,
Zlínský kraj,Vsetín,Valašské Meziříčí,"MŠ, ZŠ a SŠ pro sluchově postižené",600027210,Ekonomika a podnikání,63-41-M/01,Marketing a mediální tvorba,SOŠ,4,6,13,4,2.167,0.667,6,1,0,6,0.857,dostala se většina soutěžících uchazečů,47.0,,nevypsáno,,,
Zlínský kraj,Vsetín,Valašské Meziříčí,Obchodní akademie a VOŠ,600018270,Informační technologie,18-20-M/01,,SOŠ,4,30,83,39,2.767,1.3,30,12,0,41,0.714,dostala se většina soutěžících uchazečů,55.1,30.0,nevypsáno,,,
Zlínský kraj,Vsetín,Valašské Meziříčí,Obchodní akademie a VOŠ,600018270,Obchodní akademie,63-41-M/02,,SOŠ,4,60,200,70,3.333,1.167,59,26,1,113,0.694,dostala se většina soutěžících uchazečů,59.49,41.0,"nevypsáno, i když obor nebyl naplněn",,,
Zlínský kraj,Vsetín,Valašské Meziříčí,Obchodní akademie a VOŠ,600018270,Veřejnosprávní činnost,68-43-M/01,,SOŠ,4,30,109,28,3.633,0.933,29,9,0,70,0.763,dostala se většina soutěžících uchazečů,52.38,25.0,"nevypsáno, i když obor nebyl naplněn",,,
Zlínský kraj,Vsetín,Valašské Meziříčí,Obchodní akademie a VOŠ,600018270,Ekonomické lyceum,78-42-M/02,,Lycea,4,30,127,21,4.233,0.7,30,3,0,94,0.909,dostala se většina soutěžících uchazečů,53.03,37.0,nevypsáno,,,
Zlínský kraj,Vsetín,Valašské Meziříčí,Střední průmyslová škola stavební,600018164,Technická zařízení budov,36-45-M/01,Technická zařízení budov,SOŠ,4,28,87,25,3.107,0.893,28,3,15,41,0.903,dostala se většina soutěžících uchazečů,55.04,37.0,nevypsáno,,,
Zlínský kraj,Vsetín,Valašské Meziříčí,Střední průmyslová škola stavební,600018164,Stavebnictví,36-47-M/01,"Stavebnictví, zaměření Pozemní stavitelství",SOŠ,4,12,64,12,5.333,1.0,12,5,10,37,0.706,dostala se většina soutěžících uchazečů,57.67,47.0,nevypsáno,,,
Zlínský kraj,Vsetín,Valašské Meziříčí,Střední průmyslová škola stavební,600018164,Stavebnictví,36-47-M/01,"Stavebnictví, zaměření Pozemní stavitelství a architektura",SOŠ,4,28,145,73,5.179,2.607,28,47,10,60,0.373,těžké,70.79,55.0,nevypsáno,,,
Zlínský kraj,Vsetín,Valašské Meziříčí,Střední průmyslová škola stavební,600018164,Stavebnictví,36-47-M/01,"Stavebnictví, zaměření Pozemní stavitelství a design interiéru",SOŠ,4,16,102,27,6.375,1.688,16,25,11,50,0.39,těžké,65.56,49.0,nevypsáno,,,
Zlínský kraj,Uherské Hradiště,Velehrad,"Stojanovo gymnázium, Velehrad",650067231,Gymnázium,79-41-K/41,,Gymnázia 4letá,4,66,185,104,2.803,1.576,66,48,0,71,0.579,středně těžké,77.12,64.0,nevypsáno,,,
Zlínský kraj,Zlín,Vizovice,Střední škola oděvní a služeb Vizovice,600014487,Fotograf,34-56-L/01,Fotograf se zaměřením na multimédia,SOU s maturitou,4,24,45,11,1.875,0.458,22,0,3,19,1.0,"místo bylo pro všechny, kdo splnili požadavky školy",37.0,20.0,"nevypsáno, i když obor nebyl naplněn",,,
Zlínský kraj,Zlín,Vizovice,Střední škola oděvní a služeb Vizovice,600014487,Kosmetické služby,69-41-L/01,,SOU s maturitou,4,30,123,26,4.1,0.867,29,4,14,75,0.879,dostala se většina soutěžících uchazečů,40.9,23.0,"nevypsáno, i když obor nebyl naplněn",,,
Zlínský kraj,Zlín,Vizovice,Střední škola oděvní a služeb Vizovice,600014487,Vlasová kosmetika,69-41-L/52,Vlasový specialista,Nástavby,2,23,58,27,2.522,1.174,22,4,11,20,0.846,dostala se většina soutěžících uchazečů,32.64,20.0,"nevypsáno, i když obor nebyl naplněn",,,
Zlínský kraj,Vsetín,Vsetín,"Masarykovo gymnázium, SZdrŠ a VOŠ zdr.",600018113,Praktická sestra,53-41-M/03,,SOŠ,4,60,146,56,2.433,0.933,60,14,1,71,0.811,dostala se většina soutěžících uchazečů,45.49,27.0,nevypsáno,,,
Zlínský kraj,Vsetín,Vsetín,"Masarykovo gymnázium, SZdrŠ a VOŠ zdr.",600018113,Gymnázium,79-41-K/41,,Gymnázia 4letá,4,90,197,112,2.189,1.244,88,37,0,70,0.704,dostala se většina soutěžících uchazečů,73.5,56.0,"nevypsáno, i když obor nebyl naplněn",,,
Zlínský kraj,Vsetín,Vsetín,"Masarykovo gymnázium, SZdrŠ a VOŠ zdr.",600018113,Gymnázium,79-41-K/81,,Gymnázia 8letá,8,30,94,88,3.133,2.933,27,60,2,2,0.31,velmi těžké,67.56,57.0,"nevypsáno, i když obor nebyl naplněn",,,
Zlínský kraj,Vsetín,Vsetín,SOŠ Josefa Sousedíka Vsetín,600018253,Mechanik seřizovač,23-45-L/01,,SOU s maturitou,4,20,26,5,1.3,0.25,6,0,0,20,1.0,"místo bylo pro všechny, kdo splnili požadavky školy",28.67,,vypsáno,6,8,4
Zlínský kraj,Vsetín,Vsetín,SOŠ Josefa Sousedíka Vsetín,600018253,Autotronik,39-41-L/01,,SOU s maturitou,4,30,56,30,1.867,1.0,30,4,0,22,0.882,dostala se většina soutěžících uchazečů,42.77,19.0,nevypsáno,,,
Zlínský kraj,Vsetín,Vsetín,SOŠ Josefa Sousedíka Vsetín,600018253,Podnikání,64-41-L/51,,Nástavby,2,30,108,63,3.6,2.1,30,37,0,41,0.448,těžké,37.97,22.0,nevypsáno,,,
Zlínský kraj,Vsetín,Vsetín,SOŠ Josefa Sousedíka Vsetín,600018253,Gastronomie,65-41-L/01,,SOU s maturitou,4,12,22,5,1.833,0.417,7,0,0,15,1.0,"místo bylo pro všechny, kdo splnili požadavky školy",36.71,,vypsáno,5,7,4
Zlínský kraj,Vsetín,Vsetín,Střední průmyslová škola strojnická,600018245,Strojírenství,23-41-M/01,Výpočetní technika,SOŠ,4,60,115,51,1.917,0.85,58,0,2,55,1.0,"místo bylo pro všechny, kdo splnili požadavky školy",51.19,28.0,"nevypsáno, i když obor nebyl naplněn",,,
Zlínský kraj,Vsetín,Vsetín,Střední průmyslová škola strojnická,600018245,Ekonomika a podnikání,63-41-M/01,Management kvality,SOŠ,4,30,97,17,3.233,0.567,29,0,4,64,1.0,"místo bylo pro všechny, kdo splnili požadavky školy",44.59,23.0,"nevypsáno, i když obor nebyl naplněn",,,
Zlínský kraj,Vsetín,Vsetín,Střední průmyslová škola strojnická,600018245,Technické lyceum,78-42-M/01,,Lycea,4,30,47,4,1.567,0.133,7,0,0,40,1.0,"místo bylo pro všechny, kdo splnili požadavky školy",50.14,,vypsáno,8,4,2
Zlínský kraj,Vsetín,Vsetín,Střední škola Kostka s.r.o,600018199,Ekonomika a podnikání,63-41-M/01,,SOŠ,4,58,137,48,2.362,0.828,55,0,2,78,1.0,"místo bylo pro všechny, kdo splnili požadavky školy",43.25,21.0,vypsáno,16,14,4
Zlínský kraj,Vsetín,Vsetín,Střední škola Kostka s.r.o,600018199,Předškolní a mimoškolní pedagogika,75-31-M/01,,SOŠ,4,33,61,29,1.848,0.879,26,0,5,28,1.0,"místo bylo pro všechny, kdo splnili požadavky školy",47.88,21.0,vypsáno,6,4,1
Zlínský kraj,Vsetín,Vsetín,Střední škola Kostka s.r.o,600018199,Pedagogické lyceum,78-42-M/03,,Lycea,4,66,144,40,2.182,0.606,51,0,0,93,1.0,"místo bylo pro všechny, kdo splnili požadavky školy",51.2,24.0,vypsáno,8,18,6
Zlínský kraj,Vsetín,Vsetín,Střední škola Kostka s.r.o,600018199,Gymnázium,79-41-K/41,,Gymnázia 4letá,4,15,54,7,3.6,0.467,10,0,0,43,1.0,"místo bylo pro všechny, kdo splnili požadavky školy",59.78,,vypsáno,4,7,1
Zlínský kraj,Vsetín,Vsetín,Střední škola Kostka s.r.o,600018199,Gymnázium,79-41-K/61,,Gymnázia 6letá,6,24,27,19,1.125,0.792,20,0,0,4,1.0,"místo bylo pro všechny, kdo splnili požadavky školy",35.12,24.0,vypsáno,4,5,2
Zlínský kraj,Zlín,Zlín,Gymnázium,600014363,Gymnázium,79-41-K/41,Jednoduchá cesta nikam nevede,Gymnázia 4letá,4,120,269,181,2.242,1.508,120,81,0,68,0.597,středně těžké,83.97,68.0,nevypsáno,,,
Zlínský kraj,Zlín,Zlín,Gymnázium,600014363,Gymnázium,79-41-K/81,Jednoduchá cesta nikam nevede,Gymnázia 8letá,8,60,200,138,3.333,2.3,60,111,0,29,0.351,těžké,68.64,55.0,nevypsáno,,,
Zlínský kraj,Zlín,Zlín,Gymnázium a Jazyková škola s právem SJZ,600014398,Gymnázium,79-41-K/41,Škola s dobrým výhledem,Gymnázia 4letá,4,90,321,148,3.567,1.644,89,96,2,133,0.481,těžké,80.18,68.0,"nevypsáno, i když obor nebyl naplněn",,,
Zlínský kraj,Zlín,Zlín,Gymnázium a Jazyková škola s právem SJZ,600014398,Gymnázium,79-41-K/41,Škola v pohybu,Gymnázia 4letá,4,5,19,11,3.8,2.2,5,9,0,5,0.357,těžké,77.8,,nevypsáno,,,
Zlínský kraj,Zlín,Zlín,Gymnázium a Jazyková škola s právem SJZ,600014398,Gymnázium,79-41-K/81,Otevřená škola,Gymnázia 8letá,8,30,205,62,6.833,2.067,30,96,7,72,0.238,velmi těžké,61.27,51.0,nevypsáno,,,
Zlínský kraj,Zlín,Zlín,Gymnázium a Jazyková škola s právem SJZ,600014398,Gymnázium se sportovní přípravou,79-42-K/41,Škola s dobrým startem - Atletika,Gymnázia 4letá,4,5,7,4,1.4,0.8,5,1,1,0,0.833,dostala se většina soutěžících uchazečů,56.4,,nevypsáno,,,
Zlínský kraj,Zlín,Zlín,Gymnázium a Jazyková škola s právem SJZ,600014398,Gymnázium se sportovní přípravou,79-42-K/41,Škola s dobrým startem - Basketbal,Gymnázia 4letá,4,5,13,8,2.6,1.6,5,4,1,3,0.556,středně těžké,73.6,,nevypsáno,,,
Zlínský kraj,Zlín,Zlín,Gymnázium a Jazyková škola s právem SJZ,600014398,Gymnázium se sportovní přípravou,79-42-K/41,Škola s dobrým startem - Házená,Gymnázia 4letá,4,5,18,10,3.6,2.0,5,7,1,5,0.417,těžké,75.8,,nevypsáno,,,
Zlínský kraj,Zlín,Zlín,Gymnázium a Jazyková škola s právem SJZ,600014398,Gymnázium se sportovní přípravou,79-42-K/41,Škola s dobrým startem - Plavání,Gymnázia 4letá,4,5,10,9,2.0,1.8,5,4,0,1,0.556,středně těžké,78.8,,nevypsáno,,,
Zlínský kraj,Zlín,Zlín,Gymnázium a Jazyková škola s právem SJZ,600014398,Gymnázium se sportovní přípravou,79-42-K/41,Škola s dobrým startem - Volejbal,Gymnázia 4letá,4,5,14,8,2.8,1.6,5,3,2,4,0.625,středně těžké,64.4,,nevypsáno,,,
Zlínský kraj,Zlín,Zlín,"ORBIS, MŠ, ZŠ a Střední škola, s.r.o.",600014479,Informační technologie,18-20-M/01,,SOŠ,4,20,22,4,1.1,0.2,5,0,3,14,1.0,"místo bylo pro všechny, kdo splnili požadavky školy",53.25,,vypsáno,15,8,3
Zlínský kraj,Zlín,Zlín,"ORBIS, MŠ, ZŠ a Střední škola, s.r.o.",600014479,Ekonomika a podnikání,63-41-M/01,,SOŠ,4,19,44,12,2.316,0.632,17,0,5,22,1.0,"místo bylo pro všechny, kdo splnili požadavky školy",49.53,33.0,vypsáno,3,15,3
Zlínský kraj,Zlín,Zlín,"ORBIS, MŠ, ZŠ a Střední škola, s.r.o.",600014479,Gymnázium,79-41-K/41,,Gymnázia 4letá,4,20,44,13,2.2,0.65,16,0,5,23,1.0,"místo bylo pro všechny, kdo splnili požadavky školy",58.81,39.0,vypsáno,4,12,4
Zlínský kraj,Zlín,Zlín,Obch.akademie T.Bati a VOŠ ekonomická,600014410,Obchodní akademie,63-41-M/02,,SOŠ,4,120,376,118,3.133,0.983,120,58,0,198,0.674,dostala se většina soutěžících uchazečů,58.05,41.0,nevypsáno,,,
Zlínský kraj,Zlín,Zlín,Obch.akademie T.Bati a VOŠ ekonomická,600014410,Ekonomické lyceum,78-42-M/02,,Lycea,4,30,110,34,3.667,1.133,30,21,0,59,0.588,středně těžké,66.67,51.0,nevypsáno,,,
Zlínský kraj,Zlín,Zlín,SPŠ polytechnická - COP Zlín,600171051,Informační technologie,18-20-M/01,Kyberbezpečnost a počítačové sítě,SOŠ,4,15,59,13,3.933,0.867,15,4,0,40,0.789,dostala se většina soutěžících uchazečů,51.93,30.0,nevypsáno,,,
Zlínský kraj,Zlín,Zlín,SPŠ polytechnická - COP Zlín,600171051,Informační technologie,18-20-M/01,Robotika a programování,SOŠ,4,30,88,31,2.933,1.033,30,7,0,51,0.811,dostala se většina soutěžících uchazečů,54.03,22.0,nevypsáno,,,
Zlínský kraj,Zlín,Zlín,SPŠ polytechnická - COP Zlín,600171051,Mechanik seřizovač,23-45-L/01,Obráběč kovů (možnost získat výuční list ve 3. r.),SOU s maturitou,4,60,62,17,1.033,0.283,24,0,2,36,1.0,"místo bylo pro všechny, kdo splnili požadavky školy",39.62,17.0,vypsáno,6,11,4
Zlínský kraj,Zlín,Zlín,SPŠ polytechnická - COP Zlín,600171051,Mechanik elektrotechnik,26-41-L/01,Elektromechanik pro zařízení a přístroje (možnost získat výuční list ve 3. r.),SOU s maturitou,4,27,127,48,4.704,1.778,27,37,0,63,0.422,těžké,56.22,37.0,nevypsáno,,,
Zlínský kraj,Zlín,Zlín,SPŠ polytechnická - COP Zlín,600171051,Reprodukční grafik pro média,34-53-L/01,Reprodukční grafik (možnost získat výuční list ve 3. r.),SOU s maturitou,4,28,79,20,2.821,0.714,27,6,1,44,0.818,dostala se většina soutěžících uchazečů,43.37,22.0,"nevypsáno, i když obor nebyl naplněn",,,
Zlínský kraj,Zlín,Zlín,SPŠ polytechnická - COP Zlín,600171051,Technické lyceum,78-42-M/01,Design a technologie výrobků,Lycea,4,15,40,3,2.667,0.2,6,0,0,33,1.0,"místo bylo pro všechny, kdo splnili požadavky školy",43.33,,vypsáno,10,17,5
Zlínský kraj,Zlín,Zlín,Střední průmyslová škola Zlín,600014355,Strojírenství,23-41-M/01,3D technologie ,SOŠ,4,60,130,41,2.167,0.683,54,0,1,75,1.0,"místo bylo pro všechny, kdo splnili požadavky školy",52.54,29.0,vypsáno,4,11,2
Zlínský kraj,Zlín,Zlín,Střední průmyslová škola Zlín,600014355,Elektrotechnika,26-41-M/01,Informační technika,SOŠ,4,30,89,34,2.967,1.133,29,9,0,50,0.763,dostala se většina soutěžících uchazečů,67.79,46.0,"nevypsáno, i když obor nebyl naplněn",,,
Zlínský kraj,Zlín,Zlín,Střední průmyslová škola Zlín,600014355,Elektrotechnika,26-41-M/01,Robotika,SOŠ,4,30,88,39,2.933,1.3,30,10,1,47,0.75,dostala se většina soutěžících uchazečů,68.37,39.0,nevypsáno,,,
Zlínský kraj,Zlín,Zlín,Střední průmyslová škola Zlín,600014355,Stavebnictví,36-47-M/01,Architektura pozemních staveb,SOŠ,4,30,100,52,3.333,1.733,30,36,0,34,0.455,těžké,73.66,56.0,nevypsáno,,,
Zlínský kraj,Zlín,Zlín,Střední průmyslová škola Zlín,600014355,Stavebnictví,36-47-M/01,Pozemní stavitelství,SOŠ,4,60,148,67,2.467,1.117,60,24,0,64,0.714,dostala se většina soutěžících uchazečů,63.29,45.0,nevypsáno,,,
Zlínský kraj,Zlín,Zlín,Střední průmyslová škola Zlín,600014355,Technické lyceum,78-42-M/01,Technické lyceum,Lycea,4,59,158,28,2.678,0.475,44,0,0,113,1.0,"místo bylo pro všechny, kdo splnili požadavky školy",57.27,35.0,"nevypsáno, i když obor nebyl naplněn",,,
Zlínský kraj,Zlín,Zlín,Střední zdrav. škola a VOŠ zdravotnická,600019918,Praktická sestra,53-41-M/03,,SOŠ,4,81,234,100,2.889,1.235,80,52,1,100,0.606,středně těžké,52.4,32.0,"nevypsáno, i když obor nebyl naplněn",,,
Zlínský kraj,Zlín,Zlín,Střední škola Baltaci s.r.o.,600014452,Informační technologie,18-20-M/01,Informační technologie,SOŠ,4,24,33,11,1.375,0.458,13,0,2,18,1.0,"místo bylo pro všechny, kdo splnili požadavky školy",47.85,22.0,"nevypsáno, i když obor nebyl naplněn",,,
Zlínský kraj,Zlín,Zlín,Střední škola Baltaci s.r.o.,600014452,Lyceum (režim pokusného ověřování),78-42-M/08,Lyceum,Lycea,4,24,22,2,0.917,0.083,6,0,4,12,1.0,"místo bylo pro všechny, kdo splnili požadavky školy",45.5,,"nevypsáno, i když obor nebyl naplněn",,,
Zlínský kraj,Zlín,Zlín,Střední škola gastronomie a obchodu,600014461,Gastronomie,65-41-L/01,Gastronomie s hotelovým provozem,SOU s maturitou,4,30,80,16,2.667,0.533,30,3,1,46,0.909,dostala se většina soutěžících uchazečů,40.63,24.0,nevypsáno,,,
Zlínský kraj,Zlín,Zlín,Střední škola gastronomie a obchodu,600014461,Gastronomie,65-41-L/51,,Nástavby,2,30,36,32,1.2,1.067,30,4,0,2,0.882,dostala se většina soutěžících uchazečů,27.97,11.0,nevypsáno,,,
Zlínský kraj,Zlín,Zlín,"Střední škola podnikatelská a VOŠ,s.r.o.",600020525,Ekonomika a podnikání,63-41-M/01,Sportovní akademie (zaměření Trenérství),SOŠ,4,25,124,41,4.96,1.64,25,32,0,67,0.439,těžké,55.8,41.0,nevypsáno,,,
Zlínský kraj,Zlín,Zlín,"Střední škola podnikatelská a VOŠ,s.r.o.",600020525,Ekonomika a podnikání,63-41-M/01,Učíme se podnikat,SOŠ,4,50,222,54,4.44,1.08,50,44,0,128,0.532,středně těžké,50.58,35.0,nevypsáno,,,
Zlínský kraj,Zlín,Zlín,"SŠ pedagogická a sociální,s.r.o.",600014436,Předškolní a mimoškolní pedagogika,75-31-M/01,Předškolní a mimoškolní pedagogika,SOŠ,4,28,119,49,4.25,1.75,28,35,8,48,0.444,těžké,53.86,35.0,nevypsáno,,,
Zlínský kraj,Zlín,Zlín,"SŠ pedagogická a sociální,s.r.o.",600014436,Sociální činnost,75-41-M/01,Sociální činnost,SOŠ,4,17,23,3,1.353,0.176,8,0,2,13,1.0,"místo bylo pro všechny, kdo splnili požadavky školy",42.88,,vypsáno,7,12,6
Ústecký kraj,Chomutov,Chomutov,Gymnázium,600010287,Gymnázium,79-41-K/41,všeobecné,Gymnázia 4letá,4,90,179,83,1.989,0.922,81,0,7,91,1.0,"místo bylo pro všechny, kdo splnili požadavky školy",57.8,33.0,"nevypsáno, i když obor nebyl naplněn",,,
Ústecký kraj,Chomutov,Chomutov,Gymnázium,600010287,Gymnázium,79-41-K/61,všeobecné,Gymnázia 6letá,6,30,63,63,2.1,2.1,25,12,21,0,0.676,dostala se většina soutěžících uchazečů,55.0,37.0,vypsáno,5,36,5
Ústecký kraj,Chomutov,Chomutov,"SOŠ energetická a stavební, OA a SZŠ",600170586,Mechanik elektrotechnik,26-41-L/01,,SOU s maturitou,4,30,96,34,3.2,1.133,30,6,1,59,0.833,dostala se většina soutěžících uchazečů,37.1,21.0,nevypsáno,,,
Ústecký kraj,Chomutov,Chomutov,"SOŠ energetická a stavební, OA a SZŠ",600170586,Elektrotechnika,26-41-M/01,,SOŠ,4,30,83,8,2.767,0.267,9,0,0,74,1.0,"místo bylo pro všechny, kdo splnili požadavky školy",39.11,,vypsáno,16,4,0
Ústecký kraj,Chomutov,Chomutov,"SOŠ energetická a stavební, OA a SZŠ",600170586,Požární ochrana,39-08-M/01,Strojník požární techniky,SOŠ,4,30,49,27,1.633,0.9,27,0,5,17,1.0,"místo bylo pro všechny, kdo splnili požadavky školy",36.11,16.0,"nevypsáno, i když obor nebyl naplněn",,,
Ústecký kraj,Chomutov,Chomutov,"SOŠ energetická a stavební, OA a SZŠ",600170586,Požární ochrana,39-08-M/01,Technik požární ochrany,SOŠ,4,30,49,17,1.633,0.567,21,0,0,28,1.0,"místo bylo pro všechny, kdo splnili požadavky školy",36.05,17.0,vypsáno,6,12,7
Ústecký kraj,Chomutov,Chomutov,"SOŠ energetická a stavební, OA a SZŠ",600170586,Praktická sestra,53-41-M/03,,SOŠ,4,60,135,63,2.25,1.05,62,18,4,53,0.775,dostala se většina soutěžících uchazečů,34.98,18.0,nevypsáno,,,
Ústecký kraj,Chomutov,Chomutov,"SOŠ energetická a stavební, OA a SZŠ",600170586,Obchodní akademie,63-41-M/02,Obchodní akademie,SOŠ,4,30,96,23,3.2,0.767,27,0,1,68,1.0,"místo bylo pro všechny, kdo splnili požadavky školy",35.42,15.0,"nevypsáno, i když obor nebyl naplněn",,,
Ústecký kraj,Chomutov,Chomutov,"SOŠ energetická a stavební, OA a SZŠ",600170586,Obchodní akademie,63-41-M/02,Sportovní management,SOŠ,4,30,71,16,2.367,0.533,23,0,4,44,1.0,"místo bylo pro všechny, kdo splnili požadavky školy",30.26,16.0,vypsáno,6,15,6
Ústecký kraj,Chomutov,Chomutov,"SOŠ energetická a stavební, OA a SZŠ",600170586,Bezpečnostně právní činnost,68-42-M/01,,SOŠ,4,30,110,45,3.667,1.5,30,17,19,44,0.638,středně těžké,44.7,26.0,nevypsáno,,,
Ústecký kraj,Chomutov,Chomutov,SPŠ a VOŠ,600020363,Elektrotechnika,26-41-M/01,,SOŠ,4,145,215,148,1.483,1.021,145,3,1,66,0.98,dostala se většina soutěžících uchazečů,54.31,23.0,nevypsáno,,,
Ústecký kraj,Chomutov,Chomutov,"SŠ technická, gastronom. a automobilní",600010368,Mechanik seřizovač,23-45-L/01,Obráběč kovů,SOU s maturitou,4,30,22,5,0.733,0.167,6,0,1,15,1.0,"místo bylo pro všechny, kdo splnili požadavky školy",22.5,,"nevypsáno, i když obor nebyl naplněn",,,
Ústecký kraj,Chomutov,Chomutov,"SŠ technická, gastronom. a automobilní",600010368,Autotronik,39-41-L/01,Mechanik opravář motorových vozidel,SOU s maturitou,4,30,73,35,2.433,1.167,30,7,3,33,0.811,dostala se většina soutěžících uchazečů,37.67,19.0,nevypsáno,,,
Ústecký kraj,Chomutov,Chomutov,"SŠ technická, gastronom. a automobilní",600010368,Podnikání,64-41-L/51,,Nástavby,2,32,112,81,3.5,2.531,32,38,18,24,0.457,těžké,32.41,21.0,nevypsáno,,,
Ústecký kraj,Chomutov,Chomutov,"SŠ technická, gastronom. a automobilní",600010368,Hotelnictví,65-42-M/01,,SOŠ,4,30,77,18,2.567,0.6,29,2,10,35,0.935,dostala se většina soutěžících uchazečů,25.83,15.0,"nevypsáno, i když obor nebyl naplněn",,,
Ústecký kraj,Teplice,Dubí,GYMNÁZIUM J.A.Komenského s.r.o.,600011232,Gymnázium,79-41-K/81,všeobecné,Gymnázia 8letá,8,23,16,7,0.696,0.304,9,0,3,4,1.0,"místo bylo pro všechny, kdo splnili požadavky školy",26.11,,"nevypsáno, i když obor nebyl naplněn",,,
Ústecký kraj,Teplice,Duchcov,Gymnázium a Střední průmyslová škola,600011267,Technická zařízení budov,36-45-M/01,,SOŠ,4,14,31,3,2.214,0.214,4,0,0,27,1.0,"místo bylo pro všechny, kdo splnili požadavky školy",36.75,,"nevypsáno, i když obor nebyl naplněn",,,
Ústecký kraj,Teplice,Duchcov,Gymnázium a Střední průmyslová škola,600011267,Geodézie a katastr nemovitostí,36-46-M/01,,SOŠ,4,14,27,12,1.929,0.857,13,0,0,14,1.0,"místo bylo pro všechny, kdo splnili požadavky školy",44.23,18.0,"nevypsáno, i když obor nebyl naplněn",,,
Ústecký kraj,Teplice,Duchcov,Gymnázium a Střední průmyslová škola,600011267,Stavebnictví,36-47-M/01,Architektura a interiérový design,SOŠ,4,28,61,30,2.179,1.071,28,5,2,26,0.848,dostala se většina soutěžících uchazečů,51.89,29.0,nevypsáno,,,
Ústecký kraj,Teplice,Duchcov,Gymnázium a Střední průmyslová škola,600011267,Gymnázium,79-41-K/41,,Gymnázia 4letá,4,2,34,3,17.0,1.5,2,5,1,26,0.286,velmi těžké,50.0,,nevypsáno,,,
Ústecký kraj,Teplice,Duchcov,Gymnázium a Střední průmyslová škola,600011267,Gymnázium,79-41-K/81,,Gymnázia 8letá,8,28,44,21,1.571,0.75,28,3,1,12,0.903,dostala se většina soutěžících uchazečů,29.64,18.0,nevypsáno,,,
Ústecký kraj,Děčín,Děčín,Evropská obchodní akademie,600010171,Obchodní akademie,63-41-M/02,Digitální marketing a komunikace,SOŠ,4,16,54,13,3.375,0.812,15,0,0,39,1.0,"místo bylo pro všechny, kdo splnili požadavky školy",43.57,26.0,"nevypsáno, i když obor nebyl naplněn",,,
Ústecký kraj,Děčín,Děčín,Evropská obchodní akademie,600010171,Obchodní akademie,63-41-M/02,Evropský hospodářský asistent,SOŠ,4,32,64,20,2.0,0.625,21,0,0,43,1.0,"místo bylo pro všechny, kdo splnili požadavky školy",44.6,18.0,"nevypsáno, i když obor nebyl naplněn",,,
Ústecký kraj,Děčín,Děčín,Evropská obchodní akademie,600010171,Obchodní akademie,63-41-M/02,Kreativita podnikání,SOŠ,4,32,79,25,2.469,0.781,30,0,0,49,1.0,"místo bylo pro všechny, kdo splnili požadavky školy",44.31,18.0,"nevypsáno, i když obor nebyl naplněn",,,
Ústecký kraj,Děčín,Děčín,Evropská obchodní akademie,600010171,Obchodní akademie,63-41-M/02,Sportovní marketing a management,SOŠ,4,16,59,22,3.688,1.375,16,12,0,31,0.571,středně těžké,51.38,36.0,nevypsáno,,,
Ústecký kraj,Děčín,Děčín,Gymnázium,600010198,Gymnázium,79-41-K/41,79-41-K/41 Humanitní,Gymnázia 4letá,4,30,59,14,1.967,0.467,17,0,0,42,1.0,"místo bylo pro všechny, kdo splnili požadavky školy",58.41,34.0,vypsáno,13,5,1
Ústecký kraj,Děčín,Děčín,Gymnázium,600010198,Gymnázium,79-41-K/41,79-41-K/41 Všeobecné,Gymnázia 4letá,4,60,123,65,2.05,1.083,60,8,0,55,0.882,dostala se většina soutěžících uchazečů,66.87,42.0,nevypsáno,,,
Ústecký kraj,Děčín,Děčín,Gymnázium,600010198,Gymnázium,79-41-K/81,79-41-K/81,Gymnázia 8letá,8,31,86,53,2.774,1.71,30,33,0,22,0.476,těžké,54.31,35.0,"nevypsáno, i když obor nebyl naplněn",,,
Ústecký kraj,Děčín,Děčín,Střední zdravotnická škola,600019683,Praktická sestra,53-41-M/03,,SOŠ,4,60,115,51,1.917,0.85,60,1,3,51,0.984,dostala se většina soutěžících uchazečů,34.25,15.0,nevypsáno,,,
Ústecký kraj,Děčín,Děčín,Střední zdravotnická škola,600019683,Sociální činnost,75-41-M/01,Aktivizační pracovník,SOŠ,4,20,50,14,2.5,0.7,18,0,2,30,1.0,"místo bylo pro všechny, kdo splnili požadavky školy",39.06,18.0,"nevypsáno, i když obor nebyl naplněn",,,
Ústecký kraj,Děčín,Děčín,Střední škola řemesel a služeb,600170560,Fotograf,34-56-L/01,,SOU s maturitou,4,12,30,8,2.5,0.667,7,0,5,18,1.0,"místo bylo pro všechny, kdo splnili požadavky školy",34.71,,vypsáno,5,9,4
Ústecký kraj,Děčín,Děčín,Střední škola řemesel a služeb,600170560,Podnikání,64-41-L/51,,Nástavby,2,28,106,64,3.786,2.286,28,35,18,25,0.444,těžké,40.5,31.0,nevypsáno,,,
Ústecký kraj,Děčín,Děčín,Střední škola řemesel a služeb,600170560,Kosmetické služby,69-41-L/01,,SOU s maturitou,4,12,69,24,5.75,2.0,12,10,16,31,0.545,středně těžké,37.33,29.0,nevypsáno,,,
Ústecký kraj,Děčín,Děčín,SŠ lodní dopravy a technických řemesel,600170551,Podnikání,64-41-L/51,,Nástavby,2,30,79,25,2.633,0.833,30,17,1,31,0.638,středně těžké,33.57,25.0,nevypsáno,,,
Ústecký kraj,Děčín,Děčín,SŠ zahradnická a zeměděl. A. E. Komerse,600010228,Ekologie a životní prostředí,16-01-M/01,,SOŠ,4,16,38,8,2.375,0.5,6,0,5,27,1.0,"místo bylo pro všechny, kdo splnili požadavky školy",47.83,,vypsáno,10,14,4
Ústecký kraj,Děčín,Děčín,SŠ zahradnická a zeměděl. A. E. Komerse,600010228,Agropodnikání,41-41-M/01,,SOŠ,4,25,61,18,2.44,0.72,20,0,10,30,1.0,"místo bylo pro všechny, kdo splnili požadavky školy",40.65,26.0,"nevypsáno, i když obor nebyl naplněn",,,
Ústecký kraj,Děčín,Děčín,SŠ zahradnická a zeměděl. A. E. Komerse,600010228,Zahradnictví,41-44-M/01,,SOŠ,4,16,30,11,1.875,0.688,8,0,11,11,1.0,"místo bylo pro všechny, kdo splnili požadavky školy",47.0,,vypsáno,8,5,2
Ústecký kraj,Děčín,Děčín,SŠ zahradnická a zeměděl. A. E. Komerse,600010228,Veterinářství,43-41-M/01,,SOŠ,4,28,111,52,3.964,1.857,28,15,30,38,0.651,středně těžké,50.29,31.0,nevypsáno,,,
Ústecký kraj,Děčín,Děčín,"VOŠ a SPŠ strojní, stavební a dopravní",600020355,Strojírenství,23-41-M/01,,SOŠ,4,30,45,13,1.5,0.433,14,0,0,31,1.0,"místo bylo pro všechny, kdo splnili požadavky školy",41.79,23.0,vypsáno,15,1,1
Ústecký kraj,Děčín,Děčín,"VOŠ a SPŠ strojní, stavební a dopravní",600020355,Elektrotechnika,26-41-M/01,,SOŠ,4,60,94,41,1.567,0.683,45,0,0,49,1.0,"místo bylo pro všechny, kdo splnili požadavky školy",41.0,22.0,vypsáno,15,7,2
Ústecký kraj,Děčín,Děčín,"VOŠ a SPŠ strojní, stavební a dopravní",600020355,Stavebnictví,36-47-M/01,,SOŠ,4,60,99,31,1.65,0.517,36,0,1,62,1.0,"místo bylo pro všechny, kdo splnili požadavky školy",46.31,18.0,vypsáno,20,1,0
Ústecký kraj,Děčín,Děčín,"VOŠ a SPŠ strojní, stavební a dopravní",600020355,Provoz a ekonomika dopravy,37-41-M/01,,SOŠ,4,60,88,30,1.467,0.5,32,0,0,56,1.0,"místo bylo pro všechny, kdo splnili požadavky školy",42.66,20.0,vypsáno,20,6,2
Ústecký kraj,Děčín,Děčín,"VOŠ a SPŠ strojní, stavební a dopravní",600020355,Technické lyceum,78-42-M/01,,Lycea,4,20,33,9,1.65,0.45,8,0,2,23,1.0,"místo bylo pro všechny, kdo splnili požadavky školy",55.5,,vypsáno,15,2,0
Ústecký kraj,Chomutov,Jirkov,Městské gymnázium a Základní škola,600077594,Gymnázium,79-41-K/41,všeobecné,Gymnázia 4letá,4,25,101,21,4.04,0.84,25,0,3,73,1.0,"místo bylo pro všechny, kdo splnili požadavky školy",48.04,26.0,nevypsáno,,,
Ústecký kraj,Chomutov,Kadaň,Gymnázium,600010295,Gymnázium,79-41-K/41,,Gymnázia 4letá,4,60,129,47,2.15,0.783,52,0,1,76,1.0,"místo bylo pro všechny, kdo splnili požadavky školy",56.94,27.0,"nevypsáno, i když obor nebyl naplněn",,,
Ústecký kraj,Chomutov,Kadaň,Gymnázium,600010295,Gymnázium,79-41-K/81,,Gymnázia 8letá,8,30,66,45,2.2,1.5,30,16,4,16,0.652,středně těžké,50.24,30.0,nevypsáno,,,
Ústecký kraj,Chomutov,Kadaň,SPŠ stavební a OA Kadaň,600010309,Technická zařízení budov,36-45-M/01,,SOŠ,4,30,31,1,1.033,0.033,2,0,0,29,1.0,"místo bylo pro všechny, kdo splnili požadavky školy",34.0,,vypsáno,15,1,0
Ústecký kraj,Chomutov,Kadaň,SPŠ stavební a OA Kadaň,600010309,Stavebnictví,36-47-M/01,,SOŠ,4,60,96,38,1.6,0.633,41,0,0,55,1.0,"místo bylo pro všechny, kdo splnili požadavky školy",43.22,21.0,vypsáno,5,1,0
Ústecký kraj,Chomutov,Kadaň,SPŠ stavební a OA Kadaň,600010309,Obchodní akademie,63-41-M/02,,SOŠ,4,60,83,12,1.383,0.2,14,0,2,67,1.0,"místo bylo pro všechny, kdo splnili požadavky školy",28.71,14.0,vypsáno,10,10,0
Ústecký kraj,Chomutov,Klášterec nad Ohří,Gymnázium a Střední odborná škola,600010325,Sociální činnost,75-41-M/01,,SOŠ,4,30,59,30,1.967,1.0,31,5,0,24,0.861,dostala se většina soutěžících uchazečů,32.39,22.0,nevypsáno,,,
Ústecký kraj,Chomutov,Klášterec nad Ohří,Gymnázium a Střední odborná škola,600010325,Gymnázium,79-41-K/41,,Gymnázia 4letá,4,32,78,16,2.438,0.5,18,0,0,60,1.0,"místo bylo pro všechny, kdo splnili požadavky školy",48.89,23.0,vypsáno,12,7,5
Ústecký kraj,Chomutov,Klášterec nad Ohří,Gymnázium a Střední odborná škola,600010325,Gymnázium,79-41-K/81,,Gymnázia 8letá,8,30,60,40,2.0,1.333,29,15,2,13,0.659,středně těžké,39.1,27.0,"nevypsáno, i když obor nebyl naplněn",,,
Ústecký kraj,Teplice,Krupka,"Biskupské gymnázium, ZŠ a MŠ Bohosudov",600001431,Gymnázium,79-41-K/41,,Gymnázia 4letá,4,25,139,20,5.56,0.8,22,3,3,108,0.88,dostala se většina soutěžících uchazečů,47.64,34.0,"nevypsáno, i když obor nebyl naplněn",,,
Ústecký kraj,Teplice,Krupka,"Biskupské gymnázium, ZŠ a MŠ Bohosudov",600001431,Gymnázium,79-41-K/81,,Gymnázia 8letá,8,28,52,29,1.857,1.036,28,11,1,12,0.718,dostala se většina soutěžících uchazečů,43.14,31.0,nevypsáno,,,
Ústecký kraj,Litoměřice,Litoměřice,Gymnázium Josefa Jungmanna,600010830,Gymnázium,79-41-K/41,,Gymnázia 4letá,4,78,173,87,2.218,1.115,78,23,0,72,0.772,dostala se většina soutěžících uchazečů,70.1,46.0,nevypsáno,,,
Ústecký kraj,Litoměřice,Litoměřice,Gymnázium Josefa Jungmanna,600010830,Gymnázium,79-41-K/81,,Gymnázia 8letá,8,30,128,63,4.267,2.1,28,61,0,37,0.315,velmi těžké,60.96,42.0,"nevypsáno, i když obor nebyl naplněn",,,
Ústecký kraj,Litoměřice,Litoměřice,"Soukromá SOŠ (1. KŠPA), s.r.o.",600010783,Informační technologie,18-20-M/01,,SOŠ,4,25,55,13,2.2,0.52,18,0,0,37,1.0,"místo bylo pro všechny, kdo splnili požadavky školy",39.28,19.0,vypsáno,7,12,5
Ústecký kraj,Litoměřice,Litoměřice,"Soukromá SOŠ (1. KŠPA), s.r.o.",600010783,Ekonomika a podnikání,63-41-M/01,Management sportu,SOŠ,4,25,96,34,3.84,1.36,24,26,0,45,0.48,těžké,44.83,32.0,"nevypsáno, i když obor nebyl naplněn",,,
Ústecký kraj,Litoměřice,Litoměřice,"Soukromá SOŠ (1. KŠPA), s.r.o.",600010783,Veřejnosprávní činnost,68-43-M/01,,SOŠ,4,20,59,8,2.95,0.4,16,0,0,43,1.0,"místo bylo pro všechny, kdo splnili požadavky školy",37.44,24.0,vypsáno,4,25,4
Ústecký kraj,Litoměřice,Litoměřice,Soukromé SOU INDUSTRIA spol. s r.o.,600010864,Podnikání,64-41-L/51,,Nástavby,2,30,90,56,3.0,1.867,30,40,5,15,0.429,těžké,38.8,28.0,nevypsáno,,,
Ústecký kraj,Litoměřice,Litoměřice,Soukromé SOU INDUSTRIA spol. s r.o.,600010864,Kosmetické služby,69-41-L/01,,SOU s maturitou,4,15,40,10,2.667,0.667,15,1,1,23,0.938,dostala se většina soutěžících uchazečů,24.4,14.0,nevypsáno,,,
Ústecký kraj,Litoměřice,Litoměřice,Střední škola Pohoda s.r.o.,600010902,Masér ve zdravotnictví,53-41-M/04,,SOŠ,4,15,55,14,3.667,0.933,13,0,19,23,1.0,"místo bylo pro všechny, kdo splnili požadavky školy",40.31,25.0,vypsáno,2,4,2
Ústecký kraj,Litoměřice,Litoměřice,Střední škola Pohoda s.r.o.,600010902,Kosmetické služby,69-41-L/01,,SOU s maturitou,4,15,48,21,3.2,1.4,9,0,24,14,1.0,"místo bylo pro všechny, kdo splnili požadavky školy",40.44,,vypsáno,5,7,1
Ústecký kraj,Litoměřice,Litoměřice,"SŠ pedagogická, hotelnictví a služeb",600010759,Hotelnictví,65-42-M/01,Hotelnictví a turismus,SOŠ,4,50,126,42,2.52,0.84,50,10,8,58,0.833,dostala se většina soutěžících uchazečů,34.14,16.0,nevypsáno,,,
Ústecký kraj,Litoměřice,Litoměřice,"SŠ pedagogická, hotelnictví a služeb",600010759,Předškolní a mimoškolní pedagogika,75-31-M/01,,SOŠ,4,60,208,92,3.467,1.533,60,5,68,75,0.923,dostala se většina soutěžících uchazečů,50.43,31.0,nevypsáno,,,
Ústecký kraj,Litoměřice,Litoměřice,"SŠ pedagogická, hotelnictví a služeb",600010759,Sociální činnost,75-41-M/01,Aktivizační pracovník,SOŠ,4,30,45,8,1.5,0.267,17,0,1,27,1.0,"místo bylo pro všechny, kdo splnili požadavky školy",27.12,18.0,vypsáno,13,25,13
Ústecký kraj,Litoměřice,Litoměřice,"SŠ pedagogická, hotelnictví a služeb",600010759,Sociální činnost,75-41-M/01,Sociálně právní služby,SOŠ,4,30,120,27,4.0,0.9,30,14,4,72,0.682,dostala se většina soutěžících uchazečů,39.4,23.0,nevypsáno,,,
Ústecký kraj,Litoměřice,Litoměřice,"SŠ pedagogická, hotelnictví a služeb",600010759,Pedagogické lyceum,78-42-M/03,,Lycea,4,60,222,77,3.7,1.283,60,12,39,111,0.833,dostala se většina soutěžících uchazečů,57.87,38.0,nevypsáno,,,
Ústecký kraj,Litoměřice,Litoměřice,"VOŠ,OA,SOŠ a JŠ s pr. SJZ EKONOM, o.p.s.",600010767,Ekonomika a podnikání,63-41-M/01,,SOŠ,4,15,53,14,3.533,0.933,15,3,5,30,0.833,dostala se většina soutěžících uchazečů,41.0,27.0,nevypsáno,,,
Ústecký kraj,Litoměřice,Litoměřice,"VOŠ,OA,SOŠ a JŠ s pr. SJZ EKONOM, o.p.s.",600010767,Obchodní akademie,63-41-M/02,,SOŠ,4,60,58,8,0.967,0.133,12,0,8,38,1.0,"místo bylo pro všechny, kdo splnili požadavky školy",38.75,21.0,vypsáno,7,8,1
Ústecký kraj,Most,Litvínov,Gymnázium T. G. Masaryka,600011062,Lyceum (režim pokusného ověřování),78-42-M/08,společenskoprávní studia,Lycea,4,25,40,16,1.6,0.64,19,0,0,21,1.0,"místo bylo pro všechny, kdo splnili požadavky školy",45.61,26.0,"nevypsáno, i když obor nebyl naplněn",,,
Ústecký kraj,Most,Litvínov,Gymnázium T. G. Masaryka,600011062,Gymnázium,79-41-K/41,,Gymnázia 4letá,4,32,81,20,2.531,0.625,24,0,0,57,1.0,"místo bylo pro všechny, kdo splnili požadavky školy",58.42,30.0,"nevypsáno, i když obor nebyl naplněn",,,
Ústecký kraj,Most,Litvínov,Gymnázium T. G. Masaryka,600011062,Gymnázium,79-41-K/81,,Gymnázia 8letá,8,32,44,19,1.375,0.594,24,0,2,18,1.0,"místo bylo pro všechny, kdo splnili požadavky školy",31.88,14.0,"nevypsáno, i když obor nebyl naplněn",,,
Ústecký kraj,Most,Litvínov,SOŠ pro ochr. a obn. ŽP-Schola Humanitas,600011046,Ekologie a životní prostředí,16-01-M/01,Ochrana životního prostředí,SOŠ,4,45,103,46,2.289,1.022,45,4,0,54,0.918,dostala se většina soutěžících uchazečů,47.44,19.0,nevypsáno,,,
Ústecký kraj,Most,Litvínov,SPŠ Strojírna Litvínov spol. s r.o.,691014612,Strojírenství,23-41-M/01,"konstrukce strojů, technologie obrábění",SOŠ,4,22,29,9,1.318,0.409,12,0,0,17,1.0,"místo bylo pro všechny, kdo splnili požadavky školy",26.0,11.0,"nevypsáno, i když obor nebyl naplněn",,,
Ústecký kraj,Most,Litvínov,Střední odborná škola,600170667,Podnikání,64-41-L/51,,Nástavby,2,34,95,44,2.794,1.294,34,27,5,29,0.557,středně těžké,29.85,21.0,nevypsáno,,,
Ústecký kraj,Louny,Louny,Gymnázium Václava Hlavatého,600010929,Gymnázium,79-41-K/41,všeobecné,Gymnázia 4letá,4,30,66,40,2.2,1.333,30,14,1,21,0.682,dostala se většina soutěžících uchazečů,74.17,60.0,nevypsáno,,,
Ústecký kraj,Louny,Louny,Gymnázium Václava Hlavatého,600010929,Gymnázium,79-41-K/81,všeobecné,Gymnázia 8letá,8,28,57,39,2.036,1.393,28,7,11,11,0.8,dostala se většina soutěžících uchazečů,53.29,34.0,nevypsáno,,,
Ústecký kraj,Louny,Louny,OA a SOŠ generála Františka Fajtla,600170632,Strojírenství,23-41-M/01,automatizace a robotika,SOŠ,4,32,33,10,1.031,0.312,13,0,0,20,1.0,"místo bylo pro všechny, kdo splnili požadavky školy",43.42,18.0,vypsáno,17,2,0
Ústecký kraj,Louny,Louny,OA a SOŠ generála Františka Fajtla,600170632,Obchodní akademie,63-41-M/02,cestovní ruch,SOŠ,4,32,100,19,3.125,0.594,27,0,1,71,1.0,"místo bylo pro všechny, kdo splnili požadavky školy",34.56,20.0,vypsáno,2,8,1
Ústecký kraj,Louny,Louny,OA a SOŠ generála Františka Fajtla,600170632,Veřejnosprávní činnost,68-43-M/01,,SOŠ,4,32,58,10,1.812,0.312,17,0,0,41,1.0,"místo bylo pro všechny, kdo splnili požadavky školy",33.65,19.0,vypsáno,13,15,8
Ústecký kraj,Louny,Louny,OA a SOŠ generála Františka Fajtla,600170632,Ekonomické lyceum,78-42-M/02,,Lycea,4,32,61,14,1.906,0.438,17,0,0,44,1.0,"místo bylo pro všechny, kdo splnili požadavky školy",50.71,25.0,vypsáno,13,11,1
Ústecký kraj,Litoměřice,Lovosice,Gymnázium,600010911,Gymnázium,79-41-K/41,,Gymnázia 4letá,4,40,144,37,3.6,0.925,40,4,1,99,0.909,dostala se většina soutěžících uchazečů,54.77,31.0,nevypsáno,,,
Ústecký kraj,Litoměřice,Lovosice,Gymnázium,600010911,Gymnázium,79-41-K/81,,Gymnázia 8letá,8,30,107,48,3.567,1.6,30,41,6,30,0.423,těžké,54.83,37.0,nevypsáno,,,
Ústecký kraj,Litoměřice,Lovosice,SOŠ technická a zahradnická,600010813,Aplikovaná chemie,28-44-M/01,,SOŠ,4,30,28,7,0.933,0.233,10,0,2,16,1.0,"místo bylo pro všechny, kdo splnili požadavky školy",46.8,28.0,vypsáno,20,4,3
Ústecký kraj,Litoměřice,Lovosice,SOŠ technická a zahradnická,600010813,Autotronik,39-41-L/01,,SOU s maturitou,4,24,48,25,2.0,1.042,17,0,14,16,1.0,"místo bylo pro všechny, kdo splnili požadavky školy",35.18,21.0,vypsáno,5,4,2
Ústecký kraj,Most,Meziboří,"Střední škola EDUCHEM, a.s.",600011119,Informační technologie,18-20-M/01,Informační technologie ,SOŠ,4,46,100,48,2.174,1.043,46,0,6,48,1.0,"místo bylo pro všechny, kdo splnili požadavky školy",36.76,18.0,nevypsáno,,,
Ústecký kraj,Most,Meziboří,"Střední škola EDUCHEM, a.s.",600011119,Mechanik elektrotechnik,26-41-L/01,Mechanik elektrotechnik 2v1,SOU s maturitou,4,24,60,33,2.5,1.375,24,10,5,21,0.706,dostala se většina soutěžících uchazečů,40.79,24.0,nevypsáno,,,
Ústecký kraj,Most,Meziboří,"Střední škola EDUCHEM, a.s.",600011119,Aplikovaná chemie,28-44-M/01,Aplikovaná chemie,SOŠ,4,24,40,15,1.667,0.625,17,0,2,21,1.0,"místo bylo pro všechny, kdo splnili požadavky školy",37.41,18.0,vypsáno,7,1,1
Ústecký kraj,Most,Most,Podkrušnohorské gymnázium,600011054,Gymnázium,79-41-K/41,"""Společný svět"" pracoviště BÍLINA",Gymnázia 4letá,4,12,26,6,2.167,0.5,7,0,0,19,1.0,"místo bylo pro všechny, kdo splnili požadavky školy",44.29,,"nevypsáno, i když obor nebyl naplněn",,,
Ústecký kraj,Most,Most,Podkrušnohorské gymnázium,600011054,Gymnázium,79-41-K/41,"""Společný svět"" pracoviště MOST",Gymnázia 4letá,4,84,145,60,1.726,0.714,63,0,0,82,1.0,"místo bylo pro všechny, kdo splnili požadavky školy",63.54,31.0,"nevypsáno, i když obor nebyl naplněn",,,
Ústecký kraj,Most,Most,Podkrušnohorské gymnázium,600011054,Gymnázium,79-41-K/81,"""Nechť je cílem studia moudrost"" - pracoviště MOST",Gymnázia 8letá,8,28,56,43,2.0,1.536,28,16,0,12,0.636,středně těžké,49.79,33.0,nevypsáno,,,
Ústecký kraj,Most,Most,Podkrušnohorské gymnázium,600011054,Gymnázium,79-41-K/81,"""Nechť je cílem studia moudrost"" pracoviště BÍLINA",Gymnázia 8letá,8,28,45,27,1.607,0.964,27,2,0,15,0.931,dostala se většina soutěžících uchazečů,28.07,10.0,"nevypsáno, i když obor nebyl naplněn",,,
Ústecký kraj,Most,Most,Podkrušnohorské gymnázium,600011054,Gymnázium se sportovní přípravou,79-42-K/41,"""Svět v pohybu""",Gymnázia 4letá,4,30,20,9,0.667,0.3,9,0,3,8,1.0,"místo bylo pro všechny, kdo splnili požadavky školy",45.11,,"nevypsáno, i když obor nebyl naplněn",,,
Ústecký kraj,Most,Most,"SOŠ podnikatelská, s.r.o.",600011089,Ekonomika a podnikání,63-41-M/01,,SOŠ,4,48,149,44,3.104,0.917,48,12,1,88,0.8,dostala se většina soutěžících uchazečů,38.09,21.0,nevypsáno,,,
Ústecký kraj,Most,Most,SPŠ a SOŠ gastronomie a služeb,600011143,Strojírenství,23-41-M/01,Robotika a automatizace,SOŠ,4,60,74,17,1.233,0.283,13,0,7,54,1.0,"místo bylo pro všechny, kdo splnili požadavky školy",47.38,22.0,vypsáno,17,3,2
Ústecký kraj,Most,Most,SPŠ a SOŠ gastronomie a služeb,600011143,Strojírenství,23-41-M/01,Strojírenství s využitím výpočetní techniky,SOŠ,4,30,43,14,1.433,0.467,14,0,0,29,1.0,"místo bylo pro všechny, kdo splnili požadavky školy",41.64,22.0,vypsáno,16,1,0
Ústecký kraj,Most,Most,SPŠ a SOŠ gastronomie a služeb,600011143,Gastronomie,65-41-L/01,Management v gastronomii,SOU s maturitou,4,30,28,6,0.933,0.2,4,0,7,17,1.0,"místo bylo pro všechny, kdo splnili požadavky školy",41.25,,vypsáno,26,31,23
Ústecký kraj,Most,Most,SPŠ a SOŠ gastronomie a služeb,600011143,Kosmetické služby,69-41-L/01,,SOU s maturitou,4,30,145,47,4.833,1.567,29,10,52,53,0.744,dostala se většina soutěžících uchazečů,32.59,23.0,"nevypsáno, i když obor nebyl naplněn",,,
Ústecký kraj,Most,Most,Soukr. hotelová škola Bukaschool s.r.o,600011178,Hotelnictví,65-42-M/01,,SOŠ,4,60,80,29,1.333,0.483,26,0,12,42,1.0,"místo bylo pro všechny, kdo splnili požadavky školy",27.16,15.0,vypsáno,40,20,9
Ústecký kraj,Most,Most,Soukr.SŠ pro marketing a ek.pod. s.r.o.,600011151,Obchodní akademie,63-41-M/02,,SOŠ,4,58,194,62,3.345,1.069,58,24,0,112,0.707,dostala se většina soutěžících uchazečů,38.76,21.0,nevypsáno,,,
Ústecký kraj,Most,Most,Střední odborná škola InterDACT s.r.o.,600011127,Informační technologie,18-20-M/01,Správce informačních systémů,SOŠ,4,18,69,13,3.833,0.722,17,0,2,50,1.0,"místo bylo pro všechny, kdo splnili požadavky školy",34.35,10.0,"nevypsáno, i když obor nebyl naplněn",,,
Ústecký kraj,Most,Most,Střední odborná škola InterDACT s.r.o.,600011127,Veřejnosprávní činnost,68-43-M/01,Právní specializace,SOŠ,4,18,44,8,2.444,0.444,12,0,0,32,1.0,"místo bylo pro všechny, kdo splnili požadavky školy",32.0,12.0,vypsáno,6,28,3
Ústecký kraj,Most,Most,Střední odborná škola InterDACT s.r.o.,600011127,Sociální činnost,75-41-M/01,Sociální asistent,SOŠ,4,18,40,13,2.222,0.722,16,0,3,21,1.0,"místo bylo pro všechny, kdo splnili požadavky školy",33.38,16.0,"nevypsáno, i když obor nebyl naplněn",,,
Ústecký kraj,Most,Most,Střední škola technická,600170641,Mechanik seřizovač,23-45-L/01,Mechanik CNC strojů a zařízení ,SOU s maturitou,4,30,20,3,0.667,0.1,7,0,2,11,1.0,"místo bylo pro všechny, kdo splnili požadavky školy",23.0,,"nevypsáno, i když obor nebyl naplněn",,,
Ústecký kraj,Most,Most,Střední škola technická,600170641,Elektrotechnika,26-41-M/01,Počítačové systémy ,SOŠ,4,30,47,10,1.567,0.333,13,0,0,34,1.0,"místo bylo pro všechny, kdo splnili požadavky školy",27.92,16.0,"nevypsáno, i když obor nebyl naplněn",,,
Ústecký kraj,Most,Most,Střední škola technická,600170641,Bezpečnostně právní činnost,68-42-M/01,,SOŠ,4,65,234,92,3.6,1.415,65,70,3,96,0.481,těžké,40.72,21.0,nevypsáno,,,
Ústecký kraj,Most,Most,SŠ diplomacie a veřejné správy s.r.o.,691000522,Bezpečnostně právní činnost,68-42-M/01,,SOŠ,4,55,201,115,3.655,2.091,55,36,64,46,0.604,středně těžké,49.8,33.0,nevypsáno,,,
Ústecký kraj,Most,Most,SŠ diplomacie a veřejné správy s.r.o.,691000522,Veřejnosprávní činnost,68-43-M/01,,SOŠ,4,23,88,30,3.826,1.304,23,8,30,27,0.742,dostala se většina soutěžících uchazečů,46.59,31.0,nevypsáno,,,
Ústecký kraj,Most,Most,"VOŠ ekon., soc. a zdrav., OA, SPgŠ a SZŠ",600020428,Praktická sestra,53-41-M/03,,SOŠ,4,60,163,68,2.717,1.133,59,16,25,62,0.787,dostala se většina soutěžících uchazečů,41.9,24.0,"nevypsáno, i když obor nebyl naplněn",,,
Ústecký kraj,Most,Most,"VOŠ ekon., soc. a zdrav., OA, SPgŠ a SZŠ",600020428,Masér ve zdravotnictví,53-41-M/04,,SOŠ,4,27,60,11,2.222,0.407,19,0,8,33,1.0,"místo bylo pro všechny, kdo splnili požadavky školy",31.68,14.0,"nevypsáno, i když obor nebyl naplněn",,,
Ústecký kraj,Most,Most,"VOŠ ekon., soc. a zdrav., OA, SPgŠ a SZŠ",600020428,Obchodní akademie,63-41-M/02,,SOŠ,4,60,148,40,2.467,0.667,48,0,7,92,1.0,"místo bylo pro všechny, kdo splnili požadavky školy",40.23,15.0,"nevypsáno, i když obor nebyl naplněn",,,
Ústecký kraj,Most,Most,"VOŠ ekon., soc. a zdrav., OA, SPgŠ a SZŠ",600020428,Předškolní a mimoškolní pedagogika,75-31-M/01,,SOŠ,4,60,170,98,2.833,1.633,60,16,53,41,0.789,dostala se většina soutěžících uchazečů,45.58,27.0,nevypsáno,,,
Ústecký kraj,Most,Most,"VOŠ ekon., soc. a zdrav., OA, SPgŠ a SZŠ",600020428,Sociální činnost,75-41-M/01,,SOŠ,4,30,73,16,2.433,0.533,23,0,9,41,1.0,"místo bylo pro všechny, kdo splnili požadavky školy",32.78,15.0,"nevypsáno, i když obor nebyl naplněn",,,
Ústecký kraj,Most,Most,"VOŠ ekon., soc. a zdrav., OA, SPgŠ a SZŠ",600020428,Ekonomické lyceum,78-42-M/02,,Lycea,4,30,86,17,2.867,0.567,23,0,5,57,1.0,"místo bylo pro všechny, kdo splnili požadavky školy",47.78,13.0,"nevypsáno, i když obor nebyl naplněn",,,
Ústecký kraj,Most,Most,"VOŠ ekon., soc. a zdrav., OA, SPgŠ a SZŠ",600020428,Pedagogické lyceum,78-42-M/03,,Lycea,4,30,139,62,4.633,2.067,30,39,8,62,0.435,těžké,64.87,50.0,nevypsáno,,,
Ústecký kraj,Most,Most,"VOŠ ekon., soc. a zdrav., OA, SPgŠ a SZŠ",600020428,Zdravotnické lyceum,78-42-M/04,,Lycea,4,30,121,50,4.033,1.667,30,29,2,60,0.508,středně těžké,57.5,47.0,nevypsáno,,,
Ústecký kraj,Louny,Podbořany,Gymnázium a Střední odborná škola,600011003,Elektrotechnika,26-41-M/01,,SOŠ,4,16,21,6,1.312,0.375,4,0,5,12,1.0,"místo bylo pro všechny, kdo splnili požadavky školy",31.25,,"nevypsáno, i když obor nebyl naplněn",,,
Ústecký kraj,Louny,Podbořany,Gymnázium a Střední odborná škola,600011003,Ekonomika a podnikání,63-41-M/01,,SOŠ,4,30,22,7,0.733,0.233,7,0,1,14,1.0,"místo bylo pro všechny, kdo splnili požadavky školy",33.86,,"nevypsáno, i když obor nebyl naplněn",,,
Ústecký kraj,Louny,Podbořany,Gymnázium a Střední odborná škola,600011003,Podnikání,64-41-L/51,,Nástavby,2,30,43,24,1.433,0.8,27,0,2,14,1.0,"místo bylo pro všechny, kdo splnili požadavky školy",26.59,16.0,"nevypsáno, i když obor nebyl naplněn",,,
Ústecký kraj,Louny,Podbořany,Gymnázium a Střední odborná škola,600011003,Gymnázium,79-41-K/81,,Gymnázia 8letá,8,30,45,29,1.5,0.967,22,0,16,7,1.0,"místo bylo pro všechny, kdo splnili požadavky školy",35.45,25.0,"nevypsáno, i když obor nebyl naplněn",,,
Ústecký kraj,Litoměřice,Roudnice nad Labem,Gymnázium,600010848,Gymnázium,79-41-K/41,,Gymnázia 4letá,4,56,161,74,2.875,1.321,56,24,0,81,0.7,dostala se většina soutěžících uchazečů,70.96,56.0,nevypsáno,,,
Ústecký kraj,Litoměřice,Roudnice nad Labem,Gymnázium,600010848,Gymnázium,79-41-K/81,,Gymnázia 8letá,8,30,110,64,3.667,2.133,30,57,0,23,0.345,těžké,58.77,49.0,nevypsáno,,,
Ústecký kraj,Litoměřice,Roudnice nad Labem,SOŠ a SOU,610150375,Provozní technika,23-43-L/51,,Nástavby,2,30,64,34,2.133,1.133,30,6,4,24,0.833,dostala se většina soutěžících uchazečů,39.1,15.0,nevypsáno,,,
Ústecký kraj,Litoměřice,Roudnice nad Labem,SOŠ a SOU,610150375,Autotronik,39-41-L/51,,Nástavby,2,30,39,33,1.3,1.1,30,6,0,3,0.833,dostala se většina soutěžících uchazečů,37.03,21.0,nevypsáno,,,
Ústecký kraj,Litoměřice,Roudnice nad Labem,SOŠ a SOU,610150375,Sociální činnost,75-41-M/01,,SOŠ,4,30,53,21,1.767,0.7,30,6,0,17,0.833,dostala se většina soutěžících uchazečů,31.23,18.0,nevypsáno,,,
Ústecký kraj,Litoměřice,Roudnice nad Labem,Soukromá podřipská SOŠ a SOU o.p.s.,600010856,Ekonomika a podnikání,63-41-M/01,Obchod,SOŠ,4,10,34,5,3.4,0.5,10,0,7,18,1.0,"místo bylo pro všechny, kdo splnili požadavky školy",44.0,27.0,nevypsáno,,,
Ústecký kraj,Litoměřice,Roudnice nad Labem,Soukromá podřipská SOŠ a SOU o.p.s.,600010856,Cestovní ruch,65-42-M/02,,SOŠ,4,16,57,22,3.562,1.375,16,11,7,23,0.593,středně těžké,43.88,24.0,nevypsáno,,,
Ústecký kraj,Litoměřice,Roudnice nad Labem,Soukromá podřipská SOŠ a SOU o.p.s.,600010856,Kombinované lyceum,78-42-M/06,,Lycea,4,20,30,7,1.5,0.35,9,0,2,19,1.0,"místo bylo pro všechny, kdo splnili požadavky školy",40.56,,vypsáno,6,15,4
Ústecký kraj,Litoměřice,Roudnice nad Labem,VOŠ a SOŠ,600020401,Dopravní prostředky,23-45-M/01,,SOŠ,4,30,82,27,2.733,0.9,30,12,0,40,0.714,dostala se většina soutěžících uchazečů,39.13,27.0,nevypsáno,,,
Ústecký kraj,Litoměřice,Roudnice nad Labem,VOŠ a SOŠ,600020401,Agropodnikání,41-41-M/01,,SOŠ,4,30,73,26,2.433,0.867,30,8,0,35,0.789,dostala se většina soutěžících uchazečů,39.93,24.0,nevypsáno,,,
Ústecký kraj,Litoměřice,Roudnice nad Labem,VOŠ a SOŠ,600020401,Ekonomické lyceum,78-42-M/02,,Lycea,4,30,167,47,5.567,1.567,30,33,0,104,0.476,těžké,59.57,47.0,nevypsáno,,,
Ústecký kraj,Děčín,Rumburk,Gymnázium,600010279,Gymnázium,79-41-K/41,,Gymnázia 4letá,4,60,82,38,1.367,0.633,43,0,2,36,1.0,"místo bylo pro všechny, kdo splnili požadavky školy",53.19,27.0,"nevypsáno, i když obor nebyl naplněn",,,
Ústecký kraj,Děčín,Rumburk,Gymnázium,600010279,Gymnázium,79-41-K/81,,Gymnázia 8letá,8,32,45,29,1.406,0.906,32,2,1,10,0.941,dostala se většina soutěžících uchazečů,39.75,16.0,nevypsáno,,,
Ústecký kraj,Děčín,Rumburk,SOŠ mediální grafiky a polygrafie,600010180,Tiskař na polygrafických strojích,34-52-L/01,,SOU s maturitou,4,9,14,2,1.556,0.222,1,0,2,11,1.0,"místo bylo pro všechny, kdo splnili požadavky školy",27.0,,vypsáno,7,2,0
Ústecký kraj,Děčín,Rumburk,SOŠ mediální grafiky a polygrafie,600010180,Reprodukční grafik pro média,34-53-L/01,,SOU s maturitou,4,21,48,16,2.286,0.762,16,0,4,27,1.0,"místo bylo pro všechny, kdo splnili požadavky školy",30.56,14.0,vypsáno,4,7,2
Ústecký kraj,Děčín,Rumburk,Střední zdrav. škola a Obchodní akademie,600019691,Praktická sestra,53-41-M/03,,SOŠ,4,32,63,26,1.969,0.812,27,0,0,36,1.0,"místo bylo pro všechny, kdo splnili požadavky školy",28.33,13.0,vypsáno,3,7,3
Ústecký kraj,Děčín,Rumburk,Střední zdrav. škola a Obchodní akademie,600019691,Obchodní akademie,63-41-M/02,,SOŠ,4,28,66,16,2.357,0.571,18,0,0,47,1.0,"místo bylo pro všechny, kdo splnili požadavky školy",31.28,13.0,vypsáno,5,8,4
Ústecký kraj,Teplice,Teplice,Gymnázium,600011216,Gymnázium,79-41-K/41,,Gymnázia 4letá,4,170,291,193,1.712,1.135,170,35,0,86,0.829,dostala se většina soutěžících uchazečů,63.11,39.0,nevypsáno,,,
Ústecký kraj,Teplice,Teplice,Gymnázium,600011216,Gymnázium,79-41-K/81,,Gymnázia 8letá,8,29,96,70,3.31,2.414,27,41,6,20,0.397,těžké,52.85,38.0,"nevypsáno, i když obor nebyl naplněn",,,
Ústecký kraj,Teplice,Teplice,"Hotelová škola, Obchodní akademie a SPŠ",600170675,Informační technologie,18-20-M/01,IT specialista,SOŠ,4,60,116,49,1.933,0.817,56,0,3,56,1.0,"místo bylo pro všechny, kdo splnili požadavky školy",39.02,14.0,"nevypsáno, i když obor nebyl naplněn",,,
Ústecký kraj,Teplice,Teplice,"Hotelová škola, Obchodní akademie a SPŠ",600170675,Strojírenství,23-41-M/01,Strojírenství v 21 století CAD-CAM-CAQ,SOŠ,4,32,73,19,2.281,0.594,19,0,0,54,1.0,"místo bylo pro všechny, kdo splnili požadavky školy",40.47,23.0,"nevypsáno, i když obor nebyl naplněn",,,
Ústecký kraj,Teplice,Teplice,"Hotelová škola, Obchodní akademie a SPŠ",600170675,Dopravní prostředky,23-45-M/01,Silniční doprava,SOŠ,4,32,64,20,2.0,0.625,28,0,2,34,1.0,"místo bylo pro všechny, kdo splnili požadavky školy",38.74,17.0,"nevypsáno, i když obor nebyl naplněn",,,
Ústecký kraj,Teplice,Teplice,"Hotelová škola, Obchodní akademie a SPŠ",600170675,Obchodní akademie,63-41-M/02,OA se zaměřením na cizí jazyky,SOŠ,4,32,183,47,5.719,1.469,32,39,1,111,0.451,těžké,46.59,36.0,nevypsáno,,,
Ústecký kraj,Teplice,Teplice,"Hotelová škola, Obchodní akademie a SPŠ",600170675,Podnikání,64-41-L/51,Podnikání,Nástavby,2,56,138,80,2.464,1.429,56,46,1,35,0.549,středně těžké,31.62,20.0,nevypsáno,,,
Ústecký kraj,Teplice,Teplice,"Hotelová škola, Obchodní akademie a SPŠ",600170675,Hotelnictví,65-42-M/01,Hotelnictví a turismus,SOŠ,4,64,205,89,3.203,1.391,62,50,4,87,0.554,středně těžké,40.98,29.0,"nevypsáno, i když obor nebyl naplněn",,,
Ústecký kraj,Teplice,Teplice,"Hotelová škola, Obchodní akademie a SPŠ",600170675,Sociální činnost,75-41-M/01,Sociální činnost,SOŠ,4,32,76,17,2.375,0.531,32,0,2,42,1.0,"místo bylo pro všechny, kdo splnili požadavky školy",24.53,11.0,nevypsáno,,,
Ústecký kraj,Teplice,Teplice,"Hotelová škola, Obchodní akademie a SPŠ",600170675,Ekonomické lyceum,78-42-M/02,Ekonomické lyceum,Lycea,4,32,114,14,3.562,0.438,22,0,9,82,1.0,"místo bylo pro všechny, kdo splnili požadavky školy",41.64,21.0,"nevypsáno, i když obor nebyl naplněn",,,
Ústecký kraj,Teplice,Teplice,Střední škola AGC a.s.,600011305,Informační technologie,18-20-M/01,Technik ICT a průmyslové aplikace,SOŠ,4,23,55,17,2.391,0.739,22,0,0,33,1.0,"místo bylo pro všechny, kdo splnili požadavky školy",37.62,10.0,"nevypsáno, i když obor nebyl naplněn",,,
Ústecký kraj,Teplice,Teplice,Střední škola AGC a.s.,600011305,Mechanik elektrotechnik,26-41-L/01,Elektrotechnik robotik,SOU s maturitou,4,18,77,42,4.278,2.333,18,26,1,32,0.409,těžké,45.56,33.0,nevypsáno,,,
Ústecký kraj,Teplice,Teplice,Střední škola AGC a.s.,600011305,Ekonomika a podnikání,63-41-M/01,Ekonom a podnikání,SOŠ,4,23,100,30,4.348,1.304,23,21,0,56,0.523,středně těžké,39.68,27.0,nevypsáno,,,
Ústecký kraj,Teplice,Teplice,Střední škola AGC a.s.,600011305,Předškolní a mimoškolní pedagogika,75-31-M/01,Učitel MŠ a vychovatel,SOŠ,4,30,103,51,3.433,1.7,30,37,0,36,0.448,těžké,42.0,25.0,nevypsáno,,,
Ústecký kraj,Teplice,Teplice,Střední škola obchodu a služeb,600011291,Obchodník,66-41-L/01,66-51-H/01 Prodavač,SOU s maturitou,4,30,29,8,0.967,0.267,14,0,0,14,1.0,"místo bylo pro všechny, kdo splnili požadavky školy",26.38,17.0,vypsáno,15,28,13
Ústecký kraj,Teplice,Teplice,Střední škola stavební a strojní,600011283,Elektrotechnika,26-41-M/01,,SOŠ,4,24,47,9,1.958,0.375,12,0,11,23,1.0,"místo bylo pro všechny, kdo splnili požadavky školy",31.17,15.0,vypsáno,5,12,3
Ústecký kraj,Děčín,Varnsdorf,Gymnázium Varnsdorf,600010163,Gymnázium,79-41-K/81,,Gymnázia 8letá,8,30,68,51,2.267,1.7,29,23,0,15,0.558,středně těžké,48.48,31.0,vypsáno,4,8,4
Ústecký kraj,Děčín,Varnsdorf,Střední prům. škola TOS VARNSDORF s.r.o.,691008914,Strojírenství,23-41-M/01,"mechatronika, CAD/CAM",SOŠ,4,10,18,3,1.8,0.3,4,0,0,14,1.0,"místo bylo pro všechny, kdo splnili požadavky školy",34.75,,"nevypsáno, i když obor nebyl naplněn",,,
Ústecký kraj,Děčín,Varnsdorf,Střední prům. škola TOS VARNSDORF s.r.o.,691008914,Mechanik seřizovač,23-45-L/01,23-56-H/01 Obráběč kovů,SOU s maturitou,4,12,22,15,1.833,1.25,12,5,0,5,0.706,dostala se většina soutěžících uchazečů,38.33,22.0,nevypsáno,,,
Ústecký kraj,Děčín,Varnsdorf,Střední prům. škola TOS VARNSDORF s.r.o.,691008914,Mechanik elektrotechnik,26-41-L/01,26-52-H/01 Elektromechanik pro zařízení a přístroje,SOU s maturitou,4,12,31,13,2.583,1.083,12,2,0,17,0.857,dostala se většina soutěžících uchazečů,41.5,20.0,nevypsáno,,,
Ústecký kraj,Děčín,Varnsdorf,"VOŠ, SPŠ a SOŠ",600010210,Informační technologie,18-20-M/01,,SOŠ,4,30,64,22,2.133,0.733,22,0,5,37,1.0,"místo bylo pro všechny, kdo splnili požadavky školy",37.27,24.0,vypsáno,5,2,1
Ústecký kraj,Děčín,Varnsdorf,"VOŠ, SPŠ a SOŠ",600010210,Mechanik seřizovač,23-45-L/01,"L0+H, spolu s oborem 23-56-H/01 Obráběč kovů",SOU s maturitou,4,12,15,5,1.25,0.417,8,0,2,5,1.0,"místo bylo pro všechny, kdo splnili požadavky školy",30.0,,"nevypsáno, i když obor nebyl naplněn",,,
Ústecký kraj,Děčín,Varnsdorf,"VOŠ, SPŠ a SOŠ",600010210,Mechanik elektrotechnik,26-41-L/01,"L0+H, spolu s oborem 26-51-H/01 Elektrikář",SOU s maturitou,4,12,43,13,3.583,1.083,12,5,7,19,0.706,dostala se většina soutěžících uchazečů,38.67,24.0,nevypsáno,,,
Ústecký kraj,Děčín,Varnsdorf,"VOŠ, SPŠ a SOŠ",600010210,Hotelnictví,65-42-M/01,,SOŠ,4,30,77,23,2.567,0.767,27,0,12,38,1.0,"místo bylo pro všechny, kdo splnili požadavky školy",35.0,22.0,"nevypsáno, i když obor nebyl naplněn",,,
Ústecký kraj,Děčín,Varnsdorf,"VOŠ, SPŠ a SOŠ",600010210,Veřejnosprávní činnost,68-43-M/01,,SOŠ,4,30,69,21,2.3,0.7,25,0,8,36,1.0,"místo bylo pro všechny, kdo splnili požadavky školy",34.24,21.0,"nevypsáno, i když obor nebyl naplněn",,,
Ústecký kraj,Děčín,Varnsdorf,"VOŠ, SPŠ a SOŠ",600010210,Masér sportovní a rekondiční,69-41-L/02,"L0+H, spolu s oborem 69-53-H/01 Rekondiční a sportovní masér",SOU s maturitou,4,30,48,15,1.6,0.5,14,0,8,26,1.0,"místo bylo pro všechny, kdo splnili požadavky školy",38.36,20.0,"nevypsáno, i když obor nebyl naplněn",,,
Ústecký kraj,Děčín,Varnsdorf,"VOŠ, SPŠ a SOŠ",600010210,Předškolní a mimoškolní pedagogika,75-31-M/01,,SOŠ,4,30,50,11,1.667,0.367,15,0,7,28,1.0,"místo bylo pro všechny, kdo splnili požadavky školy",38.8,21.0,vypsáno,7,9,3
Ústecký kraj,Ústí nad Labem,Ústí nad Labem,Gymnázium,600011321,Gymnázium,79-41-K/41,,Gymnázia 4letá,4,120,281,105,2.342,0.875,120,2,0,159,0.984,dostala se většina soutěžících uchazečů,58.85,30.0,nevypsáno,,,
Ústecký kraj,Ústí nad Labem,Ústí nad Labem,Gymnázium,600011321,Gymnázium,79-41-K/81,,Gymnázia 8letá,8,30,138,74,4.6,2.467,29,77,1,30,0.274,velmi těžké,64.03,49.0,"nevypsáno, i když obor nebyl naplněn",,,
Ústecký kraj,Ústí nad Labem,Ústí nad Labem,Gymnázium a SOŠ dr. Václava Šmejkala,600011453,Aplikovaná chemie,28-44-M/01,,SOŠ,4,30,65,18,2.167,0.6,23,0,0,42,1.0,"místo bylo pro všechny, kdo splnili požadavky školy",48.57,12.0,"nevypsáno, i když obor nebyl naplněn",,,
Ústecký kraj,Ústí nad Labem,Ústí nad Labem,Gymnázium a SOŠ dr. Václava Šmejkala,600011453,Gymnázium,79-41-K/41,,Gymnázia 4letá,4,90,217,116,2.411,1.289,90,29,0,98,0.756,dostala se většina soutěžících uchazečů,71.69,57.0,nevypsáno,,,
Ústecký kraj,Ústí nad Labem,Ústí nad Labem,Gymnázium a SOŠ dr. Václava Šmejkala,600011453,Gymnázium,79-41-K/81,,Gymnázia 8letá,8,30,148,72,4.933,2.4,30,80,2,36,0.273,velmi těžké,60.9,37.0,nevypsáno,,,
Ústecký kraj,Ústí nad Labem,Ústí nad Labem,OA a jazyková škola s právem SJZ,600011445,Obchodní akademie,63-41-M/02,,SOŠ,4,56,222,72,3.964,1.286,56,33,2,131,0.629,středně těžké,51.63,37.0,nevypsáno,,,
Ústecký kraj,Ústí nad Labem,Ústí nad Labem,OA a jazyková škola s právem SJZ,600011445,Veřejnosprávní činnost,68-43-M/01,,SOŠ,4,28,87,15,3.107,0.536,24,0,1,61,1.0,"místo bylo pro všechny, kdo splnili požadavky školy",34.13,10.0,"nevypsáno, i když obor nebyl naplněn",,,
Ústecký kraj,Ústí nad Labem,Ústí nad Labem,OA a jazyková škola s právem SJZ,600011445,Ekonomické lyceum,78-42-M/02,,Lycea,4,56,215,56,3.839,1.0,56,13,2,144,0.812,dostala se většina soutěžících uchazečů,58.16,35.0,nevypsáno,,,
Ústecký kraj,Ústí nad Labem,Ústí nad Labem,SPŠ stavební a SOŠ stavební a technická,600170691,Mechanik seřizovač,23-45-L/01,,SOU s maturitou,4,24,15,2,0.625,0.083,3,0,0,12,1.0,"místo bylo pro všechny, kdo splnili požadavky školy",39.0,,vypsáno,21,7,4
Ústecký kraj,Ústí nad Labem,Ústí nad Labem,SPŠ stavební a SOŠ stavební a technická,600170691,Stavebnictví,36-47-M/01,Pozemní stavitelství,SOŠ,4,40,80,26,2.0,0.65,29,0,0,51,1.0,"místo bylo pro všechny, kdo splnili požadavky školy",42.37,17.0,vypsáno,11,8,5
Ústecký kraj,Ústí nad Labem,Ústí nad Labem,Severočeská střední škola s.r.o.,600011372,Kosmetické služby,69-41-L/01,,SOU s maturitou,4,15,56,17,3.733,1.133,15,12,2,27,0.556,středně těžké,31.27,23.0,nevypsáno,,,
Ústecký kraj,Ústí nad Labem,Ústí nad Labem,Severočeská střední škola s.r.o.,600011372,Předškolní a mimoškolní pedagogika,75-31-M/01,,SOŠ,4,30,97,32,3.233,1.067,30,16,2,49,0.652,středně těžké,36.97,22.0,nevypsáno,,,
Ústecký kraj,Ústí nad Labem,Ústí nad Labem,Střední průmyslová škola,600011348,Informační technologie,18-20-M/01,,SOŠ,4,72,159,80,2.208,1.111,72,10,7,70,0.878,dostala se většina soutěžících uchazečů,53.86,30.0,nevypsáno,,,
Ústecký kraj,Ústí nad Labem,Ústí nad Labem,Střední průmyslová škola,600011348,Strojírenství,23-41-M/01,,SOŠ,4,64,96,30,1.5,0.469,29,0,3,64,1.0,"místo bylo pro všechny, kdo splnili požadavky školy",46.45,22.0,"nevypsáno, i když obor nebyl naplněn",,,
Ústecký kraj,Ústí nad Labem,Ústí nad Labem,Střední průmyslová škola,600011348,Dopravní prostředky,23-45-M/01,,SOŠ,4,46,83,23,1.804,0.5,23,0,7,53,1.0,"místo bylo pro všechny, kdo splnili požadavky školy",39.61,20.0,"nevypsáno, i když obor nebyl naplněn",,,
Ústecký kraj,Ústí nad Labem,Ústí nad Labem,Střední průmyslová škola,600011348,Mechanik elektrotechnik,26-41-L/01,,SOU s maturitou,4,28,102,41,3.643,1.464,28,14,6,54,0.667,dostala se většina soutěžících uchazečů,44.74,31.0,nevypsáno,,,
Ústecký kraj,Ústí nad Labem,Ústí nad Labem,Střední průmyslová škola,600011348,Elektrotechnika,26-41-M/01,,SOŠ,4,64,185,76,2.891,1.188,64,18,10,93,0.78,dostala se většina soutěžících uchazečů,48.5,30.0,nevypsáno,,,
Ústecký kraj,Ústí nad Labem,Ústí nad Labem,Střední průmyslová škola,600011348,Logistické a finanční služby,37-42-M/01,,SOŠ,4,28,107,26,3.821,0.929,28,4,10,65,0.875,dostala se většina soutěžících uchazečů,42.71,28.0,nevypsáno,,,
Ústecký kraj,Ústí nad Labem,Ústí nad Labem,Střední průmyslová škola,600011348,Technické lyceum,78-42-M/01,,Lycea,4,32,60,12,1.875,0.375,16,0,2,42,1.0,"místo bylo pro všechny, kdo splnili požadavky školy",51.4,22.0,"nevypsáno, i když obor nebyl naplněn",,,
Ústecký kraj,Ústí nad Labem,Ústí nad Labem,"SŠ obchodu, řemesel, služeb a ZŠ",600011429,Podnikání,64-41-L/51,,Nástavby,2,32,144,82,4.5,2.562,32,64,13,35,0.333,těžké,39.09,27.0,nevypsáno,,,
Ústecký kraj,Ústí nad Labem,Ústí nad Labem,"SŠ obchodu, řemesel, služeb a ZŠ",600011429,Cestovní ruch,65-42-M/02,,SOŠ,4,30,117,25,3.9,0.833,30,7,11,69,0.811,dostala se většina soutěžících uchazečů,29.97,12.0,nevypsáno,,,
Ústecký kraj,Ústí nad Labem,Ústí nad Labem,"SŠ obchodu, řemesel, služeb a ZŠ",600011429,Sociální činnost,75-41-M/01,,SOŠ,4,32,43,10,1.344,0.312,14,0,4,25,1.0,"místo bylo pro všechny, kdo splnili požadavky školy",29.57,16.0,vypsáno,18,41,18
Ústecký kraj,Ústí nad Labem,Ústí nad Labem,"TRIVIS - SŠ veřejnoprávní, s.r.o.",600011488,Bezpečnostně právní činnost,68-42-M/01,,SOŠ,4,60,217,109,3.617,1.817,60,74,2,81,0.448,těžké,45.08,27.0,nevypsáno,,,
Ústecký kraj,Ústí nad Labem,Ústí nad Labem,VOŠ zdravotnická a SŠ zdravotnická,600019748,Praktická sestra,53-41-M/03,,SOŠ,4,60,209,79,3.483,1.317,60,44,0,105,0.577,středně těžké,44.76,34.0,nevypsáno,,,
Ústecký kraj,Ústí nad Labem,Ústí nad Labem,VOŠ zdravotnická a SŠ zdravotnická,600019748,Masér ve zdravotnictví,53-41-M/04,,SOŠ,4,30,91,25,3.033,0.833,30,12,1,48,0.714,dostala se většina soutěžících uchazečů,35.6,26.0,nevypsáno,,,
Ústecký kraj,Ústí nad Labem,Ústí nad Labem,VOŠ zdravotnická a SŠ zdravotnická,600019748,Laboratorní asistent,53-43-M/01,,SOŠ,4,30,111,30,3.7,1.0,30,18,1,62,0.625,středně těžké,50.6,35.0,nevypsáno,,,
Ústecký kraj,Ústí nad Labem,Ústí nad Labem,VOŠ zdravotnická a SŠ zdravotnická,600019748,Asistent zubního technika,53-44-M/03,,SOŠ,4,30,150,74,5.0,2.467,30,38,40,42,0.441,těžké,54.2,36.0,nevypsáno,,,
Ústecký kraj,Ústí nad Labem,Ústí nad Labem,VOŠ zdravotnická a SŠ zdravotnická,600019748,Zdravotnické lyceum,78-42-M/04,,Lycea,4,60,219,78,3.65,1.3,60,34,0,125,0.638,středně těžké,53.45,40.0,nevypsáno,,,
Ústecký kraj,Děčín,Česká Kamenice,ZŠ T. G. Masaryka a gymnázium,600076431,Gymnázium,79-41-K/81,,Gymnázia 8letá,8,28,71,47,2.536,1.679,30,20,5,18,0.6,středně těžké,42.83,24.0,nevypsáno,,,
Ústecký kraj,Děčín,Šluknov,Střední les. škola a Střední odb. škola,600010155,Lesnictví,41-46-M/01,,SOŠ,4,26,44,19,1.692,0.731,25,0,0,19,1.0,"místo bylo pro všechny, kdo splnili požadavky školy",33.76,10.0,vypsáno,2,3,2
Ústecký kraj,Děčín,Šluknov,Střední les. škola a Střední odb. škola,600010155,Bezpečnostně právní činnost,68-42-M/01,,SOŠ,4,26,90,56,3.462,2.154,26,38,0,26,0.406,těžké,46.15,32.0,nevypsáno,,,
Ústecký kraj,Děčín,Šluknov,Střední les. škola a Střední odb. škola,600010155,Sociální činnost,75-41-M/01,,SOŠ,4,24,45,16,1.875,0.667,24,2,0,19,0.923,dostala se většina soutěžících uchazečů,28.29,14.0,nevypsáno,,,
Ústecký kraj,Litoměřice,Štětí,VOŠ obalové techniky a SŠ,600020410,Informační technologie,18-20-M/01,Internet věcí,SOŠ,4,17,25,8,1.471,0.471,8,0,2,15,1.0,"místo bylo pro všechny, kdo splnili požadavky školy",44.75,,vypsáno,8,0,0
Ústecký kraj,Litoměřice,Štětí,VOŠ obalové techniky a SŠ,600020410,Informační technologie,18-20-M/01,"Počítačové sítě, virtualizace a cloud computing",SOŠ,4,17,43,13,2.529,0.765,17,0,4,22,1.0,"místo bylo pro všechny, kdo splnili požadavky školy",45.0,25.0,vypsáno,8,0,0
Ústecký kraj,Litoměřice,Štětí,VOŠ obalové techniky a SŠ,600020410,Informační technologie,18-20-M/01,Webdesign,SOŠ,4,17,21,4,1.235,0.235,8,0,6,7,1.0,"místo bylo pro všechny, kdo splnili požadavky školy",49.14,,vypsáno,4,2,1
Ústecký kraj,Litoměřice,Štětí,VOŠ obalové techniky a SŠ,600020410,Mechanik elektrotechnik,26-41-L/01,,SOU s maturitou,4,8,21,8,2.625,1.0,7,0,3,11,1.0,"místo bylo pro všechny, kdo splnili požadavky školy",37.86,,"nevypsáno, i když obor nebyl naplněn",,,
Ústecký kraj,Litoměřice,Štětí,VOŠ obalové techniky a SŠ,600020410,Obalová technika,34-42-M/01,,SOŠ,4,18,58,13,3.222,0.722,13,0,8,37,1.0,"místo bylo pro všechny, kdo splnili požadavky školy",46.08,29.0,vypsáno,7,3,1
Ústecký kraj,Louny,Žatec,Gymnázium,600010953,Gymnázium,79-41-K/41,,Gymnázia 4letá,4,32,97,34,3.031,1.062,32,9,2,54,0.78,dostala se většina soutěžících uchazečů,57.13,41.0,nevypsáno,,,
Ústecký kraj,Louny,Žatec,Gymnázium,600010953,Gymnázium,79-41-K/81,,Gymnázia 8letá,8,32,62,46,1.938,1.438,32,13,6,11,0.711,dostala se většina soutěžících uchazečů,43.69,28.0,nevypsáno,,,
Ústecký kraj,Louny,Žatec,OA a SOŠ zemědělská a ekologická,600011011,Agropodnikání,41-41-M/01,,SOŠ,4,30,50,21,1.667,0.7,27,0,0,23,1.0,"místo bylo pro všechny, kdo splnili požadavky školy",33.7,15.0,"nevypsáno, i když obor nebyl naplněn",,,
Ústecký kraj,Louny,Žatec,OA a SOŠ zemědělská a ekologická,600011011,Obchodní akademie,63-41-M/02,,SOŠ,4,30,84,15,2.8,0.5,15,0,2,67,1.0,"místo bylo pro všechny, kdo splnili požadavky školy",35.07,25.0,"nevypsáno, i když obor nebyl naplněn",,,
Ústecký kraj,Louny,Žatec,OA a SOŠ zemědělská a ekologická,600011011,Ekonomické lyceum,78-42-M/02,,Lycea,4,30,83,24,2.767,0.8,30,0,2,51,1.0,"místo bylo pro všechny, kdo splnili požadavky školy",44.97,22.0,nevypsáno,,,
Ústecký kraj,Louny,Žatec,"SOU a SOŠ SČMSD, Žatec, s.r.o.",600010996,Ekonomika a podnikání,63-41-M/01,,SOŠ,4,20,15,4,0.75,0.2,3,0,2,10,1.0,"místo bylo pro všechny, kdo splnili požadavky školy",34.0,,vypsáno,15,8,3
Ústecký kraj,Louny,Žatec,"SOU a SOŠ SČMSD, Žatec, s.r.o.",600010996,Podnikání,64-41-L/51,,Nástavby,2,30,32,21,1.067,0.7,20,0,4,8,1.0,"místo bylo pro všechny, kdo splnili požadavky školy",27.3,17.0,vypsáno,10,22,10
Ústecký kraj,Louny,Žatec,"SOU a SOŠ SČMSD, Žatec, s.r.o.",600010996,Hotelnictví,65-42-M/01,,SOŠ,4,20,33,10,1.65,0.5,13,0,2,18,1.0,"místo bylo pro všechny, kdo splnili požadavky školy",30.0,16.0,vypsáno,14,4,2
Ústecký kraj,Louny,Žatec,"SOU a SOŠ SČMSD, Žatec, s.r.o.",600010996,Kombinované lyceum,78-42-M/06,,Lycea,4,23,26,10,1.13,0.435,12,0,1,13,1.0,"místo bylo pro všechny, kdo splnili požadavky školy",38.58,20.0,vypsáno,8,4,3
Ústecký kraj,Louny,Žatec,"SPŠ elektrotech. a zař. pro DVPP, s.r.o.",600011038,Informační technologie,18-20-M/01,,SOŠ,4,25,42,17,1.68,0.68,18,0,4,19,1.0,"místo bylo pro všechny, kdo splnili požadavky školy",37.78,11.0,vypsáno,10,3,2
Ústecký kraj,Louny,Žatec,"SPŠ elektrotech. a zař. pro DVPP, s.r.o.",600011038,Elektrotechnika,26-41-M/01,,SOŠ,4,25,30,14,1.2,0.56,14,0,2,14,1.0,"místo bylo pro všechny, kdo splnili požadavky školy",38.21,18.0,vypsáno,15,0,0
Ústecký kraj,Louny,Žatec,"Soukromá obchodní akademie, spol. s r.o.",600011020,Provoz a ekonomika dopravy,37-41-M/01,,SOŠ,4,25,13,3,0.52,0.12,4,0,0,9,1.0,"místo bylo pro všechny, kdo splnili požadavky školy",26.5,,vypsáno,25,2,1
Ústecký kraj,Louny,Žatec,"Soukromá obchodní akademie, spol. s r.o.",600011020,Obchodní akademie,63-41-M/02,,SOŠ,4,25,23,7,0.92,0.28,8,0,0,15,1.0,"místo bylo pro všechny, kdo splnili požadavky školy",35.25,,vypsáno,20,6,3
